model,generation,instruction_id,error_id,severity,cwe,cwe_category
human,soln1,113,unusedVariable,style,563.0,Other
human,soln1,113,unusedVariable,style,563.0,Other
human,soln1,171,variableScope,style,398.0,Other
human,soln1,171,shadowVariable,style,398.0,Other
human,soln1,171,shadowVariable,style,398.0,Other
human,soln1,171,useStlAlgorithm,style,398.0,Other
human,soln1,171,uninitvar,warning,457.0,Null / Initialization
human,soln1,171,legacyUninitvar,error,457.0,Null / Initialization
human,soln1,171,unreadVariable,style,563.0,Other
human,soln1,171,unreadVariable,style,563.0,Other
human,soln1,9,shadowVariable,style,398.0,Other
human,soln1,9,shadowVariable,style,398.0,Other
human,soln1,234,shadowVariable,style,398.0,Other
human,soln1,201,unpreciseMathCall,style,758.0,Logic / Undefined Behavior
human,soln1,201,shadowVariable,style,398.0,Other
human,soln1,142,invalidscanf,warning,119.0,Memory Safety
human,soln1,115,variableScope,style,398.0,Other
human,soln1,115,variableScope,style,398.0,Other
human,soln1,133,useStlAlgorithm,style,398.0,Other
human,soln1,133,useStlAlgorithm,style,398.0,Other
human,soln1,133,postfixOperator,performance,398.0,Other
human,soln1,133,postfixOperator,performance,398.0,Other
human,soln1,266,variableScope,style,398.0,Other
human,soln1,266,variableScope,style,398.0,Other
human,soln1,266,unreadVariable,style,563.0,Other
human,soln1,266,unusedVariable,style,563.0,Other
human,soln1,266,unreadVariable,style,563.0,Other
human,soln1,266,unreadVariable,style,563.0,Other
human,soln1,26,getsCalled,warning,477.0,Other
human,soln1,199,invalidscanf,warning,119.0,Memory Safety
human,soln1,209,variableScope,style,398.0,Other
human,soln1,209,variableScope,style,398.0,Other
human,soln1,159,danglingLifetime,error,562.0,Other
human,soln1,159,uninitMemberVar,warning,398.0,Other
human,soln1,159,functionStatic,style,398.0,Other
human,soln1,159,noExplicitConstructor,style,398.0,Other
human,soln1,159,useStlAlgorithm,style,398.0,Other
human,soln1,181,uninitvar,warning,457.0,Null / Initialization
human,soln1,181,uninitvar,warning,457.0,Null / Initialization
human,soln1,212,variableScope,style,398.0,Other
human,soln1,261,shadowVariable,style,398.0,Other
human,soln1,261,shadowVariable,style,398.0,Other
human,soln1,261,shadowVariable,style,398.0,Other
human,soln1,261,constVariableReference,style,398.0,Other
human,soln1,261,unreadVariable,style,563.0,Other
human,soln1,129,functionConst,style,398.0,Other
human,soln1,129,noExplicitConstructor,style,398.0,Other
human,soln1,105,arrayIndexThenCheck,style,398.0,Other
human,soln1,105,arrayIndexThenCheck,style,398.0,Other
human,soln1,105,arrayIndexThenCheck,style,398.0,Other
human,soln1,105,arrayIndexThenCheck,style,398.0,Other
human,soln1,105,shadowVariable,style,398.0,Other
human,soln1,157,useInitializationList,performance,398.0,Other
human,soln1,157,useInitializationList,performance,398.0,Other
human,soln1,157,functionConst,style,398.0,Other
human,soln1,157,constParameterReference,style,398.0,Other
human,soln1,157,constVariable,style,398.0,Other
human,soln1,41,knownConditionTrueFalse,style,571.0,Logic / Undefined Behavior
human,soln1,163,uninitMemberVar,warning,398.0,Other
human,soln1,163,uninitMemberVar,warning,398.0,Other
human,soln1,163,uninitMemberVar,warning,398.0,Other
human,soln1,163,uninitMemberVar,warning,398.0,Other
human,soln1,163,uninitMemberVar,warning,398.0,Other
human,soln1,163,invalidscanf,warning,119.0,Memory Safety
human,soln1,163,passedByValue,performance,398.0,Other
human,soln1,163,passedByValue,performance,398.0,Other
human,soln1,12,functionConst,style,398.0,Other
human,soln1,12,noExplicitConstructor,style,398.0,Other
human,soln1,76,compareValueOutOfTypeRangeError,style,398.0,Other
human,soln1,76,shadowVariable,style,398.0,Other
human,soln1,134,functionStatic,style,398.0,Other
human,soln1,22,variableScope,style,398.0,Other
human,soln1,245,uninitMemberVar,warning,398.0,Other
human,soln1,245,uninitMemberVar,warning,398.0,Other
human,soln1,245,uninitMemberVar,warning,398.0,Other
human,soln1,245,uninitMemberVar,warning,398.0,Other
human,soln1,245,knownConditionTrueFalse,style,571.0,Logic / Undefined Behavior
human,soln1,245,constParameterReference,style,398.0,Other
human,soln1,161,useStlAlgorithm,style,398.0,Other
human,soln1,126,unusedVariable,style,563.0,Other
human,soln1,24,variableScope,style,398.0,Other
human,soln1,24,variableScope,style,398.0,Other
human,soln1,24,variableScope,style,398.0,Other
human,soln1,205,invalidscanf,warning,119.0,Memory Safety
human,soln1,205,shadowVariable,style,398.0,Other
human,soln1,168,constParameterReference,style,398.0,Other
human,soln1,190,passedByValue,performance,398.0,Other
human,soln1,187,shadowVariable,style,398.0,Other
human,soln1,187,constVariableReference,style,398.0,Other
human,soln1,187,uninitvar,warning,457.0,Null / Initialization
human,soln1,187,uninitvar,warning,457.0,Null / Initialization
human,soln1,172,useStlAlgorithm,style,398.0,Other
human,soln1,172,unreadVariable,style,563.0,Other
human,soln1,172,unreadVariable,style,563.0,Other
human,soln1,254,unreadVariable,style,563.0,Other
human,soln1,254,unreadVariable,style,563.0,Other
human,soln1,254,unreadVariable,style,563.0,Other
human,soln1,254,unreadVariable,style,563.0,Other
human,soln1,216,getsCalled,warning,477.0,Other
human,soln1,216,getsCalled,warning,477.0,Other
human,soln1,249,knownConditionTrueFalse,style,571.0,Logic / Undefined Behavior
human,soln1,249,knownConditionTrueFalse,style,571.0,Logic / Undefined Behavior
human,soln1,249,variableScope,style,398.0,Other
human,soln1,249,unreadVariable,style,563.0,Other
human,soln1,249,unreadVariable,style,563.0,Other
human,soln1,46,invalidscanf,warning,119.0,Memory Safety
human,soln1,46,invalidscanf,warning,119.0,Memory Safety
human,soln1,272,shadowVariable,style,398.0,Other
human,soln1,247,noExplicitConstructor,style,398.0,Other
human,soln1,247,useStlAlgorithm,style,398.0,Other
human,soln1,200,shadowVariable,style,398.0,Other
human,soln1,243,uninitMemberVar,warning,398.0,Other
human,soln1,243,uninitMemberVar,warning,398.0,Other
human,soln1,243,uninitMemberVar,warning,398.0,Other
human,soln1,243,uninitMemberVar,warning,398.0,Other
human,soln1,243,uninitMemberVar,warning,398.0,Other
human,soln1,243,variableScope,style,398.0,Other
human,soln1,243,constVariableReference,style,398.0,Other
human,soln1,125,useStlAlgorithm,style,398.0,Other
human,soln1,27,internalAstError,error,,Other
human,soln1,150,arrayIndexOutOfBoundsCond,warning,788.0,Other
human,soln1,71,uninitMemberVar,warning,398.0,Other
human,soln1,71,uninitMemberVar,warning,398.0,Other
human,soln1,71,uninitMemberVar,warning,398.0,Other
human,soln1,71,uninitMemberVar,warning,398.0,Other
human,soln1,71,uninitMemberVar,warning,398.0,Other
human,soln1,71,noExplicitConstructor,style,398.0,Other
human,soln1,102,uninitMemberVar,warning,398.0,Other
human,soln1,102,shadowVariable,style,398.0,Other
human,soln1,179,passedByValue,performance,398.0,Other
human,soln1,179,useStlAlgorithm,style,398.0,Other
human,soln1,179,unusedVariable,style,563.0,Other
human,soln1,179,unusedVariable,style,563.0,Other
human,soln1,179,unusedVariable,style,563.0,Other
human,soln1,179,unusedVariable,style,563.0,Other
human,soln1,179,unusedVariable,style,563.0,Other
human,soln1,29,constVariableReference,style,398.0,Other
human,soln1,29,constVariableReference,style,398.0,Other
human,soln1,29,constVariableReference,style,398.0,Other
human,soln1,29,constVariableReference,style,398.0,Other
human,soln1,274,variableScope,style,398.0,Other
human,soln1,274,variableScope,style,398.0,Other
human,soln1,274,shiftNegativeLHS,portability,758.0,Logic / Undefined Behavior
human,soln1,274,shiftNegativeLHS,portability,758.0,Logic / Undefined Behavior
human,soln1,274,shiftNegativeLHS,portability,758.0,Logic / Undefined Behavior
human,soln1,55,iterateByValue,performance,398.0,Other
human,soln1,55,useStlAlgorithm,style,398.0,Other
human,soln1,35,uninitMemberVar,warning,398.0,Other
human,soln1,35,functionConst,style,398.0,Other
human,soln1,35,noExplicitConstructor,style,398.0,Other
human,soln1,35,shadowVariable,style,398.0,Other
human,soln1,35,shadowVariable,style,398.0,Other
human,soln1,35,shadowVariable,style,398.0,Other
human,soln1,35,unreadVariable,style,563.0,Other
human,soln1,35,unreadVariable,style,563.0,Other
human,soln1,35,unreadVariable,style,563.0,Other
human,soln1,222,invalidscanf,warning,119.0,Memory Safety
human,soln1,222,invalidscanf,warning,119.0,Memory Safety
human,soln1,222,shadowVariable,style,398.0,Other
human,soln1,222,shadowVariable,style,398.0,Other
human,soln1,73,noExplicitConstructor,style,398.0,Other
human,soln1,73,constVariableReference,style,398.0,Other
human,soln1,73,constVariableReference,style,398.0,Other
human,soln1,73,useStlAlgorithm,style,398.0,Other
human,soln1,53,uninitvar,warning,457.0,Null / Initialization
human,soln1,53,legacyUninitvar,error,457.0,Null / Initialization
human,soln1,39,constParameterReference,style,398.0,Other
human,soln1,25,constVariablePointer,style,398.0,Other
human,soln1,101,containerOutOfBounds,error,398.0,Other
human,soln1,242,shadowVariable,style,398.0,Other
human,soln1,242,shadowVariable,style,398.0,Other
human,soln1,242,passedByValue,performance,398.0,Other
human,soln1,242,passedByValue,performance,398.0,Other
human,soln1,242,useStlAlgorithm,style,398.0,Other
human,soln1,242,unreadVariable,style,563.0,Other
human,soln1,244,invalidscanf,warning,119.0,Memory Safety
human,soln1,130,shadowVariable,style,398.0,Other
human,soln1,40,shadowVariable,style,398.0,Other
human,soln1,40,useStlAlgorithm,style,398.0,Other
human,soln1,235,shadowVariable,style,398.0,Other
human,soln1,138,postfixOperator,performance,398.0,Other
human,soln1,138,postfixOperator,performance,398.0,Other
human,soln1,138,postfixOperator,performance,398.0,Other
human,soln1,138,postfixOperator,performance,398.0,Other
human,soln1,57,invalidscanf,warning,119.0,Memory Safety
human,soln1,100,ignoredReturnValue,warning,252.0,API / Library Misuse
human,soln1,100,ignoredReturnValue,warning,252.0,API / Library Misuse
human,soln1,100,noExplicitConstructor,style,398.0,Other
human,soln1,100,selfAssignment,style,398.0,Other
human,soln1,100,selfAssignment,style,398.0,Other
human,soln1,100,shadowVariable,style,398.0,Other
human,soln1,100,passedByValue,performance,398.0,Other
human,soln1,100,passedByValue,performance,398.0,Other
human,soln1,100,constVariablePointer,style,398.0,Other
human,soln1,49,shadowVariable,style,398.0,Other
human,soln1,49,constVariablePointer,style,398.0,Other
human,soln1,0,shadowVariable,style,398.0,Other
human,soln1,0,useStlAlgorithm,style,398.0,Other
human,soln1,260,useStlAlgorithm,style,398.0,Other
human,soln1,98,constVariablePointer,style,398.0,Other
human,soln1,19,knownConditionTrueFalse,style,571.0,Logic / Undefined Behavior
human,soln1,156,invalidscanf,warning,119.0,Memory Safety
human,soln1,156,unreadVariable,style,563.0,Other
human,soln1,156,unreadVariable,style,563.0,Other
human,soln1,75,useStlAlgorithm,style,398.0,Other
human,soln1,140,constVariableReference,style,398.0,Other
human,soln1,175,variableScope,style,398.0,Other
human,soln1,175,constStatement,warning,398.0,Other
human,soln1,175,passedByValue,performance,398.0,Other
human,soln1,175,passedByValue,performance,398.0,Other
human,soln1,2,useStlAlgorithm,style,398.0,Other
human,soln1,224,shadowVariable,style,398.0,Other
human,soln1,224,shadowVariable,style,398.0,Other
human,soln1,248,noExplicitConstructor,style,398.0,Other
human,soln1,213,constParameterReference,style,398.0,Other
human,soln1,136,shadowVariable,style,398.0,Other
human,soln1,15,useStlAlgorithm,style,398.0,Other
human,soln1,139,incompleteArrayFill,portability,131.0,Other
human,soln1,117,variableScope,style,398.0,Other
human,soln1,117,variableScope,style,398.0,Other
human,soln1,117,variableScope,style,398.0,Other
human,soln1,214,uninitMemberVar,warning,398.0,Other
human,soln1,214,uninitMemberVar,warning,398.0,Other
human,soln1,214,postfixOperator,performance,398.0,Other
human,soln1,214,postfixOperator,performance,398.0,Other
human,soln1,124,unreadVariable,style,563.0,Other
human,soln1,246,functionConst,style,398.0,Other
human,soln1,246,noExplicitConstructor,style,398.0,Other
human,soln1,246,invalidscanf,warning,119.0,Memory Safety
human,soln1,246,shadowVariable,style,398.0,Other
human,soln1,182,arrayIndexThenCheck,style,398.0,Other
human,soln1,182,invalidPrintfArgType_sint,warning,686.0,Other
human,soln1,182,invalidscanf,warning,119.0,Memory Safety
human,soln1,227,constVariable,style,398.0,Other
human,soln1,3,uninitMemberVar,warning,398.0,Other
human,soln1,3,uninitMemberVar,warning,398.0,Other
human,soln1,3,constVariablePointer,style,398.0,Other
human,soln1,3,constVariablePointer,style,398.0,Other
human,soln1,3,constVariablePointer,style,398.0,Other
human,soln1,47,knownConditionTrueFalse,style,570.0,Other
human,soln1,255,redundantAssignment,style,563.0,Other
human,soln1,253,unreadVariable,style,563.0,Other
human,soln1,253,unreadVariable,style,563.0,Other
human,soln1,5,variableScope,style,398.0,Other
human,soln1,38,functionConst,style,398.0,Other
human,soln1,38,noExplicitConstructor,style,398.0,Other
human,soln1,38,shadowVariable,style,398.0,Other
human,soln1,38,shadowVariable,style,398.0,Other
human,soln1,38,unreadVariable,style,563.0,Other
human,soln1,38,unreadVariable,style,563.0,Other
human,soln1,70,functionConst,style,398.0,Other
human,soln1,70,noExplicitConstructor,style,398.0,Other
human,soln1,70,noExplicitConstructor,style,398.0,Other
human,soln1,70,constParameterReference,style,398.0,Other
human,soln1,70,constParameterReference,style,398.0,Other
human,soln1,70,unreadVariable,style,563.0,Other
human,soln1,257,knownConditionTrueFalse,style,571.0,Logic / Undefined Behavior
human,soln1,257,zerodiv,error,369.0,Logic / Undefined Behavior
human,soln1,257,zerodiv,error,369.0,Logic / Undefined Behavior
human,soln1,14,memsetValueOutOfRange,warning,686.0,Other
human,soln1,14,memsetValueOutOfRange,warning,686.0,Other
human,soln1,14,incompleteArrayFill,portability,131.0,Other
human,soln1,95,incompleteArrayFill,portability,131.0,Other
human,soln1,95,incompleteArrayFill,portability,131.0,Other
human,soln1,95,uninitvar,warning,457.0,Null / Initialization
human,soln1,127,unusedVariable,style,563.0,Other
human,soln1,109,noExplicitConstructor,style,398.0,Other
human,soln1,109,noExplicitConstructor,style,398.0,Other
human,soln1,109,noExplicitConstructor,style,398.0,Other
human,soln1,109,noExplicitConstructor,style,398.0,Other
human,soln1,109,invalidscanf,warning,119.0,Memory Safety
human,soln1,109,variableScope,style,398.0,Other
human,soln1,109,shadowVariable,style,398.0,Other
human,soln1,109,shadowVariable,style,398.0,Other
human,soln1,109,passedByValue,performance,398.0,Other
human,soln1,109,passedByValue,performance,398.0,Other
human,soln1,109,passedByValue,performance,398.0,Other
human,soln1,109,passedByValue,performance,398.0,Other
human,soln1,109,passedByValue,performance,398.0,Other
human,soln1,109,passedByValue,performance,398.0,Other
human,soln1,8,arrayIndexOutOfBoundsCond,warning,788.0,Other
human,soln1,8,functionConst,style,398.0,Other
human,soln1,8,knownConditionTrueFalse,style,571.0,Logic / Undefined Behavior
human,soln1,8,variableScope,style,398.0,Other
human,soln1,8,variableScope,style,398.0,Other
human,soln1,8,uninitvar,warning,457.0,Null / Initialization
human,soln1,8,unusedVariable,style,563.0,Other
human,soln1,146,variableScope,style,398.0,Other
human,soln1,56,unusedVariable,style,563.0,Other
human,soln1,56,unusedVariable,style,563.0,Other
human,soln1,56,unusedVariable,style,563.0,Other
human,soln1,67,uninitMemberVar,warning,398.0,Other
human,soln1,67,uninitMemberVar,warning,398.0,Other
human,soln1,4,variableScope,style,398.0,Other
human,soln1,4,variableScope,style,398.0,Other
human,soln1,28,getsCalled,warning,477.0,Other
human,soln1,28,getsCalled,warning,477.0,Other
human,soln1,11,invalidscanf,warning,119.0,Memory Safety
human,soln1,208,uninitMemberVar,warning,398.0,Other
human,soln1,208,uninitMemberVar,warning,398.0,Other
human,soln1,237,variableScope,style,398.0,Other
human,soln1,237,variableScope,style,398.0,Other
human,soln1,237,variableScope,style,398.0,Other
human,soln1,37,unusedVariable,style,563.0,Other
human,soln1,37,unusedVariable,style,563.0,Other
human,soln1,21,noExplicitConstructor,style,398.0,Other
human,soln1,21,shadowVariable,style,398.0,Other
human,soln1,21,useStlAlgorithm,style,398.0,Other
human,soln1,188,unreadVariable,style,563.0,Other
human,soln1,188,unreadVariable,style,563.0,Other
human,soln1,188,unreadVariable,style,563.0,Other
human,soln1,188,unreadVariable,style,563.0,Other
human,soln1,122,noExplicitConstructor,style,398.0,Other
human,soln1,122,passedByValue,performance,398.0,Other
human,soln1,122,constParameterReference,style,398.0,Other
human,soln1,122,constParameterReference,style,398.0,Other
human,soln1,122,constParameterReference,style,398.0,Other
human,soln1,80,passedByValue,performance,398.0,Other
human,soln1,80,passedByValue,performance,398.0,Other
human,soln1,80,passedByValue,performance,398.0,Other
human,soln1,48,useStlAlgorithm,style,398.0,Other
human,soln1,79,cstyleCast,style,398.0,Other
human,soln1,79,cstyleCast,style,398.0,Other
human,soln1,79,unreadVariable,style,563.0,Other
human,soln1,79,unreadVariable,style,563.0,Other
human,soln1,269,constParameter,style,398.0,Other
human,soln1,137,missingReturn,error,758.0,Logic / Undefined Behavior
human,soln1,137,invalidscanf,warning,119.0,Memory Safety
human,soln1,263,shadowVariable,style,398.0,Other
human,soln1,61,uninitvar,warning,457.0,Null / Initialization
human,soln1,120,shadowVariable,style,398.0,Other
human,soln1,107,unreadVariable,style,563.0,Other
human,soln1,107,unreadVariable,style,563.0,Other
human,soln1,206,invalidscanf,warning,119.0,Memory Safety
human,soln1,256,shadowVariable,style,398.0,Other
human,soln1,256,uninitvar,warning,457.0,Null / Initialization
human,soln1,256,uninitvar,warning,457.0,Null / Initialization
human,soln1,256,unusedStructMember,style,563.0,Other
human,soln1,256,unusedStructMember,style,563.0,Other
human,soln1,256,unusedStructMember,style,563.0,Other
human,soln1,10,shadowVariable,style,398.0,Other
human,soln1,10,passedByValue,performance,398.0,Other
human,soln1,10,passedByValue,performance,398.0,Other
human,soln1,10,constParameterPointer,style,398.0,Other
human,soln1,85,useStlAlgorithm,style,398.0,Other
human,soln1,90,unusedVariable,style,563.0,Other
human,soln1,97,useStlAlgorithm,style,398.0,Other
human,soln1,267,invalidScanfArgType_int,warning,686.0,Other
human,soln1,267,invalidScanfArgType_int,warning,686.0,Other
human,soln1,147,ignoredReturnValue,warning,252.0,API / Library Misuse
human,soln1,147,passedByValue,performance,398.0,Other
human,soln1,147,passedByValue,performance,398.0,Other
human,soln1,147,passedByValue,performance,398.0,Other
human,soln1,147,passedByValue,performance,398.0,Other
human,soln1,147,useStlAlgorithm,style,398.0,Other
human,soln1,237,uninitMemberVar,warning,398.0,Other
human,soln1,237,uninitMemberVar,warning,398.0,Other
human,soln1,237,functionStatic,style,398.0,Other
human,soln1,237,noExplicitConstructor,style,398.0,Other
human,soln1,237,variableScope,style,398.0,Other
human,soln1,237,variableScope,style,398.0,Other
human,soln1,237,variableScope,style,398.0,Other
human,soln1,237,shadowVariable,style,398.0,Other
human,soln1,237,unusedStructMember,style,563.0,Other
human,soln1,237,unusedStructMember,style,563.0,Other
human,soln1,237,unusedStructMember,style,563.0,Other
human,soln1,269,uninitvar,warning,457.0,Null / Initialization
human,soln1,132,unreadVariable,style,563.0,Other
human,soln1,132,unreadVariable,style,563.0,Other
human,soln1,225,getsCalled,warning,477.0,Other
human,soln1,225,getsCalled,warning,477.0,Other
human,soln1,115,uninitMemberVar,warning,398.0,Other
human,soln1,115,uninitMemberVar,warning,398.0,Other
human,soln1,115,uninitMemberVar,warning,398.0,Other
human,soln1,115,shadowVariable,style,398.0,Other
human,soln1,115,shadowVariable,style,398.0,Other
human,soln1,115,shadowVariable,style,398.0,Other
human,soln1,235,iterateByValue,performance,398.0,Other
human,soln1,235,unreadVariable,style,563.0,Other
human,soln1,235,unreadVariable,style,563.0,Other
human,soln1,235,unreadVariable,style,563.0,Other
human,soln1,235,unreadVariable,style,563.0,Other
human,soln1,235,unreadVariable,style,563.0,Other
human,soln1,235,unreadVariable,style,563.0,Other
human,soln1,235,unreadVariable,style,563.0,Other
human,soln1,235,unreadVariable,style,563.0,Other
human,soln1,231,invalidscanf,warning,119.0,Memory Safety
human,soln1,231,unusedVariable,style,563.0,Other
human,soln1,231,unusedVariable,style,563.0,Other
human,soln1,69,variableScope,style,398.0,Other
human,soln1,184,shadowVariable,style,398.0,Other
human,soln1,184,constVariable,style,398.0,Other
human,soln1,184,constVariable,style,398.0,Other
human,soln1,276,useStlAlgorithm,style,398.0,Other
human,soln1,162,constVariableReference,style,398.0,Other
human,soln1,87,functionConst,style,398.0,Other
human,soln1,87,functionConst,style,398.0,Other
human,soln1,87,functionStatic,style,398.0,Other
human,soln1,38,unreadVariable,style,563.0,Other
human,soln1,38,unreadVariable,style,563.0,Other
human,soln1,161,duplicateCondition,style,398.0,Other
human,soln1,248,shadowVariable,style,398.0,Other
human,soln1,62,unusedVariable,style,563.0,Other
human,soln1,62,unusedVariable,style,563.0,Other
human,soln1,75,useStlAlgorithm,style,398.0,Other
human,soln1,148,unusedVariable,style,563.0,Other
human,soln1,256,unusedVariable,style,563.0,Other
human,soln1,27,invalidscanf,warning,119.0,Memory Safety
human,soln1,27,invalidscanf,warning,119.0,Memory Safety
human,soln1,233,useStlAlgorithm,style,398.0,Other
human,soln1,233,useStlAlgorithm,style,398.0,Other
human,soln1,16,shadowVariable,style,398.0,Other
human,soln1,16,constVariablePointer,style,398.0,Other
human,soln1,265,assertWithSideEffect,warning,398.0,Other
human,soln1,265,leakNoVarFunctionCall,error,772.0,Other
human,soln1,265,leakNoVarFunctionCall,error,772.0,Other
human,soln1,265,variableScope,style,398.0,Other
human,soln1,100,invalidscanf,warning,119.0,Memory Safety
human,soln1,158,shadowVariable,style,398.0,Other
human,soln1,158,shadowVariable,style,398.0,Other
human,soln1,158,unusedVariable,style,563.0,Other
human,soln1,6,uninitMemberVar,warning,398.0,Other
human,soln1,6,uninitMemberVar,warning,398.0,Other
human,soln1,242,uninitMemberVar,warning,398.0,Other
human,soln1,242,uninitMemberVar,warning,398.0,Other
human,soln1,242,functionConst,style,398.0,Other
human,soln1,242,functionConst,style,398.0,Other
human,soln1,242,duplicateAssignExpression,style,398.0,Other
human,soln1,242,constParameterPointer,style,398.0,Other
human,soln1,242,postfixOperator,performance,398.0,Other
human,soln1,242,postfixOperator,performance,398.0,Other
human,soln1,121,noCopyConstructor,warning,398.0,Other
human,soln1,121,noOperatorEq,warning,398.0,Other
human,soln1,121,noExplicitConstructor,style,398.0,Other
human,soln1,121,funcArgNamesDifferent,style,628.0,Other
human,soln1,249,knownConditionTrueFalse,style,570.0,Other
human,soln1,249,passedByValue,performance,398.0,Other
human,soln1,64,incrementboolean,style,398.0,Other
human,soln1,129,shadowVariable,style,398.0,Other
human,soln1,129,shadowVariable,style,398.0,Other
human,soln1,26,shadowVariable,style,398.0,Other
human,soln1,251,selfAssignment,style,398.0,Other
human,soln1,82,ignoredReturnValue,warning,252.0,API / Library Misuse
human,soln1,82,ignoredReturnValue,warning,252.0,API / Library Misuse
human,soln1,82,leakNoVarFunctionCall,error,772.0,Other
human,soln1,66,shadowVariable,style,398.0,Other
human,soln1,66,shadowVariable,style,398.0,Other
human,soln1,66,shadowVariable,style,398.0,Other
human,soln1,66,shadowVariable,style,398.0,Other
human,soln1,66,useStlAlgorithm,style,398.0,Other
human,soln1,66,unusedStructMember,style,563.0,Other
human,soln1,66,unusedStructMember,style,563.0,Other
human,soln1,66,unusedStructMember,style,563.0,Other
human,soln1,66,unusedStructMember,style,563.0,Other
human,soln1,66,unusedStructMember,style,563.0,Other
human,soln1,66,unusedStructMember,style,563.0,Other
human,soln1,66,unusedStructMember,style,563.0,Other
human,soln1,66,unusedStructMember,style,563.0,Other
human,soln1,66,unusedStructMember,style,563.0,Other
human,soln1,201,functionConst,style,398.0,Other
human,soln1,201,functionConst,style,398.0,Other
human,soln1,201,functionConst,style,398.0,Other
human,soln1,201,functionConst,style,398.0,Other
human,soln1,201,functionConst,style,398.0,Other
human,soln1,201,functionConst,style,398.0,Other
human,soln1,201,functionConst,style,398.0,Other
human,soln1,201,noExplicitConstructor,style,398.0,Other
human,soln1,201,variableScope,style,398.0,Other
human,soln1,201,variableScope,style,398.0,Other
human,soln1,201,variableScope,style,398.0,Other
human,soln1,201,variableScope,style,398.0,Other
human,soln1,201,passedByValue,performance,398.0,Other
human,soln1,201,passedByValue,performance,398.0,Other
human,soln1,201,passedByValue,performance,398.0,Other
human,soln1,201,passedByValue,performance,398.0,Other
human,soln1,201,passedByValue,performance,398.0,Other
human,soln1,201,passedByValue,performance,398.0,Other
human,soln1,201,passedByValue,performance,398.0,Other
human,soln1,201,constParameterReference,style,398.0,Other
human,soln1,201,constParameterReference,style,398.0,Other
human,soln1,201,constParameterReference,style,398.0,Other
human,soln1,201,constParameterReference,style,398.0,Other
human,soln1,201,constParameterReference,style,398.0,Other
human,soln1,201,constParameterReference,style,398.0,Other
human,soln1,201,constParameterReference,style,398.0,Other
human,soln1,201,constVariableReference,style,398.0,Other
human,soln1,201,constVariableReference,style,398.0,Other
human,soln1,201,constVariableReference,style,398.0,Other
human,soln1,145,invalidscanf,warning,119.0,Memory Safety
human,soln1,145,variableScope,style,398.0,Other
human,soln1,145,variableScope,style,398.0,Other
human,soln1,145,variableScope,style,398.0,Other
human,soln1,145,variableScope,style,398.0,Other
human,soln1,77,passedByValueCallback,performance,398.0,Other
human,soln1,77,passedByValueCallback,performance,398.0,Other
human,soln1,89,uninitMemberVar,warning,398.0,Other
human,soln1,89,noExplicitConstructor,style,398.0,Other
human,soln1,89,passedByValue,performance,398.0,Other
human,soln1,89,passedByValue,performance,398.0,Other
human,soln1,89,useStlAlgorithm,style,398.0,Other
human,soln1,89,unreadVariable,style,563.0,Other
human,soln1,140,useStlAlgorithm,style,398.0,Other
human,soln1,114,internalAstError,error,,Other
human,soln1,259,unreadVariable,style,563.0,Other
human,soln1,23,useStlAlgorithm,style,398.0,Other
human,soln1,258,constVariableReference,style,398.0,Other
human,soln1,25,useStlAlgorithm,style,398.0,Other
human,soln1,13,useStlAlgorithm,style,398.0,Other
human,soln1,261,variableScope,style,398.0,Other
human,soln1,44,shadowVariable,style,398.0,Other
human,soln1,44,shadowVariable,style,398.0,Other
human,soln1,44,shadowVariable,style,398.0,Other
human,soln1,44,unusedVariable,style,563.0,Other
human,soln1,44,unusedVariable,style,563.0,Other
human,soln1,44,unusedVariable,style,563.0,Other
human,soln1,44,unusedVariable,style,563.0,Other
human,soln1,35,variableScope,style,398.0,Other
human,soln1,35,variableScope,style,398.0,Other
human,soln1,35,variableScope,style,398.0,Other
human,soln1,35,variableScope,style,398.0,Other
human,soln1,81,unreadVariable,style,563.0,Other
human,soln1,81,unreadVariable,style,563.0,Other
human,soln1,81,unreadVariable,style,563.0,Other
human,soln1,81,unreadVariable,style,563.0,Other
human,soln1,81,unreadVariable,style,563.0,Other
human,soln1,81,unusedVariable,style,563.0,Other
human,soln1,81,unusedVariable,style,563.0,Other
human,soln1,81,unusedVariable,style,563.0,Other
human,soln1,81,unreadVariable,style,563.0,Other
human,soln1,81,unreadVariable,style,563.0,Other
human,soln1,81,unreadVariable,style,563.0,Other
human,soln1,81,unreadVariable,style,563.0,Other
human,soln1,81,unreadVariable,style,563.0,Other
human,soln1,81,unusedVariable,style,563.0,Other
human,soln1,81,unusedVariable,style,563.0,Other
human,soln1,135,invalidscanf,warning,119.0,Memory Safety
human,soln1,151,getsCalled,warning,477.0,Other
human,soln1,151,variableScope,style,398.0,Other
human,soln1,101,clarifyCalculation,style,783.0,Other
human,soln1,174,shadowVariable,style,398.0,Other
human,soln1,174,shadowVariable,style,398.0,Other
human,soln1,7,arrayIndexThenCheck,style,398.0,Other
human,soln1,200,functionConst,style,398.0,Other
human,soln1,200,noExplicitConstructor,style,398.0,Other
human,soln1,93,useStlAlgorithm,style,398.0,Other
human,soln1,93,useStlAlgorithm,style,398.0,Other
human,soln1,119,functionConst,style,398.0,Other
human,soln1,119,shadowVariable,style,398.0,Other
human,soln1,119,shadowVariable,style,398.0,Other
human,soln1,119,shadowVariable,style,398.0,Other
human,soln1,119,useStlAlgorithm,style,398.0,Other
human,soln1,232,variableScope,style,398.0,Other
human,soln1,232,useStlAlgorithm,style,398.0,Other
human,soln1,232,uninitvar,warning,457.0,Null / Initialization
human,soln1,232,unreadVariable,style,563.0,Other
human,soln1,232,unusedVariable,style,563.0,Other
human,soln1,232,unusedVariable,style,563.0,Other
human,soln1,232,unusedVariable,style,563.0,Other
human,soln1,232,unusedVariable,style,563.0,Other
human,soln1,232,unusedVariable,style,563.0,Other
human,soln1,232,unusedVariable,style,563.0,Other
human,soln1,232,unusedVariable,style,563.0,Other
human,soln1,232,unusedVariable,style,563.0,Other
human,soln1,232,unusedVariable,style,563.0,Other
human,soln1,232,unusedVariable,style,563.0,Other
human,soln1,232,unreadVariable,style,563.0,Other
human,soln1,144,arrayIndexOutOfBounds,error,788.0,Other
human,soln1,144,incompleteArrayFill,portability,131.0,Other
human,soln1,144,uninitvar,warning,457.0,Null / Initialization
human,soln1,144,unreadVariable,style,563.0,Other
human,soln1,144,unreadVariable,style,563.0,Other
human,soln1,144,unreadVariable,style,563.0,Other
human,soln1,144,unreadVariable,style,563.0,Other
human,soln1,55,shadowVariable,style,398.0,Other
human,soln1,55,unusedVariable,style,563.0,Other
human,soln1,170,functionStatic,style,398.0,Other
human,soln1,170,shadowVariable,style,398.0,Other
human,soln1,170,shiftTooManyBitsSigned,portability,758.0,Logic / Undefined Behavior
human,soln1,196,knownConditionTrueFalse,style,571.0,Logic / Undefined Behavior
human,soln1,196,knownConditionTrueFalse,style,571.0,Logic / Undefined Behavior
human,soln1,196,knownConditionTrueFalse,style,571.0,Logic / Undefined Behavior
human,soln1,196,constVariableReference,style,398.0,Other
human,soln1,228,shadowVariable,style,398.0,Other
human,soln1,112,arrayIndexOutOfBounds,error,788.0,Other
human,soln1,112,arrayIndexOutOfBounds,error,788.0,Other
human,soln1,76,shadowVariable,style,398.0,Other
human,soln1,76,shadowVariable,style,398.0,Other
human,soln1,76,unreadVariable,style,563.0,Other
human,soln1,76,unreadVariable,style,563.0,Other
human,soln1,76,unreadVariable,style,563.0,Other
human,soln1,76,unreadVariable,style,563.0,Other
human,soln1,76,unusedVariable,style,563.0,Other
human,soln1,120,constVariableReference,style,398.0,Other
human,soln1,120,unreadVariable,style,563.0,Other
human,soln1,142,knownConditionTrueFalse,style,571.0,Logic / Undefined Behavior
human,soln1,142,passedByValue,performance,398.0,Other
human,soln1,142,passedByValue,performance,398.0,Other
human,soln1,142,iterateByValue,performance,398.0,Other
human,soln1,142,iterateByValue,performance,398.0,Other
human,soln1,142,useStlAlgorithm,style,398.0,Other
human,soln1,142,useStlAlgorithm,style,398.0,Other
human,soln1,61,passedByValue,performance,398.0,Other
human,soln1,61,passedByValue,performance,398.0,Other
human,soln1,61,constVariableReference,style,398.0,Other
human,soln1,61,constVariableReference,style,398.0,Other
human,soln1,61,constVariableReference,style,398.0,Other
human,soln1,111,constVariable,style,398.0,Other
human,soln1,157,passedByValue,performance,398.0,Other
human,soln1,157,passedByValue,performance,398.0,Other
human,soln1,273,shadowVariable,style,398.0,Other
human,soln1,273,constVariablePointer,style,398.0,Other
human,soln1,84,shadowVariable,style,398.0,Other
human,soln1,84,shadowVariable,style,398.0,Other
human,soln1,84,shadowVariable,style,398.0,Other
human,soln1,175,uselessAssignmentArg,style,398.0,Other
human,soln1,175,uselessAssignmentArg,style,398.0,Other
human,soln1,175,invalidscanf,warning,119.0,Memory Safety
human,soln1,175,unreadVariable,style,563.0,Other
human,soln1,175,unreadVariable,style,563.0,Other
human,soln1,175,unreadVariable,style,563.0,Other
human,soln1,173,variableScope,style,398.0,Other
human,soln1,173,incompleteArrayFill,portability,131.0,Other
human,soln1,227,useStlAlgorithm,style,398.0,Other
human,soln1,227,useStlAlgorithm,style,398.0,Other
human,soln1,116,passedByValue,performance,398.0,Other
human,soln1,116,passedByValue,performance,398.0,Other
human,soln1,116,passedByValue,performance,398.0,Other
human,soln1,182,bitwiseOnBoolean,style,398.0,Other
human,soln1,182,clarifyCondition,style,398.0,Other
human,soln1,182,variableScope,style,398.0,Other
human,soln1,182,variableScope,style,398.0,Other
human,soln1,182,variableScope,style,398.0,Other
human,soln1,250,unusedVariable,style,563.0,Other
human,soln1,250,unusedVariable,style,563.0,Other
human,soln1,83,constVariable,style,398.0,Other
human,soln1,83,constVariable,style,398.0,Other
human,soln1,169,noExplicitConstructor,style,398.0,Other
human,soln1,169,shadowVariable,style,398.0,Other
human,soln1,152,constParameterPointer,style,398.0,Other
human,soln1,152,constParameterPointer,style,398.0,Other
human,soln1,224,knownConditionTrueFalse,style,570.0,Other
human,soln1,224,uninitvar,warning,457.0,Null / Initialization
human,soln1,224,uninitvar,warning,457.0,Null / Initialization
human,soln1,171,useStlAlgorithm,style,398.0,Other
human,soln1,124,functionConst,style,398.0,Other
human,soln1,124,functionConst,style,398.0,Other
human,soln1,124,shadowVariable,style,398.0,Other
human,soln1,179,ignoredReturnValue,warning,252.0,API / Library Misuse
human,soln1,179,ignoredReturnValue,warning,252.0,API / Library Misuse
human,soln1,118,variableScope,style,398.0,Other
human,soln1,118,constVariableReference,style,398.0,Other
human,soln1,198,functionConst,style,398.0,Other
human,soln1,198,functionConst,style,398.0,Other
human,soln1,198,useStlAlgorithm,style,398.0,Other
human,soln1,198,useStlAlgorithm,style,398.0,Other
human,soln1,198,useStlAlgorithm,style,398.0,Other
human,soln1,14,unreadVariable,style,563.0,Other
human,soln1,14,unusedVariable,style,563.0,Other
human,soln1,14,unusedVariable,style,563.0,Other
human,soln1,14,unreadVariable,style,563.0,Other
human,soln1,252,knownConditionTrueFalse,style,570.0,Other
human,soln1,252,invalidscanf,warning,119.0,Memory Safety
human,soln1,252,useStlAlgorithm,style,398.0,Other
human,soln1,155,shadowVariable,style,398.0,Other
human,soln1,203,variableScope,style,398.0,Other
human,soln1,203,variableScope,style,398.0,Other
human,soln1,203,variableScope,style,398.0,Other
human,soln1,203,unreadVariable,style,563.0,Other
human,soln1,203,unreadVariable,style,563.0,Other
human,soln1,203,unreadVariable,style,563.0,Other
human,soln1,50,invalidscanf,warning,119.0,Memory Safety
human,soln1,106,shadowArgument,style,398.0,Other
human,soln1,218,variableScope,style,398.0,Other
human,soln1,218,variableScope,style,398.0,Other
human,soln1,218,unreadVariable,style,563.0,Other
human,soln1,218,unreadVariable,style,563.0,Other
human,soln1,218,unusedVariable,style,563.0,Other
human,soln1,110,uninitMemberVar,warning,398.0,Other
human,soln1,110,uninitMemberVar,warning,398.0,Other
human,soln1,110,uninitMemberVar,warning,398.0,Other
human,soln1,110,constParameterPointer,style,398.0,Other
human,soln1,110,constParameterPointer,style,398.0,Other
human,soln1,110,constParameterPointer,style,398.0,Other
human,soln1,110,unusedStructMember,style,563.0,Other
human,soln1,110,unusedStructMember,style,563.0,Other
human,soln1,110,unreadVariable,style,563.0,Other
human,soln1,110,unreadVariable,style,563.0,Other
human,soln1,110,unreadVariable,style,563.0,Other
human,soln1,137,shadowVariable,style,398.0,Other
human,soln1,137,shadowVariable,style,398.0,Other
human,soln1,137,shadowVariable,style,398.0,Other
human,soln1,22,constParameterReference,style,398.0,Other
human,soln1,22,constParameterReference,style,398.0,Other
human,soln1,270,unusedVariable,style,563.0,Other
human,soln1,270,unusedVariable,style,563.0,Other
human,soln1,205,variableScope,style,398.0,Other
human,soln1,205,variableScope,style,398.0,Other
human,soln1,205,variableScope,style,398.0,Other
human,soln1,205,variableScope,style,398.0,Other
human,soln1,205,shadowVariable,style,398.0,Other
human,soln1,205,shadowVariable,style,398.0,Other
human,soln1,205,shadowVariable,style,398.0,Other
human,soln1,205,shadowVariable,style,398.0,Other
human,soln1,205,passedByValue,performance,398.0,Other
human,soln1,205,constParameterReference,style,398.0,Other
human,soln1,205,constParameterReference,style,398.0,Other
human,soln1,205,constParameterReference,style,398.0,Other
human,soln1,205,constParameterReference,style,398.0,Other
human,soln1,205,constParameterPointer,style,398.0,Other
human,soln1,205,constParameterPointer,style,398.0,Other
human,soln1,33,unreadVariable,style,563.0,Other
human,soln1,33,unreadVariable,style,563.0,Other
human,soln1,33,unreadVariable,style,563.0,Other
human,soln1,71,invalidscanf,warning,119.0,Memory Safety
human,soln1,80,shadowVariable,style,398.0,Other
human,soln1,80,shadowVariable,style,398.0,Other
human,soln1,271,useStlAlgorithm,style,398.0,Other
human,soln1,189,useStlAlgorithm,style,398.0,Other
human,soln1,40,shadowVariable,style,398.0,Other
human,soln1,40,shadowVariable,style,398.0,Other
human,soln1,40,shadowVariable,style,398.0,Other
human,soln1,40,shadowVariable,style,398.0,Other
human,soln1,40,unreadVariable,style,563.0,Other
human,soln1,40,unreadVariable,style,563.0,Other
human,soln1,40,unreadVariable,style,563.0,Other
human,soln1,40,unreadVariable,style,563.0,Other
human,soln1,40,unusedVariable,style,563.0,Other
human,soln1,40,unreadVariable,style,563.0,Other
human,soln1,40,unreadVariable,style,563.0,Other
human,soln1,280,passedByValueCallback,performance,398.0,Other
human,soln1,280,passedByValueCallback,performance,398.0,Other
human,soln1,280,passedByValueCallback,performance,398.0,Other
human,soln1,280,passedByValueCallback,performance,398.0,Other
human,soln1,280,passedByValueCallback,performance,398.0,Other
human,soln1,280,passedByValueCallback,performance,398.0,Other
human,soln1,280,passedByValueCallback,performance,398.0,Other
human,soln1,280,passedByValueCallback,performance,398.0,Other
human,soln1,42,invalidScanfArgType_int,warning,686.0,Other
human,soln1,183,functionStatic,style,398.0,Other
human,soln1,183,functionStatic,style,398.0,Other
human,soln1,260,shadowVariable,style,398.0,Other
human,soln1,260,shadowVariable,style,398.0,Other
human,soln1,216,functionStatic,style,398.0,Other
human,soln1,216,functionStatic,style,398.0,Other
human,soln1,216,variableScope,style,398.0,Other
human,soln1,216,shadowVariable,style,398.0,Other
human,soln1,216,clarifyCalculation,style,783.0,Other
human,soln1,216,constVariableReference,style,398.0,Other
human,soln1,216,constVariableReference,style,398.0,Other
human,soln1,216,constVariableReference,style,398.0,Other
human,soln1,216,constVariableReference,style,398.0,Other
human,soln1,216,useStlAlgorithm,style,398.0,Other
human,soln1,49,shadowVariable,style,398.0,Other
human,soln1,49,shadowVariable,style,398.0,Other
human,soln1,67,shadowVariable,style,398.0,Other
human,soln1,67,constVariableReference,style,398.0,Other
human,soln1,67,constVariableReference,style,398.0,Other
human,soln1,67,constVariableReference,style,398.0,Other
human,soln1,67,constVariableReference,style,398.0,Other
human,soln1,59,shadowVariable,style,398.0,Other
human,soln1,199,useStlAlgorithm,style,398.0,Other
human,soln1,199,useStlAlgorithm,style,398.0,Other
human,soln1,199,useStlAlgorithm,style,398.0,Other
human,soln1,199,useStlAlgorithm,style,398.0,Other
human,soln1,257,unreadVariable,style,563.0,Other
human,soln1,257,unreadVariable,style,563.0,Other
human,soln1,234,shadowVariable,style,398.0,Other
human,soln1,234,shadowVariable,style,398.0,Other
human,soln1,234,shadowVariable,style,398.0,Other
human,soln1,260,variableScope,style,398.0,Other
human,soln1,260,variableScope,style,398.0,Other
human,soln1,260,variableScope,style,398.0,Other
human,soln1,260,shadowVariable,style,398.0,Other
human,soln1,257,arrayIndexOutOfBounds,error,788.0,Other
human,soln1,257,arrayIndexOutOfBounds,error,788.0,Other
human,soln1,257,invalidscanf,warning,119.0,Memory Safety
human,soln1,248,ignoredReturnValue,warning,252.0,API / Library Misuse
human,soln1,248,ignoredReturnValue,warning,252.0,API / Library Misuse
human,soln1,248,duplicateCondition,style,398.0,Other
human,soln1,49,shadowVariable,style,398.0,Other
human,soln1,177,passedByValue,performance,398.0,Other
human,soln1,12,shadowVariable,style,398.0,Other
human,soln1,12,shadowVariable,style,398.0,Other
human,soln1,174,ignoredReturnValue,warning,252.0,API / Library Misuse
human,soln1,287,unreadVariable,style,563.0,Other
human,soln1,287,unreadVariable,style,563.0,Other
human,soln1,82,internalAstError,error,,Other
human,soln1,93,unusedVariable,style,563.0,Other
human,soln1,119,useStlAlgorithm,style,398.0,Other
human,soln1,119,useStlAlgorithm,style,398.0,Other
human,soln1,119,useStlAlgorithm,style,398.0,Other
human,soln1,63,functionConst,style,398.0,Other
human,soln1,63,noExplicitConstructor,style,398.0,Other
human,soln1,63,constVariableReference,style,398.0,Other
human,soln1,63,constVariableReference,style,398.0,Other
human,soln1,219,constVariablePointer,style,398.0,Other
human,soln1,242,arrayIndexThenCheck,style,398.0,Other
human,soln1,242,invalidscanf,warning,119.0,Memory Safety
human,soln1,242,unreadVariable,style,563.0,Other
human,soln1,242,unreadVariable,style,563.0,Other
human,soln1,102,selfAssignment,style,398.0,Other
human,soln1,102,shadowVariable,style,398.0,Other
human,soln1,102,shadowVariable,style,398.0,Other
human,soln1,102,shadowVariable,style,398.0,Other
human,soln1,102,shadowVariable,style,398.0,Other
human,soln1,102,shadowVariable,style,398.0,Other
human,soln1,102,shadowVariable,style,398.0,Other
human,soln1,102,shadowVariable,style,398.0,Other
human,soln1,102,shadowVariable,style,398.0,Other
human,soln1,102,useStlAlgorithm,style,398.0,Other
human,soln1,195,passedByValueCallback,performance,398.0,Other
human,soln1,195,passedByValueCallback,performance,398.0,Other
human,soln1,195,passedByValueCallback,performance,398.0,Other
human,soln1,195,passedByValueCallback,performance,398.0,Other
human,soln1,195,postfixOperator,performance,398.0,Other
human,soln1,126,useStlAlgorithm,style,398.0,Other
human,soln1,239,redundantAssignment,style,563.0,Other
human,soln1,17,unusedVariable,style,563.0,Other
human,soln1,17,unusedVariable,style,563.0,Other
human,soln1,107,constVariable,style,398.0,Other
human,soln1,145,missingReturn,error,758.0,Logic / Undefined Behavior
human,soln1,71,shadowVariable,style,398.0,Other
human,soln1,1,shadowVariable,style,398.0,Other
human,soln1,168,variableScope,style,398.0,Other
human,soln1,168,postfixOperator,performance,398.0,Other
human,soln1,168,postfixOperator,performance,398.0,Other
human,soln1,168,postfixOperator,performance,398.0,Other
human,soln1,271,invalidscanf,warning,119.0,Memory Safety
human,soln1,165,invalidscanf,warning,119.0,Memory Safety
human,soln1,165,variableScope,style,398.0,Other
human,soln1,68,noExplicitConstructor,style,398.0,Other
human,soln1,68,noExplicitConstructor,style,398.0,Other
human,soln1,68,unsignedPositive,style,570.0,Other
human,soln1,68,shadowVariable,style,398.0,Other
human,soln1,68,passedByValue,performance,398.0,Other
human,soln1,68,passedByValue,performance,398.0,Other
human,soln1,68,passedByValue,performance,398.0,Other
human,soln1,68,passedByValue,performance,398.0,Other
human,soln1,68,passedByValue,performance,398.0,Other
human,soln1,68,constParameterReference,style,398.0,Other
human,soln1,68,useStlAlgorithm,style,398.0,Other
human,soln1,68,useStlAlgorithm,style,398.0,Other
human,soln1,68,shiftTooManyBitsSigned,portability,758.0,Logic / Undefined Behavior
human,soln1,68,shiftTooManyBitsSigned,portability,758.0,Logic / Undefined Behavior
human,soln1,68,shiftTooManyBitsSigned,portability,758.0,Logic / Undefined Behavior
human,soln1,68,shiftTooManyBitsSigned,portability,758.0,Logic / Undefined Behavior
human,soln1,68,unreadVariable,style,563.0,Other
human,soln1,68,unreadVariable,style,563.0,Other
human,soln1,123,arrayIndexOutOfBoundsCond,warning,788.0,Other
human,soln1,123,shadowVariable,style,398.0,Other
human,soln1,123,shadowVariable,style,398.0,Other
human,soln1,123,unusedVariable,style,563.0,Other
human,soln1,123,unusedVariable,style,563.0,Other
human,soln1,123,unusedVariable,style,563.0,Other
human,soln1,123,unusedVariable,style,563.0,Other
human,soln1,123,unreadVariable,style,563.0,Other
human,soln1,123,unreadVariable,style,563.0,Other
human,soln1,123,unusedVariable,style,563.0,Other
human,soln1,123,unreadVariable,style,563.0,Other
human,soln1,123,unusedVariable,style,563.0,Other
human,soln1,123,unreadVariable,style,563.0,Other
human,soln1,123,unreadVariable,style,563.0,Other
human,soln1,123,unreadVariable,style,563.0,Other
human,soln1,123,unreadVariable,style,563.0,Other
human,soln1,123,unreadVariable,style,563.0,Other
human,soln1,183,unusedVariable,style,563.0,Other
human,soln1,76,constParameterReference,style,398.0,Other
human,soln1,76,useStlAlgorithm,style,398.0,Other
human,soln1,76,useStlAlgorithm,style,398.0,Other
human,soln1,184,shadowVariable,style,398.0,Other
human,soln1,184,shadowVariable,style,398.0,Other
human,soln1,184,shadowVariable,style,398.0,Other
human,soln1,184,shadowVariable,style,398.0,Other
human,soln1,184,shadowVariable,style,398.0,Other
human,soln1,184,shadowVariable,style,398.0,Other
human,soln1,80,useStlAlgorithm,style,398.0,Other
human,soln1,80,unreadVariable,style,563.0,Other
human,soln1,80,unreadVariable,style,563.0,Other
human,soln1,9,unusedStructMember,style,563.0,Other
human,soln1,9,unusedStructMember,style,563.0,Other
human,soln1,207,redundantAssignment,style,563.0,Other
human,soln1,52,iterateByValue,performance,398.0,Other
human,soln1,290,useStlAlgorithm,style,398.0,Other
human,soln1,275,useStlAlgorithm,style,398.0,Other
human,soln1,4,unusedVariable,style,563.0,Other
human,soln1,4,unusedVariable,style,563.0,Other
human,soln1,205,unusedVariable,style,563.0,Other
human,soln1,205,unusedVariable,style,563.0,Other
human,soln1,205,unusedVariable,style,563.0,Other
human,soln1,205,unusedVariable,style,563.0,Other
human,soln1,99,useStlAlgorithm,style,398.0,Other
human,soln1,99,useStlAlgorithm,style,398.0,Other
human,soln1,94,bitwiseOnBoolean,style,398.0,Other
human,soln1,94,arrayIndexOutOfBounds,error,788.0,Other
human,soln1,94,clarifyCondition,style,398.0,Other
human,soln1,94,clarifyCondition,style,398.0,Other
human,soln1,94,duplicateExpression,style,398.0,Other
human,soln1,94,variableScope,style,398.0,Other
human,soln1,94,unreadVariable,style,563.0,Other
human,soln1,94,unreadVariable,style,563.0,Other
human,soln1,94,unusedVariable,style,563.0,Other
human,soln1,148,constParameterReference,style,398.0,Other
human,soln1,148,constParameterReference,style,398.0,Other
human,soln1,148,constParameterReference,style,398.0,Other
human,soln1,148,constVariable,style,398.0,Other
human,soln1,148,constVariable,style,398.0,Other
human,soln1,148,unreadVariable,style,563.0,Other
human,soln1,246,invalidPrintfArgType_sint,warning,686.0,Other
human,soln1,246,invalidPrintfArgType_sint,warning,686.0,Other
human,soln1,246,shadowVariable,style,398.0,Other
human,soln1,164,invalidPrintfArgType_sint,portability,686.0,Other
human,soln1,31,invalidscanf,warning,119.0,Memory Safety
human,soln1,193,uninitMemberVar,warning,398.0,Other
human,soln1,193,uninitMemberVar,warning,398.0,Other
human,soln1,193,uninitMemberVar,warning,398.0,Other
human,soln1,193,initializerList,style,398.0,Other
human,soln1,193,initializerList,style,398.0,Other
human,soln1,193,useInitializationList,performance,398.0,Other
human,soln1,193,useInitializationList,performance,398.0,Other
human,soln1,193,functionConst,style,398.0,Other
human,soln1,193,noExplicitConstructor,style,398.0,Other
human,soln1,193,passedByValueCallback,performance,398.0,Other
human,soln1,193,passedByValueCallback,performance,398.0,Other
human,soln1,193,truncLongCastAssignment,style,197.0,Other
human,soln1,44,invalidscanf,warning,119.0,Memory Safety
human,soln1,44,unusedVariable,style,563.0,Other
human,soln1,191,shadowVariable,style,398.0,Other
human,soln1,66,constVariablePointer,style,398.0,Other
human,soln1,204,shadowVariable,style,398.0,Other
human,soln1,204,constVariableReference,style,398.0,Other
human,soln1,252,unreadVariable,style,563.0,Other
human,soln1,252,unusedVariable,style,563.0,Other
human,soln1,252,unusedVariable,style,563.0,Other
human,soln1,252,unusedVariable,style,563.0,Other
human,soln1,252,unreadVariable,style,563.0,Other
human,soln1,252,unusedVariable,style,563.0,Other
human,soln1,122,shadowVariable,style,398.0,Other
human,soln1,122,shadowVariable,style,398.0,Other
human,soln1,122,shadowVariable,style,398.0,Other
human,soln1,231,passedByValue,performance,398.0,Other
human,soln1,258,shadowVariable,style,398.0,Other
human,soln1,258,shadowVariable,style,398.0,Other
human,soln1,258,shadowVariable,style,398.0,Other
human,soln1,258,unreadVariable,style,563.0,Other
human,soln1,258,unreadVariable,style,563.0,Other
human,soln1,291,useStlAlgorithm,style,398.0,Other
human,soln1,56,cstyleCast,style,398.0,Other
human,soln1,56,cstyleCast,style,398.0,Other
human,soln1,56,variableScope,style,398.0,Other
human,soln1,103,variableScope,style,398.0,Other
human,soln1,5,unreadVariable,style,563.0,Other
human,soln1,5,unreadVariable,style,563.0,Other
human,soln1,199,missingReturn,error,758.0,Logic / Undefined Behavior
human,soln1,199,functionConst,style,398.0,Other
human,soln1,199,noExplicitConstructor,style,398.0,Other
human,soln1,199,constParameterReference,style,398.0,Other
human,soln1,54,uninitMemberVar,warning,398.0,Other
human,soln1,54,uninitMemberVar,warning,398.0,Other
human,soln1,54,variableScope,style,398.0,Other
human,soln1,54,incompleteArrayFill,portability,131.0,Other
human,soln1,54,incompleteArrayFill,portability,131.0,Other
human,soln1,54,shadowVariable,style,398.0,Other
human,soln1,54,shadowVariable,style,398.0,Other
human,soln1,54,stlFindInsert,performance,398.0,Other
human,soln1,29,invalidscanf,warning,119.0,Memory Safety
human,soln1,29,invalidscanf,warning,119.0,Memory Safety
human,soln1,201,shadowVariable,style,398.0,Other
human,soln1,201,shadowVariable,style,398.0,Other
human,soln1,201,useStlAlgorithm,style,398.0,Other
human,soln1,201,useStlAlgorithm,style,398.0,Other
human,soln1,201,useStlAlgorithm,style,398.0,Other
human,soln1,201,useStlAlgorithm,style,398.0,Other
human,soln1,62,shadowVariable,style,398.0,Other
human,soln1,62,shadowVariable,style,398.0,Other
human,soln1,62,uninitvar,warning,457.0,Null / Initialization
human,soln1,62,uninitvar,warning,457.0,Null / Initialization
human,soln1,62,uninitvar,warning,457.0,Null / Initialization
human,soln1,62,uninitvar,warning,457.0,Null / Initialization
human,soln1,106,useStlAlgorithm,style,398.0,Other
human,soln1,59,internalAstError,error,,Other
human,soln1,280,constParameterReference,style,398.0,Other
human,soln1,244,constParameterReference,style,398.0,Other
human,soln1,67,unreadVariable,style,563.0,Other
human,soln1,67,unreadVariable,style,563.0,Other
human,soln1,23,passedByValue,performance,398.0,Other
human,soln1,23,passedByValue,performance,398.0,Other
human,soln1,23,passedByValue,performance,398.0,Other
human,soln1,23,passedByValue,performance,398.0,Other
human,soln1,41,legacyUninitvar,error,457.0,Null / Initialization
human,soln1,86,constVariableReference,style,398.0,Other
human,soln1,186,memsetValueOutOfRange,warning,686.0,Other
human,soln1,227,invalidFunctionArg,warning,628.0,Other
human,soln1,227,variableScope,style,398.0,Other
human,soln1,227,shadowFunction,style,398.0,Other
human,soln1,227,passedByValue,performance,398.0,Other
human,soln1,227,passedByValue,performance,398.0,Other
human,soln1,227,passedByValueCallback,performance,398.0,Other
human,soln1,227,passedByValue,performance,398.0,Other
human,soln1,114,unusedVariable,style,563.0,Other
human,soln1,114,unusedVariable,style,563.0,Other
human,soln1,114,unusedVariable,style,563.0,Other
human,soln1,114,unusedVariable,style,563.0,Other
human,soln1,153,useStlAlgorithm,style,398.0,Other
human,soln1,190,variableScope,style,398.0,Other
human,soln1,190,variableScope,style,398.0,Other
human,soln1,190,passedByValue,performance,398.0,Other
human,soln1,190,passedByValue,performance,398.0,Other
human,soln1,190,passedByValue,performance,398.0,Other
human,soln1,190,passedByValue,performance,398.0,Other
human,soln1,190,useStlAlgorithm,style,398.0,Other
human,soln1,272,variableScope,style,398.0,Other
human,soln1,272,useStlAlgorithm,style,398.0,Other
human,soln1,218,invalidscanf,warning,119.0,Memory Safety
human,soln1,218,invalidscanf,warning,119.0,Memory Safety
human,soln1,218,iterateByValue,performance,398.0,Other
human,soln1,218,passedByValue,performance,398.0,Other
human,soln1,218,passedByValue,performance,398.0,Other
human,soln1,218,passedByValue,performance,398.0,Other
human,soln1,218,useStlAlgorithm,style,398.0,Other
human,soln1,218,useStlAlgorithm,style,398.0,Other
human,soln1,218,uninitvar,warning,457.0,Null / Initialization
human,soln1,218,uninitvar,warning,457.0,Null / Initialization
human,soln1,2,invalidscanf,warning,119.0,Memory Safety
human,soln1,2,invalidscanf,warning,119.0,Memory Safety
human,soln1,229,passedByValue,performance,398.0,Other
human,soln1,229,passedByValue,performance,398.0,Other
human,soln1,229,passedByValue,performance,398.0,Other
human,soln1,101,negativeContainerIndex,warning,786.0,Other
human,soln1,19,functionConst,style,398.0,Other
human,soln1,19,shadowVariable,style,398.0,Other
human,soln1,19,shadowVariable,style,398.0,Other
human,soln1,14,unpreciseMathCall,style,758.0,Logic / Undefined Behavior
human,soln1,14,shadowVariable,style,398.0,Other
human,soln1,14,shadowVariable,style,398.0,Other
human,soln1,70,invalidscanf,warning,119.0,Memory Safety
human,soln1,70,variableScope,style,398.0,Other
human,soln1,70,variableScope,style,398.0,Other
human,soln1,288,negativeIndex,warning,786.0,Other
human,soln1,288,negativeIndex,warning,786.0,Other
human,soln1,288,knownConditionTrueFalse,style,571.0,Logic / Undefined Behavior
human,soln1,288,redundantAssignment,style,563.0,Other
human,soln1,152,functionConst,style,398.0,Other
human,soln1,152,noExplicitConstructor,style,398.0,Other
human,soln1,152,noExplicitConstructor,style,398.0,Other
human,soln1,152,invalidscanf,warning,119.0,Memory Safety
human,soln1,152,invalidscanf,warning,119.0,Memory Safety
human,soln1,152,variableScope,style,398.0,Other
human,soln1,152,variableScope,style,398.0,Other
human,soln1,152,variableScope,style,398.0,Other
human,soln1,152,variableScope,style,398.0,Other
human,soln1,152,variableScope,style,398.0,Other
human,soln1,152,constParameterReference,style,398.0,Other
human,soln1,152,unreadVariable,style,563.0,Other
human,soln1,152,unreadVariable,style,563.0,Other
human,soln1,152,unusedVariable,style,563.0,Other
human,soln1,152,unusedVariable,style,563.0,Other
human,soln1,152,unusedVariable,style,563.0,Other
human,soln1,152,unusedVariable,style,563.0,Other
human,soln1,225,invalidscanf,warning,119.0,Memory Safety
human,soln1,247,variableScope,style,398.0,Other
human,soln1,137,variableScope,style,398.0,Other
human,soln1,118,shadowArgument,style,398.0,Other
human,soln1,282,invalidscanf,warning,119.0,Memory Safety
human,soln1,281,uninitMemberVar,warning,398.0,Other
human,soln1,281,uninitMemberVar,warning,398.0,Other
human,soln1,281,uninitMemberVar,warning,398.0,Other
human,soln1,162,variableScope,style,398.0,Other
human,soln1,162,variableScope,style,398.0,Other
human,soln1,162,unreadVariable,style,563.0,Other
human,soln1,0,knownConditionTrueFalse,style,571.0,Logic / Undefined Behavior
human,soln1,0,variableScope,style,398.0,Other
human,soln1,0,variableScope,style,398.0,Other
human,soln1,0,unusedVariable,style,563.0,Other
human,soln1,0,unusedVariable,style,563.0,Other
human,soln1,0,unusedVariable,style,563.0,Other
human,soln1,210,invalidscanf,warning,119.0,Memory Safety
human,soln1,210,shadowVariable,style,398.0,Other
human,soln1,223,unreadVariable,style,563.0,Other
human,soln1,254,functionConst,style,398.0,Other
human,soln1,254,functionConst,style,398.0,Other
human,soln1,254,shadowVariable,style,398.0,Other
human,soln1,254,clarifyCalculation,style,783.0,Other
human,soln1,254,useStlAlgorithm,style,398.0,Other
human,soln1,254,useStlAlgorithm,style,398.0,Other
human,soln1,3,useStlAlgorithm,style,398.0,Other
human,soln1,188,shiftNegativeLHS,portability,758.0,Logic / Undefined Behavior
human,soln1,284,constParameterReference,style,398.0,Other
human,soln1,284,constParameterReference,style,398.0,Other
human,soln1,284,constParameterReference,style,398.0,Other
human,soln1,284,constParameterReference,style,398.0,Other
human,soln1,284,constParameterReference,style,398.0,Other
human,soln1,284,constParameterReference,style,398.0,Other
human,soln1,58,passedByValue,performance,398.0,Other
human,soln1,58,passedByValue,performance,398.0,Other
human,soln1,58,passedByValue,performance,398.0,Other
human,soln1,58,passedByValue,performance,398.0,Other
human,soln1,238,uninitvar,warning,457.0,Null / Initialization
human,soln1,238,legacyUninitvar,error,457.0,Null / Initialization
human,soln1,211,internalAstError,error,,Other
human,soln1,270,functionConst,style,398.0,Other
human,soln1,270,variableScope,style,398.0,Other
human,soln1,251,missingReturn,error,758.0,Logic / Undefined Behavior
human,soln1,278,assignBoolToFloat,style,704.0,Other
human,soln1,243,uninitMemberVar,warning,398.0,Other
human,soln1,243,functionConst,style,398.0,Other
human,soln1,243,functionConst,style,398.0,Other
human,soln1,243,functionConst,style,398.0,Other
human,soln1,243,invalidPrintfArgType_sint,warning,686.0,Other
human,soln1,243,shadowVariable,style,398.0,Other
human,soln1,243,shadowVariable,style,398.0,Other
human,soln1,243,passedByValue,performance,398.0,Other
human,soln1,243,passedByValue,performance,398.0,Other
human,soln1,243,passedByValue,performance,398.0,Other
human,soln1,243,passedByValue,performance,398.0,Other
human,soln1,77,internalAstError,error,,Other
human,soln1,274,truncLongCastAssignment,style,197.0,Other
human,soln1,253,unusedVariable,style,563.0,Other
human,soln1,87,shadowVariable,style,398.0,Other
human,soln1,87,ignoredReturnValue,warning,252.0,API / Library Misuse
human,soln1,285,constVariableReference,style,398.0,Other
human,soln1,285,constVariableReference,style,398.0,Other
human,soln1,157,variableScope,style,398.0,Other
human,soln1,8,noExplicitConstructor,style,398.0,Other
human,soln1,121,uninitvar,warning,457.0,Null / Initialization
human,soln1,57,invalidscanf,warning,119.0,Memory Safety
human,soln1,57,invalidscanf,warning,119.0,Memory Safety
human,soln1,128,invalidscanf,warning,119.0,Memory Safety
human,soln1,113,functionConst,style,398.0,Other
human,soln1,113,selfAssignment,style,398.0,Other
human,soln1,113,selfAssignment,style,398.0,Other
human,soln1,113,variableScope,style,398.0,Other
human,soln1,113,shadowVariable,style,398.0,Other
human,soln1,113,shadowVariable,style,398.0,Other
human,soln1,113,shadowVariable,style,398.0,Other
human,soln1,113,shadowVariable,style,398.0,Other
human,soln1,83,unreadVariable,style,563.0,Other
human,soln1,83,unreadVariable,style,563.0,Other
human,soln1,185,uninitvar,warning,457.0,Null / Initialization
human,soln1,185,unreadVariable,style,563.0,Other
human,soln1,185,unreadVariable,style,563.0,Other
human,soln1,27,shadowVariable,style,398.0,Other
human,soln1,240,variableScope,style,398.0,Other
human,soln1,240,variableScope,style,398.0,Other
human,soln1,125,useStlAlgorithm,style,398.0,Other
human,soln1,228,functionConst,style,398.0,Other
human,soln1,138,arrayIndexOutOfBoundsCond,warning,788.0,Other
human,soln1,138,arrayIndexOutOfBoundsCond,warning,788.0,Other
human,soln1,16,unreadVariable,style,563.0,Other
human,soln1,16,unreadVariable,style,563.0,Other
human,soln1,198,shadowVariable,style,398.0,Other
human,soln1,198,shadowVariable,style,398.0,Other
human,soln1,198,shadowVariable,style,398.0,Other
human,soln1,198,unusedVariable,style,563.0,Other
human,soln1,198,unusedVariable,style,563.0,Other
human,soln1,235,noExplicitConstructor,style,398.0,Other
human,soln1,235,unreadVariable,style,563.0,Other
human,soln1,6,uninitvar,warning,457.0,Null / Initialization
human,soln1,6,uninitvar,warning,457.0,Null / Initialization
human,soln1,216,incrementboolean,style,398.0,Other
human,soln1,98,noExplicitConstructor,style,398.0,Other
human,soln1,98,variableScope,style,398.0,Other
human,soln1,98,variableScope,style,398.0,Other
human,soln1,97,shiftTooManyBitsSigned,portability,758.0,Logic / Undefined Behavior
human,soln1,32,invalidscanf,warning,119.0,Memory Safety
human,soln1,32,shadowVariable,style,398.0,Other
human,soln1,18,passedByValue,performance,398.0,Other
human,soln1,45,invalidscanf,warning,119.0,Memory Safety
human,soln1,45,shadowVariable,style,398.0,Other
human,soln1,45,shadowVariable,style,398.0,Other
human,soln1,45,shadowVariable,style,398.0,Other
human,soln1,37,shadowVariable,style,398.0,Other
human,soln1,262,functionConst,style,398.0,Other
human,soln1,262,constStatement,warning,398.0,Other
human,soln1,262,passedByValueCallback,performance,398.0,Other
human,soln1,262,passedByValueCallback,performance,398.0,Other
human,soln1,111,functionConst,style,398.0,Other
human,soln1,111,noExplicitConstructor,style,398.0,Other
human,soln1,30,variableScope,style,398.0,Other
human,soln1,30,variableScope,style,398.0,Other
human,soln1,30,useStlAlgorithm,style,398.0,Other
human,soln1,30,unusedVariable,style,563.0,Other
human,soln1,30,unreadVariable,style,563.0,Other
human,soln1,265,variableScope,style,398.0,Other
human,soln1,265,shadowVariable,style,398.0,Other
human,soln1,265,shadowVariable,style,398.0,Other
human,soln1,265,unusedVariable,style,563.0,Other
human,soln1,265,unreadVariable,style,563.0,Other
human,soln1,265,unusedVariable,style,563.0,Other
human,soln1,265,unreadVariable,style,563.0,Other
human,soln1,265,unusedVariable,style,563.0,Other
human,soln1,265,unreadVariable,style,563.0,Other
human,soln1,265,unreadVariable,style,563.0,Other
human,soln1,265,unreadVariable,style,563.0,Other
human,soln1,176,functionConst,style,398.0,Other
human,soln1,176,invalidscanf,warning,119.0,Memory Safety
human,soln1,176,duplicateBreak,style,561.0,Other
human,soln1,176,constParameterReference,style,398.0,Other
human,soln1,176,constParameterReference,style,398.0,Other
human,soln1,176,constParameterPointer,style,398.0,Other
human,soln1,176,constParameterPointer,style,398.0,Other
human,soln1,202,arrayIndexThenCheck,style,398.0,Other
human,soln1,202,arrayIndexThenCheck,style,398.0,Other
human,soln1,112,arrayIndexOutOfBoundsCond,warning,788.0,Other
human,soln1,112,shadowVariable,style,398.0,Other
human,soln1,172,unusedVariable,style,563.0,Other
human,soln1,172,unusedVariable,style,563.0,Other
human,soln1,172,unusedVariable,style,563.0,Other
human,soln1,259,unreadVariable,style,563.0,Other
human,soln1,259,unreadVariable,style,563.0,Other
human,soln1,170,variableScope,style,398.0,Other
human,soln1,170,variableScope,style,398.0,Other
human,soln1,256,noExplicitConstructor,style,398.0,Other
human,soln1,256,constParameterReference,style,398.0,Other
human,soln1,256,useStlAlgorithm,style,398.0,Other
human,soln1,256,useStlAlgorithm,style,398.0,Other
human,soln1,50,useStlAlgorithm,style,398.0,Other
human,soln1,11,uninitMemberVar,warning,398.0,Other
human,soln1,11,uninitMemberVar,warning,398.0,Other
human,soln1,11,uninitMemberVar,warning,398.0,Other
human,soln1,11,uninitMemberVar,warning,398.0,Other
human,soln1,11,uninitMemberVar,warning,398.0,Other
human,soln1,11,nullPointer,warning,476.0,Null / Initialization
human,soln1,11,variableScope,style,398.0,Other
human,soln1,11,variableScope,style,398.0,Other
human,soln1,11,constParameterPointer,style,398.0,Other
human,soln1,11,ctunullpointer,error,476.0,Null / Initialization
human,soln1,74,variableScope,style,398.0,Other
human,soln1,74,zerodiv,error,369.0,Logic / Undefined Behavior
human,soln1,74,zerodiv,error,369.0,Logic / Undefined Behavior
human,soln1,74,unreadVariable,style,563.0,Other
human,soln1,74,unreadVariable,style,563.0,Other
human,soln1,230,redundantInitialization,style,563.0,Other
human,soln1,230,constParameterPointer,style,398.0,Other
human,soln1,236,incompleteArrayFill,portability,131.0,Other
human,soln1,236,shadowVariable,style,398.0,Other
human,soln1,236,constVariableReference,style,398.0,Other
human,soln1,283,constStatement,warning,398.0,Other
human,soln1,61,useStlAlgorithm,style,398.0,Other
human,soln1,232,unusedStructMember,style,563.0,Other
human,soln1,85,variableScope,style,398.0,Other
human,soln1,85,variableScope,style,398.0,Other
human,soln1,85,variableScope,style,398.0,Other
human,soln1,167,bitwiseOnBoolean,style,398.0,Other
human,soln1,167,bitwiseOnBoolean,style,398.0,Other
human,soln1,237,uninitMemberVar,warning,398.0,Other
human,soln1,237,uninitMemberVar,warning,398.0,Other
human,soln1,237,functionConst,style,398.0,Other
human,soln1,237,functionConst,style,398.0,Other
human,soln1,237,noExplicitConstructor,style,398.0,Other
human,soln1,237,invalidscanf,warning,119.0,Memory Safety
human,soln1,237,invalidscanf,warning,119.0,Memory Safety
human,soln1,237,passedByValue,performance,398.0,Other
human,soln1,237,passedByValue,performance,398.0,Other
human,soln1,161,initializerList,style,398.0,Other
human,soln1,161,noExplicitConstructor,style,398.0,Other
human,soln1,161,noExplicitConstructor,style,398.0,Other
human,soln1,161,knownConditionTrueFalse,style,570.0,Other
human,soln1,161,constParameterPointer,style,398.0,Other
human,soln1,161,unreadVariable,style,563.0,Other
human,soln1,161,unreadVariable,style,563.0,Other
human,soln1,13,shadowVariable,style,398.0,Other
human,soln1,115,variableScope,style,398.0,Other
human,soln2,171,passedByValueCallback,performance,398.0,Other
human,soln2,171,passedByValueCallback,performance,398.0,Other
human,soln2,171,passedByValue,performance,398.0,Other
human,soln2,201,unusedVariable,style,563.0,Other
human,soln2,201,unusedVariable,style,563.0,Other
human,soln2,201,unusedVariable,style,563.0,Other
human,soln2,106,arrayIndexThenCheck,style,398.0,Other
human,soln2,106,invalidScanfArgType_int,warning,686.0,Other
human,soln2,106,invalidScanfArgType_int,warning,686.0,Other
human,soln2,86,constVariableReference,style,398.0,Other
human,soln2,270,noExplicitConstructor,style,398.0,Other
human,soln2,165,uninitMemberVar,warning,398.0,Other
human,soln2,165,functionConst,style,398.0,Other
human,soln2,165,functionConst,style,398.0,Other
human,soln2,165,functionConst,style,398.0,Other
human,soln2,165,functionConst,style,398.0,Other
human,soln2,165,noExplicitConstructor,style,398.0,Other
human,soln2,165,noExplicitConstructor,style,398.0,Other
human,soln2,165,noExplicitConstructor,style,398.0,Other
human,soln2,165,noExplicitConstructor,style,398.0,Other
human,soln2,165,shadowVariable,style,398.0,Other
human,soln2,165,passedByValue,performance,398.0,Other
human,soln2,165,constParameterReference,style,398.0,Other
human,soln2,121,invalidscanf,warning,119.0,Memory Safety
human,soln2,128,shadowVariable,style,398.0,Other
human,soln2,128,shadowVariable,style,398.0,Other
human,soln2,266,shadowVariable,style,398.0,Other
human,soln2,266,unusedStructMember,style,563.0,Other
human,soln2,266,unusedStructMember,style,563.0,Other
human,soln2,266,unusedStructMember,style,563.0,Other
human,soln2,266,unusedStructMember,style,563.0,Other
human,soln2,266,unreadVariable,style,563.0,Other
human,soln2,266,unreadVariable,style,563.0,Other
human,soln2,266,unreadVariable,style,563.0,Other
human,soln2,266,unreadVariable,style,563.0,Other
human,soln2,266,unusedVariable,style,563.0,Other
human,soln2,84,uninitMemberVar,warning,398.0,Other
human,soln2,84,uninitMemberVar,warning,398.0,Other
human,soln2,84,unreadVariable,style,563.0,Other
human,soln2,84,unreadVariable,style,563.0,Other
human,soln2,84,unusedVariable,style,563.0,Other
human,soln2,26,passedByValue,performance,398.0,Other
human,soln2,26,passedByValue,performance,398.0,Other
human,soln2,26,useStlAlgorithm,style,398.0,Other
human,soln2,26,uninitvar,warning,457.0,Null / Initialization
human,soln2,199,invalidscanf,warning,119.0,Memory Safety
human,soln2,209,useInitializationList,performance,398.0,Other
human,soln2,209,useInitializationList,performance,398.0,Other
human,soln2,209,useInitializationList,performance,398.0,Other
human,soln2,209,functionConst,style,398.0,Other
human,soln2,209,functionConst,style,398.0,Other
human,soln2,209,functionConst,style,398.0,Other
human,soln2,209,functionConst,style,398.0,Other
human,soln2,209,functionConst,style,398.0,Other
human,soln2,209,functionConst,style,398.0,Other
human,soln2,209,functionConst,style,398.0,Other
human,soln2,209,noExplicitConstructor,style,398.0,Other
human,soln2,209,noExplicitConstructor,style,398.0,Other
human,soln2,209,noExplicitConstructor,style,398.0,Other
human,soln2,209,noExplicitConstructor,style,398.0,Other
human,soln2,209,noExplicitConstructor,style,398.0,Other
human,soln2,209,duplicateBreak,style,561.0,Other
human,soln2,209,variableScope,style,398.0,Other
human,soln2,209,variableScope,style,398.0,Other
human,soln2,209,variableScope,style,398.0,Other
human,soln2,209,variableScope,style,398.0,Other
human,soln2,209,shadowVariable,style,398.0,Other
human,soln2,209,shadowVariable,style,398.0,Other
human,soln2,209,shadowVariable,style,398.0,Other
human,soln2,209,shadowVariable,style,398.0,Other
human,soln2,209,shadowVariable,style,398.0,Other
human,soln2,209,shadowVariable,style,398.0,Other
human,soln2,209,shadowVariable,style,398.0,Other
human,soln2,209,shadowVariable,style,398.0,Other
human,soln2,209,shadowVariable,style,398.0,Other
human,soln2,209,shadowVariable,style,398.0,Other
human,soln2,209,passedByValue,performance,398.0,Other
human,soln2,209,passedByValue,performance,398.0,Other
human,soln2,209,passedByValue,performance,398.0,Other
human,soln2,209,passedByValue,performance,398.0,Other
human,soln2,209,passedByValue,performance,398.0,Other
human,soln2,209,passedByValue,performance,398.0,Other
human,soln2,209,passedByValue,performance,398.0,Other
human,soln2,209,passedByValue,performance,398.0,Other
human,soln2,209,passedByValue,performance,398.0,Other
human,soln2,209,passedByValue,performance,398.0,Other
human,soln2,209,passedByValue,performance,398.0,Other
human,soln2,209,passedByValue,performance,398.0,Other
human,soln2,209,constParameterReference,style,398.0,Other
human,soln2,209,constParameterReference,style,398.0,Other
human,soln2,164,shadowVariable,style,398.0,Other
human,soln2,164,shadowVariable,style,398.0,Other
human,soln2,164,constParameterReference,style,398.0,Other
human,soln2,164,constParameterReference,style,398.0,Other
human,soln2,164,constParameterReference,style,398.0,Other
human,soln2,164,constParameterReference,style,398.0,Other
human,soln2,181,unreadVariable,style,563.0,Other
human,soln2,181,unreadVariable,style,563.0,Other
human,soln2,212,variableScope,style,398.0,Other
human,soln2,261,noExplicitConstructor,style,398.0,Other
human,soln2,261,noExplicitConstructor,style,398.0,Other
human,soln2,261,useStlAlgorithm,style,398.0,Other
human,soln2,261,useStlAlgorithm,style,398.0,Other
human,soln2,105,shadowVariable,style,398.0,Other
human,soln2,110,unusedVariable,style,563.0,Other
human,soln2,110,unusedVariable,style,563.0,Other
human,soln2,110,unusedVariable,style,563.0,Other
human,soln2,157,constParameterReference,style,398.0,Other
human,soln2,268,returnStdMoveLocal,performance,,Other
human,soln2,268,unreadVariable,style,563.0,Other
human,soln2,268,unreadVariable,style,563.0,Other
human,soln2,163,functionConst,style,398.0,Other
human,soln2,163,invalidscanf,warning,119.0,Memory Safety
human,soln2,163,passedByValue,performance,398.0,Other
human,soln2,163,passedByValue,performance,398.0,Other
human,soln2,163,passedByValue,performance,398.0,Other
human,soln2,163,passedByValue,performance,398.0,Other
human,soln2,163,passedByValue,performance,398.0,Other
human,soln2,258,bitwiseOnBoolean,style,398.0,Other
human,soln2,155,unusedStructMember,style,563.0,Other
human,soln2,155,unusedStructMember,style,563.0,Other
human,soln2,155,unusedStructMember,style,563.0,Other
human,soln2,155,unusedStructMember,style,563.0,Other
human,soln2,119,unusedVariable,style,563.0,Other
human,soln2,119,unusedVariable,style,563.0,Other
human,soln2,119,unusedVariable,style,563.0,Other
human,soln2,119,unusedVariable,style,563.0,Other
human,soln2,119,unusedVariable,style,563.0,Other
human,soln2,119,unusedVariable,style,563.0,Other
human,soln2,119,unusedVariable,style,563.0,Other
human,soln2,119,unusedVariable,style,563.0,Other
human,soln2,119,unusedVariable,style,563.0,Other
human,soln2,119,unusedVariable,style,563.0,Other
human,soln2,119,unusedVariable,style,563.0,Other
human,soln2,119,unusedVariable,style,563.0,Other
human,soln2,119,unusedVariable,style,563.0,Other
human,soln2,119,unusedVariable,style,563.0,Other
human,soln2,119,unusedVariable,style,563.0,Other
human,soln2,119,unusedVariable,style,563.0,Other
human,soln2,119,unusedVariable,style,563.0,Other
human,soln2,119,unusedVariable,style,563.0,Other
human,soln2,119,unusedVariable,style,563.0,Other
human,soln2,119,unusedVariable,style,563.0,Other
human,soln2,119,unusedVariable,style,563.0,Other
human,soln2,119,unusedVariable,style,563.0,Other
human,soln2,119,unusedVariable,style,563.0,Other
human,soln2,119,unusedVariable,style,563.0,Other
human,soln2,132,uninitMemberVar,warning,398.0,Other
human,soln2,132,uninitMemberVar,warning,398.0,Other
human,soln2,132,functionStatic,style,398.0,Other
human,soln2,132,noExplicitConstructor,style,398.0,Other
human,soln2,132,shadowVariable,style,398.0,Other
human,soln2,132,shadowVariable,style,398.0,Other
human,soln2,132,shadowVariable,style,398.0,Other
human,soln2,174,useStlAlgorithm,style,398.0,Other
human,soln2,245,functionConst,style,398.0,Other
human,soln2,245,noExplicitConstructor,style,398.0,Other
human,soln2,245,noExplicitConstructor,style,398.0,Other
human,soln2,245,noExplicitConstructor,style,398.0,Other
human,soln2,245,constStatement,warning,398.0,Other
human,soln2,245,constStatement,warning,398.0,Other
human,soln2,245,iterateByValue,performance,398.0,Other
human,soln2,245,uninitvar,error,457.0,Null / Initialization
human,soln2,245,uninitvar,error,457.0,Null / Initialization
human,soln2,245,uninitvar,error,457.0,Null / Initialization
human,soln2,245,uninitvar,error,457.0,Null / Initialization
human,soln2,245,uninitvar,error,457.0,Null / Initialization
human,soln2,245,uninitvar,error,457.0,Null / Initialization
human,soln2,245,uninitvar,error,457.0,Null / Initialization
human,soln2,245,uninitvar,error,457.0,Null / Initialization
human,soln2,245,uninitvar,error,457.0,Null / Initialization
human,soln2,245,unusedStructMember,style,563.0,Other
human,soln2,245,ignoredReturnValue,warning,252.0,API / Library Misuse
human,soln2,245,ignoredReturnValue,warning,252.0,API / Library Misuse
human,soln2,245,passedByValue,performance,398.0,Other
human,soln2,245,passedByValue,performance,398.0,Other
human,soln2,161,useStlAlgorithm,style,398.0,Other
human,soln2,205,invalidscanf,warning,119.0,Memory Safety
human,soln2,205,variableScope,style,398.0,Other
human,soln2,205,variableScope,style,398.0,Other
human,soln2,167,noExplicitConstructor,style,398.0,Other
human,soln2,167,clarifyCalculation,style,783.0,Other
human,soln2,167,passedByValue,performance,398.0,Other
human,soln2,167,passedByValue,performance,398.0,Other
human,soln2,167,passedByValue,performance,398.0,Other
human,soln2,167,passedByValue,performance,398.0,Other
human,soln2,167,passedByValue,performance,398.0,Other
human,soln2,167,passedByValue,performance,398.0,Other
human,soln2,167,passedByValue,performance,398.0,Other
human,soln2,167,passedByValue,performance,398.0,Other
human,soln2,167,passedByValue,performance,398.0,Other
human,soln2,167,passedByValue,performance,398.0,Other
human,soln2,167,passedByValue,performance,398.0,Other
human,soln2,167,passedByValue,performance,398.0,Other
human,soln2,167,passedByValue,performance,398.0,Other
human,soln2,167,passedByValue,performance,398.0,Other
human,soln2,167,passedByValue,performance,398.0,Other
human,soln2,167,passedByValue,performance,398.0,Other
human,soln2,167,passedByValue,performance,398.0,Other
human,soln2,167,passedByValue,performance,398.0,Other
human,soln2,167,passedByValue,performance,398.0,Other
human,soln2,167,passedByValue,performance,398.0,Other
human,soln2,167,passedByValue,performance,398.0,Other
human,soln2,167,passedByValue,performance,398.0,Other
human,soln2,167,passedByValue,performance,398.0,Other
human,soln2,167,passedByValue,performance,398.0,Other
human,soln2,167,passedByValue,performance,398.0,Other
human,soln2,167,passedByValue,performance,398.0,Other
human,soln2,167,passedByValue,performance,398.0,Other
human,soln2,167,passedByValue,performance,398.0,Other
human,soln2,167,passedByValue,performance,398.0,Other
human,soln2,167,passedByValue,performance,398.0,Other
human,soln2,167,passedByValue,performance,398.0,Other
human,soln2,167,passedByValue,performance,398.0,Other
human,soln2,167,passedByValue,performance,398.0,Other
human,soln2,167,passedByValue,performance,398.0,Other
human,soln2,167,passedByValue,performance,398.0,Other
human,soln2,167,passedByValue,performance,398.0,Other
human,soln2,167,passedByValue,performance,398.0,Other
human,soln2,167,passedByValue,performance,398.0,Other
human,soln2,167,passedByValue,performance,398.0,Other
human,soln2,167,passedByValue,performance,398.0,Other
human,soln2,167,passedByValue,performance,398.0,Other
human,soln2,167,passedByValue,performance,398.0,Other
human,soln2,167,constParameterPointer,style,398.0,Other
human,soln2,210,shadowVariable,style,398.0,Other
human,soln2,81,constVariableReference,style,398.0,Other
human,soln2,81,constVariableReference,style,398.0,Other
human,soln2,81,constVariableReference,style,398.0,Other
human,soln2,81,constVariableReference,style,398.0,Other
human,soln2,81,useStlAlgorithm,style,398.0,Other
human,soln2,221,shadowVariable,style,398.0,Other
human,soln2,190,uninitvar,warning,457.0,Null / Initialization
human,soln2,190,unusedVariable,style,563.0,Other
human,soln2,172,unusedVariable,style,563.0,Other
human,soln2,241,uninitvar,warning,457.0,Null / Initialization
human,soln2,63,unusedVariable,style,563.0,Other
human,soln2,216,shadowVariable,style,398.0,Other
human,soln2,46,invalidscanf,warning,119.0,Memory Safety
human,soln2,46,invalidscanf,warning,119.0,Memory Safety
human,soln2,189,unreadVariable,style,563.0,Other
human,soln2,189,unusedVariable,style,563.0,Other
human,soln2,189,unusedVariable,style,563.0,Other
human,soln2,189,unusedVariable,style,563.0,Other
human,soln2,189,unusedVariable,style,563.0,Other
human,soln2,189,unusedVariable,style,563.0,Other
human,soln2,189,unusedVariable,style,563.0,Other
human,soln2,272,variableScope,style,398.0,Other
human,soln2,272,shadowVariable,style,398.0,Other
human,soln2,247,noExplicitConstructor,style,398.0,Other
human,soln2,20,shadowVariable,style,398.0,Other
human,soln2,243,initializerList,style,398.0,Other
human,soln2,243,shadowVariable,style,398.0,Other
human,soln2,125,shadowVariable,style,398.0,Other
human,soln2,125,shadowVariable,style,398.0,Other
human,soln2,83,constVariable,style,398.0,Other
human,soln2,94,shadowVariable,style,398.0,Other
human,soln2,94,shadowVariable,style,398.0,Other
human,soln2,102,identicalInnerCondition,warning,398.0,Other
human,soln2,102,shadowVariable,style,398.0,Other
human,soln2,179,constParameterReference,style,398.0,Other
human,soln2,179,shiftTooManyBitsSigned,portability,758.0,Logic / Undefined Behavior
human,soln2,50,variableScope,style,398.0,Other
human,soln2,29,postfixOperator,performance,398.0,Other
human,soln2,29,postfixOperator,performance,398.0,Other
human,soln2,274,uninitvar,warning,457.0,Null / Initialization
human,soln2,55,unreadVariable,style,563.0,Other
human,soln2,222,invalidscanf,warning,119.0,Memory Safety
human,soln2,222,invalidscanf,warning,119.0,Memory Safety
human,soln2,271,duplicateBranch,style,398.0,Other
human,soln2,73,uninitMemberVar,warning,398.0,Other
human,soln2,73,uninitMemberVar,warning,398.0,Other
human,soln2,73,functionConst,style,398.0,Other
human,soln2,73,functionConst,style,398.0,Other
human,soln2,73,noExplicitConstructor,style,398.0,Other
human,soln2,73,noExplicitConstructor,style,398.0,Other
human,soln2,73,shadowVariable,style,398.0,Other
human,soln2,73,shadowVariable,style,398.0,Other
human,soln2,73,shadowVariable,style,398.0,Other
human,soln2,53,zerodiv,error,369.0,Logic / Undefined Behavior
human,soln2,39,constParameterPointer,style,398.0,Other
human,soln2,160,constParameterReference,style,398.0,Other
human,soln2,160,constParameterReference,style,398.0,Other
human,soln2,160,constParameterPointer,style,398.0,Other
human,soln2,242,knownConditionTrueFalse,style,571.0,Logic / Undefined Behavior
human,soln2,242,useStlAlgorithm,style,398.0,Other
human,soln2,242,derefInvalidIteratorRedundantCheck,warning,825.0,Other
human,soln2,242,legacyUninitvar,error,457.0,Null / Initialization
human,soln2,244,constVariableReference,style,398.0,Other
human,soln2,202,variableScope,style,398.0,Other
human,soln2,170,arrayIndexThenCheck,style,398.0,Other
human,soln2,204,variableScope,style,398.0,Other
human,soln2,204,unreadVariable,style,563.0,Other
human,soln2,204,unusedVariable,style,563.0,Other
human,soln2,250,variableScope,style,398.0,Other
human,soln2,250,shadowVariable,style,398.0,Other
human,soln2,225,postfixOperator,performance,398.0,Other
human,soln2,138,postfixOperator,performance,398.0,Other
human,soln2,176,invalidscanf,warning,119.0,Memory Safety
human,soln2,194,unusedVariable,style,563.0,Other
human,soln2,100,selfAssignment,style,398.0,Other
human,soln2,100,selfAssignment,style,398.0,Other
human,soln2,100,shadowVariable,style,398.0,Other
human,soln2,100,constVariablePointer,style,398.0,Other
human,soln2,17,unreadVariable,style,563.0,Other
human,soln2,17,unreadVariable,style,563.0,Other
human,soln2,17,unreadVariable,style,563.0,Other
human,soln2,17,unreadVariable,style,563.0,Other
human,soln2,131,invalidscanf,warning,119.0,Memory Safety
human,soln2,98,variableScope,style,398.0,Other
human,soln2,98,variableScope,style,398.0,Other
human,soln2,98,variableScope,style,398.0,Other
human,soln2,98,shadowVariable,style,398.0,Other
human,soln2,98,unusedVariable,style,563.0,Other
human,soln2,19,noExplicitConstructor,style,398.0,Other
human,soln2,19,noExplicitConstructor,style,398.0,Other
human,soln2,156,variableScope,style,398.0,Other
human,soln2,75,noExplicitConstructor,style,398.0,Other
human,soln2,75,useStlAlgorithm,style,398.0,Other
human,soln2,75,unreadVariable,style,563.0,Other
human,soln2,140,variableScope,style,398.0,Other
human,soln2,140,unreadVariable,style,563.0,Other
human,soln2,175,knownConditionTrueFalse,style,571.0,Logic / Undefined Behavior
human,soln2,175,knownConditionTrueFalse,style,571.0,Logic / Undefined Behavior
human,soln2,175,knownConditionTrueFalse,style,571.0,Logic / Undefined Behavior
human,soln2,175,invalidscanf,warning,119.0,Memory Safety
human,soln2,175,invalidscanf,warning,119.0,Memory Safety
human,soln2,175,invalidscanf,warning,119.0,Memory Safety
human,soln2,145,variableScope,style,398.0,Other
human,soln2,145,constParameterReference,style,398.0,Other
human,soln2,145,constParameterReference,style,398.0,Other
human,soln2,145,constParameterReference,style,398.0,Other
human,soln2,145,constParameterReference,style,398.0,Other
human,soln2,145,constParameterReference,style,398.0,Other
human,soln2,145,constParameterReference,style,398.0,Other
human,soln2,162,identicalConditionAfterEarlyExit,warning,398.0,Other
human,soln2,224,invalidPrintfArgType_sint,portability,686.0,Other
human,soln2,1,constVariableReference,style,398.0,Other
human,soln2,82,variableScope,style,398.0,Other
human,soln2,82,unreadVariable,style,563.0,Other
human,soln2,215,constParameterReference,style,398.0,Other
human,soln2,251,unusedVariable,style,563.0,Other
human,soln2,251,unusedVariable,style,563.0,Other
human,soln2,184,arrayIndexOutOfBoundsCond,warning,788.0,Other
human,soln2,184,missingReturn,error,758.0,Logic / Undefined Behavior
human,soln2,184,passedByValue,performance,398.0,Other
human,soln2,184,passedByValue,performance,398.0,Other
human,soln2,184,passedByValue,performance,398.0,Other
human,soln2,184,passedByValue,performance,398.0,Other
human,soln2,184,passedByValue,performance,398.0,Other
human,soln2,184,passedByValue,performance,398.0,Other
human,soln2,136,redundantInitialization,style,563.0,Other
human,soln2,136,shadowVariable,style,398.0,Other
human,soln2,136,shadowVariable,style,398.0,Other
human,soln2,136,shadowVariable,style,398.0,Other
human,soln2,136,constParameterReference,style,398.0,Other
human,soln2,136,constParameterReference,style,398.0,Other
human,soln2,92,shadowVariable,style,398.0,Other
human,soln2,275,knownConditionTrueFalse,style,571.0,Logic / Undefined Behavior
human,soln2,275,knownConditionTrueFalse,style,571.0,Logic / Undefined Behavior
human,soln2,211,invalidscanf,warning,119.0,Memory Safety
human,soln2,211,shadowVariable,style,398.0,Other
human,soln2,211,shadowVariable,style,398.0,Other
human,soln2,211,shadowVariable,style,398.0,Other
human,soln2,90,unreadVariable,style,563.0,Other
human,soln2,139,shadowVariable,style,398.0,Other
human,soln2,77,variableScope,style,398.0,Other
human,soln2,214,negativeIndex,error,786.0,Other
human,soln2,246,noExplicitConstructor,style,398.0,Other
human,soln2,246,invalidscanf,warning,119.0,Memory Safety
human,soln2,246,unreadVariable,style,563.0,Other
human,soln2,246,unreadVariable,style,563.0,Other
human,soln2,246,unreadVariable,style,563.0,Other
human,soln2,227,constVariable,style,398.0,Other
human,soln2,96,unreadVariable,style,563.0,Other
human,soln2,3,postfixOperator,performance,398.0,Other
human,soln2,3,postfixOperator,performance,398.0,Other
human,soln2,3,postfixOperator,performance,398.0,Other
human,soln2,255,negativeIndex,error,786.0,Other
human,soln2,255,shadowVariable,style,398.0,Other
human,soln2,253,shadowVariable,style,398.0,Other
human,soln2,253,checkCastIntToCharAndBack,warning,197.0,Other
human,soln2,5,useInitializationList,performance,398.0,Other
human,soln2,5,useInitializationList,performance,398.0,Other
human,soln2,5,useInitializationList,performance,398.0,Other
human,soln2,5,noExplicitConstructor,style,398.0,Other
human,soln2,5,knownConditionTrueFalse,style,571.0,Logic / Undefined Behavior
human,soln2,5,constParameterReference,style,398.0,Other
human,soln2,5,useStlAlgorithm,style,398.0,Other
human,soln2,5,useStlAlgorithm,style,398.0,Other
human,soln2,5,useStlAlgorithm,style,398.0,Other
human,soln2,38,variableScope,style,398.0,Other
human,soln2,38,shadowArgument,style,398.0,Other
human,soln2,38,shadowArgument,style,398.0,Other
human,soln2,38,shadowVariable,style,398.0,Other
human,soln2,38,uninitvar,warning,457.0,Null / Initialization
human,soln2,38,uninitvar,warning,457.0,Null / Initialization
human,soln2,38,uninitvar,warning,457.0,Null / Initialization
human,soln2,70,invalidscanf,warning,119.0,Memory Safety
human,soln2,14,shadowVariable,style,398.0,Other
human,soln2,14,shadowVariable,style,398.0,Other
human,soln2,14,shadowVariable,style,398.0,Other
human,soln2,14,shadowVariable,style,398.0,Other
human,soln2,14,constVariableReference,style,398.0,Other
human,soln2,95,shadowVariable,style,398.0,Other
human,soln2,95,shadowVariable,style,398.0,Other
human,soln2,30,ignoredReturnValue,warning,252.0,API / Library Misuse
human,soln2,30,leakNoVarFunctionCall,error,772.0,Other
human,soln2,30,shadowVariable,style,398.0,Other
human,soln2,28,uninitvar,warning,457.0,Null / Initialization
human,soln2,11,invalidscanf,warning,119.0,Memory Safety
human,soln2,208,uninitMemberVar,warning,398.0,Other
human,soln2,208,uninitMemberVar,warning,398.0,Other
human,soln2,208,functionConst,style,398.0,Other
human,soln2,208,invalidscanf,warning,119.0,Memory Safety
human,soln2,122,variableScope,style,398.0,Other
human,soln2,122,shadowVariable,style,398.0,Other
human,soln2,122,shadowVariable,style,398.0,Other
human,soln2,122,shadowVariable,style,398.0,Other
human,soln2,122,passedByValue,performance,398.0,Other
human,soln2,122,unreadVariable,style,563.0,Other
human,soln2,122,unusedVariable,style,563.0,Other
human,soln2,122,unusedVariable,style,563.0,Other
human,soln2,122,unusedVariable,style,563.0,Other
human,soln2,122,unusedVariable,style,563.0,Other
human,soln2,122,unusedVariable,style,563.0,Other
human,soln2,122,unreadVariable,style,563.0,Other
human,soln2,122,unusedVariable,style,563.0,Other
human,soln2,122,unusedVariable,style,563.0,Other
human,soln2,80,useStlAlgorithm,style,398.0,Other
human,soln2,80,useStlAlgorithm,style,398.0,Other
human,soln2,193,invalidScanfArgType_int,warning,686.0,Other
human,soln2,193,invalidScanfArgType_int,warning,686.0,Other
human,soln2,193,invalidScanfArgType_int,warning,686.0,Other
human,soln2,193,variableScope,style,398.0,Other
human,soln2,265,knownConditionTrueFalse,style,570.0,Other
human,soln2,6,shadowVariable,style,398.0,Other
human,soln2,6,shadowVariable,style,398.0,Other
human,soln2,6,shadowVariable,style,398.0,Other
human,soln2,6,shadowVariable,style,398.0,Other
human,soln2,6,shadowVariable,style,398.0,Other
human,soln2,6,shadowVariable,style,398.0,Other
human,soln2,6,shadowVariable,style,398.0,Other
human,soln2,48,invalidscanf,warning,119.0,Memory Safety
human,soln2,48,passedByValue,performance,398.0,Other
human,soln2,48,passedByValue,performance,398.0,Other
human,soln2,79,cstyleCast,style,398.0,Other
human,soln2,79,cstyleCast,style,398.0,Other
human,soln2,79,cstyleCast,style,398.0,Other
human,soln2,79,cstyleCast,style,398.0,Other
human,soln2,269,shadowVariable,style,398.0,Other
human,soln2,269,shadowVariable,style,398.0,Other
human,soln2,137,variableScope,style,398.0,Other
human,soln2,137,variableScope,style,398.0,Other
human,soln2,137,variableScope,style,398.0,Other
human,soln2,263,shadowVariable,style,398.0,Other
human,soln2,263,shadowVariable,style,398.0,Other
human,soln2,120,unreadVariable,style,563.0,Other
human,soln2,120,unreadVariable,style,563.0,Other
human,soln2,195,negativeIndex,error,786.0,Other
human,soln2,195,shadowVariable,style,398.0,Other
human,soln2,195,negativeContainerIndex,warning,786.0,Other
human,soln2,195,unreadVariable,style,563.0,Other
human,soln2,195,unreadVariable,style,563.0,Other
human,soln2,195,unreadVariable,style,563.0,Other
human,soln2,195,unreadVariable,style,563.0,Other
human,soln2,238,constParameterReference,style,398.0,Other
human,soln2,238,constVariableReference,style,398.0,Other
human,soln2,238,stlFindInsert,performance,398.0,Other
human,soln2,238,unreadVariable,style,563.0,Other
human,soln2,238,unusedVariable,style,563.0,Other
human,soln2,238,unreadVariable,style,563.0,Other
human,soln2,72,passedByValue,performance,398.0,Other
human,soln2,72,passedByValue,performance,398.0,Other
human,soln2,72,passedByValue,performance,398.0,Other
human,soln2,72,constVariable,style,398.0,Other
human,soln2,72,useStlAlgorithm,style,398.0,Other
human,soln2,107,variableScope,style,398.0,Other
human,soln2,206,uninitvar,warning,457.0,Null / Initialization
human,soln2,10,functionConst,style,398.0,Other
human,soln2,10,noExplicitConstructor,style,398.0,Other
human,soln2,10,unreadVariable,style,563.0,Other
human,soln2,58,passedByValue,performance,398.0,Other
human,soln2,7,unreadVariable,style,563.0,Other
human,soln2,7,unreadVariable,style,563.0,Other
human,soln2,7,unreadVariable,style,563.0,Other
human,soln2,7,unreadVariable,style,563.0,Other
human,soln2,7,unreadVariable,style,563.0,Other
human,soln2,7,unreadVariable,style,563.0,Other
human,soln2,45,arrayIndexOutOfBounds,error,788.0,Other
human,soln2,45,arrayIndexThenCheck,style,398.0,Other
human,soln2,211,useStlAlgorithm,style,398.0,Other
human,soln2,211,unreadVariable,style,563.0,Other
human,soln2,211,unreadVariable,style,563.0,Other
human,soln2,211,unreadVariable,style,563.0,Other
human,soln2,211,unreadVariable,style,563.0,Other
human,soln2,211,unreadVariable,style,563.0,Other
human,soln2,211,unreadVariable,style,563.0,Other
human,soln2,211,unreadVariable,style,563.0,Other
human,soln2,211,unreadVariable,style,563.0,Other
human,soln2,211,unreadVariable,style,563.0,Other
human,soln2,211,unreadVariable,style,563.0,Other
human,soln2,211,unreadVariable,style,563.0,Other
human,soln2,211,unreadVariable,style,563.0,Other
human,soln2,211,unreadVariable,style,563.0,Other
human,soln2,211,unreadVariable,style,563.0,Other
human,soln2,211,unreadVariable,style,563.0,Other
human,soln2,211,unreadVariable,style,563.0,Other
human,soln2,267,clarifyCondition,style,398.0,Other
human,soln2,267,redundantAssignment,style,563.0,Other
human,soln2,267,shadowVariable,style,398.0,Other
human,soln2,65,knownConditionTrueFalse,style,571.0,Logic / Undefined Behavior
human,soln2,65,unreadVariable,style,563.0,Other
human,soln2,65,unreadVariable,style,563.0,Other
human,soln2,65,unreadVariable,style,563.0,Other
human,soln2,65,unreadVariable,style,563.0,Other
human,soln2,65,unreadVariable,style,563.0,Other
human,soln2,65,unreadVariable,style,563.0,Other
human,soln2,73,shadowVariable,style,398.0,Other
human,soln2,95,unreadVariable,style,563.0,Other
human,soln2,95,unreadVariable,style,563.0,Other
human,soln2,95,unreadVariable,style,563.0,Other
human,soln2,95,unreadVariable,style,563.0,Other
human,soln2,95,unreadVariable,style,563.0,Other
human,soln2,95,unreadVariable,style,563.0,Other
human,soln2,95,unreadVariable,style,563.0,Other
human,soln2,95,unreadVariable,style,563.0,Other
human,soln2,95,unreadVariable,style,563.0,Other
human,soln2,95,unreadVariable,style,563.0,Other
human,soln2,147,shadowVariable,style,398.0,Other
human,soln2,147,unusedVariable,style,563.0,Other
human,soln2,237,variableScope,style,398.0,Other
human,soln2,237,variableScope,style,398.0,Other
human,soln2,237,variableScope,style,398.0,Other
human,soln2,237,incompleteArrayFill,portability,131.0,Other
human,soln2,141,constVariableReference,style,398.0,Other
human,soln2,141,useStlAlgorithm,style,398.0,Other
human,soln2,278,knownConditionTrueFalse,style,571.0,Logic / Undefined Behavior
human,soln2,278,variableScope,style,398.0,Other
human,soln2,132,selfAssignment,style,398.0,Other
human,soln2,115,uninitMemberVar,warning,398.0,Other
human,soln2,115,uninitMemberVar,warning,398.0,Other
human,soln2,115,uninitMemberVar,warning,398.0,Other
human,soln2,115,uninitMemberVar,warning,398.0,Other
human,soln2,115,constVariableReference,style,398.0,Other
human,soln2,115,constVariableReference,style,398.0,Other
human,soln2,115,stlFindInsert,performance,398.0,Other
human,soln2,115,useStlAlgorithm,style,398.0,Other
human,soln2,184,shadowVariable,style,398.0,Other
human,soln2,276,invalidscanf,warning,119.0,Memory Safety
human,soln2,72,shadowVariable,style,398.0,Other
human,soln2,215,ignoredReturnValue,warning,252.0,API / Library Misuse
human,soln2,215,ignoredReturnValue,warning,252.0,API / Library Misuse
human,soln2,215,passedByValue,performance,398.0,Other
human,soln2,215,passedByValue,performance,398.0,Other
human,soln2,215,passedByValue,performance,398.0,Other
human,soln2,87,invalidPrintfArgType_sint,warning,686.0,Other
human,soln2,87,unusedVariable,style,563.0,Other
human,soln2,223,shadowVariable,style,398.0,Other
human,soln2,161,passedByValue,performance,398.0,Other
human,soln2,161,passedByValue,performance,398.0,Other
human,soln2,161,unreadVariable,style,563.0,Other
human,soln2,161,unusedVariable,style,563.0,Other
human,soln2,161,unreadVariable,style,563.0,Other
human,soln2,161,unusedVariable,style,563.0,Other
human,soln2,161,unreadVariable,style,563.0,Other
human,soln2,161,unusedVariable,style,563.0,Other
human,soln2,161,unusedVariable,style,563.0,Other
human,soln2,161,unreadVariable,style,563.0,Other
human,soln2,108,variableScope,style,398.0,Other
human,soln2,108,variableScope,style,398.0,Other
human,soln2,108,variableScope,style,398.0,Other
human,soln2,108,variableScope,style,398.0,Other
human,soln2,213,shadowVariable,style,398.0,Other
human,soln2,148,variableScope,style,398.0,Other
human,soln2,148,unusedVariable,style,563.0,Other
human,soln2,148,unusedVariable,style,563.0,Other
human,soln2,256,variableScope,style,398.0,Other
human,soln2,256,unreadVariable,style,563.0,Other
human,soln2,27,invalidscanf,warning,119.0,Memory Safety
human,soln2,27,invalidscanf,warning,119.0,Memory Safety
human,soln2,233,internalAstError,error,,Other
human,soln2,16,shadowVariable,style,398.0,Other
human,soln2,265,shadowVariable,style,398.0,Other
human,soln2,100,invalidscanf,warning,119.0,Memory Safety
human,soln2,158,constVariable,style,398.0,Other
human,soln2,146,useStlAlgorithm,style,398.0,Other
human,soln2,146,useStlAlgorithm,style,398.0,Other
human,soln2,54,functionConst,style,398.0,Other
human,soln2,24,invalidscanf,warning,119.0,Memory Safety
human,soln2,24,shadowVariable,style,398.0,Other
human,soln2,24,constParameterPointer,style,398.0,Other
human,soln2,24,unreadVariable,style,563.0,Other
human,soln2,24,unreadVariable,style,563.0,Other
human,soln2,242,shadowVariable,style,398.0,Other
human,soln2,242,shadowVariable,style,398.0,Other
human,soln2,242,shadowVariable,style,398.0,Other
human,soln2,220,truncLongCastAssignment,style,197.0,Other
human,soln2,121,noExplicitConstructor,style,398.0,Other
human,soln2,85,variableScope,style,398.0,Other
human,soln2,85,variableScope,style,398.0,Other
human,soln2,86,invalidscanf,warning,119.0,Memory Safety
human,soln2,86,variableScope,style,398.0,Other
human,soln2,86,variableScope,style,398.0,Other
human,soln2,86,unusedVariable,style,563.0,Other
human,soln2,86,unusedVariable,style,563.0,Other
human,soln2,64,invalidscanf,warning,119.0,Memory Safety
human,soln2,64,variableScope,style,398.0,Other
human,soln2,64,variableScope,style,398.0,Other
human,soln2,26,noExplicitConstructor,style,398.0,Other
human,soln2,26,knownConditionTrueFalse,style,571.0,Logic / Undefined Behavior
human,soln2,26,knownConditionTrueFalse,style,571.0,Logic / Undefined Behavior
human,soln2,26,constVariableReference,style,398.0,Other
human,soln2,192,variableScope,style,398.0,Other
human,soln2,192,unreadVariable,style,563.0,Other
human,soln2,82,duplicateAssignExpression,style,398.0,Other
human,soln2,82,variableScope,style,398.0,Other
human,soln2,160,variableScope,style,398.0,Other
human,soln2,160,unusedVariable,style,563.0,Other
human,soln2,201,uninitMemberVar,warning,398.0,Other
human,soln2,201,uninitMemberVar,warning,398.0,Other
human,soln2,201,passedByValue,performance,398.0,Other
human,soln2,201,passedByValue,performance,398.0,Other
human,soln2,201,passedByValue,performance,398.0,Other
human,soln2,201,passedByValue,performance,398.0,Other
human,soln2,201,passedByValue,performance,398.0,Other
human,soln2,201,passedByValue,performance,398.0,Other
human,soln2,145,getsCalled,warning,477.0,Other
human,soln2,279,arrayIndexOutOfBoundsCond,warning,788.0,Other
human,soln2,279,clarifyCondition,style,398.0,Other
human,soln2,77,incompleteArrayFill,portability,131.0,Other
human,soln2,77,incompleteArrayFill,portability,131.0,Other
human,soln2,77,incompleteArrayFill,portability,131.0,Other
human,soln2,89,variableScope,style,398.0,Other
human,soln2,89,useStlAlgorithm,style,398.0,Other
human,soln2,89,unreadVariable,style,563.0,Other
human,soln2,89,unreadVariable,style,563.0,Other
human,soln2,114,internalAstError,error,,Other
human,soln2,5,shadowVariable,style,398.0,Other
human,soln2,23,arrayIndexOutOfBounds,error,788.0,Other
human,soln2,23,stlFindInsert,performance,398.0,Other
human,soln2,191,ignoredReturnValue,warning,252.0,API / Library Misuse
human,soln2,191,ignoredReturnValue,warning,252.0,API / Library Misuse
human,soln2,261,initializerList,style,398.0,Other
human,soln2,261,functionStatic,style,398.0,Other
human,soln2,261,functionStatic,style,398.0,Other
human,soln2,261,functionStatic,style,398.0,Other
human,soln2,261,functionStatic,style,398.0,Other
human,soln2,261,functionConst,style,398.0,Other
human,soln2,261,noExplicitConstructor,style,398.0,Other
human,soln2,261,constParameterPointer,style,398.0,Other
human,soln2,261,unreadVariable,style,563.0,Other
human,soln2,261,unreadVariable,style,563.0,Other
human,soln2,35,shadowVariable,style,398.0,Other
human,soln2,281,unreadVariable,style,563.0,Other
human,soln2,190,postfixOperator,performance,398.0,Other
human,soln2,209,arrayIndexOutOfBounds,error,788.0,Other
human,soln2,209,arrayIndexOutOfBounds,error,788.0,Other
human,soln2,81,bitwiseOnBoolean,style,398.0,Other
human,soln2,81,clarifyCondition,style,398.0,Other
human,soln2,81,clarifyCondition,style,398.0,Other
human,soln2,81,duplicateExpression,style,398.0,Other
human,soln2,181,stlFindInsert,performance,398.0,Other
human,soln2,135,invalidscanf,warning,119.0,Memory Safety
human,soln2,123,negativeIndex,error,786.0,Other
human,soln2,200,noExplicitConstructor,style,398.0,Other
human,soln2,93,shadowVariable,style,398.0,Other
human,soln2,1,functionConst,style,398.0,Other
human,soln2,1,functionConst,style,398.0,Other
human,soln2,1,noExplicitConstructor,style,398.0,Other
human,soln2,1,shadowVariable,style,398.0,Other
human,soln2,1,constVariableReference,style,398.0,Other
human,soln2,239,useStlAlgorithm,style,398.0,Other
human,soln2,119,arrayIndexOutOfBoundsCond,warning,788.0,Other
human,soln2,119,negativeIndex,error,786.0,Other
human,soln2,119,knownConditionTrueFalse,style,570.0,Other
human,soln2,119,variableScope,style,398.0,Other
human,soln2,119,variableScope,style,398.0,Other
human,soln2,119,passedByValue,performance,398.0,Other
human,soln2,119,passedByValue,performance,398.0,Other
human,soln2,232,variableScope,style,398.0,Other
human,soln2,232,unreadVariable,style,563.0,Other
human,soln2,144,uninitvar,warning,457.0,Null / Initialization
human,soln2,144,uninitvar,warning,457.0,Null / Initialization
human,soln2,55,negativeContainerIndex,warning,786.0,Other
human,soln2,55,uninitvar,warning,457.0,Null / Initialization
human,soln2,55,unusedVariable,style,563.0,Other
human,soln2,55,unusedVariable,style,563.0,Other
human,soln2,55,unusedVariable,style,563.0,Other
human,soln2,55,unusedVariable,style,563.0,Other
human,soln2,170,passedByValue,performance,398.0,Other
human,soln2,170,passedByValue,performance,398.0,Other
human,soln2,170,passedByValue,performance,398.0,Other
human,soln2,196,shadowVariable,style,398.0,Other
human,soln2,196,unreadVariable,style,563.0,Other
human,soln2,196,unreadVariable,style,563.0,Other
human,soln2,228,unusedVariable,style,563.0,Other
human,soln2,228,unusedVariable,style,563.0,Other
human,soln2,228,unusedVariable,style,563.0,Other
human,soln2,228,unreadVariable,style,563.0,Other
human,soln2,228,unreadVariable,style,563.0,Other
human,soln2,228,unusedVariable,style,563.0,Other
human,soln2,228,unreadVariable,style,563.0,Other
human,soln2,112,constParameterReference,style,398.0,Other
human,soln2,112,unusedStructMember,style,563.0,Other
human,soln2,219,constParameterReference,style,398.0,Other
human,soln2,207,constVariablePointer,style,398.0,Other
human,soln2,76,assignBoolToFloat,style,704.0,Other
human,soln2,61,invalidscanf,warning,119.0,Memory Safety
human,soln2,111,constVariable,style,398.0,Other
human,soln2,157,noExplicitConstructor,style,398.0,Other
human,soln2,273,bitwiseOnBoolean,style,398.0,Other
human,soln2,273,clarifyCondition,style,398.0,Other
human,soln2,84,constParameter,style,398.0,Other
human,soln2,175,iterateByValue,performance,398.0,Other
human,soln2,175,iterateByValue,performance,398.0,Other
human,soln2,175,useStlAlgorithm,style,398.0,Other
human,soln2,175,useStlAlgorithm,style,398.0,Other
human,soln2,175,useStlAlgorithm,style,398.0,Other
human,soln2,175,useStlAlgorithm,style,398.0,Other
human,soln2,175,useStlAlgorithm,style,398.0,Other
human,soln2,175,useStlAlgorithm,style,398.0,Other
human,soln2,195,missingReturn,error,758.0,Logic / Undefined Behavior
human,soln2,195,uninitMemberVar,warning,398.0,Other
human,soln2,195,uninitMemberVar,warning,398.0,Other
human,soln2,195,functionConst,style,398.0,Other
human,soln2,195,functionConst,style,398.0,Other
human,soln2,195,functionStatic,style,398.0,Other
human,soln2,195,functionStatic,style,398.0,Other
human,soln2,195,functionStatic,style,398.0,Other
human,soln2,195,noExplicitConstructor,style,398.0,Other
human,soln2,195,missingOverride,style,,Other
human,soln2,195,missingOverride,style,,Other
human,soln2,195,missingOverride,style,,Other
human,soln2,195,missingOverride,style,,Other
human,soln2,195,missingOverride,style,,Other
human,soln2,195,passedByValue,performance,398.0,Other
human,soln2,195,passedByValue,performance,398.0,Other
human,soln2,195,constParameterReference,style,398.0,Other
human,soln2,195,constParameterReference,style,398.0,Other
human,soln2,195,constParameterReference,style,398.0,Other
human,soln2,195,constParameterReference,style,398.0,Other
human,soln2,195,constParameterReference,style,398.0,Other
human,soln2,18,variableScope,style,398.0,Other
human,soln2,243,constVariable,style,398.0,Other
human,soln2,243,constVariable,style,398.0,Other
human,soln2,227,variableScope,style,398.0,Other
human,soln2,37,constVariablePointer,style,398.0,Other
human,soln2,37,constVariablePointer,style,398.0,Other
human,soln2,37,checkCastIntToCharAndBack,warning,197.0,Other
human,soln2,68,unusedVariable,style,563.0,Other
human,soln2,217,passedByValue,performance,398.0,Other
human,soln2,182,variableScope,style,398.0,Other
human,soln2,182,uninitvar,warning,457.0,Null / Initialization
human,soln2,83,shadowVariable,style,398.0,Other
human,soln2,83,unreadVariable,style,563.0,Other
human,soln2,83,unreadVariable,style,563.0,Other
human,soln2,169,uninitMemberVar,warning,398.0,Other
human,soln2,169,uninitMemberVar,warning,398.0,Other
human,soln2,169,uninitMemberVar,warning,398.0,Other
human,soln2,169,uninitMemberVar,warning,398.0,Other
human,soln2,169,uninitMemberVar,warning,398.0,Other
human,soln2,169,uninitMemberVar,warning,398.0,Other
human,soln2,169,uninitMemberVar,warning,398.0,Other
human,soln2,169,uninitMemberVar,warning,398.0,Other
human,soln2,143,ignoredReturnValue,warning,252.0,API / Library Misuse
human,soln2,143,ignoredReturnValue,warning,252.0,API / Library Misuse
human,soln2,143,passedByValue,performance,398.0,Other
human,soln2,206,variableScope,style,398.0,Other
human,soln2,206,variableScope,style,398.0,Other
human,soln2,206,variableScope,style,398.0,Other
human,soln2,224,variableScope,style,398.0,Other
human,soln2,41,noExplicitConstructor,style,398.0,Other
human,soln2,41,noExplicitConstructor,style,398.0,Other
human,soln2,41,noExplicitConstructor,style,398.0,Other
human,soln2,171,useStlAlgorithm,style,398.0,Other
human,soln2,171,unreadVariable,style,563.0,Other
human,soln2,171,unreadVariable,style,563.0,Other
human,soln2,118,incompleteArrayFill,portability,131.0,Other
human,soln2,47,invalidscanf,warning,119.0,Memory Safety
human,soln2,14,invalidscanf,warning,119.0,Memory Safety
human,soln2,246,negativeIndex,warning,786.0,Other
human,soln2,252,ignoredReturnValue,warning,252.0,API / Library Misuse
human,soln2,252,leakNoVarFunctionCall,error,772.0,Other
human,soln2,252,shadowVariable,style,398.0,Other
human,soln2,252,useStlAlgorithm,style,398.0,Other
human,soln2,252,useStlAlgorithm,style,398.0,Other
human,soln2,134,shadowVariable,style,398.0,Other
human,soln2,134,shadowVariable,style,398.0,Other
human,soln2,88,unreadVariable,style,563.0,Other
human,soln2,88,unreadVariable,style,563.0,Other
human,soln2,30,iterateByValue,performance,398.0,Other
human,soln2,30,iterateByValue,performance,398.0,Other
human,soln2,30,iterateByValue,performance,398.0,Other
human,soln2,30,useStlAlgorithm,style,398.0,Other
human,soln2,30,useStlAlgorithm,style,398.0,Other
human,soln2,30,useStlAlgorithm,style,398.0,Other
human,soln2,50,arrayIndexOutOfBoundsCond,warning,788.0,Other
human,soln2,50,shadowVariable,style,398.0,Other
human,soln2,50,unreadVariable,style,563.0,Other
human,soln2,57,arrayIndexThenCheck,style,398.0,Other
human,soln2,163,uninitMemberVar,warning,398.0,Other
human,soln2,163,uninitMemberVar,warning,398.0,Other
human,soln2,163,uninitMemberVar,warning,398.0,Other
human,soln2,163,uninitMemberVar,warning,398.0,Other
human,soln2,163,uninitMemberVar,warning,398.0,Other
human,soln2,110,missingReturn,error,758.0,Logic / Undefined Behavior
human,soln2,110,noExplicitConstructor,style,398.0,Other
human,soln2,110,passedByValue,performance,398.0,Other
human,soln2,254,missingReturn,error,758.0,Logic / Undefined Behavior
human,soln2,254,passedByValueCallback,performance,398.0,Other
human,soln2,254,passedByValueCallback,performance,398.0,Other
human,soln2,22,assignBoolToFloat,style,704.0,Other
human,soln2,205,uninitMemberVar,warning,398.0,Other
human,soln2,205,uninitMemberVar,warning,398.0,Other
human,soln2,205,uninitMemberVar,warning,398.0,Other
human,soln2,205,functionConst,style,398.0,Other
human,soln2,205,shadowVariable,style,398.0,Other
human,soln2,205,shadowVariable,style,398.0,Other
human,soln2,205,shadowVariable,style,398.0,Other
human,soln2,205,shadowVariable,style,398.0,Other
human,soln2,205,constParameterReference,style,398.0,Other
human,soln2,205,constParameterReference,style,398.0,Other
human,soln2,205,constParameterReference,style,398.0,Other
human,soln2,241,unusedVariable,style,563.0,Other
human,soln2,241,unusedVariable,style,563.0,Other
human,soln2,33,incompleteArrayFill,portability,131.0,Other
human,soln2,33,unreadVariable,style,563.0,Other
human,soln2,71,shadowVariable,style,398.0,Other
human,soln2,126,invalidscanf,warning,119.0,Memory Safety
human,soln2,20,unreadVariable,style,563.0,Other
human,soln2,20,unreadVariable,style,563.0,Other
human,soln2,40,shadowVariable,style,398.0,Other
human,soln2,40,shadowVariable,style,398.0,Other
human,soln2,74,knownConditionTrueFalse,style,571.0,Logic / Undefined Behavior
human,soln2,280,passedByValueCallback,performance,398.0,Other
human,soln2,280,passedByValueCallback,performance,398.0,Other
human,soln2,183,shadowVariable,style,398.0,Other
human,soln2,183,shadowVariable,style,398.0,Other
human,soln2,260,shadowVariable,style,398.0,Other
human,soln2,260,shadowVariable,style,398.0,Other
human,soln2,260,shadowVariable,style,398.0,Other
human,soln2,260,shadowVariable,style,398.0,Other
human,soln2,216,variableScope,style,398.0,Other
human,soln2,216,variableScope,style,398.0,Other
human,soln2,216,shadowVariable,style,398.0,Other
human,soln2,216,shadowVariable,style,398.0,Other
human,soln2,216,shadowVariable,style,398.0,Other
human,soln2,127,constVariable,style,398.0,Other
human,soln2,49,knownConditionTrueFalse,style,571.0,Logic / Undefined Behavior
human,soln2,49,shadowVariable,style,398.0,Other
human,soln2,92,shadowVariable,style,398.0,Other
human,soln2,92,shadowVariable,style,398.0,Other
human,soln2,92,useStlAlgorithm,style,398.0,Other
human,soln2,185,variableScope,style,398.0,Other
human,soln2,185,passedByValue,performance,398.0,Other
human,soln2,185,passedByValue,performance,398.0,Other
human,soln2,185,unreadVariable,style,563.0,Other
human,soln2,185,unreadVariable,style,563.0,Other
human,soln2,56,ignoredReturnValue,warning,252.0,API / Library Misuse
human,soln2,253,variableScope,style,398.0,Other
human,soln2,253,unusedStructMember,style,563.0,Other
human,soln2,59,assertWithSideEffect,warning,398.0,Other
human,soln2,59,assertWithSideEffect,warning,398.0,Other
human,soln2,59,constVariableReference,style,398.0,Other
human,soln2,59,constVariableReference,style,398.0,Other
human,soln2,59,unusedVariable,style,563.0,Other
human,soln2,199,shadowVariable,style,398.0,Other
human,soln2,199,passedByValue,performance,398.0,Other
human,soln2,199,passedByValue,performance,398.0,Other
human,soln2,199,passedByValue,performance,398.0,Other
human,soln2,199,passedByValue,performance,398.0,Other
human,soln2,199,passedByValue,performance,398.0,Other
human,soln2,199,passedByValue,performance,398.0,Other
human,soln2,199,passedByValue,performance,398.0,Other
human,soln2,199,useStlAlgorithm,style,398.0,Other
human,soln2,199,useStlAlgorithm,style,398.0,Other
human,soln2,257,unusedVariable,style,563.0,Other
human,soln2,257,unusedVariable,style,563.0,Other
human,soln2,257,unusedVariable,style,563.0,Other
human,soln2,257,unusedVariable,style,563.0,Other
human,soln2,257,unusedVariable,style,563.0,Other
human,soln2,257,unusedVariable,style,563.0,Other
human,soln2,257,unusedVariable,style,563.0,Other
human,soln2,234,bitwiseOnBoolean,style,398.0,Other
human,soln2,234,clarifyCondition,style,398.0,Other
human,soln2,234,invalidscanf,warning,119.0,Memory Safety
human,soln2,234,variableScope,style,398.0,Other
human,soln2,146,shadowVariable,style,398.0,Other
human,soln2,146,shadowVariable,style,398.0,Other
human,soln2,146,shadowVariable,style,398.0,Other
human,soln2,146,shadowVariable,style,398.0,Other
human,soln2,260,variableScope,style,398.0,Other
human,soln2,260,useStlAlgorithm,style,398.0,Other
human,soln2,221,constVariable,style,398.0,Other
human,soln2,221,constVariable,style,398.0,Other
human,soln2,257,constParameterReference,style,398.0,Other
human,soln2,257,constParameterReference,style,398.0,Other
human,soln2,257,unreadVariable,style,563.0,Other
human,soln2,49,variableScope,style,398.0,Other
human,soln2,49,variableScope,style,398.0,Other
human,soln2,49,variableScope,style,398.0,Other
human,soln2,49,variableScope,style,398.0,Other
human,soln2,49,variableScope,style,398.0,Other
human,soln2,49,passedByValue,performance,398.0,Other
human,soln2,49,passedByValue,performance,398.0,Other
human,soln2,49,passedByValue,performance,398.0,Other
human,soln2,49,passedByValue,performance,398.0,Other
human,soln2,49,passedByValue,performance,398.0,Other
human,soln2,49,passedByValue,performance,398.0,Other
human,soln2,177,unreadVariable,style,563.0,Other
human,soln2,177,unreadVariable,style,563.0,Other
human,soln2,177,unreadVariable,style,563.0,Other
human,soln2,177,unreadVariable,style,563.0,Other
human,soln2,277,truncLongCastAssignment,style,197.0,Other
human,soln2,82,shadowVariable,style,398.0,Other
human,soln2,82,unreadVariable,style,563.0,Other
human,soln2,82,unreadVariable,style,563.0,Other
human,soln2,119,arrayIndexThenCheck,style,398.0,Other
human,soln2,119,arrayIndexThenCheck,style,398.0,Other
human,soln2,119,arrayIndexThenCheck,style,398.0,Other
human,soln2,119,arrayIndexThenCheck,style,398.0,Other
human,soln2,119,unreadVariable,style,563.0,Other
human,soln2,141,iterateByValue,performance,398.0,Other
human,soln2,141,useStlAlgorithm,style,398.0,Other
human,soln2,63,functionConst,style,398.0,Other
human,soln2,63,functionConst,style,398.0,Other
human,soln2,63,unusedStructMember,style,563.0,Other
human,soln2,63,unreadVariable,style,563.0,Other
human,soln2,75,shadowVariable,style,398.0,Other
human,soln2,219,variableScope,style,398.0,Other
human,soln2,126,constVariableReference,style,398.0,Other
human,soln2,126,useStlAlgorithm,style,398.0,Other
human,soln2,239,constParameter,style,398.0,Other
human,soln2,239,unusedVariable,style,563.0,Other
human,soln2,239,unusedVariable,style,563.0,Other
human,soln2,239,unusedVariable,style,563.0,Other
human,soln2,239,unusedVariable,style,563.0,Other
human,soln2,239,unusedVariable,style,563.0,Other
human,soln2,239,unusedVariable,style,563.0,Other
human,soln2,17,uninitvar,warning,457.0,Null / Initialization
human,soln2,107,constVariable,style,398.0,Other
human,soln2,145,invalidscanf,warning,119.0,Memory Safety
human,soln2,168,negativeIndex,warning,786.0,Other
human,soln2,168,constParameterPointer,style,398.0,Other
human,soln2,168,uninitvar,warning,457.0,Null / Initialization
human,soln2,168,unassignedVariable,style,665.0,Other
human,soln2,271,invalidscanf,warning,119.0,Memory Safety
human,soln2,165,shadowVariable,style,398.0,Other
human,soln2,68,invalidscanf,warning,119.0,Memory Safety
human,soln2,68,passedByValue,performance,398.0,Other
human,soln2,68,passedByValue,performance,398.0,Other
human,soln2,123,shadowVariable,style,398.0,Other
human,soln2,76,constParameterReference,style,398.0,Other
human,soln2,76,constParameterReference,style,398.0,Other
human,soln2,76,constParameterReference,style,398.0,Other
human,soln2,76,constParameterReference,style,398.0,Other
human,soln2,25,unusedVariable,style,563.0,Other
human,soln2,184,unusedVariable,style,563.0,Other
human,soln2,80,useStlAlgorithm,style,398.0,Other
human,soln2,207,shadowVariable,style,398.0,Other
human,soln2,207,shadowVariable,style,398.0,Other
human,soln2,207,shadowVariable,style,398.0,Other
human,soln2,207,constVariablePointer,style,398.0,Other
human,soln2,203,invalidScanfArgType_int,warning,686.0,Other
human,soln2,268,invalidPrintfArgType_sint,portability,686.0,Other
human,soln2,268,unusedVariable,style,563.0,Other
human,soln2,268,unusedVariable,style,563.0,Other
human,soln2,52,incompleteArrayFill,portability,131.0,Other
human,soln2,224,variableScope,style,398.0,Other
human,soln2,224,shadowVariable,style,398.0,Other
human,soln2,224,shadowVariable,style,398.0,Other
human,soln2,224,shadowVariable,style,398.0,Other
human,soln2,224,shadowVariable,style,398.0,Other
human,soln2,224,unreadVariable,style,563.0,Other
human,soln2,224,unreadVariable,style,563.0,Other
human,soln2,224,unreadVariable,style,563.0,Other
human,soln2,224,unreadVariable,style,563.0,Other
human,soln2,224,unreadVariable,style,563.0,Other
human,soln2,224,unreadVariable,style,563.0,Other
human,soln2,224,unreadVariable,style,563.0,Other
human,soln2,224,unreadVariable,style,563.0,Other
human,soln2,290,shadowVariable,style,398.0,Other
human,soln2,290,unreadVariable,style,563.0,Other
human,soln2,290,unreadVariable,style,563.0,Other
human,soln2,4,arrayIndexOutOfBoundsCond,warning,788.0,Other
human,soln2,4,functionConst,style,398.0,Other
human,soln2,4,shadowVariable,style,398.0,Other
human,soln2,94,unusedVariable,style,563.0,Other
human,soln2,159,invalidPrintfArgType_sint,portability,686.0,Other
human,soln2,110,functionConst,style,398.0,Other
human,soln2,110,functionConst,style,398.0,Other
human,soln2,181,uninitvar,warning,457.0,Null / Initialization
human,soln2,181,unreadVariable,style,563.0,Other
human,soln2,156,constVariablePointer,style,398.0,Other
human,soln2,193,functionConst,style,398.0,Other
human,soln2,44,invalidscanf,warning,119.0,Memory Safety
human,soln2,191,useStlAlgorithm,style,398.0,Other
human,soln2,204,functionConst,style,398.0,Other
human,soln2,204,functionConst,style,398.0,Other
human,soln2,204,functionConst,style,398.0,Other
human,soln2,204,functionConst,style,398.0,Other
human,soln2,204,functionConst,style,398.0,Other
human,soln2,204,functionConst,style,398.0,Other
human,soln2,204,functionConst,style,398.0,Other
human,soln2,204,functionConst,style,398.0,Other
human,soln2,204,functionConst,style,398.0,Other
human,soln2,204,shadowVariable,style,398.0,Other
human,soln2,204,shadowVariable,style,398.0,Other
human,soln2,204,shadowVariable,style,398.0,Other
human,soln2,204,shadowVariable,style,398.0,Other
human,soln2,204,shadowVariable,style,398.0,Other
human,soln2,204,shadowVariable,style,398.0,Other
human,soln2,204,shadowVariable,style,398.0,Other
human,soln2,204,shadowVariable,style,398.0,Other
human,soln2,204,shadowVariable,style,398.0,Other
human,soln2,204,shadowVariable,style,398.0,Other
human,soln2,204,shadowVariable,style,398.0,Other
human,soln2,204,shadowVariable,style,398.0,Other
human,soln2,204,constStatement,warning,398.0,Other
human,soln2,204,constStatement,warning,398.0,Other
human,soln2,204,constStatement,warning,398.0,Other
human,soln2,204,constStatement,warning,398.0,Other
human,soln2,204,constStatement,warning,398.0,Other
human,soln2,204,constStatement,warning,398.0,Other
human,soln2,204,constStatement,warning,398.0,Other
human,soln2,204,constStatement,warning,398.0,Other
human,soln2,204,constStatement,warning,398.0,Other
human,soln2,204,constStatement,warning,398.0,Other
human,soln2,204,constStatement,warning,398.0,Other
human,soln2,204,constStatement,warning,398.0,Other
human,soln2,204,constStatement,warning,398.0,Other
human,soln2,204,constVariableReference,style,398.0,Other
human,soln2,204,uninitvar,error,457.0,Null / Initialization
human,soln2,204,uninitvar,error,457.0,Null / Initialization
human,soln2,204,uninitvar,error,457.0,Null / Initialization
human,soln2,204,uninitvar,error,457.0,Null / Initialization
human,soln2,204,uninitvar,error,457.0,Null / Initialization
human,soln2,204,uninitvar,error,457.0,Null / Initialization
human,soln2,204,uninitvar,error,457.0,Null / Initialization
human,soln2,169,unreadVariable,style,563.0,Other
human,soln2,122,constParameter,style,398.0,Other
human,soln2,231,functionConst,style,398.0,Other
human,soln2,231,shadowVariable,style,398.0,Other
human,soln2,231,shadowVariable,style,398.0,Other
human,soln2,5,bitwiseOnBoolean,style,398.0,Other
human,soln2,199,variableScope,style,398.0,Other
human,soln2,276,invalidscanf,warning,119.0,Memory Safety
human,soln2,201,incompleteArrayFill,portability,131.0,Other
human,soln2,201,useStlAlgorithm,style,398.0,Other
human,soln2,160,uninitMemberVar,warning,398.0,Other
human,soln2,160,uninitMemberVar,warning,398.0,Other
human,soln2,160,uninitMemberVar,warning,398.0,Other
human,soln2,62,noExplicitConstructor,style,398.0,Other
human,soln2,62,noExplicitConstructor,style,398.0,Other
human,soln2,62,noExplicitConstructor,style,398.0,Other
human,soln2,62,shadowVariable,style,398.0,Other
human,soln2,62,shadowVariable,style,398.0,Other
human,soln2,62,shadowVariable,style,398.0,Other
human,soln2,280,unusedVariable,style,563.0,Other
human,soln2,280,unusedVariable,style,563.0,Other
human,soln2,244,knownConditionTrueFalse,style,571.0,Logic / Undefined Behavior
human,soln2,244,knownConditionTrueFalse,style,571.0,Logic / Undefined Behavior
human,soln2,244,knownConditionTrueFalse,style,571.0,Logic / Undefined Behavior
human,soln2,67,unreadVariable,style,563.0,Other
human,soln2,67,unreadVariable,style,563.0,Other
human,soln2,67,unreadVariable,style,563.0,Other
human,soln2,67,unreadVariable,style,563.0,Other
human,soln2,41,useStlAlgorithm,style,398.0,Other
human,soln2,86,redundantAssignment,style,563.0,Other
human,soln2,86,variableScope,style,398.0,Other
human,soln2,86,variableScope,style,398.0,Other
human,soln2,86,unreadVariable,style,563.0,Other
human,soln2,86,unreadVariable,style,563.0,Other
human,soln2,86,unusedVariable,style,563.0,Other
human,soln2,263,constParameter,style,398.0,Other
human,soln2,186,memsetValueOutOfRange,warning,686.0,Other
human,soln2,227,passedByValue,performance,398.0,Other
human,soln2,153,passedByValue,performance,398.0,Other
human,soln2,153,unusedVariable,style,563.0,Other
human,soln2,218,unreadVariable,style,563.0,Other
human,soln2,218,unreadVariable,style,563.0,Other
human,soln2,147,uninitMemberVar,warning,398.0,Other
human,soln2,147,uninitMemberVar,warning,398.0,Other
human,soln2,147,uninitMemberVar,warning,398.0,Other
human,soln2,147,uninitMemberVar,warning,398.0,Other
human,soln2,147,uninitMemberVar,warning,398.0,Other
human,soln2,147,uninitMemberVar,warning,398.0,Other
human,soln2,147,uninitMemberVar,warning,398.0,Other
human,soln2,147,uninitMemberVar,warning,398.0,Other
human,soln2,147,uninitMemberVar,warning,398.0,Other
human,soln2,14,shadowVariable,style,398.0,Other
human,soln2,14,passedByValue,performance,398.0,Other
human,soln2,70,useStlAlgorithm,style,398.0,Other
human,soln2,70,useStlAlgorithm,style,398.0,Other
human,soln2,151,constParameter,style,398.0,Other
human,soln2,151,unreadVariable,style,563.0,Other
human,soln2,151,unreadVariable,style,563.0,Other
human,soln2,151,unreadVariable,style,563.0,Other
human,soln2,152,passedByValue,performance,398.0,Other
human,soln2,152,passedByValue,performance,398.0,Other
human,soln2,152,passedByValue,performance,398.0,Other
human,soln2,118,knownConditionTrueFalse,style,571.0,Logic / Undefined Behavior
human,soln2,118,shadowVariable,style,398.0,Other
human,soln2,118,shadowVariable,style,398.0,Other
human,soln2,118,unreadVariable,style,563.0,Other
human,soln2,118,unreadVariable,style,563.0,Other
human,soln2,118,unreadVariable,style,563.0,Other
human,soln2,118,unreadVariable,style,563.0,Other
human,soln2,140,memsetValueOutOfRange,warning,686.0,Other
human,soln2,140,memsetValueOutOfRange,warning,686.0,Other
human,soln2,282,invalidscanf,warning,119.0,Memory Safety
human,soln2,282,invalidscanf,warning,119.0,Memory Safety
human,soln2,255,invalidTestForOverflow,warning,391.0,Other
human,soln2,226,shiftNegativeLHS,portability,758.0,Logic / Undefined Behavior
human,soln2,226,shiftNegativeLHS,portability,758.0,Logic / Undefined Behavior
human,soln2,226,useStlAlgorithm,style,398.0,Other
human,soln2,281,variableScope,style,398.0,Other
human,soln2,261,invalidscanf,warning,119.0,Memory Safety
human,soln2,261,unreadVariable,style,563.0,Other
human,soln2,261,unreadVariable,style,563.0,Other
human,soln2,144,duplicateBreak,style,561.0,Other
human,soln2,162,useStlAlgorithm,style,398.0,Other
human,soln2,0,uninitvar,warning,457.0,Null / Initialization
human,soln2,210,invalidscanf,warning,119.0,Memory Safety
human,soln2,254,noCopyConstructor,warning,398.0,Other
human,soln2,254,noOperatorEq,warning,398.0,Other
human,soln2,254,noExplicitConstructor,style,398.0,Other
human,soln2,254,shadowVariable,style,398.0,Other
human,soln2,254,postfixOperator,performance,398.0,Other
human,soln2,163,shadowVariable,style,398.0,Other
human,soln2,163,shadowVariable,style,398.0,Other
human,soln2,163,shadowVariable,style,398.0,Other
human,soln2,163,unusedVariable,style,563.0,Other
human,soln2,116,variableScope,style,398.0,Other
human,soln2,116,unusedVariable,style,563.0,Other
human,soln2,116,unusedVariable,style,563.0,Other
human,soln2,116,unusedVariable,style,563.0,Other
human,soln2,3,useStlAlgorithm,style,398.0,Other
human,soln2,238,uninitvar,warning,457.0,Null / Initialization
human,soln2,238,legacyUninitvar,error,457.0,Null / Initialization
human,soln2,238,unassignedVariable,style,665.0,Other
human,soln2,211,shadowVariable,style,398.0,Other
human,soln2,211,shadowVariable,style,398.0,Other
human,soln2,211,shadowVariable,style,398.0,Other
human,soln2,211,unusedVariable,style,563.0,Other
human,soln2,26,postfixOperator,performance,398.0,Other
human,soln2,243,functionConst,style,398.0,Other
human,soln2,243,shadowVariable,style,398.0,Other
human,soln2,243,passedByValue,performance,398.0,Other
human,soln2,243,passedByValue,performance,398.0,Other
human,soln2,243,passedByValue,performance,398.0,Other
human,soln2,274,shadowVariable,style,398.0,Other
human,soln2,87,constParameterReference,style,398.0,Other
human,soln2,87,useStlAlgorithm,style,398.0,Other
human,soln2,285,shadowVariable,style,398.0,Other
human,soln2,285,uninitvar,warning,457.0,Null / Initialization
human,soln2,285,uninitvar,warning,457.0,Null / Initialization
human,soln2,285,uninitvar,warning,457.0,Null / Initialization
human,soln2,285,uninitvar,warning,457.0,Null / Initialization
human,soln2,8,constVariablePointer,style,398.0,Other
human,soln2,8,constVariablePointer,style,398.0,Other
human,soln2,57,invalidscanf,warning,119.0,Memory Safety
human,soln2,57,invalidscanf,warning,119.0,Memory Safety
human,soln2,128,useStlAlgorithm,style,398.0,Other
human,soln2,113,functionStatic,style,398.0,Other
human,soln2,113,functionStatic,style,398.0,Other
human,soln2,113,functionConst,style,398.0,Other
human,soln2,113,functionConst,style,398.0,Other
human,soln2,113,functionConst,style,398.0,Other
human,soln2,113,functionConst,style,398.0,Other
human,soln2,113,noExplicitConstructor,style,398.0,Other
human,soln2,113,noExplicitConstructor,style,398.0,Other
human,soln2,113,noExplicitConstructor,style,398.0,Other
human,soln2,113,invalidscanf,warning,119.0,Memory Safety
human,soln2,113,shadowVariable,style,398.0,Other
human,soln2,113,passedByValue,performance,398.0,Other
human,soln2,113,passedByValue,performance,398.0,Other
human,soln2,113,constParameterReference,style,398.0,Other
human,soln2,113,constParameterReference,style,398.0,Other
human,soln2,113,constParameterReference,style,398.0,Other
human,soln2,113,constParameterReference,style,398.0,Other
human,soln2,113,constParameterReference,style,398.0,Other
human,soln2,113,constParameterReference,style,398.0,Other
human,soln2,113,constParameterReference,style,398.0,Other
human,soln2,113,constParameterReference,style,398.0,Other
human,soln2,27,redundantAssignment,style,563.0,Other
human,soln2,138,arrayIndexOutOfBounds,error,788.0,Other
human,soln2,138,arrayIndexOutOfBounds,error,788.0,Other
human,soln2,198,variableScope,style,398.0,Other
human,soln2,198,unreadVariable,style,563.0,Other
human,soln2,235,invalidscanf,warning,119.0,Memory Safety
human,soln2,235,invalidscanf,warning,119.0,Memory Safety
human,soln2,235,variableScope,style,398.0,Other
human,soln2,235,variableScope,style,398.0,Other
human,soln2,235,variableScope,style,398.0,Other
human,soln2,216,unreadVariable,style,563.0,Other
human,soln2,97,invalidscanf,warning,119.0,Memory Safety
human,soln2,97,unreadVariable,style,563.0,Other
human,soln2,97,unreadVariable,style,563.0,Other
human,soln2,32,passedByValue,performance,398.0,Other
human,soln2,18,postfixOperator,performance,398.0,Other
human,soln2,18,postfixOperator,performance,398.0,Other
human,soln2,279,invalidscanf,warning,119.0,Memory Safety
human,soln2,45,invalidscanf,warning,119.0,Memory Safety
human,soln2,37,arrayIndexOutOfBoundsCond,warning,788.0,Other
human,soln2,262,ignoredReturnValue,warning,252.0,API / Library Misuse
human,soln2,262,invalidFunctionArg,warning,628.0,Other
human,soln2,262,variableScope,style,398.0,Other
human,soln2,262,shadowVariable,style,398.0,Other
human,soln2,262,shadowVariable,style,398.0,Other
human,soln2,262,passedByValue,performance,398.0,Other
human,soln2,262,passedByValue,performance,398.0,Other
human,soln2,262,floatConversionOverflow,error,190.0,Bounds / Integer
human,soln2,262,unreadVariable,style,563.0,Other
human,soln2,262,unreadVariable,style,563.0,Other
human,soln2,262,unreadVariable,style,563.0,Other
human,soln2,262,unreadVariable,style,563.0,Other
human,soln2,262,knownConditionTrueFalse,style,570.0,Other
human,soln2,111,passedByValue,performance,398.0,Other
human,soln2,111,passedByValue,performance,398.0,Other
human,soln2,111,passedByValue,performance,398.0,Other
human,soln2,30,uninitMemberVar,warning,398.0,Other
human,soln2,30,uninitMemberVar,warning,398.0,Other
human,soln2,30,uninitMemberVar,warning,398.0,Other
human,soln2,30,invalidscanf,warning,119.0,Memory Safety
human,soln2,30,shadowArgument,style,398.0,Other
human,soln2,30,shadowArgument,style,398.0,Other
human,soln2,30,passedByValue,performance,398.0,Other
human,soln2,30,passedByValue,performance,398.0,Other
human,soln2,30,passedByValue,performance,398.0,Other
human,soln2,176,shadowVariable,style,398.0,Other
human,soln2,176,shadowVariable,style,398.0,Other
human,soln2,176,passedByValue,performance,398.0,Other
human,soln2,176,unreadVariable,style,563.0,Other
human,soln2,176,unreadVariable,style,563.0,Other
human,soln2,65,variableScope,style,398.0,Other
human,soln2,65,variableScope,style,398.0,Other
human,soln2,65,shadowVariable,style,398.0,Other
human,soln2,65,unreadVariable,style,563.0,Other
human,soln2,65,unreadVariable,style,563.0,Other
human,soln2,172,uninitMemberVar,warning,398.0,Other
human,soln2,172,passedByValue,performance,398.0,Other
human,soln2,172,unusedVariable,style,563.0,Other
human,soln2,172,unusedVariable,style,563.0,Other
human,soln2,172,unusedVariable,style,563.0,Other
human,soln2,172,unusedVariable,style,563.0,Other
human,soln2,172,unusedVariable,style,563.0,Other
human,soln2,172,unusedVariable,style,563.0,Other
human,soln2,172,unusedVariable,style,563.0,Other
human,soln2,33,variableScope,style,398.0,Other
human,soln2,33,unreadVariable,style,563.0,Other
human,soln2,33,unreadVariable,style,563.0,Other
human,soln2,154,variableScope,style,398.0,Other
human,soln2,170,passedByValue,performance,398.0,Other
human,soln2,170,passedByValue,performance,398.0,Other
human,soln2,170,passedByValue,performance,398.0,Other
human,soln2,256,uninitMemberVar,warning,398.0,Other
human,soln2,256,uninitMemberVar,warning,398.0,Other
human,soln2,289,invalidscanf,warning,119.0,Memory Safety
human,soln2,230,invalidscanf,warning,119.0,Memory Safety
human,soln2,230,invalidscanf,warning,119.0,Memory Safety
human,soln2,230,constParameterPointer,style,398.0,Other
human,soln2,236,incompleteArrayFill,portability,131.0,Other
human,soln2,236,incompleteArrayFill,portability,131.0,Other
human,soln2,96,useStlAlgorithm,style,398.0,Other
human,soln2,88,ignoredReturnValue,warning,252.0,API / Library Misuse
human,soln2,88,ignoredReturnValue,warning,252.0,API / Library Misuse
human,soln2,61,invalidScanfArgType_int,warning,686.0,Other
human,soln2,61,invalidPrintfArgType_sint,warning,686.0,Other
human,soln2,61,invalidPrintfArgType_sint,warning,686.0,Other
human,soln2,10,unreadVariable,style,563.0,Other
human,soln2,10,unreadVariable,style,563.0,Other
human,soln2,237,uninitMemberVar,warning,398.0,Other
human,soln2,237,useInitializationList,performance,398.0,Other
human,soln2,237,constParameterReference,style,398.0,Other
human,soln2,237,constParameterReference,style,398.0,Other
human,soln2,237,constParameterReference,style,398.0,Other
human,soln2,237,constParameterReference,style,398.0,Other
human,soln2,237,constParameterReference,style,398.0,Other
human,soln2,237,constParameterReference,style,398.0,Other
human,soln2,237,constParameterReference,style,398.0,Other
human,soln2,237,constParameterReference,style,398.0,Other
human,soln2,237,constParameterReference,style,398.0,Other
human,soln2,237,useStlAlgorithm,style,398.0,Other
human,soln2,237,useStlAlgorithm,style,398.0,Other
human,soln2,237,useStlAlgorithm,style,398.0,Other
human,soln2,237,useStlAlgorithm,style,398.0,Other
human,soln2,161,uninitMemberVar,warning,398.0,Other
human,soln2,161,uninitMemberVar,warning,398.0,Other
human,soln2,161,uninitMemberVar,warning,398.0,Other
human,soln2,161,uninitMemberVar,warning,398.0,Other
human,soln2,161,shadowVariable,style,398.0,Other
human,soln2,161,shadowVariable,style,398.0,Other
human,soln2,161,shadowVariable,style,398.0,Other
human,soln2,182,shadowVariable,style,398.0,Other
human,soln2,182,shadowVariable,style,398.0,Other
human,soln2,187,knownConditionTrueFalse,style,571.0,Logic / Undefined Behavior
human,soln2,187,shadowVariable,style,398.0,Other
qwen,gen_3,84,useStlAlgorithm,style,398.0,Other
qwen,gen_3,171,constParameterCallback,style,398.0,Other
qwen,gen_3,171,constParameterCallback,style,398.0,Other
qwen,gen_3,171,constVariableReference,style,398.0,Other
qwen,gen_3,171,constVariableReference,style,398.0,Other
qwen,gen_3,171,constParameterCallback,style,398.0,Other
qwen,gen_3,171,constParameterCallback,style,398.0,Other
qwen,gen_3,171,constVariableReference,style,398.0,Other
qwen,gen_3,171,constVariableReference,style,398.0,Other
qwen,gen_3,171,constParameterCallback,style,398.0,Other
qwen,gen_3,171,constParameterCallback,style,398.0,Other
qwen,gen_3,171,constVariableReference,style,398.0,Other
qwen,gen_3,171,constVariableReference,style,398.0,Other
qwen,gen_3,171,useStlAlgorithm,style,398.0,Other
qwen,gen_3,171,useStlAlgorithm,style,398.0,Other
qwen,gen_3,171,useStlAlgorithm,style,398.0,Other
qwen,gen_3,171,useStlAlgorithm,style,398.0,Other
qwen,gen_3,171,useStlAlgorithm,style,398.0,Other
qwen,gen_3,171,useStlAlgorithm,style,398.0,Other
qwen,gen_3,171,useStlAlgorithm,style,398.0,Other
qwen,gen_3,171,useStlAlgorithm,style,398.0,Other
qwen,gen_3,171,useStlAlgorithm,style,398.0,Other
qwen,gen_3,171,useStlAlgorithm,style,398.0,Other
qwen,gen_3,171,useStlAlgorithm,style,398.0,Other
qwen,gen_3,171,useStlAlgorithm,style,398.0,Other
qwen,gen_3,171,useStlAlgorithm,style,398.0,Other
qwen,gen_3,171,useStlAlgorithm,style,398.0,Other
qwen,gen_3,259,knownConditionTrueFalse,style,570.0,Other
qwen,gen_3,146,useStlAlgorithm,style,398.0,Other
qwen,gen_3,194,unreadVariable,style,563.0,Other
qwen,gen_3,194,unreadVariable,style,563.0,Other
qwen,gen_3,167,useStlAlgorithm,style,398.0,Other
qwen,gen_3,142,useStlAlgorithm,style,398.0,Other
qwen,gen_3,60,useStlAlgorithm,style,398.0,Other
qwen,gen_3,12,useStlAlgorithm,style,398.0,Other
qwen,gen_3,147,shadowVariable,style,398.0,Other
qwen,gen_3,82,unreadVariable,style,563.0,Other
qwen,gen_3,234,useStlAlgorithm,style,398.0,Other
qwen,gen_3,73,useStlAlgorithm,style,398.0,Other
qwen,gen_3,225,useStlAlgorithm,style,398.0,Other
qwen,gen_3,225,useStlAlgorithm,style,398.0,Other
qwen,gen_3,77,knownConditionTrueFalse,style,570.0,Other
qwen,gen_3,77,duplicateBranch,style,398.0,Other
qwen,gen_3,231,useStlAlgorithm,style,398.0,Other
qwen,gen_3,89,duplicateBranch,style,398.0,Other
qwen,gen_3,57,useStlAlgorithm,style,398.0,Other
qwen,gen_3,57,useStlAlgorithm,style,398.0,Other
qwen,gen_3,168,functionConst,style,398.0,Other
qwen,gen_3,168,noExplicitConstructor,style,398.0,Other
qwen,gen_3,262,constVariableReference,style,398.0,Other
qwen,gen_3,262,constVariableReference,style,398.0,Other
qwen,gen_3,55,duplicateBranch,style,398.0,Other
qwen,gen_3,52,bitwiseOnBoolean,style,398.0,Other
qwen,gen_3,121,useStlAlgorithm,style,398.0,Other
qwen,gen_3,128,knownConditionTrueFalse,style,570.0,Other
qwen,gen_3,128,useStlAlgorithm,style,398.0,Other
qwen,gen_3,128,knownEmptyContainer,style,398.0,Other
qwen,gen_3,128,knownEmptyContainer,style,398.0,Other
qwen,gen_3,87,constVariableReference,style,398.0,Other
qwen,gen_3,87,constVariableReference,style,398.0,Other
qwen,gen_3,87,useStlAlgorithm,style,398.0,Other
qwen,gen_3,26,noExplicitConstructor,style,398.0,Other
qwen,gen_3,277,duplicateExpression,style,398.0,Other
qwen,gen_3,277,knownArgument,style,570.0,Other
qwen,gen_3,88,identicalInnerCondition,warning,398.0,Other
qwen,gen_3,88,useStlAlgorithm,style,398.0,Other
qwen,gen_3,209,constParameterReference,style,398.0,Other
qwen,gen_3,209,useStlAlgorithm,style,398.0,Other
qwen,gen_3,253,variableScope,style,398.0,Other
qwen,gen_3,253,constVariableReference,style,398.0,Other
qwen,gen_3,253,useStlAlgorithm,style,398.0,Other
qwen,gen_3,132,constVariableReference,style,398.0,Other
qwen,gen_3,252,useStlAlgorithm,style,398.0,Other
qwen,gen_3,252,useStlAlgorithm,style,398.0,Other
qwen,gen_3,20,useStlAlgorithm,style,398.0,Other
qwen,gen_3,158,useStlAlgorithm,style,398.0,Other
qwen,gen_3,62,constVariableReference,style,398.0,Other
qwen,gen_3,62,useStlAlgorithm,style,398.0,Other
qwen,gen_3,103,useStlAlgorithm,style,398.0,Other
qwen,gen_3,32,useStlAlgorithm,style,398.0,Other
qwen,gen_3,159,constVariableReference,style,398.0,Other
qwen,gen_3,1,passedByValue,performance,398.0,Other
qwen,gen_3,1,useStlAlgorithm,style,398.0,Other
qwen,gen_3,56,noExplicitConstructor,style,398.0,Other
qwen,gen_3,56,clarifyCondition,style,398.0,Other
qwen,gen_3,56,clarifyCondition,style,398.0,Other
qwen,gen_3,261,variableScope,style,398.0,Other
qwen,gen_3,261,variableScope,style,398.0,Other
qwen,gen_3,261,unreadVariable,style,563.0,Other
qwen,gen_3,22,unreadVariable,style,563.0,Other
qwen,gen_3,22,unreadVariable,style,563.0,Other
qwen,gen_3,22,unusedVariable,style,563.0,Other
qwen,gen_3,129,constVariableReference,style,398.0,Other
qwen,gen_3,179,useStlAlgorithm,style,398.0,Other
qwen,gen_3,256,containerOutOfBounds,error,398.0,Other
qwen,gen_3,108,unreadVariable,style,563.0,Other
qwen,gen_3,108,unreadVariable,style,563.0,Other
qwen,gen_3,157,passedByValue,performance,398.0,Other
qwen,gen_3,157,useStlAlgorithm,style,398.0,Other
qwen,gen_3,157,useStlAlgorithm,style,398.0,Other
qwen,gen_3,147,internalError,error,,Other
qwen,gen_3,203,constParameterReference,style,398.0,Other
qwen,gen_3,180,unreadVariable,style,563.0,Other
qwen,gen_3,180,unreadVariable,style,563.0,Other
qwen,gen_3,196,moduloofone,style,,Other
qwen,gen_3,258,constVariableReference,style,398.0,Other
qwen,gen_3,239,noExplicitConstructor,style,398.0,Other
qwen,gen_3,239,unreadVariable,style,563.0,Other
qwen,gen_3,239,unreadVariable,style,563.0,Other
qwen,gen_3,253,useStlAlgorithm,style,398.0,Other
qwen,gen_3,253,useStlAlgorithm,style,398.0,Other
qwen,gen_3,262,constVariable,style,398.0,Other
qwen,gen_3,262,constVariable,style,398.0,Other
qwen,gen_3,119,useStlAlgorithm,style,398.0,Other
qwen,gen_3,81,duplicateAssignExpression,style,398.0,Other
qwen,gen_3,25,knownConditionTrueFalse,style,570.0,Other
qwen,gen_3,25,knownConditionTrueFalse,style,570.0,Other
qwen,gen_3,25,unreadVariable,style,563.0,Other
qwen,gen_3,25,unreadVariable,style,563.0,Other
qwen,gen_3,174,unreadVariable,style,563.0,Other
qwen,gen_3,174,unreadVariable,style,563.0,Other
qwen,gen_3,245,constParameterCallback,style,398.0,Other
qwen,gen_3,245,constParameterCallback,style,398.0,Other
qwen,gen_3,35,knownConditionTrueFalse,style,398.0,Other
qwen,gen_3,255,useStlAlgorithm,style,398.0,Other
qwen,gen_3,161,constParameterReference,style,398.0,Other
qwen,gen_3,9,useStlAlgorithm,style,398.0,Other
qwen,gen_3,9,useStlAlgorithm,style,398.0,Other
qwen,gen_3,9,useStlAlgorithm,style,398.0,Other
qwen,gen_3,264,variableScope,style,398.0,Other
qwen,gen_3,264,variableScope,style,398.0,Other
qwen,gen_3,264,variableScope,style,398.0,Other
qwen,gen_3,264,shadowVariable,style,398.0,Other
qwen,gen_3,264,shadowVariable,style,398.0,Other
qwen,gen_3,264,shadowVariable,style,398.0,Other
qwen,gen_3,232,useStlAlgorithm,style,398.0,Other
qwen,gen_3,224,variableScope,style,398.0,Other
qwen,gen_3,224,variableScope,style,398.0,Other
qwen,gen_3,231,useStlAlgorithm,style,398.0,Other
qwen,gen_3,231,useStlAlgorithm,style,398.0,Other
qwen,gen_3,65,unreadVariable,style,563.0,Other
qwen,gen_3,65,unreadVariable,style,563.0,Other
qwen,gen_3,234,shadowVariable,style,398.0,Other
qwen,gen_3,234,useStlAlgorithm,style,398.0,Other
qwen,gen_3,81,constVariableReference,style,398.0,Other
qwen,gen_3,221,unreadVariable,style,563.0,Other
qwen,gen_3,221,unreadVariable,style,563.0,Other
qwen,gen_3,214,variableScope,style,398.0,Other
qwen,gen_3,214,constVariableReference,style,398.0,Other
qwen,gen_3,214,unreadVariable,style,563.0,Other
qwen,gen_3,214,unreadVariable,style,563.0,Other
qwen,gen_3,190,constVariableReference,style,398.0,Other
qwen,gen_3,76,constVariableReference,style,398.0,Other
qwen,gen_3,126,unusedLabel,style,398.0,Other
qwen,gen_3,192,constVariableReference,style,398.0,Other
qwen,gen_3,80,useStlAlgorithm,style,398.0,Other
qwen,gen_3,233,duplicateBranch,style,398.0,Other
qwen,gen_3,233,unreadVariable,style,563.0,Other
qwen,gen_3,187,duplicateCondition,style,398.0,Other
qwen,gen_3,187,unreadVariable,style,563.0,Other
qwen,gen_3,187,unreadVariable,style,563.0,Other
qwen,gen_3,172,constVariableReference,style,398.0,Other
qwen,gen_3,172,constVariableReference,style,398.0,Other
qwen,gen_3,172,constVariableReference,style,398.0,Other
qwen,gen_3,163,useStlAlgorithm,style,398.0,Other
qwen,gen_3,136,variableScope,style,398.0,Other
qwen,gen_3,241,useStlAlgorithm,style,398.0,Other
qwen,gen_3,241,useStlAlgorithm,style,398.0,Other
qwen,gen_3,249,constVariableReference,style,398.0,Other
qwen,gen_3,249,useStlAlgorithm,style,398.0,Other
qwen,gen_3,199,useStlAlgorithm,style,398.0,Other
qwen,gen_3,96,useStlAlgorithm,style,398.0,Other
qwen,gen_3,193,variableScope,style,398.0,Other
qwen,gen_3,11,useStlAlgorithm,style,398.0,Other
qwen,gen_3,66,useStlAlgorithm,style,398.0,Other
qwen,gen_3,65,duplicateConditionalAssign,style,398.0,Other
qwen,gen_3,65,duplicateConditionalAssign,style,398.0,Other
qwen,gen_3,135,duplicateAssignExpression,style,398.0,Other
qwen,gen_3,135,duplicateAssignExpression,style,398.0,Other
qwen,gen_3,272,incompleteArrayFill,portability,131.0,Other
qwen,gen_3,272,unreadVariable,style,563.0,Other
qwen,gen_3,259,useStlAlgorithm,style,398.0,Other
qwen,gen_3,259,useStlAlgorithm,style,398.0,Other
qwen,gen_3,259,useStlAlgorithm,style,398.0,Other
qwen,gen_3,247,uninitMemberVar,warning,398.0,Other
qwen,gen_3,247,uninitMemberVar,warning,398.0,Other
qwen,gen_3,247,uninitMemberVar,warning,398.0,Other
qwen,gen_3,247,passedByValue,performance,398.0,Other
qwen,gen_3,247,passedByValue,performance,398.0,Other
qwen,gen_3,247,passedByValue,performance,398.0,Other
qwen,gen_3,247,passedByValue,performance,398.0,Other
qwen,gen_3,247,passedByValue,performance,398.0,Other
qwen,gen_3,247,useStlAlgorithm,style,398.0,Other
qwen,gen_3,123,useStlAlgorithm,style,398.0,Other
qwen,gen_3,216,constVariableReference,style,398.0,Other
qwen,gen_3,20,shadowVariable,style,398.0,Other
qwen,gen_3,20,shadowVariable,style,398.0,Other
qwen,gen_3,20,constVariableReference,style,398.0,Other
qwen,gen_3,200,unreadVariable,style,563.0,Other
qwen,gen_3,243,shadowFunction,style,398.0,Other
qwen,gen_3,218,unreadVariable,style,563.0,Other
qwen,gen_3,218,unreadVariable,style,563.0,Other
qwen,gen_3,95,useStlAlgorithm,style,398.0,Other
qwen,gen_3,48,useStlAlgorithm,style,398.0,Other
qwen,gen_3,264,unreadVariable,style,563.0,Other
qwen,gen_3,264,unreadVariable,style,563.0,Other
qwen,gen_3,264,unreadVariable,style,563.0,Other
qwen,gen_3,264,unreadVariable,style,563.0,Other
qwen,gen_3,94,constVariableReference,style,398.0,Other
qwen,gen_3,94,constVariableReference,style,398.0,Other
qwen,gen_3,153,duplicateBranch,style,398.0,Other
qwen,gen_3,153,unreadVariable,style,563.0,Other
qwen,gen_3,153,unreadVariable,style,563.0,Other
qwen,gen_3,118,noExplicitConstructor,style,398.0,Other
qwen,gen_3,71,shadowVariable,style,398.0,Other
qwen,gen_3,71,shadowVariable,style,398.0,Other
qwen,gen_3,71,constVariableReference,style,398.0,Other
qwen,gen_3,71,constVariableReference,style,398.0,Other
qwen,gen_3,215,constVariableReference,style,398.0,Other
qwen,gen_3,47,constVariableReference,style,398.0,Other
qwen,gen_3,213,useStlAlgorithm,style,398.0,Other
qwen,gen_3,134,unreadVariable,style,563.0,Other
qwen,gen_3,134,unreadVariable,style,563.0,Other
qwen,gen_3,197,useStlAlgorithm,style,398.0,Other
qwen,gen_3,197,useStlAlgorithm,style,398.0,Other
qwen,gen_3,197,useStlAlgorithm,style,398.0,Other
qwen,gen_3,197,unreadVariable,style,563.0,Other
qwen,gen_3,197,unreadVariable,style,563.0,Other
qwen,gen_3,210,useStlAlgorithm,style,398.0,Other
qwen,gen_3,132,passedByValue,performance,398.0,Other
qwen,gen_3,43,knownConditionTrueFalse,style,570.0,Other
qwen,gen_3,43,knownConditionTrueFalse,style,570.0,Other
qwen,gen_3,43,knownConditionTrueFalse,style,570.0,Other
qwen,gen_3,45,duplicateBranch,style,398.0,Other
qwen,gen_3,45,unreadVariable,style,563.0,Other
qwen,gen_3,45,unreadVariable,style,563.0,Other
qwen,gen_3,45,unreadVariable,style,563.0,Other
qwen,gen_3,45,unreadVariable,style,563.0,Other
qwen,gen_3,45,unreadVariable,style,563.0,Other
qwen,gen_3,45,unreadVariable,style,563.0,Other
qwen,gen_3,45,unreadVariable,style,563.0,Other
qwen,gen_3,195,useStlAlgorithm,style,398.0,Other
qwen,gen_3,195,unusedVariable,style,563.0,Other
qwen,gen_3,160,unreadVariable,style,563.0,Other
qwen,gen_3,160,unreadVariable,style,563.0,Other
qwen,gen_3,148,shadowVariable,style,398.0,Other
qwen,gen_3,148,shadowVariable,style,398.0,Other
qwen,gen_3,148,constVariableReference,style,398.0,Other
qwen,gen_3,148,useStlAlgorithm,style,398.0,Other
qwen,gen_3,88,shadowVariable,style,398.0,Other
qwen,gen_3,62,useStlAlgorithm,style,398.0,Other
qwen,gen_3,274,constVariableReference,style,398.0,Other
qwen,gen_3,3,unreadVariable,style,563.0,Other
qwen,gen_3,3,unreadVariable,style,563.0,Other
qwen,gen_3,3,unreadVariable,style,563.0,Other
qwen,gen_3,3,unreadVariable,style,563.0,Other
qwen,gen_3,35,shadowVariable,style,398.0,Other
qwen,gen_3,35,constVariableReference,style,398.0,Other
qwen,gen_3,35,constVariableReference,style,398.0,Other
qwen,gen_3,35,constVariableReference,style,398.0,Other
qwen,gen_3,127,oppositeInnerCondition,warning,398.0,Other
qwen,gen_3,125,constVariable,style,398.0,Other
qwen,gen_3,125,constVariable,style,398.0,Other
qwen,gen_3,125,negativeContainerIndex,warning,786.0,Other
qwen,gen_3,222,variableScope,style,398.0,Other
qwen,gen_3,39,shadowVariable,style,398.0,Other
qwen,gen_3,39,shadowVariable,style,398.0,Other
qwen,gen_3,39,shadowVariable,style,398.0,Other
qwen,gen_3,39,unreadVariable,style,563.0,Other
qwen,gen_3,81,unreadVariable,style,563.0,Other
qwen,gen_3,81,unreadVariable,style,563.0,Other
qwen,gen_3,25,pointerOutOfBoundsCond,portability,758.0,Logic / Undefined Behavior
qwen,gen_3,25,useStlAlgorithm,style,398.0,Other
qwen,gen_3,25,unreadVariable,style,563.0,Other
qwen,gen_3,25,unreadVariable,style,563.0,Other
qwen,gen_3,209,unreadVariable,style,563.0,Other
qwen,gen_3,209,unreadVariable,style,563.0,Other
qwen,gen_3,160,constParameterReference,style,398.0,Other
qwen,gen_3,140,constVariableReference,style,398.0,Other
qwen,gen_3,275,variableScope,style,398.0,Other
qwen,gen_3,23,useStlAlgorithm,style,398.0,Other
qwen,gen_3,74,constVariable,style,398.0,Other
qwen,gen_3,217,useStlAlgorithm,style,398.0,Other
qwen,gen_3,86,constVariableReference,style,398.0,Other
qwen,gen_3,86,constVariableReference,style,398.0,Other
qwen,gen_3,249,useStlAlgorithm,style,398.0,Other
qwen,gen_3,202,useStlAlgorithm,style,398.0,Other
qwen,gen_3,64,constVariableReference,style,398.0,Other
qwen,gen_3,64,useStlAlgorithm,style,398.0,Other
qwen,gen_3,64,unreadVariable,style,563.0,Other
qwen,gen_3,64,unreadVariable,style,563.0,Other
qwen,gen_3,130,variableScope,style,398.0,Other
qwen,gen_3,130,useStlAlgorithm,style,398.0,Other
qwen,gen_3,130,unreadVariable,style,563.0,Other
qwen,gen_3,130,unreadVariable,style,563.0,Other
qwen,gen_3,130,unreadVariable,style,563.0,Other
qwen,gen_3,40,useStlAlgorithm,style,398.0,Other
qwen,gen_3,235,useStlAlgorithm,style,398.0,Other
qwen,gen_3,232,constVariableReference,style,398.0,Other
qwen,gen_3,7,constParameterReference,style,398.0,Other
qwen,gen_3,7,constParameterReference,style,398.0,Other
qwen,gen_3,103,variableScope,style,398.0,Other
qwen,gen_3,103,constVariableReference,style,398.0,Other
qwen,gen_3,93,useStlAlgorithm,style,398.0,Other
qwen,gen_3,118,constVariableReference,style,398.0,Other
qwen,gen_3,118,useStlAlgorithm,style,398.0,Other
qwen,gen_3,227,useStlAlgorithm,style,398.0,Other
qwen,gen_3,138,useStlAlgorithm,style,398.0,Other
qwen,gen_3,208,incorrectLogicOperator,warning,570.0,Other
qwen,gen_3,208,knownConditionTrueFalse,style,570.0,Other
qwen,gen_3,208,knownConditionTrueFalse,style,570.0,Other
qwen,gen_3,208,duplicateBranch,style,398.0,Other
qwen,gen_3,208,passedByValue,performance,398.0,Other
qwen,gen_3,208,unreadVariable,style,563.0,Other
qwen,gen_3,208,unreadVariable,style,563.0,Other
qwen,gen_3,1,duplicateExpression,style,398.0,Other
qwen,gen_3,1,redundantAssignment,style,563.0,Other
qwen,gen_3,217,knownConditionTrueFalse,style,571.0,Logic / Undefined Behavior
qwen,gen_3,217,variableScope,style,398.0,Other
qwen,gen_3,217,constVariable,style,398.0,Other
qwen,gen_3,217,constVariable,style,398.0,Other
qwen,gen_3,217,useStlAlgorithm,style,398.0,Other
qwen,gen_3,83,useStlAlgorithm,style,398.0,Other
qwen,gen_3,83,useStlAlgorithm,style,398.0,Other
qwen,gen_3,83,useStlAlgorithm,style,398.0,Other
qwen,gen_3,83,useStlAlgorithm,style,398.0,Other
qwen,gen_3,83,useStlAlgorithm,style,398.0,Other
qwen,gen_3,83,useStlAlgorithm,style,398.0,Other
qwen,gen_3,90,useStlAlgorithm,style,398.0,Other
qwen,gen_3,231,constVariableReference,style,398.0,Other
qwen,gen_3,231,constVariableReference,style,398.0,Other
qwen,gen_3,14,unreadVariable,style,563.0,Other
qwen,gen_3,14,unreadVariable,style,563.0,Other
qwen,gen_3,0,constVariableReference,style,398.0,Other
qwen,gen_3,225,useStlAlgorithm,style,398.0,Other
qwen,gen_3,17,constParameterReference,style,398.0,Other
qwen,gen_3,17,constVariableReference,style,398.0,Other
qwen,gen_3,17,constVariable,style,398.0,Other
qwen,gen_3,17,constVariable,style,398.0,Other
qwen,gen_3,260,useStlAlgorithm,style,398.0,Other
qwen,gen_3,260,useStlAlgorithm,style,398.0,Other
qwen,gen_3,109,useStlAlgorithm,style,398.0,Other
qwen,gen_3,109,useStlAlgorithm,style,398.0,Other
qwen,gen_3,109,uninitvar,warning,457.0,Null / Initialization
qwen,gen_3,98,constVariableReference,style,398.0,Other
qwen,gen_3,34,constVariableReference,style,398.0,Other
qwen,gen_3,34,useStlAlgorithm,style,398.0,Other
qwen,gen_3,34,useStlAlgorithm,style,398.0,Other
qwen,gen_3,34,useStlAlgorithm,style,398.0,Other
qwen,gen_3,19,constVariableReference,style,398.0,Other
qwen,gen_3,232,unusedStructMember,style,563.0,Other
qwen,gen_3,232,unusedStructMember,style,563.0,Other
qwen,gen_3,265,useStlAlgorithm,style,398.0,Other
qwen,gen_3,265,unreadVariable,style,563.0,Other
qwen,gen_3,265,unreadVariable,style,563.0,Other
qwen,gen_3,265,unreadVariable,style,563.0,Other
qwen,gen_3,265,unreadVariable,style,563.0,Other
qwen,gen_3,156,unreadVariable,style,563.0,Other
qwen,gen_3,193,constVariableReference,style,398.0,Other
qwen,gen_3,114,shadowVariable,style,398.0,Other
qwen,gen_3,75,functionConst,style,398.0,Other
qwen,gen_3,75,passedByValue,performance,398.0,Other
qwen,gen_3,75,passedByValue,performance,398.0,Other
qwen,gen_3,75,passedByValue,performance,398.0,Other
qwen,gen_3,75,constParameterReference,style,398.0,Other
qwen,gen_3,75,constVariableReference,style,398.0,Other
qwen,gen_3,75,useStlAlgorithm,style,398.0,Other
qwen,gen_3,75,unreadVariable,style,563.0,Other
qwen,gen_3,102,useStlAlgorithm,style,398.0,Other
qwen,gen_3,102,useStlAlgorithm,style,398.0,Other
qwen,gen_3,182,useStlAlgorithm,style,398.0,Other
qwen,gen_3,114,useStlAlgorithm,style,398.0,Other
qwen,gen_3,229,useStlAlgorithm,style,398.0,Other
qwen,gen_3,145,variableScope,style,398.0,Other
qwen,gen_3,162,syntaxError,error,,Other
qwen,gen_3,212,knownConditionTrueFalse,style,571.0,Logic / Undefined Behavior
qwen,gen_3,53,unreadVariable,style,563.0,Other
qwen,gen_3,53,unreadVariable,style,563.0,Other
qwen,gen_3,249,unreadVariable,style,563.0,Other
qwen,gen_3,249,unreadVariable,style,563.0,Other
qwen,gen_3,21,useStlAlgorithm,style,398.0,Other
qwen,gen_3,21,useStlAlgorithm,style,398.0,Other
qwen,gen_3,227,useStlAlgorithm,style,398.0,Other
qwen,gen_3,227,useStlAlgorithm,style,398.0,Other
qwen,gen_3,75,constVariableReference,style,398.0,Other
qwen,gen_3,75,constVariableReference,style,398.0,Other
qwen,gen_3,75,useStlAlgorithm,style,398.0,Other
qwen,gen_3,0,constVariable,style,398.0,Other
qwen,gen_3,0,constVariable,style,398.0,Other
qwen,gen_3,0,useStlAlgorithm,style,398.0,Other
qwen,gen_3,266,constVariableReference,style,398.0,Other
qwen,gen_3,266,constVariableReference,style,398.0,Other
qwen,gen_3,266,useStlAlgorithm,style,398.0,Other
qwen,gen_3,84,useStlAlgorithm,style,398.0,Other
qwen,gen_3,84,useStlAlgorithm,style,398.0,Other
qwen,gen_3,119,constVariableReference,style,398.0,Other
qwen,gen_3,119,useStlAlgorithm,style,398.0,Other
qwen,gen_3,258,useStlAlgorithm,style,398.0,Other
qwen,gen_3,258,useStlAlgorithm,style,398.0,Other
qwen,gen_3,139,useStlAlgorithm,style,398.0,Other
qwen,gen_3,207,duplicateBranch,style,398.0,Other
qwen,gen_3,28,multiCondition,style,398.0,Other
qwen,gen_3,154,useStlAlgorithm,style,398.0,Other
qwen,gen_3,236,unreadVariable,style,563.0,Other
qwen,gen_3,236,unreadVariable,style,563.0,Other
qwen,gen_3,236,unreadVariable,style,563.0,Other
qwen,gen_3,236,unreadVariable,style,563.0,Other
qwen,gen_3,137,useStlAlgorithm,style,398.0,Other
qwen,gen_3,137,useStlAlgorithm,style,398.0,Other
qwen,gen_3,137,useStlAlgorithm,style,398.0,Other
qwen,gen_3,137,useStlAlgorithm,style,398.0,Other
qwen,gen_3,137,useStlAlgorithm,style,398.0,Other
qwen,gen_3,186,redundantInitialization,style,563.0,Other
qwen,gen_3,111,knownConditionTrueFalse,style,570.0,Other
qwen,gen_3,111,useStlAlgorithm,style,398.0,Other
qwen,gen_3,111,unreadVariable,style,563.0,Other
qwen,gen_3,111,unusedVariable,style,563.0,Other
qwen,gen_3,244,unreadVariable,style,563.0,Other
qwen,gen_3,244,unreadVariable,style,563.0,Other
qwen,gen_3,38,duplicateBranch,style,398.0,Other
qwen,gen_3,218,unreadVariable,style,563.0,Other
qwen,gen_3,218,unreadVariable,style,563.0,Other
qwen,gen_3,119,useStlAlgorithm,style,398.0,Other
qwen,gen_3,119,unreadVariable,style,563.0,Other
qwen,gen_3,119,unreadVariable,style,563.0,Other
qwen,gen_3,155,duplicateBranch,style,398.0,Other
qwen,gen_3,155,redundantInitialization,style,563.0,Other
qwen,gen_3,155,redundantAssignment,style,563.0,Other
qwen,gen_3,155,redundantAssignment,style,563.0,Other
qwen,gen_3,251,useStlAlgorithm,style,398.0,Other
qwen,gen_3,217,unreadVariable,style,563.0,Other
qwen,gen_3,217,unreadVariable,style,563.0,Other
qwen,gen_3,247,constVariableReference,style,398.0,Other
qwen,gen_3,94,knownConditionTrueFalse,style,570.0,Other
qwen,gen_3,94,knownConditionTrueFalse,style,570.0,Other
qwen,gen_3,94,variableScope,style,398.0,Other
qwen,gen_3,165,shadowVariable,style,398.0,Other
qwen,gen_3,165,shadowVariable,style,398.0,Other
qwen,gen_3,165,useStlAlgorithm,style,398.0,Other
qwen,gen_3,165,useStlAlgorithm,style,398.0,Other
qwen,gen_3,3,useStlAlgorithm,style,398.0,Other
qwen,gen_3,211,arrayIndexOutOfBounds,error,788.0,Other
qwen,gen_3,195,variableScope,style,398.0,Other
qwen,gen_3,195,useStlAlgorithm,style,398.0,Other
qwen,gen_3,92,useStlAlgorithm,style,398.0,Other
qwen,gen_3,240,variableScope,style,398.0,Other
qwen,gen_3,240,variableScope,style,398.0,Other
qwen,gen_3,240,constVariableReference,style,398.0,Other
qwen,gen_3,275,redundantAssignment,style,563.0,Other
qwen,gen_3,228,knownConditionTrueFalse,style,570.0,Other
qwen,gen_3,211,useStlAlgorithm,style,398.0,Other
qwen,gen_3,90,useStlAlgorithm,style,398.0,Other
qwen,gen_3,251,invalidContainerLoop,error,664.0,Other
qwen,gen_3,251,invalidContainerReference,error,664.0,Other
qwen,gen_3,141,duplicateExpressionTernary,style,398.0,Other
qwen,gen_3,141,redundantAssignment,style,563.0,Other
qwen,gen_3,141,constParameterReference,style,398.0,Other
qwen,gen_3,248,shadowVariable,style,398.0,Other
qwen,gen_3,151,useStlAlgorithm,style,398.0,Other
qwen,gen_3,149,unreadVariable,style,563.0,Other
qwen,gen_3,149,unreadVariable,style,563.0,Other
qwen,gen_3,107,useStlAlgorithm,style,398.0,Other
qwen,gen_3,106,duplicateBranch,style,398.0,Other
qwen,gen_3,176,useStlAlgorithm,style,398.0,Other
qwen,gen_3,176,useStlAlgorithm,style,398.0,Other
qwen,gen_3,176,useStlAlgorithm,style,398.0,Other
qwen,gen_3,171,constParameterReference,style,398.0,Other
qwen,gen_3,246,shadowVariable,style,398.0,Other
qwen,gen_3,246,shadowVariable,style,398.0,Other
qwen,gen_3,246,shadowVariable,style,398.0,Other
qwen,gen_3,246,constParameterPointer,style,398.0,Other
qwen,gen_3,246,constVariablePointer,style,398.0,Other
qwen,gen_3,246,constVariablePointer,style,398.0,Other
qwen,gen_3,246,useStlAlgorithm,style,398.0,Other
qwen,gen_3,246,useStlAlgorithm,style,398.0,Other
qwen,gen_3,186,useStlAlgorithm,style,398.0,Other
qwen,gen_3,186,useStlAlgorithm,style,398.0,Other
qwen,gen_3,80,unreadVariable,style,563.0,Other
qwen,gen_3,2,useStlAlgorithm,style,398.0,Other
qwen,gen_3,227,constVariable,style,398.0,Other
qwen,gen_3,34,constVariableReference,style,398.0,Other
qwen,gen_3,20,useStlAlgorithm,style,398.0,Other
qwen,gen_3,8,knownConditionTrueFalse,style,571.0,Logic / Undefined Behavior
qwen,gen_3,8,duplicateValueTernary,style,398.0,Other
qwen,gen_3,8,duplicateExpressionTernary,style,398.0,Other
qwen,gen_3,8,duplicateExpressionTernary,style,398.0,Other
qwen,gen_3,8,duplicateExpressionTernary,style,398.0,Other
qwen,gen_3,8,duplicateExpressionTernary,style,398.0,Other
qwen,gen_3,8,duplicateExpressionTernary,style,398.0,Other
qwen,gen_3,8,duplicateExpressionTernary,style,398.0,Other
qwen,gen_3,8,duplicateExpressionTernary,style,398.0,Other
qwen,gen_3,8,duplicateExpressionTernary,style,398.0,Other
qwen,gen_3,8,duplicateExpressionTernary,style,398.0,Other
qwen,gen_3,8,unreadVariable,style,563.0,Other
qwen,gen_3,8,unreadVariable,style,563.0,Other
qwen,gen_3,8,unreadVariable,style,563.0,Other
qwen,gen_3,8,unreadVariable,style,563.0,Other
qwen,gen_3,8,unreadVariable,style,563.0,Other
qwen,gen_3,8,unreadVariable,style,563.0,Other
qwen,gen_3,8,unreadVariable,style,563.0,Other
qwen,gen_3,8,unreadVariable,style,563.0,Other
qwen,gen_3,8,unreadVariable,style,563.0,Other
qwen,gen_3,8,unreadVariable,style,563.0,Other
qwen,gen_3,58,constVariable,style,398.0,Other
qwen,gen_3,58,constVariable,style,398.0,Other
qwen,gen_3,58,useStlAlgorithm,style,398.0,Other
qwen,gen_3,118,variableScope,style,398.0,Other
qwen,gen_3,118,unreadVariable,style,563.0,Other
qwen,gen_3,220,useStlAlgorithm,style,398.0,Other
qwen,gen_3,220,useStlAlgorithm,style,398.0,Other
qwen,gen_3,0,constVariableReference,style,398.0,Other
qwen,gen_3,0,constVariableReference,style,398.0,Other
qwen,gen_3,255,noCopyConstructor,warning,398.0,Other
qwen,gen_3,255,noOperatorEq,warning,398.0,Other
qwen,gen_3,255,noDestructor,warning,398.0,Other
qwen,gen_3,255,noExplicitConstructor,style,398.0,Other
qwen,gen_3,255,uninitvar,warning,457.0,Null / Initialization
qwen,gen_3,202,useStlAlgorithm,style,398.0,Other
qwen,gen_3,202,useStlAlgorithm,style,398.0,Other
qwen,gen_3,202,useStlAlgorithm,style,398.0,Other
qwen,gen_3,202,useStlAlgorithm,style,398.0,Other
qwen,gen_3,196,constVariable,style,398.0,Other
qwen,gen_3,196,useStlAlgorithm,style,398.0,Other
qwen,gen_3,196,unreadVariable,style,563.0,Other
qwen,gen_3,196,unreadVariable,style,563.0,Other
qwen,gen_3,253,duplicateAssignExpression,style,398.0,Other
qwen,gen_3,25,variableScope,style,398.0,Other
qwen,gen_3,200,useStlAlgorithm,style,398.0,Other
qwen,gen_3,144,useStlAlgorithm,style,398.0,Other
qwen,gen_3,257,useStlAlgorithm,style,398.0,Other
qwen,gen_3,27,useStlAlgorithm,style,398.0,Other
qwen,gen_3,14,constParameterReference,style,398.0,Other
qwen,gen_3,14,constParameterReference,style,398.0,Other
qwen,gen_3,14,constVariableReference,style,398.0,Other
qwen,gen_3,170,unreadVariable,style,563.0,Other
qwen,gen_3,170,unreadVariable,style,563.0,Other
qwen,gen_3,30,constVariable,style,398.0,Other
qwen,gen_3,30,useStlAlgorithm,style,398.0,Other
qwen,gen_3,14,useStlAlgorithm,style,398.0,Other
qwen,gen_3,14,useStlAlgorithm,style,398.0,Other
qwen,gen_3,16,duplicateBranch,style,398.0,Other
qwen,gen_3,190,variableScope,style,398.0,Other
qwen,gen_3,190,variableScope,style,398.0,Other
qwen,gen_3,190,shadowVariable,style,398.0,Other
qwen,gen_3,190,useStlAlgorithm,style,398.0,Other
qwen,gen_3,190,unreadVariable,style,563.0,Other
qwen,gen_3,190,unreadVariable,style,563.0,Other
qwen,gen_3,190,unreadVariable,style,563.0,Other
qwen,gen_3,250,variableScope,style,398.0,Other
qwen,gen_3,250,variableScope,style,398.0,Other
qwen,gen_3,250,useStlAlgorithm,style,398.0,Other
qwen,gen_3,6,unreadVariable,style,563.0,Other
qwen,gen_3,224,unreadVariable,style,563.0,Other
qwen,gen_3,224,unreadVariable,style,563.0,Other
qwen,gen_3,64,stlFindInsert,performance,398.0,Other
qwen,gen_3,112,constVariableReference,style,398.0,Other
qwen,gen_3,133,unreadVariable,style,563.0,Other
qwen,gen_3,133,unreadVariable,style,563.0,Other
qwen,gen_3,133,unreadVariable,style,563.0,Other
qwen,gen_3,133,unreadVariable,style,563.0,Other
qwen,gen_3,150,useStlAlgorithm,style,398.0,Other
qwen,gen_3,11,constVariableReference,style,398.0,Other
qwen,gen_3,11,constVariableReference,style,398.0,Other
qwen,gen_3,11,unreadVariable,style,563.0,Other
qwen,gen_3,11,unreadVariable,style,563.0,Other
qwen,gen_3,208,useStlAlgorithm,style,398.0,Other
qwen,gen_3,208,useStlAlgorithm,style,398.0,Other
qwen,gen_3,129,useStlAlgorithm,style,398.0,Other
qwen,gen_3,59,unusedVariable,style,563.0,Other
qwen,gen_3,120,constVariableReference,style,398.0,Other
qwen,gen_3,122,unreadVariable,style,563.0,Other
qwen,gen_3,122,unreadVariable,style,563.0,Other
qwen,gen_3,122,unreadVariable,style,563.0,Other
qwen,gen_3,122,unreadVariable,style,563.0,Other
qwen,gen_3,80,useStlAlgorithm,style,398.0,Other
qwen,gen_3,230,useStlAlgorithm,style,398.0,Other
qwen,gen_3,230,negativeContainerIndex,warning,786.0,Other
qwen,gen_3,230,negativeContainerIndex,warning,786.0,Other
qwen,gen_3,202,functionConst,style,398.0,Other
qwen,gen_3,202,variableScope,style,398.0,Other
qwen,gen_3,202,constVariableReference,style,398.0,Other
qwen,gen_3,202,constVariableReference,style,398.0,Other
qwen,gen_3,202,unusedVariable,style,563.0,Other
qwen,gen_3,202,unreadVariable,style,563.0,Other
qwen,gen_3,110,useStlAlgorithm,style,398.0,Other
qwen,gen_3,110,useStlAlgorithm,style,398.0,Other
qwen,gen_3,110,useStlAlgorithm,style,398.0,Other
qwen,gen_3,30,redundantAssignment,style,563.0,Other
qwen,gen_3,30,redundantAssignment,style,563.0,Other
qwen,gen_3,30,constVariable,style,398.0,Other
qwen,gen_3,30,constVariable,style,398.0,Other
qwen,gen_3,30,constVariable,style,398.0,Other
qwen,gen_3,30,unusedVariable,style,563.0,Other
qwen,gen_3,29,incompleteArrayFill,portability,131.0,Other
qwen,gen_3,147,containerOutOfBounds,error,398.0,Other
qwen,gen_3,95,constVariable,style,398.0,Other
qwen,gen_3,112,useStlAlgorithm,style,398.0,Other
qwen,gen_3,173,useStlAlgorithm,style,398.0,Other
qwen,gen_3,48,useStlAlgorithm,style,398.0,Other
qwen,gen_3,48,useStlAlgorithm,style,398.0,Other
qwen,gen_3,48,invalidContainerLoop,error,664.0,Other
qwen,gen_3,51,constVariableReference,style,398.0,Other
qwen,gen_3,51,useStlAlgorithm,style,398.0,Other
qwen,gen_3,254,variableScope,style,398.0,Other
qwen,gen_3,254,constVariableReference,style,398.0,Other
qwen,gen_3,51,iterateByValue,performance,398.0,Other
qwen,gen_3,51,iterateByValue,performance,398.0,Other
qwen,gen_3,51,useStlAlgorithm,style,398.0,Other
qwen,gen_3,138,constParameterReference,style,398.0,Other
qwen,gen_3,138,constParameterReference,style,398.0,Other
qwen,gen_3,138,unreadVariable,style,563.0,Other
qwen,gen_3,162,truncLongCastAssignment,style,197.0,Other
qwen,gen_3,161,knownConditionTrueFalse,style,570.0,Other
qwen,gen_3,161,duplicateBranch,style,398.0,Other
qwen,gen_3,161,variableScope,style,398.0,Other
qwen,gen_3,161,unreadVariable,style,563.0,Other
qwen,gen_3,161,unreadVariable,style,563.0,Other
qwen,gen_3,161,unusedVariable,style,563.0,Other
qwen,gen_3,110,constParameterReference,style,398.0,Other
qwen,gen_3,110,stlFindInsert,performance,398.0,Other
qwen,gen_3,110,stlFindInsert,performance,398.0,Other
qwen,gen_3,110,uninitvar,warning,457.0,Null / Initialization
qwen,gen_3,110,uninitvar,warning,457.0,Null / Initialization
qwen,gen_3,110,uninitvar,warning,457.0,Null / Initialization
qwen,gen_3,110,uninitvar,warning,457.0,Null / Initialization
qwen,gen_3,13,unreadVariable,style,563.0,Other
qwen,gen_3,13,unreadVariable,style,563.0,Other
qwen,gen_3,258,constVariableReference,style,398.0,Other
qwen,gen_3,258,stlFindInsert,performance,398.0,Other
qwen,gen_3,140,passedByValue,performance,398.0,Other
qwen,gen_3,140,useStlAlgorithm,style,398.0,Other
qwen,gen_3,140,useStlAlgorithm,style,398.0,Other
qwen,gen_3,97,shadowVariable,style,398.0,Other
qwen,gen_3,97,shadowVariable,style,398.0,Other
qwen,gen_3,97,constVariable,style,398.0,Other
qwen,gen_3,97,constVariable,style,398.0,Other
qwen,gen_3,120,useStlAlgorithm,style,398.0,Other
qwen,gen_3,45,knownConditionTrueFalse,style,570.0,Other
qwen,gen_3,45,useStlAlgorithm,style,398.0,Other
qwen,gen_3,127,useStlAlgorithm,style,398.0,Other
qwen,gen_3,236,constVariableReference,style,398.0,Other
qwen,gen_3,236,constVariableReference,style,398.0,Other
qwen,gen_3,236,constVariableReference,style,398.0,Other
qwen,gen_3,236,constVariableReference,style,398.0,Other
qwen,gen_3,236,useStlAlgorithm,style,398.0,Other
qwen,gen_3,128,useStlAlgorithm,style,398.0,Other
qwen,gen_3,50,useStlAlgorithm,style,398.0,Other
qwen,gen_3,130,unreadVariable,style,563.0,Other
qwen,gen_3,252,useStlAlgorithm,style,398.0,Other
qwen,gen_3,269,useStlAlgorithm,style,398.0,Other
qwen,gen_3,269,useStlAlgorithm,style,398.0,Other
qwen,gen_3,269,useStlAlgorithm,style,398.0,Other
qwen,gen_3,263,shiftTooManyBitsSigned,portability,758.0,Logic / Undefined Behavior
qwen,gen_3,137,bitwiseOnBoolean,style,398.0,Other
qwen,gen_3,137,bitwiseOnBoolean,style,398.0,Other
qwen,gen_3,137,clarifyCondition,style,398.0,Other
qwen,gen_3,137,clarifyCondition,style,398.0,Other
qwen,gen_3,137,useStlAlgorithm,style,398.0,Other
qwen,gen_3,36,useStlAlgorithm,style,398.0,Other
qwen,gen_3,36,useStlAlgorithm,style,398.0,Other
qwen,gen_3,245,duplicateBranch,style,398.0,Other
qwen,gen_3,245,useStlAlgorithm,style,398.0,Other
qwen,gen_3,195,constVariableReference,style,398.0,Other
qwen,gen_3,195,useStlAlgorithm,style,398.0,Other
qwen,gen_3,155,functionConst,style,398.0,Other
qwen,gen_3,155,unreadVariable,style,563.0,Other
qwen,gen_3,155,unreadVariable,style,563.0,Other
qwen,gen_3,155,unreadVariable,style,563.0,Other
qwen,gen_3,155,unreadVariable,style,563.0,Other
qwen,gen_3,155,unreadVariable,style,563.0,Other
qwen,gen_3,155,unreadVariable,style,563.0,Other
qwen,gen_3,72,constParameterReference,style,398.0,Other
qwen,gen_3,197,constParameterReference,style,398.0,Other
qwen,gen_3,197,constParameterReference,style,398.0,Other
qwen,gen_3,178,useStlAlgorithm,style,398.0,Other
qwen,gen_3,223,useStlAlgorithm,style,398.0,Other
qwen,gen_3,223,useStlAlgorithm,style,398.0,Other
qwen,gen_3,108,useStlAlgorithm,style,398.0,Other
qwen,gen_3,206,useStlAlgorithm,style,398.0,Other
qwen,gen_3,206,useStlAlgorithm,style,398.0,Other
qwen,gen_3,206,useStlAlgorithm,style,398.0,Other
qwen,gen_3,205,variableScope,style,398.0,Other
qwen,gen_3,201,variableScope,style,398.0,Other
qwen,gen_3,201,variableScope,style,398.0,Other
qwen,gen_3,201,constVariable,style,398.0,Other
qwen,gen_3,201,constVariable,style,398.0,Other
qwen,gen_3,201,unreadVariable,style,563.0,Other
qwen,gen_3,180,variableScope,style,398.0,Other
qwen,gen_3,10,unreadVariable,style,563.0,Other
qwen,gen_3,58,passedByValue,performance,398.0,Other
qwen,gen_3,58,useStlAlgorithm,style,398.0,Other
qwen,gen_3,169,useStlAlgorithm,style,398.0,Other
qwen,gen_3,273,useStlAlgorithm,style,398.0,Other
qwen,gen_3,273,useStlAlgorithm,style,398.0,Other
qwen,gen_3,238,constVariableReference,style,398.0,Other
qwen,gen_3,13,passedByValue,performance,398.0,Other
qwen,gen_3,108,noExplicitConstructor,style,398.0,Other
qwen,gen_3,108,unusedVariable,style,563.0,Other
qwen,gen_3,7,useStlAlgorithm,style,398.0,Other
qwen,gen_3,229,unreadVariable,style,563.0,Other
qwen,gen_3,229,unreadVariable,style,563.0,Other
qwen,gen_3,85,useStlAlgorithm,style,398.0,Other
qwen,gen_1,146,variableScope,style,398.0,Other
qwen,gen_1,146,variableScope,style,398.0,Other
qwen,gen_1,171,constVariableReference,style,398.0,Other
qwen,gen_1,171,useStlAlgorithm,style,398.0,Other
qwen,gen_1,171,useStlAlgorithm,style,398.0,Other
qwen,gen_1,260,constVariableReference,style,398.0,Other
qwen,gen_1,198,constVariableReference,style,398.0,Other
qwen,gen_1,90,constVariableReference,style,398.0,Other
qwen,gen_1,97,useStlAlgorithm,style,398.0,Other
qwen,gen_1,142,useStlAlgorithm,style,398.0,Other
qwen,gen_1,200,variableScope,style,398.0,Other
qwen,gen_1,200,variableScope,style,398.0,Other
qwen,gen_1,248,constVariableReference,style,398.0,Other
qwen,gen_1,49,variableScope,style,398.0,Other
qwen,gen_1,49,variableScope,style,398.0,Other
qwen,gen_1,49,constParameterReference,style,398.0,Other
qwen,gen_1,177,constVariableReference,style,398.0,Other
qwen,gen_1,100,clarifyCalculation,style,783.0,Other
qwen,gen_1,109,knownConditionTrueFalse,style,571.0,Logic / Undefined Behavior
qwen,gen_1,109,knownConditionTrueFalse,style,570.0,Other
qwen,gen_1,109,unreadVariable,style,563.0,Other
qwen,gen_1,109,unreadVariable,style,563.0,Other
qwen,gen_1,231,useStlAlgorithm,style,398.0,Other
qwen,gen_1,231,useStlAlgorithm,style,398.0,Other
qwen,gen_1,278,passedByValue,performance,398.0,Other
qwen,gen_1,278,passedByValue,performance,398.0,Other
qwen,gen_1,82,variableScope,style,398.0,Other
qwen,gen_1,167,useStlAlgorithm,style,398.0,Other
qwen,gen_1,119,variableScope,style,398.0,Other
qwen,gen_1,119,unreadVariable,style,563.0,Other
qwen,gen_1,119,unreadVariable,style,563.0,Other
qwen,gen_1,119,unusedVariable,style,563.0,Other
qwen,gen_1,165,constVariableReference,style,398.0,Other
qwen,gen_1,178,unreadVariable,style,563.0,Other
qwen,gen_1,178,unreadVariable,style,563.0,Other
qwen,gen_1,178,unreadVariable,style,563.0,Other
qwen,gen_1,178,unreadVariable,style,563.0,Other
qwen,gen_1,231,useStlAlgorithm,style,398.0,Other
qwen,gen_1,141,constParameterReference,style,398.0,Other
qwen,gen_1,152,variableScope,style,398.0,Other
qwen,gen_1,147,constVariableReference,style,398.0,Other
qwen,gen_1,147,useStlAlgorithm,style,398.0,Other
qwen,gen_1,197,constVariableReference,style,398.0,Other
qwen,gen_1,197,useStlAlgorithm,style,398.0,Other
qwen,gen_1,197,unreadVariable,style,563.0,Other
qwen,gen_1,197,unreadVariable,style,563.0,Other
qwen,gen_1,121,useStlAlgorithm,style,398.0,Other
qwen,gen_1,141,useStlAlgorithm,style,398.0,Other
qwen,gen_1,102,shadowVariable,style,398.0,Other
qwen,gen_1,102,useStlAlgorithm,style,398.0,Other
qwen,gen_1,128,useStlAlgorithm,style,398.0,Other
qwen,gen_1,247,knownConditionTrueFalse,style,570.0,Other
qwen,gen_1,226,unreadVariable,style,563.0,Other
qwen,gen_1,64,unreadVariable,style,563.0,Other
qwen,gen_1,17,useStlAlgorithm,style,398.0,Other
qwen,gen_1,189,constVariableReference,style,398.0,Other
qwen,gen_1,209,constParameterReference,style,398.0,Other
qwen,gen_1,242,variableScope,style,398.0,Other
qwen,gen_1,242,variableScope,style,398.0,Other
qwen,gen_1,131,unhandledChar,error,,Other
qwen,gen_1,17,truncLongCastAssignment,style,197.0,Other
qwen,gen_1,219,useStlAlgorithm,style,398.0,Other
qwen,gen_1,46,useStlAlgorithm,style,398.0,Other
qwen,gen_1,255,useStlAlgorithm,style,398.0,Other
qwen,gen_1,255,useStlAlgorithm,style,398.0,Other
qwen,gen_1,255,useStlAlgorithm,style,398.0,Other
qwen,gen_1,264,useStlAlgorithm,style,398.0,Other
qwen,gen_1,115,useStlAlgorithm,style,398.0,Other
qwen,gen_1,159,constParameterReference,style,398.0,Other
qwen,gen_1,1,constVariableReference,style,398.0,Other
qwen,gen_1,1,constVariableReference,style,398.0,Other
qwen,gen_1,1,constVariableReference,style,398.0,Other
qwen,gen_1,1,useStlAlgorithm,style,398.0,Other
qwen,gen_1,1,useStlAlgorithm,style,398.0,Other
qwen,gen_1,69,truncLongCastAssignment,style,197.0,Other
qwen,gen_1,116,useStlAlgorithm,style,398.0,Other
qwen,gen_1,116,useStlAlgorithm,style,398.0,Other
qwen,gen_1,116,useStlAlgorithm,style,398.0,Other
qwen,gen_1,212,constVariableReference,style,398.0,Other
qwen,gen_1,212,constVariableReference,style,398.0,Other
qwen,gen_1,212,constVariableReference,style,398.0,Other
qwen,gen_1,261,shadowVariable,style,398.0,Other
qwen,gen_1,261,unusedVariable,style,563.0,Other
qwen,gen_1,129,constVariableReference,style,398.0,Other
qwen,gen_1,105,variableScope,style,398.0,Other
qwen,gen_1,157,constParameterReference,style,398.0,Other
qwen,gen_1,157,constParameterReference,style,398.0,Other
qwen,gen_1,157,constParameterReference,style,398.0,Other
qwen,gen_1,157,constVariable,style,398.0,Other
qwen,gen_1,157,constVariable,style,398.0,Other
qwen,gen_1,157,stlFindInsert,performance,398.0,Other
qwen,gen_1,266,constVariableReference,style,398.0,Other
qwen,gen_1,266,useStlAlgorithm,style,398.0,Other
qwen,gen_1,41,shadowVariable,style,398.0,Other
qwen,gen_1,41,shadowVariable,style,398.0,Other
qwen,gen_1,163,unreadVariable,style,563.0,Other
qwen,gen_1,258,useStlAlgorithm,style,398.0,Other
qwen,gen_1,258,useStlAlgorithm,style,398.0,Other
qwen,gen_1,38,duplicateExpression,style,398.0,Other
qwen,gen_1,271,invalidFunctionArg,warning,628.0,Other
qwen,gen_1,179,shadowArgument,style,398.0,Other
qwen,gen_1,262,duplicateExpression,style,398.0,Other
qwen,gen_1,262,useStlAlgorithm,style,398.0,Other
qwen,gen_1,63,knownConditionTrueFalse,style,571.0,Logic / Undefined Behavior
qwen,gen_1,123,noExplicitConstructor,style,398.0,Other
qwen,gen_1,123,constVariableReference,style,398.0,Other
qwen,gen_1,123,unreadVariable,style,563.0,Other
qwen,gen_1,123,unreadVariable,style,563.0,Other
qwen,gen_1,123,unreadVariable,style,563.0,Other
qwen,gen_1,174,constVariableReference,style,398.0,Other
qwen,gen_1,174,useStlAlgorithm,style,398.0,Other
qwen,gen_1,184,constVariableReference,style,398.0,Other
qwen,gen_1,184,constVariableReference,style,398.0,Other
qwen,gen_1,184,constVariableReference,style,398.0,Other
qwen,gen_1,184,useStlAlgorithm,style,398.0,Other
qwen,gen_1,245,unreadVariable,style,563.0,Other
qwen,gen_1,245,unreadVariable,style,563.0,Other
qwen,gen_1,205,constParameterReference,style,398.0,Other
qwen,gen_1,75,useStlAlgorithm,style,398.0,Other
qwen,gen_1,264,variableScope,style,398.0,Other
qwen,gen_1,264,shadowVariable,style,398.0,Other
qwen,gen_1,69,useStlAlgorithm,style,398.0,Other
qwen,gen_1,241,useStlAlgorithm,style,398.0,Other
qwen,gen_1,81,noExplicitConstructor,style,398.0,Other
qwen,gen_1,58,variableScope,style,398.0,Other
qwen,gen_1,58,constVariableReference,style,398.0,Other
qwen,gen_1,58,constVariableReference,style,398.0,Other
qwen,gen_1,58,useStlAlgorithm,style,398.0,Other
qwen,gen_1,78,knownConditionTrueFalse,style,571.0,Logic / Undefined Behavior
qwen,gen_1,78,constVariableReference,style,398.0,Other
qwen,gen_1,52,constParameter,style,398.0,Other
qwen,gen_1,52,constParameter,style,398.0,Other
qwen,gen_1,52,constParameter,style,398.0,Other
qwen,gen_1,52,constParameter,style,398.0,Other
qwen,gen_1,194,shiftTooManyBits,error,758.0,Logic / Undefined Behavior
qwen,gen_1,100,useStlAlgorithm,style,398.0,Other
qwen,gen_1,100,useStlAlgorithm,style,398.0,Other
qwen,gen_1,100,unreadVariable,style,563.0,Other
qwen,gen_1,100,unreadVariable,style,563.0,Other
qwen,gen_1,290,unreadVariable,style,563.0,Other
qwen,gen_1,290,unreadVariable,style,563.0,Other
qwen,gen_1,24,unreadVariable,style,563.0,Other
qwen,gen_1,24,unreadVariable,style,563.0,Other
qwen,gen_1,105,useStlAlgorithm,style,398.0,Other
qwen,gen_1,39,duplicateExpression,style,398.0,Other
qwen,gen_1,39,selfAssignment,style,398.0,Other
qwen,gen_1,4,shadowVariable,style,398.0,Other
qwen,gen_1,246,useStlAlgorithm,style,398.0,Other
qwen,gen_1,246,useStlAlgorithm,style,398.0,Other
qwen,gen_1,99,useStlAlgorithm,style,398.0,Other
qwen,gen_1,249,unreadVariable,style,563.0,Other
qwen,gen_1,249,unreadVariable,style,563.0,Other
qwen,gen_1,85,constVariableReference,style,398.0,Other
qwen,gen_1,85,constVariableReference,style,398.0,Other
qwen,gen_1,89,constVariableReference,style,398.0,Other
qwen,gen_1,159,constVariableReference,style,398.0,Other
qwen,gen_1,86,useStlAlgorithm,style,398.0,Other
qwen,gen_1,86,useStlAlgorithm,style,398.0,Other
qwen,gen_1,86,useStlAlgorithm,style,398.0,Other
qwen,gen_1,86,useStlAlgorithm,style,398.0,Other
qwen,gen_1,110,useStlAlgorithm,style,398.0,Other
qwen,gen_1,124,useStlAlgorithm,style,398.0,Other
qwen,gen_1,64,useStlAlgorithm,style,398.0,Other
qwen,gen_1,129,constVariableReference,style,398.0,Other
qwen,gen_1,129,useStlAlgorithm,style,398.0,Other
qwen,gen_1,185,invalidPrintfArgType_float,warning,686.0,Other
qwen,gen_1,164,useStlAlgorithm,style,398.0,Other
qwen,gen_1,156,useStlAlgorithm,style,398.0,Other
qwen,gen_1,184,constVariableReference,style,398.0,Other
qwen,gen_1,184,constVariableReference,style,398.0,Other
qwen,gen_1,184,constVariableReference,style,398.0,Other
qwen,gen_1,184,constVariableReference,style,398.0,Other
qwen,gen_1,184,useStlAlgorithm,style,398.0,Other
qwen,gen_1,184,useStlAlgorithm,style,398.0,Other
qwen,gen_1,272,constVariableReference,style,398.0,Other
qwen,gen_1,193,shadowVariable,style,398.0,Other
qwen,gen_1,125,constVariableReference,style,398.0,Other
qwen,gen_1,234,constVariableReference,style,398.0,Other
qwen,gen_1,66,shadowVariable,style,398.0,Other
qwen,gen_1,123,constParameterReference,style,398.0,Other
qwen,gen_1,200,constVariable,style,398.0,Other
qwen,gen_1,200,constVariable,style,398.0,Other
qwen,gen_1,243,unreadVariable,style,563.0,Other
qwen,gen_1,243,unreadVariable,style,563.0,Other
qwen,gen_1,125,unreadVariable,style,563.0,Other
qwen,gen_1,204,negativeContainerIndex,warning,786.0,Other
qwen,gen_1,220,useStlAlgorithm,style,398.0,Other
qwen,gen_1,202,useStlAlgorithm,style,398.0,Other
qwen,gen_1,24,functionConst,style,398.0,Other
qwen,gen_1,94,constVariableReference,style,398.0,Other
qwen,gen_1,118,noExplicitConstructor,style,398.0,Other
qwen,gen_1,77,variableScope,style,398.0,Other
qwen,gen_1,77,constVariableReference,style,398.0,Other
qwen,gen_1,77,constVariableReference,style,398.0,Other
qwen,gen_1,77,constVariableReference,style,398.0,Other
qwen,gen_1,77,stlFindInsert,performance,398.0,Other
qwen,gen_1,71,constVariableReference,style,398.0,Other
qwen,gen_1,89,constVariableReference,style,398.0,Other
qwen,gen_1,89,constVariableReference,style,398.0,Other
qwen,gen_1,89,useStlAlgorithm,style,398.0,Other
qwen,gen_1,140,constParameterReference,style,398.0,Other
qwen,gen_1,258,shadowVariable,style,398.0,Other
qwen,gen_1,258,stlFindInsert,performance,398.0,Other
qwen,gen_1,291,passedByValue,performance,398.0,Other
qwen,gen_1,291,useStlAlgorithm,style,398.0,Other
qwen,gen_1,114,variableScope,style,398.0,Other
qwen,gen_1,103,variableScope,style,398.0,Other
qwen,gen_1,199,variableScope,style,398.0,Other
qwen,gen_1,72,initializerList,style,398.0,Other
qwen,gen_1,72,initializerList,style,398.0,Other
qwen,gen_1,72,functionConst,style,398.0,Other
qwen,gen_1,72,functionConst,style,398.0,Other
qwen,gen_1,72,noExplicitConstructor,style,398.0,Other
qwen,gen_1,72,noExplicitConstructor,style,398.0,Other
qwen,gen_1,72,unreadVariable,style,563.0,Other
qwen,gen_1,223,useStlAlgorithm,style,398.0,Other
qwen,gen_1,15,variableScope,style,398.0,Other
qwen,gen_1,15,unreadVariable,style,563.0,Other
qwen,gen_1,15,unreadVariable,style,563.0,Other
qwen,gen_1,7,constParameterReference,style,398.0,Other
qwen,gen_1,250,shadowVariable,style,398.0,Other
qwen,gen_1,250,shadowVariable,style,398.0,Other
qwen,gen_1,250,shadowVariable,style,398.0,Other
qwen,gen_1,3,unreadVariable,style,563.0,Other
qwen,gen_1,3,unreadVariable,style,563.0,Other
qwen,gen_1,227,constVariableReference,style,398.0,Other
qwen,gen_1,62,uninitvar,warning,457.0,Null / Initialization
qwen,gen_1,62,uninitvar,warning,457.0,Null / Initialization
qwen,gen_1,62,uninitvar,warning,457.0,Null / Initialization
qwen,gen_1,62,uninitvar,warning,457.0,Null / Initialization
qwen,gen_1,222,functionConst,style,398.0,Other
qwen,gen_1,222,knownConditionTrueFalse,style,571.0,Logic / Undefined Behavior
qwen,gen_1,222,shadowVariable,style,398.0,Other
qwen,gen_1,222,shadowVariable,style,398.0,Other
qwen,gen_1,222,constStatement,warning,398.0,Other
qwen,gen_1,39,unreadVariable,style,563.0,Other
qwen,gen_1,39,unreadVariable,style,563.0,Other
qwen,gen_1,25,unreadVariable,style,563.0,Other
qwen,gen_1,25,unreadVariable,style,563.0,Other
qwen,gen_1,187,useStlAlgorithm,style,398.0,Other
qwen,gen_1,99,useStlAlgorithm,style,398.0,Other
qwen,gen_1,99,useStlAlgorithm,style,398.0,Other
qwen,gen_1,99,useStlAlgorithm,style,398.0,Other
qwen,gen_1,51,useStlAlgorithm,style,398.0,Other
qwen,gen_1,51,unreadVariable,style,563.0,Other
qwen,gen_1,51,unreadVariable,style,563.0,Other
qwen,gen_1,18,unreadVariable,style,563.0,Other
qwen,gen_1,18,unreadVariable,style,563.0,Other
qwen,gen_1,67,constVariableReference,style,398.0,Other
qwen,gen_1,23,constParameter,style,398.0,Other
qwen,gen_1,23,uninitvar,warning,457.0,Null / Initialization
qwen,gen_1,209,unreadVariable,style,563.0,Other
qwen,gen_1,209,unreadVariable,style,563.0,Other
qwen,gen_1,209,unreadVariable,style,563.0,Other
qwen,gen_1,209,unreadVariable,style,563.0,Other
qwen,gen_1,209,unreadVariable,style,563.0,Other
qwen,gen_1,209,unreadVariable,style,563.0,Other
qwen,gen_1,209,unreadVariable,style,563.0,Other
qwen,gen_1,74,constVariable,style,398.0,Other
qwen,gen_1,244,constVariableReference,style,398.0,Other
qwen,gen_1,244,useStlAlgorithm,style,398.0,Other
qwen,gen_1,101,useStlAlgorithm,style,398.0,Other
qwen,gen_1,101,useStlAlgorithm,style,398.0,Other
qwen,gen_1,101,useStlAlgorithm,style,398.0,Other
qwen,gen_1,101,useStlAlgorithm,style,398.0,Other
qwen,gen_1,263,useStlAlgorithm,style,398.0,Other
qwen,gen_1,64,useStlAlgorithm,style,398.0,Other
qwen,gen_1,227,noExplicitConstructor,style,398.0,Other
qwen,gen_1,227,useStlAlgorithm,style,398.0,Other
qwen,gen_1,227,invalidContainerLoop,error,664.0,Other
qwen,gen_1,114,constVariableReference,style,398.0,Other
qwen,gen_1,114,useStlAlgorithm,style,398.0,Other
qwen,gen_1,204,unreadVariable,style,563.0,Other
qwen,gen_1,204,unreadVariable,style,563.0,Other
qwen,gen_1,40,useStlAlgorithm,style,398.0,Other
qwen,gen_1,153,useStlAlgorithm,style,398.0,Other
qwen,gen_1,153,unreadVariable,style,563.0,Other
qwen,gen_1,153,unreadVariable,style,563.0,Other
qwen,gen_1,176,iterateByValue,performance,398.0,Other
qwen,gen_1,218,useStlAlgorithm,style,398.0,Other
qwen,gen_1,1,functionConst,style,398.0,Other
qwen,gen_1,219,unreadVariable,style,563.0,Other
qwen,gen_1,219,unreadVariable,style,563.0,Other
qwen,gen_1,219,unreadVariable,style,563.0,Other
qwen,gen_1,219,unreadVariable,style,563.0,Other
qwen,gen_1,101,useStlAlgorithm,style,398.0,Other
qwen,gen_1,101,useStlAlgorithm,style,398.0,Other
qwen,gen_1,158,knownConditionTrueFalse,style,571.0,Logic / Undefined Behavior
qwen,gen_1,19,constVariableReference,style,398.0,Other
qwen,gen_1,232,useStlAlgorithm,style,398.0,Other
qwen,gen_1,14,useStlAlgorithm,style,398.0,Other
qwen,gen_1,0,constVariableReference,style,398.0,Other
qwen,gen_1,0,constVariableReference,style,398.0,Other
qwen,gen_1,0,useStlAlgorithm,style,398.0,Other
qwen,gen_1,17,constParameterReference,style,398.0,Other
qwen,gen_1,28,constParameterReference,style,398.0,Other
qwen,gen_1,28,constParameterReference,style,398.0,Other
qwen,gen_1,98,incompleteArrayFill,portability,131.0,Other
qwen,gen_1,98,incompleteArrayFill,portability,131.0,Other
qwen,gen_1,112,uninitvar,warning,457.0,Null / Initialization
qwen,gen_1,112,uninitvar,warning,457.0,Null / Initialization
qwen,gen_1,112,uninitvar,warning,457.0,Null / Initialization
qwen,gen_1,112,uninitvar,warning,457.0,Null / Initialization
qwen,gen_1,232,unusedStructMember,style,563.0,Other
qwen,gen_1,232,unusedStructMember,style,563.0,Other
qwen,gen_1,9,useStlAlgorithm,style,398.0,Other
qwen,gen_1,9,useStlAlgorithm,style,398.0,Other
qwen,gen_1,75,uninitMemberVar,warning,398.0,Other
qwen,gen_1,75,uninitMemberVar,warning,398.0,Other
qwen,gen_1,75,passedByValue,performance,398.0,Other
qwen,gen_1,75,passedByValue,performance,398.0,Other
qwen,gen_1,75,passedByValue,performance,398.0,Other
qwen,gen_1,75,passedByValue,performance,398.0,Other
qwen,gen_1,75,passedByValue,performance,398.0,Other
qwen,gen_1,75,passedByValue,performance,398.0,Other
qwen,gen_1,75,constVariableReference,style,398.0,Other
qwen,gen_1,75,unreadVariable,style,563.0,Other
qwen,gen_1,75,unreadVariable,style,563.0,Other
qwen,gen_1,75,unreadVariable,style,563.0,Other
qwen,gen_1,75,unreadVariable,style,563.0,Other
qwen,gen_1,150,unreadVariable,style,563.0,Other
qwen,gen_1,150,unreadVariable,style,563.0,Other
qwen,gen_1,150,unreadVariable,style,563.0,Other
qwen,gen_1,247,unreadVariable,style,563.0,Other
qwen,gen_1,142,useStlAlgorithm,style,398.0,Other
qwen,gen_1,114,shadowVariable,style,398.0,Other
qwen,gen_1,114,useStlAlgorithm,style,398.0,Other
qwen,gen_1,114,useStlAlgorithm,style,398.0,Other
qwen,gen_1,175,unreadVariable,style,563.0,Other
qwen,gen_1,175,unreadVariable,style,563.0,Other
qwen,gen_1,145,noExplicitConstructor,style,398.0,Other
qwen,gen_1,282,unreadVariable,style,563.0,Other
qwen,gen_1,282,unreadVariable,style,563.0,Other
qwen,gen_1,215,duplicateCondition,style,398.0,Other
qwen,gen_1,111,passedByValue,performance,398.0,Other
qwen,gen_1,111,constParameterReference,style,398.0,Other
qwen,gen_1,111,constParameterReference,style,398.0,Other
qwen,gen_1,111,constParameterReference,style,398.0,Other
qwen,gen_1,261,useStlAlgorithm,style,398.0,Other
qwen,gen_1,2,useStlAlgorithm,style,398.0,Other
qwen,gen_1,158,constVariableReference,style,398.0,Other
qwen,gen_1,158,useStlAlgorithm,style,398.0,Other
qwen,gen_1,0,negativeIndex,error,786.0,Other
qwen,gen_1,0,negativeIndex,error,786.0,Other
qwen,gen_1,0,constVariableReference,style,398.0,Other
qwen,gen_1,0,constVariableReference,style,398.0,Other
qwen,gen_1,0,useStlAlgorithm,style,398.0,Other
qwen,gen_1,0,negativeContainerIndex,warning,786.0,Other
qwen,gen_1,210,passedByValue,performance,398.0,Other
qwen,gen_1,1,constVariableReference,style,398.0,Other
qwen,gen_1,1,constVariableReference,style,398.0,Other
qwen,gen_1,1,useStlAlgorithm,style,398.0,Other
qwen,gen_1,223,constParameterReference,style,398.0,Other
qwen,gen_1,163,redundantInitialization,style,563.0,Other
qwen,gen_1,163,redundantInitialization,style,563.0,Other
qwen,gen_1,163,redundantInitialization,style,563.0,Other
qwen,gen_1,260,useStlAlgorithm,style,398.0,Other
qwen,gen_1,260,unreadVariable,style,563.0,Other
qwen,gen_1,189,useStlAlgorithm,style,398.0,Other
qwen,gen_1,116,variableScope,style,398.0,Other
qwen,gen_1,116,constVariable,style,398.0,Other
qwen,gen_1,116,useStlAlgorithm,style,398.0,Other
qwen,gen_1,116,useStlAlgorithm,style,398.0,Other
qwen,gen_1,116,useStlAlgorithm,style,398.0,Other
qwen,gen_1,213,useStlAlgorithm,style,398.0,Other
qwen,gen_1,136,useStlAlgorithm,style,398.0,Other
qwen,gen_1,3,unreadVariable,style,563.0,Other
qwen,gen_1,3,unreadVariable,style,563.0,Other
qwen,gen_1,3,unreadVariable,style,563.0,Other
qwen,gen_1,3,unreadVariable,style,563.0,Other
qwen,gen_1,92,containerOutOfBounds,error,398.0,Other
qwen,gen_1,15,constVariableReference,style,398.0,Other
qwen,gen_1,224,useStlAlgorithm,style,398.0,Other
qwen,gen_1,113,unreadVariable,style,563.0,Other
qwen,gen_1,113,unreadVariable,style,563.0,Other
qwen,gen_1,254,useStlAlgorithm,style,398.0,Other
qwen,gen_1,211,assignBoolToFloat,style,704.0,Other
qwen,gen_1,211,constVariableReference,style,398.0,Other
qwen,gen_1,211,constVariableReference,style,398.0,Other
qwen,gen_1,280,constVariableReference,style,398.0,Other
qwen,gen_1,280,constVariableReference,style,398.0,Other
qwen,gen_1,172,unreadVariable,style,563.0,Other
qwen,gen_1,278,useStlAlgorithm,style,398.0,Other
qwen,gen_1,214,constVariableReference,style,398.0,Other
qwen,gen_1,246,passedByValue,performance,398.0,Other
qwen,gen_1,246,constVariablePointer,style,398.0,Other
qwen,gen_1,246,constVariablePointer,style,398.0,Other
qwen,gen_1,246,useStlAlgorithm,style,398.0,Other
qwen,gen_1,246,useStlAlgorithm,style,398.0,Other
qwen,gen_1,246,incorrectStringCompare,warning,570.0,Other
qwen,gen_1,246,incorrectStringCompare,warning,570.0,Other
qwen,gen_1,246,incorrectStringCompare,warning,570.0,Other
qwen,gen_1,246,incorrectStringCompare,warning,570.0,Other
qwen,gen_1,246,unreadVariable,style,563.0,Other
qwen,gen_1,194,shadowVariable,style,398.0,Other
qwen,gen_1,194,unusedStructMember,style,563.0,Other
qwen,gen_1,194,unusedStructMember,style,563.0,Other
qwen,gen_1,194,unusedStructMember,style,563.0,Other
qwen,gen_1,116,unreadVariable,style,563.0,Other
qwen,gen_1,116,unreadVariable,style,563.0,Other
qwen,gen_1,116,unreadVariable,style,563.0,Other
qwen,gen_1,116,unreadVariable,style,563.0,Other
qwen,gen_1,243,arrayIndexOutOfBounds,error,788.0,Other
qwen,gen_1,243,arrayIndexOutOfBounds,error,788.0,Other
qwen,gen_1,243,shadowVariable,style,398.0,Other
qwen,gen_1,105,constVariableReference,style,398.0,Other
qwen,gen_1,105,useStlAlgorithm,style,398.0,Other
qwen,gen_1,227,constVariable,style,398.0,Other
qwen,gen_1,157,constVariableReference,style,398.0,Other
qwen,gen_1,20,useStlAlgorithm,style,398.0,Other
qwen,gen_1,8,variableScope,style,398.0,Other
qwen,gen_1,83,constVariable,style,398.0,Other
qwen,gen_1,83,unreadVariable,style,563.0,Other
qwen,gen_1,83,unreadVariable,style,563.0,Other
qwen,gen_1,83,unreadVariable,style,563.0,Other
qwen,gen_1,83,unreadVariable,style,563.0,Other
qwen,gen_1,229,useStlAlgorithm,style,398.0,Other
qwen,gen_1,229,useStlAlgorithm,style,398.0,Other
qwen,gen_1,229,useStlAlgorithm,style,398.0,Other
qwen,gen_1,229,useStlAlgorithm,style,398.0,Other
qwen,gen_1,113,constParameterReference,style,398.0,Other
qwen,gen_1,113,constParameterReference,style,398.0,Other
qwen,gen_1,113,constParameterReference,style,398.0,Other
qwen,gen_1,113,constParameterReference,style,398.0,Other
qwen,gen_1,255,functionConst,style,398.0,Other
qwen,gen_1,255,noExplicitConstructor,style,398.0,Other
qwen,gen_1,173,constVariable,style,398.0,Other
qwen,gen_1,173,constVariable,style,398.0,Other
qwen,gen_1,41,useStlAlgorithm,style,398.0,Other
qwen,gen_1,253,useStlAlgorithm,style,398.0,Other
qwen,gen_1,257,useStlAlgorithm,style,398.0,Other
qwen,gen_1,257,useStlAlgorithm,style,398.0,Other
qwen,gen_1,240,unreadVariable,style,563.0,Other
qwen,gen_1,240,unreadVariable,style,563.0,Other
qwen,gen_1,84,useStlAlgorithm,style,398.0,Other
qwen,gen_1,118,duplicateAssignExpression,style,398.0,Other
qwen,gen_1,118,constVariableReference,style,398.0,Other
qwen,gen_1,118,constVariableReference,style,398.0,Other
qwen,gen_1,30,constVariable,style,398.0,Other
qwen,gen_1,14,useStlAlgorithm,style,398.0,Other
qwen,gen_1,14,useStlAlgorithm,style,398.0,Other
qwen,gen_1,16,unreadVariable,style,563.0,Other
qwen,gen_1,16,unreadVariable,style,563.0,Other
qwen,gen_1,8,constVariableReference,style,398.0,Other
qwen,gen_1,198,uninitMemberVar,warning,398.0,Other
qwen,gen_1,198,uninitMemberVar,warning,398.0,Other
qwen,gen_1,198,uninitMemberVar,warning,398.0,Other
qwen,gen_1,198,passedByValue,performance,398.0,Other
qwen,gen_1,198,passedByValue,performance,398.0,Other
qwen,gen_1,198,passedByValue,performance,398.0,Other
qwen,gen_1,198,constVariableReference,style,398.0,Other
qwen,gen_1,198,useStlAlgorithm,style,398.0,Other
qwen,gen_1,198,unreadVariable,style,563.0,Other
qwen,gen_1,198,unreadVariable,style,563.0,Other
qwen,gen_1,251,unreadVariable,style,563.0,Other
qwen,gen_1,251,unreadVariable,style,563.0,Other
qwen,gen_1,134,constVariableReference,style,398.0,Other
qwen,gen_1,216,syntaxError,error,,Other
qwen,gen_1,67,constParameterReference,style,398.0,Other
qwen,gen_1,168,constVariableReference,style,398.0,Other
qwen,gen_1,168,constVariableReference,style,398.0,Other
qwen,gen_1,32,constVariableReference,style,398.0,Other
qwen,gen_1,212,negativeIndex,error,786.0,Other
qwen,gen_1,237,knownConditionTrueFalse,style,570.0,Other
qwen,gen_1,237,knownConditionTrueFalse,style,570.0,Other
qwen,gen_1,73,shadowVariable,style,398.0,Other
qwen,gen_1,73,shadowVariable,style,398.0,Other
qwen,gen_1,73,shadowVariable,style,398.0,Other
qwen,gen_1,60,knownConditionTrueFalse,style,571.0,Logic / Undefined Behavior
qwen,gen_1,177,constVariable,style,398.0,Other
qwen,gen_1,45,negativeContainerIndex,warning,786.0,Other
qwen,gen_1,110,noConstructor,style,398.0,Other
qwen,gen_1,110,functionConst,style,398.0,Other
qwen,gen_1,110,noExplicitConstructor,style,398.0,Other
qwen,gen_1,110,noExplicitConstructor,style,398.0,Other
qwen,gen_1,122,unreadVariable,style,563.0,Other
qwen,gen_1,89,useStlAlgorithm,style,398.0,Other
qwen,gen_1,236,useStlAlgorithm,style,398.0,Other
qwen,gen_1,236,negativeContainerIndex,warning,786.0,Other
qwen,gen_1,111,variableScope,style,398.0,Other
qwen,gen_1,111,constVariableReference,style,398.0,Other
qwen,gen_1,111,constVariableReference,style,398.0,Other
qwen,gen_1,111,constVariableReference,style,398.0,Other
qwen,gen_1,265,useStlAlgorithm,style,398.0,Other
qwen,gen_1,265,unreadVariable,style,563.0,Other
qwen,gen_1,265,unusedVariable,style,563.0,Other
qwen,gen_1,22,knownConditionTrueFalse,style,571.0,Logic / Undefined Behavior
qwen,gen_1,22,useStlAlgorithm,style,398.0,Other
qwen,gen_1,22,unreadVariable,style,563.0,Other
qwen,gen_1,147,containerOutOfBounds,error,398.0,Other
qwen,gen_1,98,useStlAlgorithm,style,398.0,Other
qwen,gen_1,225,constVariableReference,style,398.0,Other
qwen,gen_1,225,useStlAlgorithm,style,398.0,Other
qwen,gen_1,6,unreadVariable,style,563.0,Other
qwen,gen_1,6,unreadVariable,style,563.0,Other
qwen,gen_1,139,useStlAlgorithm,style,398.0,Other
qwen,gen_1,48,constVariableReference,style,398.0,Other
qwen,gen_1,48,useStlAlgorithm,style,398.0,Other
qwen,gen_1,172,useStlAlgorithm,style,398.0,Other
qwen,gen_1,51,useStlAlgorithm,style,398.0,Other
qwen,gen_1,265,constVariableReference,style,398.0,Other
qwen,gen_1,220,useStlAlgorithm,style,398.0,Other
qwen,gen_1,256,unreadVariable,style,563.0,Other
qwen,gen_1,50,constVariableReference,style,398.0,Other
qwen,gen_1,50,constVariableReference,style,398.0,Other
qwen,gen_1,50,constVariableReference,style,398.0,Other
qwen,gen_1,50,constVariableReference,style,398.0,Other
qwen,gen_1,13,constVariableReference,style,398.0,Other
qwen,gen_1,11,constVariableReference,style,398.0,Other
qwen,gen_1,11,useStlAlgorithm,style,398.0,Other
qwen,gen_1,289,useStlAlgorithm,style,398.0,Other
qwen,gen_1,244,constVariableReference,style,398.0,Other
qwen,gen_1,97,variableScope,style,398.0,Other
qwen,gen_1,97,constParameterReference,style,398.0,Other
qwen,gen_1,97,constVariableReference,style,398.0,Other
qwen,gen_1,97,useStlAlgorithm,style,398.0,Other
qwen,gen_1,97,useStlAlgorithm,style,398.0,Other
qwen,gen_1,97,unusedStructMember,style,563.0,Other
qwen,gen_1,97,unusedStructMember,style,563.0,Other
qwen,gen_1,97,unreadVariable,style,563.0,Other
qwen,gen_1,97,unreadVariable,style,563.0,Other
qwen,gen_1,74,useStlAlgorithm,style,398.0,Other
qwen,gen_1,230,unhandledChar,error,,Other
qwen,gen_1,269,arrayIndexOutOfBounds,error,788.0,Other
qwen,gen_1,269,shiftTooManyBits,error,758.0,Logic / Undefined Behavior
qwen,gen_1,269,integerOverflow,error,190.0,Bounds / Integer
qwen,gen_1,45,constParameterReference,style,398.0,Other
qwen,gen_1,45,constParameterReference,style,398.0,Other
qwen,gen_1,154,constVariable,style,398.0,Other
qwen,gen_1,154,unreadVariable,style,563.0,Other
qwen,gen_1,269,variableScope,style,398.0,Other
qwen,gen_1,269,variableScope,style,398.0,Other
qwen,gen_1,269,unreadVariable,style,563.0,Other
qwen,gen_1,269,unreadVariable,style,563.0,Other
qwen,gen_1,137,constVariable,style,398.0,Other
qwen,gen_1,137,constVariable,style,398.0,Other
qwen,gen_1,263,redundantAssignment,style,563.0,Other
qwen,gen_1,120,useStlAlgorithm,style,398.0,Other
qwen,gen_1,195,variableScope,style,398.0,Other
qwen,gen_1,195,constVariableReference,style,398.0,Other
qwen,gen_1,72,constParameterReference,style,398.0,Other
qwen,gen_1,232,uninitMemberVar,warning,398.0,Other
qwen,gen_1,232,uninitMemberVar,warning,398.0,Other
qwen,gen_1,232,useStlAlgorithm,style,398.0,Other
qwen,gen_1,183,constVariable,style,398.0,Other
qwen,gen_1,183,constVariable,style,398.0,Other
qwen,gen_1,233,legacyUninitvar,error,457.0,Null / Initialization
qwen,gen_1,161,useStlAlgorithm,style,398.0,Other
qwen,gen_1,49,constVariableReference,style,398.0,Other
qwen,gen_1,49,unreadVariable,style,563.0,Other
qwen,gen_1,49,unreadVariable,style,563.0,Other
qwen,gen_1,67,unhandledChar,error,,Other
qwen,gen_1,256,constVariableReference,style,398.0,Other
qwen,gen_1,256,constVariableReference,style,398.0,Other
qwen,gen_1,161,shadowVariable,style,398.0,Other
qwen,gen_1,56,constVariableReference,style,398.0,Other
qwen,gen_1,56,containerOutOfBounds,warning,398.0,Other
qwen,gen_1,59,negativeContainerIndex,warning,786.0,Other
qwen,gen_1,10,useStlAlgorithm,style,398.0,Other
qwen,gen_1,10,useStlAlgorithm,style,398.0,Other
qwen,gen_1,58,stlFindInsert,performance,398.0,Other
qwen,gen_1,58,useStlAlgorithm,style,398.0,Other
qwen,gen_1,273,useStlAlgorithm,style,398.0,Other
qwen,gen_1,187,constParameterReference,style,398.0,Other
qwen,gen_1,187,constVariableReference,style,398.0,Other
qwen,gen_1,115,useStlAlgorithm,style,398.0,Other
qwen,gen_1,7,useStlAlgorithm,style,398.0,Other
qwen,gen_1,85,useStlAlgorithm,style,398.0,Other
qwen,gen_1,46,knownConditionTrueFalse,style,570.0,Other
qwen,gen_1,46,shadowVariable,style,398.0,Other
qwen,gen_1,46,useStlAlgorithm,style,398.0,Other
qwen,gen_2,171,constVariableReference,style,398.0,Other
qwen,gen_2,171,constVariableReference,style,398.0,Other
qwen,gen_2,171,constVariableReference,style,398.0,Other
qwen,gen_2,171,constVariableReference,style,398.0,Other
qwen,gen_2,234,constParameterReference,style,398.0,Other
qwen,gen_2,198,postfixOperator,performance,398.0,Other
qwen,gen_2,198,postfixOperator,performance,398.0,Other
qwen,gen_2,28,invalidContainerLoop,error,664.0,Other
qwen,gen_2,28,unreadVariable,style,563.0,Other
qwen,gen_2,28,unreadVariable,style,563.0,Other
qwen,gen_2,28,unreadVariable,style,563.0,Other
qwen,gen_2,28,unusedVariable,style,563.0,Other
qwen,gen_2,28,unreadVariable,style,563.0,Other
qwen,gen_2,28,unreadVariable,style,563.0,Other
qwen,gen_2,28,unreadVariable,style,563.0,Other
qwen,gen_2,69,variableScope,style,398.0,Other
qwen,gen_2,69,constVariableReference,style,398.0,Other
qwen,gen_2,69,unreadVariable,style,563.0,Other
qwen,gen_2,49,constParameterReference,style,398.0,Other
qwen,gen_2,49,constParameterReference,style,398.0,Other
qwen,gen_2,49,constParameterReference,style,398.0,Other
qwen,gen_2,49,constParameterReference,style,398.0,Other
qwen,gen_2,49,constParameterReference,style,398.0,Other
qwen,gen_2,12,functionConst,style,398.0,Other
qwen,gen_2,12,noExplicitConstructor,style,398.0,Other
qwen,gen_2,12,unreadVariable,style,563.0,Other
qwen,gen_2,245,constVariableReference,style,398.0,Other
qwen,gen_2,231,useStlAlgorithm,style,398.0,Other
qwen,gen_2,144,useStlAlgorithm,style,398.0,Other
qwen,gen_2,83,useStlAlgorithm,style,398.0,Other
qwen,gen_2,216,variableScope,style,398.0,Other
qwen,gen_2,249,knownConditionTrueFalse,style,570.0,Other
qwen,gen_2,36,useStlAlgorithm,style,398.0,Other
qwen,gen_2,106,shadowVariable,style,398.0,Other
qwen,gen_2,106,constVariableReference,style,398.0,Other
qwen,gen_2,106,constVariableReference,style,398.0,Other
qwen,gen_2,106,unusedVariable,style,563.0,Other
qwen,gen_2,219,useStlAlgorithm,style,398.0,Other
qwen,gen_2,63,constVariableReference,style,398.0,Other
qwen,gen_2,63,constVariableReference,style,398.0,Other
qwen,gen_2,33,badBitmaskCheck,style,571.0,Logic / Undefined Behavior
qwen,gen_2,121,useStlAlgorithm,style,398.0,Other
qwen,gen_2,137,useStlAlgorithm,style,398.0,Other
qwen,gen_2,137,unreadVariable,style,563.0,Other
qwen,gen_2,137,unreadVariable,style,563.0,Other
qwen,gen_2,137,unreadVariable,style,563.0,Other
qwen,gen_2,137,unreadVariable,style,563.0,Other
qwen,gen_2,137,unreadVariable,style,563.0,Other
qwen,gen_2,137,unreadVariable,style,563.0,Other
qwen,gen_2,137,unreadVariable,style,563.0,Other
qwen,gen_2,137,unreadVariable,style,563.0,Other
qwen,gen_2,137,unreadVariable,style,563.0,Other
qwen,gen_2,137,unreadVariable,style,563.0,Other
qwen,gen_2,137,unreadVariable,style,563.0,Other
qwen,gen_2,137,unreadVariable,style,563.0,Other
qwen,gen_2,142,duplicateBranch,style,398.0,Other
qwen,gen_2,142,unreadVariable,style,563.0,Other
qwen,gen_2,142,unreadVariable,style,563.0,Other
qwen,gen_2,142,unreadVariable,style,563.0,Other
qwen,gen_2,142,unreadVariable,style,563.0,Other
qwen,gen_2,142,unreadVariable,style,563.0,Other
qwen,gen_2,205,knownConditionTrueFalse,style,570.0,Other
qwen,gen_2,205,knownConditionTrueFalse,style,570.0,Other
qwen,gen_2,205,variableScope,style,398.0,Other
qwen,gen_2,101,constVariable,style,398.0,Other
qwen,gen_2,101,constVariable,style,398.0,Other
qwen,gen_2,44,useStlAlgorithm,style,398.0,Other
qwen,gen_2,128,useStlAlgorithm,style,398.0,Other
qwen,gen_2,84,passedByValue,performance,398.0,Other
qwen,gen_2,84,passedByValue,performance,398.0,Other
qwen,gen_2,84,useStlAlgorithm,style,398.0,Other
qwen,gen_2,84,useStlAlgorithm,style,398.0,Other
qwen,gen_2,84,useStlAlgorithm,style,398.0,Other
qwen,gen_2,84,unreadVariable,style,563.0,Other
qwen,gen_2,84,unreadVariable,style,563.0,Other
qwen,gen_2,64,useStlAlgorithm,style,398.0,Other
qwen,gen_2,171,useStlAlgorithm,style,398.0,Other
qwen,gen_2,26,passedByValue,performance,398.0,Other
qwen,gen_2,254,variableScope,style,398.0,Other
qwen,gen_2,254,variableScope,style,398.0,Other
qwen,gen_2,16,redundantAssignment,style,563.0,Other
qwen,gen_2,16,variableScope,style,398.0,Other
qwen,gen_2,16,useStlAlgorithm,style,398.0,Other
qwen,gen_2,16,unreadVariable,style,563.0,Other
qwen,gen_2,16,unreadVariable,style,563.0,Other
qwen,gen_2,16,unreadVariable,style,563.0,Other
qwen,gen_2,125,knownConditionTrueFalse,style,570.0,Other
qwen,gen_2,125,knownConditionTrueFalse,style,570.0,Other
qwen,gen_2,125,knownConditionTrueFalse,style,570.0,Other
qwen,gen_2,198,useStlAlgorithm,style,398.0,Other
qwen,gen_2,177,useStlAlgorithm,style,398.0,Other
qwen,gen_2,177,useStlAlgorithm,style,398.0,Other
qwen,gen_2,177,useStlAlgorithm,style,398.0,Other
qwen,gen_2,1,constVariableReference,style,398.0,Other
qwen,gen_2,1,unreadVariable,style,563.0,Other
qwen,gen_2,75,unreadVariable,style,563.0,Other
qwen,gen_2,176,useStlAlgorithm,style,398.0,Other
qwen,gen_2,116,useStlAlgorithm,style,398.0,Other
qwen,gen_2,50,knownConditionTrueFalse,style,571.0,Logic / Undefined Behavior
qwen,gen_2,50,variableScope,style,398.0,Other
qwen,gen_2,50,unreadVariable,style,563.0,Other
qwen,gen_2,50,unreadVariable,style,563.0,Other
qwen,gen_2,50,unreadVariable,style,563.0,Other
qwen,gen_2,95,unreadVariable,style,563.0,Other
qwen,gen_2,261,constVariableReference,style,398.0,Other
qwen,gen_2,252,functionConst,style,398.0,Other
qwen,gen_2,252,noExplicitConstructor,style,398.0,Other
qwen,gen_2,252,shadowVariable,style,398.0,Other
qwen,gen_2,108,unreadVariable,style,563.0,Other
qwen,gen_2,108,unreadVariable,style,563.0,Other
qwen,gen_2,195,constParameterReference,style,398.0,Other
qwen,gen_2,195,useStlAlgorithm,style,398.0,Other
qwen,gen_2,247,useStlAlgorithm,style,398.0,Other
qwen,gen_2,247,unreadVariable,style,563.0,Other
qwen,gen_2,76,unreadVariable,style,563.0,Other
qwen,gen_2,76,unreadVariable,style,563.0,Other
qwen,gen_2,41,useStlAlgorithm,style,398.0,Other
qwen,gen_2,258,unreadVariable,style,563.0,Other
qwen,gen_2,60,constVariable,style,398.0,Other
qwen,gen_2,60,constVariable,style,398.0,Other
qwen,gen_2,155,unusedStructMember,style,563.0,Other
qwen,gen_2,235,variableScope,style,398.0,Other
qwen,gen_2,235,useStlAlgorithm,style,398.0,Other
qwen,gen_2,235,useStlAlgorithm,style,398.0,Other
qwen,gen_2,39,knownConditionTrueFalse,style,571.0,Logic / Undefined Behavior
qwen,gen_2,76,useStlAlgorithm,style,398.0,Other
qwen,gen_2,202,useStlAlgorithm,style,398.0,Other
qwen,gen_2,55,passedByValue,performance,398.0,Other
qwen,gen_2,55,stlFindInsert,performance,398.0,Other
qwen,gen_2,198,knownConditionTrueFalse,style,571.0,Logic / Undefined Behavior
qwen,gen_2,198,useStlAlgorithm,style,398.0,Other
qwen,gen_2,224,useStlAlgorithm,style,398.0,Other
qwen,gen_2,99,variableScope,style,398.0,Other
qwen,gen_2,174,useStlAlgorithm,style,398.0,Other
qwen,gen_2,79,useStlAlgorithm,style,398.0,Other
qwen,gen_2,22,shadowVariable,style,398.0,Other
qwen,gen_2,22,constVariableReference,style,398.0,Other
qwen,gen_2,108,useStlAlgorithm,style,398.0,Other
qwen,gen_2,245,variableScope,style,398.0,Other
qwen,gen_2,161,passedByValue,performance,398.0,Other
qwen,gen_2,9,useStlAlgorithm,style,398.0,Other
qwen,gen_2,264,variableScope,style,398.0,Other
qwen,gen_2,210,shiftNegativeLHS,portability,758.0,Logic / Undefined Behavior
qwen,gen_2,169,constVariable,style,398.0,Other
qwen,gen_2,169,constVariable,style,398.0,Other
qwen,gen_2,169,useStlAlgorithm,style,398.0,Other
qwen,gen_2,287,useStlAlgorithm,style,398.0,Other
qwen,gen_2,98,variableScope,style,398.0,Other
qwen,gen_2,98,variableScope,style,398.0,Other
qwen,gen_2,98,variableScope,style,398.0,Other
qwen,gen_2,98,truncLongCastAssignment,style,197.0,Other
qwen,gen_2,98,truncLongCastAssignment,style,197.0,Other
qwen,gen_2,61,variableScope,style,398.0,Other
qwen,gen_2,61,variableScope,style,398.0,Other
qwen,gen_2,61,constVariableReference,style,398.0,Other
qwen,gen_2,61,constVariableReference,style,398.0,Other
qwen,gen_2,81,noExplicitConstructor,style,398.0,Other
qwen,gen_2,43,noExplicitConstructor,style,398.0,Other
qwen,gen_2,52,syntaxError,error,,Other
qwen,gen_2,255,useStlAlgorithm,style,398.0,Other
qwen,gen_2,172,constVariableReference,style,398.0,Other
qwen,gen_2,65,useStlAlgorithm,style,398.0,Other
qwen,gen_2,187,unreadVariable,style,563.0,Other
qwen,gen_2,172,useStlAlgorithm,style,398.0,Other
qwen,gen_2,133,useStlAlgorithm,style,398.0,Other
qwen,gen_2,146,useStlAlgorithm,style,398.0,Other
qwen,gen_2,13,useStlAlgorithm,style,398.0,Other
qwen,gen_2,13,useStlAlgorithm,style,398.0,Other
qwen,gen_2,100,useStlAlgorithm,style,398.0,Other
qwen,gen_2,100,useStlAlgorithm,style,398.0,Other
qwen,gen_2,100,useStlAlgorithm,style,398.0,Other
qwen,gen_2,100,useStlAlgorithm,style,398.0,Other
qwen,gen_2,100,useStlAlgorithm,style,398.0,Other
qwen,gen_2,41,useStlAlgorithm,style,398.0,Other
qwen,gen_2,6,knownConditionTrueFalse,style,571.0,Logic / Undefined Behavior
qwen,gen_2,6,knownConditionTrueFalse,style,571.0,Logic / Undefined Behavior
qwen,gen_2,6,knownConditionTrueFalse,style,571.0,Logic / Undefined Behavior
qwen,gen_2,6,knownConditionTrueFalse,style,571.0,Logic / Undefined Behavior
qwen,gen_2,39,variableScope,style,398.0,Other
qwen,gen_2,39,unreadVariable,style,563.0,Other
qwen,gen_2,39,unreadVariable,style,563.0,Other
qwen,gen_2,4,negativeContainerIndex,warning,786.0,Other
qwen,gen_2,4,negativeContainerIndex,warning,786.0,Other
qwen,gen_2,4,truncLongCastAssignment,style,197.0,Other
qwen,gen_2,4,truncLongCastAssignment,style,197.0,Other
qwen,gen_2,56,useStlAlgorithm,style,398.0,Other
qwen,gen_2,56,useStlAlgorithm,style,398.0,Other
qwen,gen_2,56,useStlAlgorithm,style,398.0,Other
qwen,gen_2,93,AssignmentAddressToInteger,portability,758.0,Logic / Undefined Behavior
qwen,gen_2,241,passedByValue,performance,398.0,Other
qwen,gen_2,241,passedByValue,performance,398.0,Other
qwen,gen_2,241,passedByValue,performance,398.0,Other
qwen,gen_2,241,passedByValue,performance,398.0,Other
qwen,gen_2,153,constVariableReference,style,398.0,Other
qwen,gen_2,244,useStlAlgorithm,style,398.0,Other
qwen,gen_2,249,ignoredReturnValue,warning,252.0,API / Library Misuse
qwen,gen_2,249,constVariableReference,style,398.0,Other
qwen,gen_2,249,uselessCallsRemove,warning,762.0,Other
qwen,gen_2,249,useStlAlgorithm,style,398.0,Other
qwen,gen_2,81,variableScope,style,398.0,Other
qwen,gen_2,81,useStlAlgorithm,style,398.0,Other
qwen,gen_2,199,knownConditionTrueFalse,style,570.0,Other
qwen,gen_2,199,knownConditionTrueFalse,style,570.0,Other
qwen,gen_2,199,useStlAlgorithm,style,398.0,Other
qwen,gen_2,199,useStlAlgorithm,style,398.0,Other
qwen,gen_2,199,unreadVariable,style,563.0,Other
qwen,gen_2,199,unreadVariable,style,563.0,Other
qwen,gen_2,46,constVariableReference,style,398.0,Other
qwen,gen_2,224,useStlAlgorithm,style,398.0,Other
qwen,gen_2,224,useStlAlgorithm,style,398.0,Other
qwen,gen_2,194,unreadVariable,style,563.0,Other
qwen,gen_2,194,unreadVariable,style,563.0,Other
qwen,gen_2,120,duplicateCondition,style,398.0,Other
qwen,gen_2,31,shiftTooManyBits,error,758.0,Logic / Undefined Behavior
qwen,gen_2,31,shiftTooManyBits,error,758.0,Logic / Undefined Behavior
qwen,gen_2,31,shiftTooManyBitsSigned,portability,758.0,Logic / Undefined Behavior
qwen,gen_2,211,useStlAlgorithm,style,398.0,Other
qwen,gen_2,192,shadowVariable,style,398.0,Other
qwen,gen_2,192,useStlAlgorithm,style,398.0,Other
qwen,gen_2,192,useStlAlgorithm,style,398.0,Other
qwen,gen_2,192,useStlAlgorithm,style,398.0,Other
qwen,gen_2,31,constParameterReference,style,398.0,Other
qwen,gen_2,177,shadowVariable,style,398.0,Other
qwen,gen_2,272,incompleteArrayFill,portability,131.0,Other
qwen,gen_2,272,incompleteArrayFill,portability,131.0,Other
qwen,gen_2,272,constVariableReference,style,398.0,Other
qwen,gen_2,272,constVariableReference,style,398.0,Other
qwen,gen_2,272,useStlAlgorithm,style,398.0,Other
qwen,gen_2,272,useStlAlgorithm,style,398.0,Other
qwen,gen_2,54,variableScope,style,398.0,Other
qwen,gen_2,58,useStlAlgorithm,style,398.0,Other
qwen,gen_2,58,unreadVariable,style,563.0,Other
qwen,gen_2,58,unreadVariable,style,563.0,Other
qwen,gen_2,247,noExplicitConstructor,style,398.0,Other
qwen,gen_2,253,useStlAlgorithm,style,398.0,Other
qwen,gen_2,66,useStlAlgorithm,style,398.0,Other
qwen,gen_2,20,constVariableReference,style,398.0,Other
qwen,gen_2,200,constVariableReference,style,398.0,Other
qwen,gen_2,243,shadowArgument,style,398.0,Other
qwen,gen_2,243,unreadVariable,style,563.0,Other
qwen,gen_2,243,unreadVariable,style,563.0,Other
qwen,gen_2,243,unreadVariable,style,563.0,Other
qwen,gen_2,243,unreadVariable,style,563.0,Other
qwen,gen_2,243,unreadVariable,style,563.0,Other
qwen,gen_2,243,unreadVariable,style,563.0,Other
qwen,gen_2,243,unreadVariable,style,563.0,Other
qwen,gen_2,243,unreadVariable,style,563.0,Other
qwen,gen_2,125,constVariable,style,398.0,Other
qwen,gen_2,226,useStlAlgorithm,style,398.0,Other
qwen,gen_2,15,truncLongCastAssignment,style,197.0,Other
qwen,gen_2,24,passedByValue,performance,398.0,Other
qwen,gen_2,214,unreadVariable,style,563.0,Other
qwen,gen_2,214,unreadVariable,style,563.0,Other
qwen,gen_2,124,useStlAlgorithm,style,398.0,Other
qwen,gen_2,124,useStlAlgorithm,style,398.0,Other
qwen,gen_2,94,duplicateExpression,style,398.0,Other
qwen,gen_2,94,constVariableReference,style,398.0,Other
qwen,gen_2,94,constVariableReference,style,398.0,Other
qwen,gen_2,240,duplicateAssignExpression,style,398.0,Other
qwen,gen_2,118,constVariableReference,style,398.0,Other
qwen,gen_2,118,constVariableReference,style,398.0,Other
qwen,gen_2,118,constVariableReference,style,398.0,Other
qwen,gen_2,71,shadowVariable,style,398.0,Other
qwen,gen_2,71,shadowVariable,style,398.0,Other
qwen,gen_2,71,shadowVariable,style,398.0,Other
qwen,gen_2,71,constVariableReference,style,398.0,Other
qwen,gen_2,71,constParameterReference,style,398.0,Other
qwen,gen_2,71,unreadVariable,style,563.0,Other
qwen,gen_2,71,unreadVariable,style,563.0,Other
qwen,gen_2,71,unreadVariable,style,563.0,Other
qwen,gen_2,71,unreadVariable,style,563.0,Other
qwen,gen_2,71,unusedVariable,style,563.0,Other
qwen,gen_2,71,unreadVariable,style,563.0,Other
qwen,gen_2,115,knownConditionTrueFalse,style,570.0,Other
qwen,gen_2,115,useStlAlgorithm,style,398.0,Other
qwen,gen_2,102,constParameterReference,style,398.0,Other
qwen,gen_2,45,syntaxError,error,,Other
qwen,gen_2,269,shadowVariable,style,398.0,Other
qwen,gen_2,208,useStlAlgorithm,style,398.0,Other
qwen,gen_2,27,unreadVariable,style,563.0,Other
qwen,gen_2,103,unreadVariable,style,563.0,Other
qwen,gen_2,103,unreadVariable,style,563.0,Other
qwen,gen_2,54,uninitvar,warning,457.0,Null / Initialization
qwen,gen_2,54,uninitvar,warning,457.0,Null / Initialization
qwen,gen_2,223,useStlAlgorithm,style,398.0,Other
qwen,gen_2,254,duplicateBranch,style,398.0,Other
qwen,gen_2,254,variableScope,style,398.0,Other
qwen,gen_2,112,variableScope,style,398.0,Other
qwen,gen_2,112,constVariableReference,style,398.0,Other
qwen,gen_2,112,useStlAlgorithm,style,398.0,Other
qwen,gen_2,30,useStlAlgorithm,style,398.0,Other
qwen,gen_2,7,constParameterReference,style,398.0,Other
qwen,gen_2,7,constParameterReference,style,398.0,Other
qwen,gen_2,7,constParameterReference,style,398.0,Other
qwen,gen_2,7,constParameterReference,style,398.0,Other
qwen,gen_2,163,constVariableReference,style,398.0,Other
qwen,gen_2,274,variableScope,style,398.0,Other
qwen,gen_2,274,uninitvar,error,457.0,Null / Initialization
qwen,gen_2,164,useStlAlgorithm,style,398.0,Other
qwen,gen_2,77,useStlAlgorithm,style,398.0,Other
qwen,gen_2,77,useStlAlgorithm,style,398.0,Other
qwen,gen_2,3,useStlAlgorithm,style,398.0,Other
qwen,gen_2,127,useStlAlgorithm,style,398.0,Other
qwen,gen_2,127,unreadVariable,style,563.0,Other
qwen,gen_2,127,unreadVariable,style,563.0,Other
qwen,gen_2,127,unreadVariable,style,563.0,Other
qwen,gen_2,207,useStlAlgorithm,style,398.0,Other
qwen,gen_2,62,negativeContainerIndex,warning,786.0,Other
qwen,gen_2,175,useStlAlgorithm,style,398.0,Other
qwen,gen_2,222,knownConditionTrueFalse,style,571.0,Logic / Undefined Behavior
qwen,gen_2,222,knownConditionTrueFalse,style,570.0,Other
qwen,gen_2,222,knownConditionTrueFalse,style,571.0,Logic / Undefined Behavior
qwen,gen_2,222,knownConditionTrueFalse,style,571.0,Logic / Undefined Behavior
qwen,gen_2,73,useStlAlgorithm,style,398.0,Other
qwen,gen_2,25,useStlAlgorithm,style,398.0,Other
qwen,gen_2,143,duplicateBranch,style,398.0,Other
qwen,gen_2,173,unreadVariable,style,563.0,Other
qwen,gen_2,101,useStlAlgorithm,style,398.0,Other
qwen,gen_2,189,useStlAlgorithm,style,398.0,Other
qwen,gen_2,51,useStlAlgorithm,style,398.0,Other
qwen,gen_2,231,constVariableReference,style,398.0,Other
qwen,gen_2,231,constVariableReference,style,398.0,Other
qwen,gen_2,231,constVariableReference,style,398.0,Other
qwen,gen_2,231,unreadVariable,style,563.0,Other
qwen,gen_2,231,unreadVariable,style,563.0,Other
qwen,gen_2,231,unreadVariable,style,563.0,Other
qwen,gen_2,231,unusedVariable,style,563.0,Other
qwen,gen_2,231,unusedVariable,style,563.0,Other
qwen,gen_2,231,unusedVariable,style,563.0,Other
qwen,gen_2,42,useStlAlgorithm,style,398.0,Other
qwen,gen_2,74,constVariable,style,398.0,Other
qwen,gen_2,73,zerodiv,error,369.0,Logic / Undefined Behavior
qwen,gen_2,73,constVariableReference,style,398.0,Other
qwen,gen_2,73,useStlAlgorithm,style,398.0,Other
qwen,gen_2,170,constVariableReference,style,398.0,Other
qwen,gen_2,170,useStlAlgorithm,style,398.0,Other
qwen,gen_2,170,unreadVariable,style,563.0,Other
qwen,gen_2,226,useStlAlgorithm,style,398.0,Other
qwen,gen_2,226,useStlAlgorithm,style,398.0,Other
qwen,gen_2,185,constVariableReference,style,398.0,Other
qwen,gen_2,202,useStlAlgorithm,style,398.0,Other
qwen,gen_2,76,variableScope,style,398.0,Other
qwen,gen_2,130,shadowVariable,style,398.0,Other
qwen,gen_2,130,constParameterReference,style,398.0,Other
qwen,gen_2,122,constVariableReference,style,398.0,Other
qwen,gen_2,122,unreadVariable,style,563.0,Other
qwen,gen_2,40,useStlAlgorithm,style,398.0,Other
qwen,gen_2,187,constVariableReference,style,398.0,Other
qwen,gen_2,187,useStlAlgorithm,style,398.0,Other
qwen,gen_2,218,useStlAlgorithm,style,398.0,Other
qwen,gen_2,218,useStlAlgorithm,style,398.0,Other
qwen,gen_2,218,useStlAlgorithm,style,398.0,Other
qwen,gen_2,218,useStlAlgorithm,style,398.0,Other
qwen,gen_2,4,useStlAlgorithm,style,398.0,Other
qwen,gen_2,158,oppositeInnerCondition,warning,398.0,Other
qwen,gen_2,158,useStlAlgorithm,style,398.0,Other
qwen,gen_2,202,constVariableReference,style,398.0,Other
qwen,gen_2,260,functionConst,style,398.0,Other
qwen,gen_2,260,noExplicitConstructor,style,398.0,Other
qwen,gen_2,96,constVariableReference,style,398.0,Other
qwen,gen_2,83,useStlAlgorithm,style,398.0,Other
qwen,gen_2,83,useStlAlgorithm,style,398.0,Other
qwen,gen_2,100,constVariableReference,style,398.0,Other
qwen,gen_2,100,constVariableReference,style,398.0,Other
qwen,gen_2,144,useStlAlgorithm,style,398.0,Other
qwen,gen_2,141,useStlAlgorithm,style,398.0,Other
qwen,gen_2,175,variableScope,style,398.0,Other
qwen,gen_2,19,constVariableReference,style,398.0,Other
qwen,gen_2,116,useStlAlgorithm,style,398.0,Other
qwen,gen_2,89,stlFindInsert,performance,398.0,Other
qwen,gen_2,89,stlFindInsert,performance,398.0,Other
qwen,gen_2,88,useStlAlgorithm,style,398.0,Other
qwen,gen_2,0,constVariableReference,style,398.0,Other
qwen,gen_2,17,constParameterReference,style,398.0,Other
qwen,gen_2,100,constVariable,style,398.0,Other
qwen,gen_2,100,constVariable,style,398.0,Other
qwen,gen_2,100,uninitvar,warning,457.0,Null / Initialization
qwen,gen_2,100,uninitvar,warning,457.0,Null / Initialization
qwen,gen_2,131,useStlAlgorithm,style,398.0,Other
qwen,gen_2,131,useStlAlgorithm,style,398.0,Other
qwen,gen_2,155,duplicateAssignExpression,style,398.0,Other
qwen,gen_2,191,useStlAlgorithm,style,398.0,Other
qwen,gen_2,156,unreadVariable,style,563.0,Other
qwen,gen_2,156,unreadVariable,style,563.0,Other
qwen,gen_2,150,useStlAlgorithm,style,398.0,Other
qwen,gen_2,75,passedByValue,performance,398.0,Other
qwen,gen_2,75,passedByValue,performance,398.0,Other
qwen,gen_2,75,constVariableReference,style,398.0,Other
qwen,gen_2,75,constVariableReference,style,398.0,Other
qwen,gen_2,147,variableScope,style,398.0,Other
qwen,gen_2,147,unreadVariable,style,563.0,Other
qwen,gen_2,147,unreadVariable,style,563.0,Other
qwen,gen_2,184,useStlAlgorithm,style,398.0,Other
qwen,gen_2,166,invalidContainerLoop,error,664.0,Other
qwen,gen_2,166,invalidContainerLoop,error,664.0,Other
qwen,gen_2,188,useStlAlgorithm,style,398.0,Other
qwen,gen_2,114,constVariableReference,style,398.0,Other
qwen,gen_2,114,constVariableReference,style,398.0,Other
qwen,gen_2,154,redundantInitialization,style,563.0,Other
qwen,gen_2,154,redundantInitialization,style,563.0,Other
qwen,gen_2,154,unreadVariable,style,563.0,Other
qwen,gen_2,154,unreadVariable,style,563.0,Other
qwen,gen_2,154,unreadVariable,style,563.0,Other
qwen,gen_2,154,unreadVariable,style,563.0,Other
qwen,gen_2,175,shadowVariable,style,398.0,Other
qwen,gen_2,64,unreadVariable,style,563.0,Other
qwen,gen_2,64,unreadVariable,style,563.0,Other
qwen,gen_2,162,unreadVariable,style,563.0,Other
qwen,gen_2,162,unreadVariable,style,563.0,Other
qwen,gen_2,88,useStlAlgorithm,style,398.0,Other
qwen,gen_2,234,useStlAlgorithm,style,398.0,Other
qwen,gen_2,130,useStlAlgorithm,style,398.0,Other
qwen,gen_2,2,useStlAlgorithm,style,398.0,Other
qwen,gen_2,225,constVariableReference,style,398.0,Other
qwen,gen_2,225,constVariableReference,style,398.0,Other
qwen,gen_2,225,constVariableReference,style,398.0,Other
qwen,gen_2,225,unreadVariable,style,563.0,Other
qwen,gen_2,225,unreadVariable,style,563.0,Other
qwen,gen_2,225,unreadVariable,style,563.0,Other
qwen,gen_2,0,shadowVariable,style,398.0,Other
qwen,gen_2,0,shadowVariable,style,398.0,Other
qwen,gen_2,0,constStatement,warning,398.0,Other
qwen,gen_2,0,iterateByValue,performance,398.0,Other
qwen,gen_2,0,constVariable,style,398.0,Other
qwen,gen_2,0,constVariable,style,398.0,Other
qwen,gen_2,0,constVariable,style,398.0,Other
qwen,gen_2,0,constVariable,style,398.0,Other
qwen,gen_2,0,unreadVariable,style,563.0,Other
qwen,gen_2,0,unreadVariable,style,563.0,Other
qwen,gen_2,224,useStlAlgorithm,style,398.0,Other
qwen,gen_2,1,constVariableReference,style,398.0,Other
qwen,gen_2,1,constVariableReference,style,398.0,Other
qwen,gen_2,1,useStlAlgorithm,style,398.0,Other
qwen,gen_2,1,useStlAlgorithm,style,398.0,Other
qwen,gen_2,135,variableScope,style,398.0,Other
qwen,gen_2,10,useStlAlgorithm,style,398.0,Other
qwen,gen_2,72,constVariableReference,style,398.0,Other
qwen,gen_2,162,unreadVariable,style,563.0,Other
qwen,gen_2,162,unreadVariable,style,563.0,Other
qwen,gen_2,162,unreadVariable,style,563.0,Other
qwen,gen_2,162,unreadVariable,style,563.0,Other
qwen,gen_2,151,useStlAlgorithm,style,398.0,Other
qwen,gen_2,151,unreadVariable,style,563.0,Other
qwen,gen_2,213,negativeIndex,error,786.0,Other
qwen,gen_2,213,useStlAlgorithm,style,398.0,Other
qwen,gen_2,121,useStlAlgorithm,style,398.0,Other
qwen,gen_2,267,negativeIndex,error,786.0,Other
qwen,gen_2,3,constVariableReference,style,398.0,Other
qwen,gen_2,3,useStlAlgorithm,style,398.0,Other
qwen,gen_2,203,useStlAlgorithm,style,398.0,Other
qwen,gen_2,203,useStlAlgorithm,style,398.0,Other
qwen,gen_2,248,useStlAlgorithm,style,398.0,Other
qwen,gen_2,92,useStlAlgorithm,style,398.0,Other
qwen,gen_2,15,useStlAlgorithm,style,398.0,Other
qwen,gen_2,15,useStlAlgorithm,style,398.0,Other
qwen,gen_2,107,unreadVariable,style,563.0,Other
qwen,gen_2,107,unreadVariable,style,563.0,Other
qwen,gen_2,7,useStlAlgorithm,style,398.0,Other
qwen,gen_2,94,passedByValue,performance,398.0,Other
qwen,gen_2,97,useStlAlgorithm,style,398.0,Other
qwen,gen_2,143,constVariableReference,style,398.0,Other
qwen,gen_2,143,constVariableReference,style,398.0,Other
qwen,gen_2,211,useStlAlgorithm,style,398.0,Other
qwen,gen_2,90,useStlAlgorithm,style,398.0,Other
qwen,gen_2,139,constVariableReference,style,398.0,Other
qwen,gen_2,139,constVariableReference,style,398.0,Other
qwen,gen_2,139,constVariableReference,style,398.0,Other
qwen,gen_2,139,useStlAlgorithm,style,398.0,Other
qwen,gen_2,139,useStlAlgorithm,style,398.0,Other
qwen,gen_2,141,constParameter,style,398.0,Other
qwen,gen_2,117,useStlAlgorithm,style,398.0,Other
qwen,gen_2,188,unreadVariable,style,563.0,Other
qwen,gen_2,188,unreadVariable,style,563.0,Other
qwen,gen_2,256,knownConditionTrueFalse,style,570.0,Other
qwen,gen_2,256,duplicateBranch,style,398.0,Other
qwen,gen_2,256,duplicateBranch,style,398.0,Other
qwen,gen_2,256,unreadVariable,style,563.0,Other
qwen,gen_2,256,unreadVariable,style,563.0,Other
qwen,gen_2,214,constVariableReference,style,398.0,Other
qwen,gen_2,172,useStlAlgorithm,style,398.0,Other
qwen,gen_2,124,unreadVariable,style,563.0,Other
qwen,gen_2,124,unreadVariable,style,563.0,Other
qwen,gen_2,93,unreadVariable,style,563.0,Other
qwen,gen_2,246,shadowVariable,style,398.0,Other
qwen,gen_2,246,shadowVariable,style,398.0,Other
qwen,gen_2,246,constParameterReference,style,398.0,Other
qwen,gen_2,246,stlFindInsert,performance,398.0,Other
qwen,gen_2,246,unreadVariable,style,563.0,Other
qwen,gen_2,246,unreadVariable,style,563.0,Other
qwen,gen_2,148,useStlAlgorithm,style,398.0,Other
qwen,gen_2,148,useStlAlgorithm,style,398.0,Other
qwen,gen_2,246,passedByValue,performance,398.0,Other
qwen,gen_2,99,unreadVariable,style,563.0,Other
qwen,gen_2,99,unreadVariable,style,563.0,Other
qwen,gen_2,78,knownConditionTrueFalse,style,571.0,Logic / Undefined Behavior
qwen,gen_2,78,knownConditionTrueFalse,style,571.0,Logic / Undefined Behavior
qwen,gen_2,2,useStlAlgorithm,style,398.0,Other
qwen,gen_2,2,useStlAlgorithm,style,398.0,Other
qwen,gen_2,227,constVariable,style,398.0,Other
qwen,gen_2,96,knownConditionTrueFalse,style,571.0,Logic / Undefined Behavior
qwen,gen_2,96,redundantAssignment,style,563.0,Other
qwen,gen_2,20,useStlAlgorithm,style,398.0,Other
qwen,gen_2,263,useStlAlgorithm,style,398.0,Other
qwen,gen_2,263,unreadVariable,style,563.0,Other
qwen,gen_2,263,unreadVariable,style,563.0,Other
qwen,gen_2,99,useStlAlgorithm,style,398.0,Other
qwen,gen_2,220,unreadVariable,style,563.0,Other
qwen,gen_2,220,unreadVariable,style,563.0,Other
qwen,gen_2,220,unreadVariable,style,563.0,Other
qwen,gen_2,220,unreadVariable,style,563.0,Other
qwen,gen_2,232,useStlAlgorithm,style,398.0,Other
qwen,gen_2,232,useStlAlgorithm,style,398.0,Other
qwen,gen_2,168,unreadVariable,style,563.0,Other
qwen,gen_2,168,unreadVariable,style,563.0,Other
qwen,gen_2,0,useStlAlgorithm,style,398.0,Other
qwen,gen_2,255,unreadVariable,style,563.0,Other
qwen,gen_2,255,unreadVariable,style,563.0,Other
qwen,gen_2,59,useStlAlgorithm,style,398.0,Other
qwen,gen_2,5,unreadVariable,style,563.0,Other
qwen,gen_2,5,unreadVariable,style,563.0,Other
qwen,gen_2,228,knownConditionTrueFalse,style,570.0,Other
qwen,gen_2,228,knownConditionTrueFalse,style,570.0,Other
qwen,gen_2,228,knownConditionTrueFalse,style,570.0,Other
qwen,gen_2,228,knownConditionTrueFalse,style,570.0,Other
qwen,gen_2,228,passedByValue,performance,398.0,Other
qwen,gen_2,228,passedByValue,performance,398.0,Other
qwen,gen_2,228,unreadVariable,style,563.0,Other
qwen,gen_2,228,unreadVariable,style,563.0,Other
qwen,gen_2,228,unreadVariable,style,563.0,Other
qwen,gen_2,38,knownConditionTrueFalse,style,571.0,Logic / Undefined Behavior
qwen,gen_2,182,useStlAlgorithm,style,398.0,Other
qwen,gen_2,70,useStlAlgorithm,style,398.0,Other
qwen,gen_2,70,unusedVariable,style,563.0,Other
qwen,gen_2,51,knownConditionTrueFalse,style,570.0,Other
qwen,gen_2,51,useStlAlgorithm,style,398.0,Other
qwen,gen_2,51,unreadVariable,style,563.0,Other
qwen,gen_2,51,unreadVariable,style,563.0,Other
qwen,gen_2,51,unreadVariable,style,563.0,Other
qwen,gen_2,51,unreadVariable,style,563.0,Other
qwen,gen_2,51,unusedVariable,style,563.0,Other
qwen,gen_2,74,duplicateAssignExpression,style,398.0,Other
qwen,gen_2,151,useStlAlgorithm,style,398.0,Other
qwen,gen_2,95,negativeContainerIndex,warning,786.0,Other
qwen,gen_2,80,useStlAlgorithm,style,398.0,Other
qwen,gen_2,80,useStlAlgorithm,style,398.0,Other
qwen,gen_2,80,unreadVariable,style,563.0,Other
qwen,gen_2,49,shadowVariable,style,398.0,Other
qwen,gen_2,8,constVariableReference,style,398.0,Other
qwen,gen_2,157,constVariableReference,style,398.0,Other
qwen,gen_2,6,constVariableReference,style,398.0,Other
qwen,gen_2,6,constVariableReference,style,398.0,Other
qwen,gen_2,255,shadowVariable,style,398.0,Other
qwen,gen_2,255,shadowVariable,style,398.0,Other
qwen,gen_2,255,shadowVariable,style,398.0,Other
qwen,gen_2,255,constVariableReference,style,398.0,Other
qwen,gen_2,56,useStlAlgorithm,style,398.0,Other
qwen,gen_2,127,useStlAlgorithm,style,398.0,Other
qwen,gen_2,156,useStlAlgorithm,style,398.0,Other
qwen,gen_2,219,knownConditionTrueFalse,style,570.0,Other
qwen,gen_2,197,useStlAlgorithm,style,398.0,Other
qwen,gen_2,197,useStlAlgorithm,style,398.0,Other
qwen,gen_2,197,useStlAlgorithm,style,398.0,Other
qwen,gen_2,197,useStlAlgorithm,style,398.0,Other
qwen,gen_2,197,useStlAlgorithm,style,398.0,Other
qwen,gen_2,197,negativeContainerIndex,warning,786.0,Other
qwen,gen_2,32,noExplicitConstructor,style,398.0,Other
qwen,gen_2,32,constVariableReference,style,398.0,Other
qwen,gen_2,32,constVariableReference,style,398.0,Other
qwen,gen_2,214,constVariableReference,style,398.0,Other
qwen,gen_2,197,unreadVariable,style,563.0,Other
qwen,gen_2,197,unreadVariable,style,563.0,Other
qwen,gen_2,246,knownConditionTrueFalse,style,571.0,Logic / Undefined Behavior
qwen,gen_2,246,useStlAlgorithm,style,398.0,Other
qwen,gen_2,244,constVariableReference,style,398.0,Other
qwen,gen_2,244,constVariableReference,style,398.0,Other
qwen,gen_2,244,constVariableReference,style,398.0,Other
qwen,gen_2,280,shadowVariable,style,398.0,Other
qwen,gen_2,280,unreadVariable,style,563.0,Other
qwen,gen_2,280,unreadVariable,style,563.0,Other
qwen,gen_2,117,passedByValue,performance,398.0,Other
qwen,gen_2,45,variableScope,style,398.0,Other
qwen,gen_2,45,variableScope,style,398.0,Other
qwen,gen_2,45,negativeContainerIndex,warning,786.0,Other
qwen,gen_2,45,unreadVariable,style,563.0,Other
qwen,gen_2,45,unreadVariable,style,563.0,Other
qwen,gen_2,45,unreadVariable,style,563.0,Other
qwen,gen_2,45,unreadVariable,style,563.0,Other
qwen,gen_2,164,knownConditionTrueFalse,style,571.0,Logic / Undefined Behavior
qwen,gen_2,108,useStlAlgorithm,style,398.0,Other
qwen,gen_2,196,duplicateCondition,style,398.0,Other
qwen,gen_2,85,constParameterReference,style,398.0,Other
qwen,gen_2,85,constParameterReference,style,398.0,Other
qwen,gen_2,85,constVariableReference,style,398.0,Other
qwen,gen_2,85,useStlAlgorithm,style,398.0,Other
qwen,gen_2,30,uninitvar,warning,457.0,Null / Initialization
qwen,gen_2,30,uninitvar,warning,457.0,Null / Initialization
qwen,gen_2,30,uninitvar,warning,457.0,Null / Initialization
qwen,gen_2,30,uninitvar,warning,457.0,Null / Initialization
qwen,gen_2,272,constVariableReference,style,398.0,Other
qwen,gen_2,272,useStlAlgorithm,style,398.0,Other
qwen,gen_2,65,shadowVariable,style,398.0,Other
qwen,gen_2,147,derefInvalidIterator,warning,825.0,Other
qwen,gen_2,147,derefInvalidIterator,warning,825.0,Other
qwen,gen_2,147,derefInvalidIterator,warning,825.0,Other
qwen,gen_2,147,derefInvalidIterator,warning,825.0,Other
qwen,gen_2,147,derefInvalidIterator,warning,825.0,Other
qwen,gen_2,147,derefInvalidIterator,warning,825.0,Other
qwen,gen_2,147,derefInvalidIterator,warning,825.0,Other
qwen,gen_2,225,useStlAlgorithm,style,398.0,Other
qwen,gen_2,225,useStlAlgorithm,style,398.0,Other
qwen,gen_2,222,unreadVariable,style,563.0,Other
qwen,gen_2,222,unreadVariable,style,563.0,Other
qwen,gen_2,210,useStlAlgorithm,style,398.0,Other
qwen,gen_2,110,useStlAlgorithm,style,398.0,Other
qwen,gen_2,6,constVariableReference,style,398.0,Other
qwen,gen_2,6,constVariableReference,style,398.0,Other
qwen,gen_2,136,variableScope,style,398.0,Other
qwen,gen_2,136,variableScope,style,398.0,Other
qwen,gen_2,48,constVariableReference,style,398.0,Other
qwen,gen_2,48,useStlAlgorithm,style,398.0,Other
qwen,gen_2,48,useStlAlgorithm,style,398.0,Other
qwen,gen_2,102,knownConditionTrueFalse,style,571.0,Logic / Undefined Behavior
qwen,gen_2,102,duplicateExpression,style,398.0,Other
qwen,gen_2,46,constVariableReference,style,398.0,Other
qwen,gen_2,178,unusedVariable,style,563.0,Other
qwen,gen_2,114,useStlAlgorithm,style,398.0,Other
qwen,gen_2,114,useStlAlgorithm,style,398.0,Other
qwen,gen_2,114,useStlAlgorithm,style,398.0,Other
qwen,gen_2,13,unreadVariable,style,563.0,Other
qwen,gen_2,13,unreadVariable,style,563.0,Other
qwen,gen_2,79,useStlAlgorithm,style,398.0,Other
qwen,gen_2,129,useStlAlgorithm,style,398.0,Other
qwen,gen_2,181,useStlAlgorithm,style,398.0,Other
qwen,gen_2,146,constVariableReference,style,398.0,Other
qwen,gen_2,263,useStlAlgorithm,style,398.0,Other
qwen,gen_2,217,useStlAlgorithm,style,398.0,Other
qwen,gen_2,217,useStlAlgorithm,style,398.0,Other
qwen,gen_2,120,useStlAlgorithm,style,398.0,Other
qwen,gen_2,61,useStlAlgorithm,style,398.0,Other
qwen,gen_2,72,unreadVariable,style,563.0,Other
qwen,gen_2,72,unreadVariable,style,563.0,Other
qwen,gen_2,132,useStlAlgorithm,style,398.0,Other
qwen,gen_2,132,useStlAlgorithm,style,398.0,Other
qwen,gen_2,70,constVariableReference,style,398.0,Other
qwen,gen_2,70,useStlAlgorithm,style,398.0,Other
qwen,gen_2,70,useStlAlgorithm,style,398.0,Other
qwen,gen_2,70,unreadVariable,style,563.0,Other
qwen,gen_2,70,unreadVariable,style,563.0,Other
qwen,gen_2,37,unreadVariable,style,563.0,Other
qwen,gen_2,37,unreadVariable,style,563.0,Other
qwen,gen_2,166,unreadVariable,style,563.0,Other
qwen,gen_2,166,unusedVariable,style,563.0,Other
qwen,gen_2,166,unreadVariable,style,563.0,Other
qwen,gen_2,253,oppositeInnerCondition,warning,398.0,Other
qwen,gen_2,159,shadowVariable,style,398.0,Other
qwen,gen_2,159,constVariableReference,style,398.0,Other
qwen,gen_2,159,unreadVariable,style,563.0,Other
qwen,gen_2,159,unreadVariable,style,563.0,Other
qwen,gen_2,159,unreadVariable,style,563.0,Other
qwen,gen_2,159,unreadVariable,style,563.0,Other
qwen,gen_2,10,duplicateExpression,style,398.0,Other
qwen,gen_2,10,duplicateExpression,style,398.0,Other
qwen,gen_2,145,variableScope,style,398.0,Other
qwen,gen_2,145,constVariableReference,style,398.0,Other
qwen,gen_2,113,useStlAlgorithm,style,398.0,Other
qwen,gen_2,282,shadowVariable,style,398.0,Other
qwen,gen_2,282,shadowVariable,style,398.0,Other
qwen,gen_2,282,constVariableReference,style,398.0,Other
qwen,gen_2,155,useStlAlgorithm,style,398.0,Other
qwen,gen_2,213,useStlAlgorithm,style,398.0,Other
qwen,gen_2,213,useStlAlgorithm,style,398.0,Other
qwen,gen_2,7,useStlAlgorithm,style,398.0,Other
qwen,gen_2,85,useStlAlgorithm,style,398.0,Other
gemma,gen_3,146,arrayIndexThenCheck,style,398.0,Other
gemma,gen_3,146,negativeContainerIndex,warning,786.0,Other
gemma,gen_3,84,useStlAlgorithm,style,398.0,Other
gemma,gen_3,122,useStlAlgorithm,style,398.0,Other
gemma,gen_3,122,useStlAlgorithm,style,398.0,Other
gemma,gen_3,133,variableScope,style,398.0,Other
gemma,gen_3,148,unusedVariable,style,563.0,Other
gemma,gen_3,223,useStlAlgorithm,style,398.0,Other
gemma,gen_3,74,variableScope,style,398.0,Other
gemma,gen_3,74,unreadVariable,style,563.0,Other
gemma,gen_3,74,unreadVariable,style,563.0,Other
gemma,gen_3,69,variableScope,style,398.0,Other
gemma,gen_3,69,constVariableReference,style,398.0,Other
gemma,gen_3,248,variableScope,style,398.0,Other
gemma,gen_3,198,useStlAlgorithm,style,398.0,Other
gemma,gen_3,198,useStlAlgorithm,style,398.0,Other
gemma,gen_3,169,useStlAlgorithm,style,398.0,Other
gemma,gen_3,97,multiCondition,style,398.0,Other
gemma,gen_3,141,duplicateBranch,style,398.0,Other
gemma,gen_3,102,duplicateAssignExpression,style,398.0,Other
gemma,gen_3,102,duplicateAssignExpression,style,398.0,Other
gemma,gen_3,30,unreadVariable,style,563.0,Other
gemma,gen_3,205,useStlAlgorithm,style,398.0,Other
gemma,gen_3,102,identicalInnerCondition,warning,398.0,Other
gemma,gen_3,102,variableScope,style,398.0,Other
gemma,gen_3,102,variableScope,style,398.0,Other
gemma,gen_3,102,variableScope,style,398.0,Other
gemma,gen_3,102,useStlAlgorithm,style,398.0,Other
gemma,gen_3,26,constVariable,style,398.0,Other
gemma,gen_3,26,constVariable,style,398.0,Other
gemma,gen_3,26,negativeContainerIndex,warning,786.0,Other
gemma,gen_3,26,negativeContainerIndex,warning,786.0,Other
gemma,gen_3,26,unreadVariable,style,563.0,Other
gemma,gen_3,247,duplicateBranch,style,398.0,Other
gemma,gen_3,247,variableScope,style,398.0,Other
gemma,gen_3,247,unreadVariable,style,563.0,Other
gemma,gen_3,247,unreadVariable,style,563.0,Other
gemma,gen_3,80,constVariableReference,style,398.0,Other
gemma,gen_3,142,oppositeInnerCondition,warning,398.0,Other
gemma,gen_3,142,shadowVariable,style,398.0,Other
gemma,gen_3,142,shadowVariable,style,398.0,Other
gemma,gen_3,142,shadowVariable,style,398.0,Other
gemma,gen_3,142,shadowVariable,style,398.0,Other
gemma,gen_3,142,shadowVariable,style,398.0,Other
gemma,gen_3,142,shadowVariable,style,398.0,Other
gemma,gen_3,142,constVariableReference,style,398.0,Other
gemma,gen_3,236,unreadVariable,style,563.0,Other
gemma,gen_3,94,useStlAlgorithm,style,398.0,Other
gemma,gen_3,10,unreadVariable,style,563.0,Other
gemma,gen_3,10,unreadVariable,style,563.0,Other
gemma,gen_3,11,compareValueOutOfTypeRangeError,style,398.0,Other
gemma,gen_3,11,compareValueOutOfTypeRangeError,style,398.0,Other
gemma,gen_3,193,useStlAlgorithm,style,398.0,Other
gemma,gen_3,193,unreadVariable,style,563.0,Other
gemma,gen_3,193,unreadVariable,style,563.0,Other
gemma,gen_3,193,unreadVariable,style,563.0,Other
gemma,gen_3,193,unreadVariable,style,563.0,Other
gemma,gen_3,193,unreadVariable,style,563.0,Other
gemma,gen_3,87,duplicateBranch,style,398.0,Other
gemma,gen_3,152,useStlAlgorithm,style,398.0,Other
gemma,gen_3,143,variableScope,style,398.0,Other
gemma,gen_3,143,useStlAlgorithm,style,398.0,Other
gemma,gen_3,143,unreadVariable,style,563.0,Other
gemma,gen_3,143,unreadVariable,style,563.0,Other
gemma,gen_3,77,useStlAlgorithm,style,398.0,Other
gemma,gen_3,19,variableScope,style,398.0,Other
gemma,gen_3,133,useStlAlgorithm,style,398.0,Other
gemma,gen_3,133,useStlAlgorithm,style,398.0,Other
gemma,gen_3,24,constVariable,style,398.0,Other
gemma,gen_3,42,unreadVariable,style,563.0,Other
gemma,gen_3,42,unreadVariable,style,563.0,Other
gemma,gen_3,129,passedByValue,performance,398.0,Other
gemma,gen_3,129,knownConditionTrueFalse,style,571.0,Logic / Undefined Behavior
gemma,gen_3,129,shadowVariable,style,398.0,Other
gemma,gen_3,129,useStlAlgorithm,style,398.0,Other
gemma,gen_3,129,useStlAlgorithm,style,398.0,Other
gemma,gen_3,129,useStlAlgorithm,style,398.0,Other
gemma,gen_3,129,unreadVariable,style,563.0,Other
gemma,gen_3,129,unreadVariable,style,563.0,Other
gemma,gen_3,129,unreadVariable,style,563.0,Other
gemma,gen_3,129,unreadVariable,style,563.0,Other
gemma,gen_3,162,unreadVariable,style,563.0,Other
gemma,gen_3,237,duplicateCondition,style,398.0,Other
gemma,gen_3,237,duplicateBranch,style,398.0,Other
gemma,gen_3,237,redundantAssignment,style,563.0,Other
gemma,gen_3,237,redundantAssignment,style,563.0,Other
gemma,gen_3,237,unreadVariable,style,563.0,Other
gemma,gen_3,237,unreadVariable,style,563.0,Other
gemma,gen_3,139,variableScope,style,398.0,Other
gemma,gen_3,139,constVariableReference,style,398.0,Other
gemma,gen_3,128,duplicateBranch,style,398.0,Other
gemma,gen_3,192,knownConditionTrueFalse,style,571.0,Logic / Undefined Behavior
gemma,gen_3,192,useStlAlgorithm,style,398.0,Other
gemma,gen_3,16,useStlAlgorithm,style,398.0,Other
gemma,gen_3,136,useStlAlgorithm,style,398.0,Other
gemma,gen_3,36,useStlAlgorithm,style,398.0,Other
gemma,gen_3,122,variableScope,style,398.0,Other
gemma,gen_3,122,constVariable,style,398.0,Other
gemma,gen_3,122,constVariable,style,398.0,Other
gemma,gen_3,122,negativeContainerIndex,warning,786.0,Other
gemma,gen_3,122,unreadVariable,style,563.0,Other
gemma,gen_3,122,unreadVariable,style,563.0,Other
gemma,gen_3,210,unreadVariable,style,563.0,Other
gemma,gen_3,210,unreadVariable,style,563.0,Other
gemma,gen_3,32,useStlAlgorithm,style,398.0,Other
gemma,gen_3,32,useStlAlgorithm,style,398.0,Other
gemma,gen_3,112,useStlAlgorithm,style,398.0,Other
gemma,gen_3,188,useStlAlgorithm,style,398.0,Other
gemma,gen_3,188,useStlAlgorithm,style,398.0,Other
gemma,gen_3,188,unusedVariable,style,563.0,Other
gemma,gen_3,188,unreadVariable,style,563.0,Other
gemma,gen_3,188,unusedVariable,style,563.0,Other
gemma,gen_3,188,unreadVariable,style,563.0,Other
gemma,gen_3,188,unreadVariable,style,563.0,Other
gemma,gen_3,179,useStlAlgorithm,style,398.0,Other
gemma,gen_3,189,shadowVariable,style,398.0,Other
gemma,gen_3,189,shadowVariable,style,398.0,Other
gemma,gen_3,220,knownConditionTrueFalse,style,570.0,Other
gemma,gen_3,214,useStlAlgorithm,style,398.0,Other
gemma,gen_3,241,unreadVariable,style,563.0,Other
gemma,gen_3,194,useStlAlgorithm,style,398.0,Other
gemma,gen_3,194,unreadVariable,style,563.0,Other
gemma,gen_3,227,variableScope,style,398.0,Other
gemma,gen_3,227,variableScope,style,398.0,Other
gemma,gen_3,227,useStlAlgorithm,style,398.0,Other
gemma,gen_3,227,useStlAlgorithm,style,398.0,Other
gemma,gen_3,147,knownConditionTrueFalse,style,570.0,Other
gemma,gen_3,147,unreadVariable,style,563.0,Other
gemma,gen_3,147,unreadVariable,style,563.0,Other
gemma,gen_3,189,unreadVariable,style,563.0,Other
gemma,gen_3,189,unreadVariable,style,563.0,Other
gemma,gen_3,103,duplicateCondition,style,398.0,Other
gemma,gen_3,209,useStlAlgorithm,style,398.0,Other
gemma,gen_3,209,useStlAlgorithm,style,398.0,Other
gemma,gen_3,7,useStlAlgorithm,style,398.0,Other
gemma,gen_3,7,useStlAlgorithm,style,398.0,Other
gemma,gen_3,131,variableScope,style,398.0,Other
gemma,gen_3,131,constVariableReference,style,398.0,Other
gemma,gen_3,112,unreadVariable,style,563.0,Other
gemma,gen_3,185,shadowVariable,style,398.0,Other
gemma,gen_3,185,useStlAlgorithm,style,398.0,Other
gemma,gen_3,185,useStlAlgorithm,style,398.0,Other
gemma,gen_3,185,useStlAlgorithm,style,398.0,Other
gemma,gen_3,254,constVariable,style,398.0,Other
gemma,gen_3,254,constVariable,style,398.0,Other
gemma,gen_3,48,unreadVariable,style,563.0,Other
gemma,gen_3,140,useStlAlgorithm,style,398.0,Other
gemma,gen_3,121,unreadVariable,style,563.0,Other
gemma,gen_3,121,unreadVariable,style,563.0,Other
gemma,gen_3,121,unreadVariable,style,563.0,Other
gemma,gen_3,121,unreadVariable,style,563.0,Other
gemma,gen_3,121,unreadVariable,style,563.0,Other
gemma,gen_3,121,unreadVariable,style,563.0,Other
gemma,gen_3,121,unreadVariable,style,563.0,Other
gemma,gen_3,121,unreadVariable,style,563.0,Other
gemma,gen_3,121,unreadVariable,style,563.0,Other
gemma,gen_3,121,unreadVariable,style,563.0,Other
gemma,gen_3,121,unreadVariable,style,563.0,Other
gemma,gen_3,121,unreadVariable,style,563.0,Other
gemma,gen_3,229,duplicateConditionalAssign,style,398.0,Other
gemma,gen_3,229,duplicateConditionalAssign,style,398.0,Other
gemma,gen_3,229,duplicateConditionalAssign,style,398.0,Other
gemma,gen_3,229,knownConditionTrueFalse,style,570.0,Other
gemma,gen_3,229,variableScope,style,398.0,Other
gemma,gen_3,229,unreadVariable,style,563.0,Other
gemma,gen_3,229,unreadVariable,style,563.0,Other
gemma,gen_3,229,unreadVariable,style,563.0,Other
gemma,gen_3,229,unreadVariable,style,563.0,Other
gemma,gen_3,240,useStlAlgorithm,style,398.0,Other
gemma,gen_3,240,useStlAlgorithm,style,398.0,Other
gemma,gen_3,83,constVariableReference,style,398.0,Other
gemma,gen_3,83,constVariableReference,style,398.0,Other
gemma,gen_3,83,constVariableReference,style,398.0,Other
gemma,gen_3,83,useStlAlgorithm,style,398.0,Other
gemma,gen_3,72,useStlAlgorithm,style,398.0,Other
gemma,gen_3,179,useStlAlgorithm,style,398.0,Other
gemma,gen_3,73,unreadVariable,style,563.0,Other
gemma,gen_3,73,unreadVariable,style,563.0,Other
gemma,gen_3,73,unreadVariable,style,563.0,Other
gemma,gen_3,73,unreadVariable,style,563.0,Other
gemma,gen_3,221,useStlAlgorithm,style,398.0,Other
gemma,gen_3,216,useStlAlgorithm,style,398.0,Other
gemma,gen_3,229,knownConditionTrueFalse,style,398.0,Other
gemma,gen_3,215,variableScope,style,398.0,Other
gemma,gen_3,215,unreadVariable,style,563.0,Other
gemma,gen_3,215,unreadVariable,style,563.0,Other
gemma,gen_3,241,useStlAlgorithm,style,398.0,Other
gemma,gen_3,80,useStlAlgorithm,style,398.0,Other
gemma,gen_3,141,constVariableReference,style,398.0,Other
gemma,gen_3,141,constVariableReference,style,398.0,Other
gemma,gen_3,141,constVariableReference,style,398.0,Other
gemma,gen_3,106,useStlAlgorithm,style,398.0,Other
gemma,gen_3,41,useStlAlgorithm,style,398.0,Other
gemma,gen_3,6,knownConditionTrueFalse,style,571.0,Logic / Undefined Behavior
gemma,gen_3,6,knownConditionTrueFalse,style,571.0,Logic / Undefined Behavior
gemma,gen_3,6,knownConditionTrueFalse,style,571.0,Logic / Undefined Behavior
gemma,gen_3,6,knownConditionTrueFalse,style,571.0,Logic / Undefined Behavior
gemma,gen_3,6,unreadVariable,style,563.0,Other
gemma,gen_3,6,unreadVariable,style,563.0,Other
gemma,gen_3,126,useStlAlgorithm,style,398.0,Other
gemma,gen_3,35,unreadVariable,style,563.0,Other
gemma,gen_3,35,unreadVariable,style,563.0,Other
gemma,gen_3,219,useStlAlgorithm,style,398.0,Other
gemma,gen_3,219,useStlAlgorithm,style,398.0,Other
gemma,gen_3,219,shadowVariable,style,398.0,Other
gemma,gen_3,219,constVariableReference,style,398.0,Other
gemma,gen_3,219,useStlAlgorithm,style,398.0,Other
gemma,gen_3,217,useStlAlgorithm,style,398.0,Other
gemma,gen_3,217,useStlAlgorithm,style,398.0,Other
gemma,gen_3,258,useStlAlgorithm,style,398.0,Other
gemma,gen_3,258,useStlAlgorithm,style,398.0,Other
gemma,gen_3,63,duplicateCondition,style,398.0,Other
gemma,gen_3,63,duplicateCondition,style,398.0,Other
gemma,gen_3,243,knownConditionTrueFalse,style,571.0,Logic / Undefined Behavior
gemma,gen_3,243,knownConditionTrueFalse,style,570.0,Other
gemma,gen_3,243,unreadVariable,style,563.0,Other
gemma,gen_3,213,passedByValue,performance,398.0,Other
gemma,gen_3,46,unreadVariable,style,563.0,Other
gemma,gen_3,46,unreadVariable,style,563.0,Other
gemma,gen_3,4,unreadVariable,style,563.0,Other
gemma,gen_3,146,passedByValue,performance,398.0,Other
gemma,gen_3,122,knownConditionTrueFalse,style,570.0,Other
gemma,gen_3,122,unreadVariable,style,563.0,Other
gemma,gen_3,122,unreadVariable,style,563.0,Other
gemma,gen_3,5,useStlAlgorithm,style,398.0,Other
gemma,gen_3,52,useStlAlgorithm,style,398.0,Other
gemma,gen_3,52,useStlAlgorithm,style,398.0,Other
gemma,gen_3,52,useStlAlgorithm,style,398.0,Other
gemma,gen_3,52,unreadVariable,style,563.0,Other
gemma,gen_3,52,unreadVariable,style,563.0,Other
gemma,gen_3,52,unreadVariable,style,563.0,Other
gemma,gen_3,52,unreadVariable,style,563.0,Other
gemma,gen_3,52,unreadVariable,style,563.0,Other
gemma,gen_3,52,unreadVariable,style,563.0,Other
gemma,gen_3,199,useStlAlgorithm,style,398.0,Other
gemma,gen_3,106,useStlAlgorithm,style,398.0,Other
gemma,gen_3,54,redundantAssignment,style,563.0,Other
gemma,gen_3,54,useStlAlgorithm,style,398.0,Other
gemma,gen_3,54,useStlAlgorithm,style,398.0,Other
gemma,gen_3,11,useStlAlgorithm,style,398.0,Other
gemma,gen_3,21,constVariableReference,style,398.0,Other
gemma,gen_3,173,useStlAlgorithm,style,398.0,Other
gemma,gen_3,173,useStlAlgorithm,style,398.0,Other
gemma,gen_3,173,useStlAlgorithm,style,398.0,Other
gemma,gen_3,41,redundantInitialization,style,563.0,Other
gemma,gen_3,60,useStlAlgorithm,style,398.0,Other
gemma,gen_3,60,useStlAlgorithm,style,398.0,Other
gemma,gen_3,154,duplicateBranch,style,398.0,Other
gemma,gen_3,154,useStlAlgorithm,style,398.0,Other
gemma,gen_3,78,useStlAlgorithm,style,398.0,Other
gemma,gen_3,78,useStlAlgorithm,style,398.0,Other
gemma,gen_3,78,negativeContainerIndex,warning,786.0,Other
gemma,gen_3,78,negativeContainerIndex,warning,786.0,Other
gemma,gen_3,165,useStlAlgorithm,style,398.0,Other
gemma,gen_3,239,shiftTooManyBits,warning,758.0,Logic / Undefined Behavior
gemma,gen_3,239,integerOverflowCond,warning,190.0,Bounds / Integer
gemma,gen_3,193,variableScope,style,398.0,Other
gemma,gen_3,193,useStlAlgorithm,style,398.0,Other
gemma,gen_3,193,useStlAlgorithm,style,398.0,Other
gemma,gen_3,193,unreadVariable,style,563.0,Other
gemma,gen_3,193,unreadVariable,style,563.0,Other
gemma,gen_3,193,unreadVariable,style,563.0,Other
gemma,gen_3,216,useStlAlgorithm,style,398.0,Other
gemma,gen_3,216,unreadVariable,style,563.0,Other
gemma,gen_3,216,unreadVariable,style,563.0,Other
gemma,gen_3,216,unreadVariable,style,563.0,Other
gemma,gen_3,1,unreadVariable,style,563.0,Other
gemma,gen_3,1,unreadVariable,style,563.0,Other
gemma,gen_3,1,unreadVariable,style,563.0,Other
gemma,gen_3,1,unreadVariable,style,563.0,Other
gemma,gen_3,58,useStlAlgorithm,style,398.0,Other
gemma,gen_3,180,useStlAlgorithm,style,398.0,Other
gemma,gen_3,180,unusedVariable,style,563.0,Other
gemma,gen_3,180,unusedVariable,style,563.0,Other
gemma,gen_3,206,knownConditionTrueFalse,style,570.0,Other
gemma,gen_3,206,knownConditionTrueFalse,style,570.0,Other
gemma,gen_3,206,unusedVariable,style,563.0,Other
gemma,gen_3,206,unreadVariable,style,563.0,Other
gemma,gen_3,206,unreadVariable,style,563.0,Other
gemma,gen_3,249,constVariableReference,style,398.0,Other
gemma,gen_3,249,unreadVariable,style,563.0,Other
gemma,gen_3,82,variableScope,style,398.0,Other
gemma,gen_3,82,unreadVariable,style,563.0,Other
gemma,gen_3,82,unreadVariable,style,563.0,Other
gemma,gen_3,82,unreadVariable,style,563.0,Other
gemma,gen_3,138,variableScope,style,398.0,Other
gemma,gen_3,138,useStlAlgorithm,style,398.0,Other
gemma,gen_3,138,unreadVariable,style,563.0,Other
gemma,gen_3,138,unreadVariable,style,563.0,Other
gemma,gen_3,161,unreadVariable,style,563.0,Other
gemma,gen_3,161,unreadVariable,style,563.0,Other
gemma,gen_3,148,variableScope,style,398.0,Other
gemma,gen_3,148,unreadVariable,style,563.0,Other
gemma,gen_3,148,unreadVariable,style,563.0,Other
gemma,gen_3,67,useStlAlgorithm,style,398.0,Other
gemma,gen_3,90,duplicateCondition,style,398.0,Other
gemma,gen_3,38,useStlAlgorithm,style,398.0,Other
gemma,gen_3,38,unreadVariable,style,563.0,Other
gemma,gen_3,84,useStlAlgorithm,style,398.0,Other
gemma,gen_3,84,useStlAlgorithm,style,398.0,Other
gemma,gen_3,84,useStlAlgorithm,style,398.0,Other
gemma,gen_3,84,useStlAlgorithm,style,398.0,Other
gemma,gen_3,8,useStlAlgorithm,style,398.0,Other
gemma,gen_3,164,unreadVariable,style,563.0,Other
gemma,gen_3,93,passedByValue,performance,398.0,Other
gemma,gen_3,212,invalidFunctionArg,warning,628.0,Other
gemma,gen_3,212,invalidFunctionArg,warning,628.0,Other
gemma,gen_3,212,duplicateAssignExpression,style,398.0,Other
gemma,gen_3,212,duplicateAssignExpression,style,398.0,Other
gemma,gen_3,212,unreadVariable,style,563.0,Other
gemma,gen_3,212,unreadVariable,style,563.0,Other
gemma,gen_3,45,useStlAlgorithm,style,398.0,Other
gemma,gen_3,45,useStlAlgorithm,style,398.0,Other
gemma,gen_3,54,knownConditionTrueFalse,style,571.0,Logic / Undefined Behavior
gemma,gen_3,54,useStlAlgorithm,style,398.0,Other
gemma,gen_3,203,useStlAlgorithm,style,398.0,Other
gemma,gen_3,251,useStlAlgorithm,style,398.0,Other
gemma,gen_3,251,useStlAlgorithm,style,398.0,Other
gemma,gen_3,101,useStlAlgorithm,style,398.0,Other
gemma,gen_3,186,stlFindInsert,performance,398.0,Other
gemma,gen_3,189,unreadVariable,style,563.0,Other
gemma,gen_3,19,useStlAlgorithm,style,398.0,Other
gemma,gen_3,60,useStlAlgorithm,style,398.0,Other
gemma,gen_3,23,duplicateBranch,style,398.0,Other
gemma,gen_3,23,unreadVariable,style,563.0,Other
gemma,gen_3,23,unreadVariable,style,563.0,Other
gemma,gen_3,23,unreadVariable,style,563.0,Other
gemma,gen_3,194,duplicateBranch,style,398.0,Other
gemma,gen_3,194,unreadVariable,style,563.0,Other
gemma,gen_3,194,unreadVariable,style,563.0,Other
gemma,gen_3,194,unreadVariable,style,563.0,Other
gemma,gen_3,194,unreadVariable,style,563.0,Other
gemma,gen_3,77,useStlAlgorithm,style,398.0,Other
gemma,gen_3,3,useStlAlgorithm,style,398.0,Other
gemma,gen_3,128,duplicateBranch,style,398.0,Other
gemma,gen_3,128,unreadVariable,style,563.0,Other
gemma,gen_3,100,constVariable,style,398.0,Other
gemma,gen_3,100,constVariable,style,398.0,Other
gemma,gen_3,100,uninitvar,warning,457.0,Null / Initialization
gemma,gen_3,100,uninitvar,warning,457.0,Null / Initialization
gemma,gen_3,163,unreadVariable,style,563.0,Other
gemma,gen_3,163,unreadVariable,style,563.0,Other
gemma,gen_3,163,unreadVariable,style,563.0,Other
gemma,gen_3,142,shadowVariable,style,398.0,Other
gemma,gen_3,100,variableScope,style,398.0,Other
gemma,gen_3,100,passedByValue,performance,398.0,Other
gemma,gen_3,100,useStlAlgorithm,style,398.0,Other
gemma,gen_3,100,useStlAlgorithm,style,398.0,Other
gemma,gen_3,100,unreadVariable,style,563.0,Other
gemma,gen_3,81,useStlAlgorithm,style,398.0,Other
gemma,gen_3,192,constVariableReference,style,398.0,Other
gemma,gen_3,6,knownConditionTrueFalse,style,571.0,Logic / Undefined Behavior
gemma,gen_3,6,useStlAlgorithm,style,398.0,Other
gemma,gen_3,6,useStlAlgorithm,style,398.0,Other
gemma,gen_3,4,knownConditionTrueFalse,style,571.0,Logic / Undefined Behavior
gemma,gen_3,196,useStlAlgorithm,style,398.0,Other
gemma,gen_3,169,passedByValue,performance,398.0,Other
gemma,gen_3,16,truncLongCastAssignment,style,197.0,Other
gemma,gen_3,40,duplicateBranch,style,398.0,Other
gemma,gen_3,200,useStlAlgorithm,style,398.0,Other
gemma,gen_3,220,shiftTooManyBits,warning,758.0,Logic / Undefined Behavior
gemma,gen_3,102,shadowVariable,style,398.0,Other
gemma,gen_3,102,shadowVariable,style,398.0,Other
gemma,gen_3,102,useStlAlgorithm,style,398.0,Other
gemma,gen_3,102,useStlAlgorithm,style,398.0,Other
gemma,gen_3,102,unreadVariable,style,563.0,Other
gemma,gen_3,14,useStlAlgorithm,style,398.0,Other
gemma,gen_3,117,useStlAlgorithm,style,398.0,Other
gemma,gen_3,253,unreadVariable,style,563.0,Other
gemma,gen_3,64,unreadVariable,style,563.0,Other
gemma,gen_3,22,unreadVariable,style,563.0,Other
gemma,gen_3,22,unreadVariable,style,563.0,Other
gemma,gen_3,22,unreadVariable,style,563.0,Other
gemma,gen_3,22,unreadVariable,style,563.0,Other
gemma,gen_3,22,unreadVariable,style,563.0,Other
gemma,gen_3,22,unreadVariable,style,563.0,Other
gemma,gen_3,22,unreadVariable,style,563.0,Other
gemma,gen_3,94,unreadVariable,style,563.0,Other
gemma,gen_3,94,unreadVariable,style,563.0,Other
gemma,gen_3,94,unreadVariable,style,563.0,Other
gemma,gen_3,94,unreadVariable,style,563.0,Other
gemma,gen_3,76,variableScope,style,398.0,Other
gemma,gen_3,141,useStlAlgorithm,style,398.0,Other
gemma,gen_3,8,useStlAlgorithm,style,398.0,Other
gemma,gen_3,195,variableScope,style,398.0,Other
gemma,gen_3,195,unreadVariable,style,563.0,Other
gemma,gen_3,195,unreadVariable,style,563.0,Other
gemma,gen_3,195,unreadVariable,style,563.0,Other
gemma,gen_3,195,unreadVariable,style,563.0,Other
gemma,gen_3,195,unreadVariable,style,563.0,Other
gemma,gen_3,195,unreadVariable,style,563.0,Other
gemma,gen_3,195,unreadVariable,style,563.0,Other
gemma,gen_3,195,unreadVariable,style,563.0,Other
gemma,gen_3,195,unreadVariable,style,563.0,Other
gemma,gen_3,156,useStlAlgorithm,style,398.0,Other
gemma,gen_3,7,knownConditionTrueFalse,style,571.0,Logic / Undefined Behavior
gemma,gen_3,7,knownConditionTrueFalse,style,570.0,Other
gemma,gen_3,7,knownConditionTrueFalse,style,570.0,Other
gemma,gen_3,7,useStlAlgorithm,style,398.0,Other
gemma,gen_3,7,useStlAlgorithm,style,398.0,Other
gemma,gen_3,7,unusedVariable,style,563.0,Other
gemma,gen_3,139,variableScope,style,398.0,Other
gemma,gen_3,139,constVariableReference,style,398.0,Other
gemma,gen_3,139,constVariableReference,style,398.0,Other
gemma,gen_3,139,constVariableReference,style,398.0,Other
gemma,gen_3,139,unreadVariable,style,563.0,Other
gemma,gen_3,139,unreadVariable,style,563.0,Other
gemma,gen_3,91,useStlAlgorithm,style,398.0,Other
gemma,gen_3,91,useStlAlgorithm,style,398.0,Other
gemma,gen_3,55,unusedVariable,style,563.0,Other
gemma,gen_3,124,useStlAlgorithm,style,398.0,Other
gemma,gen_3,227,useStlAlgorithm,style,398.0,Other
gemma,gen_3,227,useStlAlgorithm,style,398.0,Other
gemma,gen_3,158,useStlAlgorithm,style,398.0,Other
gemma,gen_3,4,useStlAlgorithm,style,398.0,Other
gemma,gen_3,20,knownConditionTrueFalse,style,570.0,Other
gemma,gen_3,20,knownConditionTrueFalse,style,570.0,Other
gemma,gen_3,20,knownConditionTrueFalse,style,570.0,Other
gemma,gen_3,20,knownConditionTrueFalse,style,570.0,Other
gemma,gen_3,20,unreadVariable,style,563.0,Other
gemma,gen_3,20,unreadVariable,style,563.0,Other
gemma,gen_3,20,unreadVariable,style,563.0,Other
gemma,gen_3,20,unreadVariable,style,563.0,Other
gemma,gen_3,20,unreadVariable,style,563.0,Other
gemma,gen_3,20,unreadVariable,style,563.0,Other
gemma,gen_3,20,unreadVariable,style,563.0,Other
gemma,gen_3,20,unreadVariable,style,563.0,Other
gemma,gen_3,20,unreadVariable,style,563.0,Other
gemma,gen_3,20,unreadVariable,style,563.0,Other
gemma,gen_3,20,unreadVariable,style,563.0,Other
gemma,gen_3,20,unreadVariable,style,563.0,Other
gemma,gen_3,154,useStlAlgorithm,style,398.0,Other
gemma,gen_3,108,useStlAlgorithm,style,398.0,Other
gemma,gen_3,108,useStlAlgorithm,style,398.0,Other
gemma,gen_3,108,useStlAlgorithm,style,398.0,Other
gemma,gen_3,173,variableScope,style,398.0,Other
gemma,gen_3,173,variableScope,style,398.0,Other
gemma,gen_3,173,variableScope,style,398.0,Other
gemma,gen_3,173,constVariableReference,style,398.0,Other
gemma,gen_3,173,constVariableReference,style,398.0,Other
gemma,gen_3,173,constVariableReference,style,398.0,Other
gemma,gen_3,28,unreadVariable,style,563.0,Other
gemma,gen_3,28,unreadVariable,style,563.0,Other
gemma,gen_3,118,useStlAlgorithm,style,398.0,Other
gemma,gen_3,1,useStlAlgorithm,style,398.0,Other
gemma,gen_3,124,oppositeInnerCondition,warning,398.0,Other
gemma,gen_3,88,passedByValue,performance,398.0,Other
gemma,gen_3,88,constVariableReference,style,398.0,Other
gemma,gen_3,88,constVariableReference,style,398.0,Other
gemma,gen_3,88,constVariableReference,style,398.0,Other
gemma,gen_3,88,useStlAlgorithm,style,398.0,Other
gemma,gen_3,88,unreadVariable,style,563.0,Other
gemma,gen_3,190,knownConditionTrueFalse,style,571.0,Logic / Undefined Behavior
gemma,gen_3,133,unreadVariable,style,563.0,Other
gemma,gen_3,131,duplicateAssignExpression,style,398.0,Other
gemma,gen_3,131,duplicateAssignExpression,style,398.0,Other
gemma,gen_3,15,constVariable,style,398.0,Other
gemma,gen_3,15,constVariable,style,398.0,Other
gemma,gen_3,15,constVariable,style,398.0,Other
gemma,gen_3,15,constVariable,style,398.0,Other
gemma,gen_3,15,constVariable,style,398.0,Other
gemma,gen_3,15,constVariable,style,398.0,Other
gemma,gen_3,15,constVariable,style,398.0,Other
gemma,gen_3,15,constVariable,style,398.0,Other
gemma,gen_3,241,duplicateBranch,style,398.0,Other
gemma,gen_3,241,unreadVariable,style,563.0,Other
gemma,gen_3,241,unreadVariable,style,563.0,Other
gemma,gen_3,241,unreadVariable,style,563.0,Other
gemma,gen_3,241,unreadVariable,style,563.0,Other
gemma,gen_3,241,unreadVariable,style,563.0,Other
gemma,gen_3,241,unreadVariable,style,563.0,Other
gemma,gen_3,83,useStlAlgorithm,style,398.0,Other
gemma,gen_3,83,useStlAlgorithm,style,398.0,Other
gemma,gen_3,83,useStlAlgorithm,style,398.0,Other
gemma,gen_3,83,useStlAlgorithm,style,398.0,Other
gemma,gen_3,83,useStlAlgorithm,style,398.0,Other
gemma,gen_3,83,useStlAlgorithm,style,398.0,Other
gemma,gen_3,83,useStlAlgorithm,style,398.0,Other
gemma,gen_3,83,useStlAlgorithm,style,398.0,Other
gemma,gen_3,10,useStlAlgorithm,style,398.0,Other
gemma,gen_3,66,useStlAlgorithm,style,398.0,Other
gemma,gen_3,23,knownConditionTrueFalse,style,570.0,Other
gemma,gen_3,23,knownConditionTrueFalse,style,570.0,Other
gemma,gen_3,23,variableScope,style,398.0,Other
gemma,gen_3,23,unreadVariable,style,563.0,Other
gemma,gen_3,23,unreadVariable,style,563.0,Other
gemma,gen_3,23,unreadVariable,style,563.0,Other
gemma,gen_3,23,unreadVariable,style,563.0,Other
gemma,gen_3,23,unreadVariable,style,563.0,Other
gemma,gen_3,196,unreadVariable,style,563.0,Other
gemma,gen_3,196,unreadVariable,style,563.0,Other
gemma,gen_3,196,unreadVariable,style,563.0,Other
gemma,gen_3,196,unusedVariable,style,563.0,Other
gemma,gen_3,213,passedByValue,performance,398.0,Other
gemma,gen_3,225,useStlAlgorithm,style,398.0,Other
gemma,gen_3,224,useStlAlgorithm,style,398.0,Other
gemma,gen_3,224,useStlAlgorithm,style,398.0,Other
gemma,gen_3,250,passedByValue,performance,398.0,Other
gemma,gen_3,250,useStlAlgorithm,style,398.0,Other
gemma,gen_3,148,useStlAlgorithm,style,398.0,Other
gemma,gen_3,235,useStlAlgorithm,style,398.0,Other
gemma,gen_3,235,useStlAlgorithm,style,398.0,Other
gemma,gen_3,9,unreadVariable,style,563.0,Other
gemma,gen_3,9,unreadVariable,style,563.0,Other
gemma,gen_3,108,useStlAlgorithm,style,398.0,Other
gemma,gen_3,108,useStlAlgorithm,style,398.0,Other
gemma,gen_3,117,duplicateCondition,style,398.0,Other
gemma,gen_3,117,stlFindInsert,performance,398.0,Other
gemma,gen_3,117,stlFindInsert,performance,398.0,Other
gemma,gen_3,55,constVariable,style,398.0,Other
gemma,gen_3,55,constVariable,style,398.0,Other
gemma,gen_3,57,useStlAlgorithm,style,398.0,Other
gemma,gen_3,43,constVariableReference,style,398.0,Other
gemma,gen_3,43,constVariableReference,style,398.0,Other
gemma,gen_3,43,useStlAlgorithm,style,398.0,Other
gemma,gen_3,144,unreadVariable,style,563.0,Other
gemma,gen_3,144,unreadVariable,style,563.0,Other
gemma,gen_3,191,useStlAlgorithm,style,398.0,Other
gemma,gen_3,191,useStlAlgorithm,style,398.0,Other
gemma,gen_3,30,constVariableReference,style,398.0,Other
gemma,gen_3,30,unreadVariable,style,563.0,Other
gemma,gen_3,30,unreadVariable,style,563.0,Other
gemma,gen_3,108,useStlAlgorithm,style,398.0,Other
gemma,gen_3,182,redundantAssignment,style,563.0,Other
gemma,gen_3,182,redundantAssignment,style,563.0,Other
gemma,gen_3,238,variableScope,style,398.0,Other
gemma,gen_3,238,constVariableReference,style,398.0,Other
gemma,gen_3,238,useStlAlgorithm,style,398.0,Other
gemma,gen_3,99,constVariable,style,398.0,Other
gemma,gen_3,99,constVariable,style,398.0,Other
gemma,gen_3,99,constVariable,style,398.0,Other
gemma,gen_3,99,stlFindInsert,performance,398.0,Other
gemma,gen_3,99,uninitvar,warning,457.0,Null / Initialization
gemma,gen_3,99,uninitvar,warning,457.0,Null / Initialization
gemma,gen_3,125,unusedVariable,style,563.0,Other
gemma,gen_3,9,duplicateBranch,style,398.0,Other
gemma,gen_3,9,useStlAlgorithm,style,398.0,Other
gemma,gen_3,75,constVariableReference,style,398.0,Other
gemma,gen_3,159,unreadVariable,style,563.0,Other
gemma,gen_3,0,constVariable,style,398.0,Other
gemma,gen_3,0,constVariable,style,398.0,Other
gemma,gen_3,0,useStlAlgorithm,style,398.0,Other
gemma,gen_3,240,duplicateCondition,style,398.0,Other
gemma,gen_3,240,constVariableReference,style,398.0,Other
gemma,gen_3,167,useStlAlgorithm,style,398.0,Other
gemma,gen_3,109,variableScope,style,398.0,Other
gemma,gen_3,109,variableScope,style,398.0,Other
gemma,gen_3,109,useStlAlgorithm,style,398.0,Other
gemma,gen_3,109,unreadVariable,style,563.0,Other
gemma,gen_3,109,unreadVariable,style,563.0,Other
gemma,gen_3,207,redundantInitialization,style,563.0,Other
gemma,gen_3,146,useStlAlgorithm,style,398.0,Other
gemma,gen_3,206,useStlAlgorithm,style,398.0,Other
gemma,gen_3,145,useStlAlgorithm,style,398.0,Other
gemma,gen_3,150,variableScope,style,398.0,Other
gemma,gen_3,150,useStlAlgorithm,style,398.0,Other
gemma,gen_3,150,useStlAlgorithm,style,398.0,Other
gemma,gen_3,150,unreadVariable,style,563.0,Other
gemma,gen_3,150,unreadVariable,style,563.0,Other
gemma,gen_3,150,unreadVariable,style,563.0,Other
gemma,gen_3,150,unreadVariable,style,563.0,Other
gemma,gen_3,170,useStlAlgorithm,style,398.0,Other
gemma,gen_3,210,useStlAlgorithm,style,398.0,Other
gemma,gen_3,210,useStlAlgorithm,style,398.0,Other
gemma,gen_3,210,useStlAlgorithm,style,398.0,Other
gemma,gen_3,210,useStlAlgorithm,style,398.0,Other
gemma,gen_3,98,containerOutOfBounds,warning,398.0,Other
gemma,gen_3,98,useStlAlgorithm,style,398.0,Other
gemma,gen_3,98,useStlAlgorithm,style,398.0,Other
gemma,gen_3,98,useStlAlgorithm,style,398.0,Other
gemma,gen_3,98,unreadVariable,style,563.0,Other
gemma,gen_3,98,unreadVariable,style,563.0,Other
gemma,gen_3,98,unreadVariable,style,563.0,Other
gemma,gen_3,98,unusedVariable,style,563.0,Other
gemma,gen_3,90,useStlAlgorithm,style,398.0,Other
gemma,gen_3,236,useStlAlgorithm,style,398.0,Other
gemma,gen_3,56,constVariableReference,style,398.0,Other
gemma,gen_3,56,unreadVariable,style,563.0,Other
gemma,gen_3,56,unreadVariable,style,563.0,Other
gemma,gen_3,56,unreadVariable,style,563.0,Other
gemma,gen_3,104,shadowVariable,style,398.0,Other
gemma,gen_3,104,constVariableReference,style,398.0,Other
gemma,gen_3,104,constVariableReference,style,398.0,Other
gemma,gen_3,105,useStlAlgorithm,style,398.0,Other
gemma,gen_3,49,useStlAlgorithm,style,398.0,Other
gemma,gen_3,226,duplicateBranch,style,398.0,Other
gemma,gen_3,226,useStlAlgorithm,style,398.0,Other
gemma,gen_3,226,useStlAlgorithm,style,398.0,Other
gemma,gen_3,171,useStlAlgorithm,style,398.0,Other
gemma,gen_3,171,useStlAlgorithm,style,398.0,Other
gemma,gen_3,171,unreadVariable,style,563.0,Other
gemma,gen_3,171,unreadVariable,style,563.0,Other
gemma,gen_3,47,useStlAlgorithm,style,398.0,Other
gemma,gen_3,24,useStlAlgorithm,style,398.0,Other
gemma,gen_3,217,duplicateCondition,style,398.0,Other
gemma,gen_3,217,duplicateCondition,style,398.0,Other
gemma,gen_3,217,duplicateCondition,style,398.0,Other
gemma,gen_3,217,duplicateCondition,style,398.0,Other
gemma,gen_3,17,useStlAlgorithm,style,398.0,Other
gemma,gen_3,202,variableScope,style,398.0,Other
gemma,gen_3,202,unreadVariable,style,563.0,Other
gemma,gen_3,202,unreadVariable,style,563.0,Other
gemma,gen_3,202,unreadVariable,style,563.0,Other
gemma,gen_3,202,unreadVariable,style,563.0,Other
gemma,gen_3,202,unreadVariable,style,563.0,Other
gemma,gen_3,202,unreadVariable,style,563.0,Other
gemma,gen_3,202,unreadVariable,style,563.0,Other
gemma,gen_3,202,unreadVariable,style,563.0,Other
gemma,gen_3,202,unreadVariable,style,563.0,Other
gemma,gen_3,12,useStlAlgorithm,style,398.0,Other
gemma,gen_3,72,useStlAlgorithm,style,398.0,Other
gemma,gen_3,96,unreadVariable,style,563.0,Other
gemma,gen_3,96,unreadVariable,style,563.0,Other
gemma,gen_3,226,useStlAlgorithm,style,398.0,Other
gemma,gen_3,97,constVariable,style,398.0,Other
gemma,gen_3,97,constVariable,style,398.0,Other
gemma,gen_3,143,useStlAlgorithm,style,398.0,Other
gemma,gen_3,79,useStlAlgorithm,style,398.0,Other
gemma,gen_3,79,useStlAlgorithm,style,398.0,Other
gemma,gen_3,79,useStlAlgorithm,style,398.0,Other
gemma,gen_3,232,duplicateBranch,style,398.0,Other
gemma,gen_3,153,useStlAlgorithm,style,398.0,Other
gemma,gen_3,153,useStlAlgorithm,style,398.0,Other
gemma,gen_3,153,useStlAlgorithm,style,398.0,Other
gemma,gen_3,153,useStlAlgorithm,style,398.0,Other
gemma,gen_3,2,useStlAlgorithm,style,398.0,Other
gemma,gen_3,2,useStlAlgorithm,style,398.0,Other
gemma,gen_3,65,unreadVariable,style,563.0,Other
gemma,gen_3,65,unreadVariable,style,563.0,Other
gemma,gen_3,127,useStlAlgorithm,style,398.0,Other
gemma,gen_3,62,variableScope,style,398.0,Other
gemma,gen_3,62,constVariableReference,style,398.0,Other
gemma,gen_3,62,constVariableReference,style,398.0,Other
gemma,gen_3,62,useStlAlgorithm,style,398.0,Other
gemma,gen_3,24,multiCondition,style,398.0,Other
gemma,gen_3,15,unreadVariable,style,563.0,Other
gemma,gen_3,15,unreadVariable,style,563.0,Other
gemma,gen_3,188,useStlAlgorithm,style,398.0,Other
gemma,gen_3,70,duplicateBranch,style,398.0,Other
gemma,gen_3,70,variableScope,style,398.0,Other
gemma,gen_3,70,unreadVariable,style,563.0,Other
gemma,gen_3,70,unreadVariable,style,563.0,Other
gemma,gen_3,70,unreadVariable,style,563.0,Other
gemma,gen_3,229,unreadVariable,style,563.0,Other
gemma,gen_3,229,unreadVariable,style,563.0,Other
gemma,gen_3,21,knownConditionTrueFalse,style,570.0,Other
gemma,gen_3,168,unreadVariable,style,563.0,Other
gemma,gen_3,168,unreadVariable,style,563.0,Other
gemma,gen_3,0,useStlAlgorithm,style,398.0,Other
gemma,gen_3,175,useStlAlgorithm,style,398.0,Other
gemma,gen_3,6,useStlAlgorithm,style,398.0,Other
gemma,gen_3,88,stlFindInsert,performance,398.0,Other
gemma,gen_3,88,stlFindInsert,performance,398.0,Other
gemma,gen_3,175,unreadVariable,style,563.0,Other
gemma,gen_3,175,unreadVariable,style,563.0,Other
gemma,gen_3,175,unreadVariable,style,563.0,Other
gemma,gen_3,175,unreadVariable,style,563.0,Other
gemma,gen_3,175,unreadVariable,style,563.0,Other
gemma,gen_3,175,unreadVariable,style,563.0,Other
gemma,gen_3,175,unreadVariable,style,563.0,Other
gemma,gen_3,175,unreadVariable,style,563.0,Other
gemma,gen_3,200,useStlAlgorithm,style,398.0,Other
gemma,gen_3,73,useStlAlgorithm,style,398.0,Other
gemma,gen_3,237,knownConditionTrueFalse,style,571.0,Logic / Undefined Behavior
gemma,gen_3,237,unreadVariable,style,563.0,Other
gemma,gen_3,237,unreadVariable,style,563.0,Other
gemma,gen_3,184,useStlAlgorithm,style,398.0,Other
gemma,gen_3,201,useStlAlgorithm,style,398.0,Other
gemma,gen_3,14,useStlAlgorithm,style,398.0,Other
gemma,gen_3,14,useStlAlgorithm,style,398.0,Other
gemma,gen_3,157,useStlAlgorithm,style,398.0,Other
gemma,gen_3,157,useStlAlgorithm,style,398.0,Other
gemma,gen_3,179,useStlAlgorithm,style,398.0,Other
gemma,gen_3,34,unreadVariable,style,563.0,Other
gemma,gen_3,231,useStlAlgorithm,style,398.0,Other
gemma,gen_3,159,constVariable,style,398.0,Other
gemma,gen_3,159,constVariable,style,398.0,Other
gemma,gen_3,143,unreadVariable,style,563.0,Other
gemma,gen_3,143,unreadVariable,style,563.0,Other
gemma,gen_3,143,unreadVariable,style,563.0,Other
gemma,gen_3,143,unreadVariable,style,563.0,Other
gemma,gen_3,143,unreadVariable,style,563.0,Other
gemma,gen_3,71,useStlAlgorithm,style,398.0,Other
gemma,gen_3,157,uninitvar,warning,457.0,Null / Initialization
gemma,gen_3,191,useStlAlgorithm,style,398.0,Other
gemma,gen_3,191,useStlAlgorithm,style,398.0,Other
gemma,gen_3,61,variableScope,style,398.0,Other
gemma,gen_3,170,useStlAlgorithm,style,398.0,Other
gemma,gen_3,170,useStlAlgorithm,style,398.0,Other
gemma,gen_3,156,shadowVariable,style,398.0,Other
gemma,gen_3,134,useStlAlgorithm,style,398.0,Other
gemma,gen_3,224,useStlAlgorithm,style,398.0,Other
gemma,gen_3,224,useStlAlgorithm,style,398.0,Other
gemma,gen_3,224,useStlAlgorithm,style,398.0,Other
gemma,gen_3,224,useStlAlgorithm,style,398.0,Other
gemma,gen_3,224,useStlAlgorithm,style,398.0,Other
gemma,gen_3,224,useStlAlgorithm,style,398.0,Other
gemma,gen_3,152,duplicateBranch,style,398.0,Other
gemma,gen_3,236,useStlAlgorithm,style,398.0,Other
gemma,gen_3,236,useStlAlgorithm,style,398.0,Other
gemma,gen_3,236,useStlAlgorithm,style,398.0,Other
gemma,gen_3,236,unreadVariable,style,563.0,Other
gemma,gen_3,234,duplicateBranch,style,398.0,Other
gemma,gen_3,234,unreadVariable,style,563.0,Other
gemma,gen_3,181,duplicateBranch,style,398.0,Other
gemma,gen_3,181,useStlAlgorithm,style,398.0,Other
gemma,gen_3,109,useStlAlgorithm,style,398.0,Other
gemma,gen_3,109,unusedVariable,style,563.0,Other
gemma,gen_3,27,useStlAlgorithm,style,398.0,Other
gemma,gen_3,50,shadowVariable,style,398.0,Other
gemma,gen_3,61,knownConditionTrueFalse,style,570.0,Other
gemma,gen_3,61,constVariable,style,398.0,Other
gemma,gen_3,61,constVariable,style,398.0,Other
gemma,gen_3,113,knownConditionTrueFalse,style,570.0,Other
gemma,gen_3,113,knownConditionTrueFalse,style,570.0,Other
gemma,gen_3,44,useStlAlgorithm,style,398.0,Other
gemma,gen_3,89,identicalInnerCondition,warning,398.0,Other
gemma,gen_3,89,useStlAlgorithm,style,398.0,Other
gemma,gen_3,174,useStlAlgorithm,style,398.0,Other
gemma,gen_3,64,useStlAlgorithm,style,398.0,Other
gemma,gen_3,31,knownConditionTrueFalse,style,398.0,Other
gemma,gen_3,31,useStlAlgorithm,style,398.0,Other
gemma,gen_3,31,useStlAlgorithm,style,398.0,Other
gemma,gen_3,95,constVariableReference,style,398.0,Other
gemma,gen_3,95,constVariableReference,style,398.0,Other
gemma,gen_3,109,useStlAlgorithm,style,398.0,Other
gemma,gen_3,109,useStlAlgorithm,style,398.0,Other
gemma,gen_3,225,useStlAlgorithm,style,398.0,Other
gemma,gen_3,66,useStlAlgorithm,style,398.0,Other
gemma,gen_3,212,useStlAlgorithm,style,398.0,Other
gemma,gen_3,29,shiftNegative,error,758.0,Logic / Undefined Behavior
gemma,gen_3,29,constVariableReference,style,398.0,Other
gemma,gen_3,29,useStlAlgorithm,style,398.0,Other
gemma,gen_3,223,constVariableReference,style,398.0,Other
gemma,gen_3,223,constVariableReference,style,398.0,Other
gemma,gen_3,223,unreadVariable,style,563.0,Other
gemma,gen_3,223,unreadVariable,style,563.0,Other
gemma,gen_3,223,unusedVariable,style,563.0,Other
gemma,gen_3,223,unusedVariable,style,563.0,Other
gemma,gen_3,79,knownConditionTrueFalse,style,570.0,Other
gemma,gen_3,31,unreadVariable,style,563.0,Other
gemma,gen_3,31,unreadVariable,style,563.0,Other
gemma,gen_3,31,unreadVariable,style,563.0,Other
gemma,gen_3,31,unreadVariable,style,563.0,Other
gemma,gen_3,31,unreadVariable,style,563.0,Other
gemma,gen_3,31,unreadVariable,style,563.0,Other
gemma,gen_3,66,variableScope,style,398.0,Other
gemma,gen_3,66,unreadVariable,style,563.0,Other
gemma,gen_3,152,constVariableReference,style,398.0,Other
gemma,gen_3,152,unreadVariable,style,563.0,Other
gemma,gen_3,7,containerOutOfBounds,error,398.0,Other
gemma,gen_3,225,useStlAlgorithm,style,398.0,Other
gemma,gen_3,32,useStlAlgorithm,style,398.0,Other
gemma,gen_3,32,useStlAlgorithm,style,398.0,Other
gemma,gen_3,82,useStlAlgorithm,style,398.0,Other
gemma,gen_3,242,useStlAlgorithm,style,398.0,Other
gemma,gen_3,242,useStlAlgorithm,style,398.0,Other
gemma,gen_3,242,unreadVariable,style,563.0,Other
gemma,gen_3,232,knownConditionTrueFalse,style,570.0,Other
gemma,gen_3,190,useStlAlgorithm,style,398.0,Other
gemma,gen_3,190,useStlAlgorithm,style,398.0,Other
gemma,gen_3,218,useStlAlgorithm,style,398.0,Other
gemma,gen_3,218,negativeContainerIndex,warning,786.0,Other
gemma,gen_3,218,negativeContainerIndex,warning,786.0,Other
gemma,gen_3,218,negativeContainerIndex,warning,786.0,Other
gemma,gen_3,218,negativeContainerIndex,warning,786.0,Other
gemma,gen_3,218,negativeContainerIndex,warning,786.0,Other
gemma,gen_3,200,useStlAlgorithm,style,398.0,Other
gemma,gen_3,32,shiftTooManyBits,error,758.0,Logic / Undefined Behavior
gemma,gen_3,0,useStlAlgorithm,style,398.0,Other
gemma,gen_3,197,unreadVariable,style,563.0,Other
gemma,gen_3,185,unreadVariable,style,563.0,Other
gemma,gen_3,185,unreadVariable,style,563.0,Other
gemma,gen_3,149,unreadVariable,style,563.0,Other
gemma,gen_3,149,unreadVariable,style,563.0,Other
gemma,gen_3,149,unreadVariable,style,563.0,Other
gemma,gen_3,104,constVariableReference,style,398.0,Other
gemma,gen_3,112,useStlAlgorithm,style,398.0,Other
gemma,gen_3,112,unreadVariable,style,563.0,Other
gemma,gen_3,112,unreadVariable,style,563.0,Other
gemma,gen_3,112,unreadVariable,style,563.0,Other
gemma,gen_3,157,unreadVariable,style,563.0,Other
gemma,gen_3,157,unreadVariable,style,563.0,Other
gemma,gen_3,63,unreadVariable,style,563.0,Other
gemma,gen_3,63,unreadVariable,style,563.0,Other
gemma,gen_3,227,useStlAlgorithm,style,398.0,Other
gemma,gen_3,50,useStlAlgorithm,style,398.0,Other
gemma,gen_3,113,duplicateBranch,style,398.0,Other
gemma,gen_3,206,useStlAlgorithm,style,398.0,Other
gemma,gen_3,206,useStlAlgorithm,style,398.0,Other
gemma,gen_3,116,knownConditionTrueFalse,style,570.0,Other
gemma,gen_3,116,knownConditionTrueFalse,style,570.0,Other
gemma,gen_3,116,duplicateBranch,style,398.0,Other
gemma,gen_3,116,constVariableReference,style,398.0,Other
gemma,gen_3,70,constVariableReference,style,398.0,Other
gemma,gen_3,70,useStlAlgorithm,style,398.0,Other
gemma,gen_3,70,useStlAlgorithm,style,398.0,Other
gemma,gen_3,144,duplicateCondition,style,398.0,Other
gemma,gen_3,144,knownConditionTrueFalse,style,571.0,Logic / Undefined Behavior
gemma,gen_3,144,knownConditionTrueFalse,style,571.0,Logic / Undefined Behavior
gemma,gen_3,144,knownConditionTrueFalse,style,571.0,Logic / Undefined Behavior
gemma,gen_3,144,useStlAlgorithm,style,398.0,Other
gemma,gen_3,228,unreadVariable,style,563.0,Other
gemma,gen_3,228,unreadVariable,style,563.0,Other
gemma,gen_3,96,knownConditionTrueFalse,style,571.0,Logic / Undefined Behavior
gemma,gen_3,96,knownConditionTrueFalse,style,571.0,Logic / Undefined Behavior
gemma,gen_3,96,knownConditionTrueFalse,style,571.0,Logic / Undefined Behavior
gemma,gen_3,96,variableScope,style,398.0,Other
gemma,gen_3,96,unreadVariable,style,563.0,Other
gemma,gen_3,96,unreadVariable,style,563.0,Other
gemma,gen_3,96,unreadVariable,style,563.0,Other
gemma,gen_3,96,unreadVariable,style,563.0,Other
gemma,gen_3,37,useStlAlgorithm,style,398.0,Other
gemma,gen_3,167,useStlAlgorithm,style,398.0,Other
gemma,gen_3,151,unreadVariable,style,563.0,Other
gemma,gen_3,151,unreadVariable,style,563.0,Other
gemma,gen_3,151,unreadVariable,style,563.0,Other
gemma,gen_3,166,useStlAlgorithm,style,398.0,Other
gemma,gen_3,218,unreadVariable,style,563.0,Other
gemma,gen_3,218,unreadVariable,style,563.0,Other
gemma,gen_3,218,unreadVariable,style,563.0,Other
gemma,gen_3,242,knownConditionTrueFalse,style,570.0,Other
gemma,gen_3,201,constVariable,style,398.0,Other
gemma,gen_3,201,constVariable,style,398.0,Other
gemma,gen_3,247,useStlAlgorithm,style,398.0,Other
gemma,gen_3,86,useStlAlgorithm,style,398.0,Other
gemma,gen_3,10,unreadVariable,style,563.0,Other
gemma,gen_3,111,unreadVariable,style,563.0,Other
gemma,gen_3,111,unreadVariable,style,563.0,Other
gemma,gen_3,215,duplicateBranch,style,398.0,Other
gemma,gen_3,121,useStlAlgorithm,style,398.0,Other
gemma,gen_3,121,useStlAlgorithm,style,398.0,Other
gemma,gen_3,16,unreadVariable,style,563.0,Other
gemma,gen_3,52,passedByValue,performance,398.0,Other
gemma,gen_3,52,useStlAlgorithm,style,398.0,Other
gemma,gen_3,224,useStlAlgorithm,style,398.0,Other
gemma,gen_3,35,unreadVariable,style,563.0,Other
gemma,gen_1,120,variableScope,style,398.0,Other
gemma,gen_1,120,unreadVariable,style,563.0,Other
gemma,gen_1,120,unreadVariable,style,563.0,Other
gemma,gen_1,230,knownConditionTrueFalse,style,571.0,Logic / Undefined Behavior
gemma,gen_1,192,unreadVariable,style,563.0,Other
gemma,gen_1,192,unusedVariable,style,563.0,Other
gemma,gen_1,192,unreadVariable,style,563.0,Other
gemma,gen_1,9,containerOutOfBounds,error,398.0,Other
gemma,gen_1,118,useStlAlgorithm,style,398.0,Other
gemma,gen_1,106,constVariableReference,style,398.0,Other
gemma,gen_1,64,useStlAlgorithm,style,398.0,Other
gemma,gen_1,79,useStlAlgorithm,style,398.0,Other
gemma,gen_1,56,useStlAlgorithm,style,398.0,Other
gemma,gen_1,80,unreadVariable,style,563.0,Other
gemma,gen_1,80,unreadVariable,style,563.0,Other
gemma,gen_1,145,arrayIndexThenCheck,style,398.0,Other
gemma,gen_1,145,negativeContainerIndex,warning,786.0,Other
gemma,gen_1,13,knownConditionTrueFalse,style,571.0,Logic / Undefined Behavior
gemma,gen_1,119,oppositeInnerCondition,warning,398.0,Other
gemma,gen_1,119,unreadVariable,style,563.0,Other
gemma,gen_1,119,unreadVariable,style,563.0,Other
gemma,gen_1,37,knownConditionTrueFalse,style,570.0,Other
gemma,gen_1,63,unreadVariable,style,563.0,Other
gemma,gen_1,63,unreadVariable,style,563.0,Other
gemma,gen_1,236,variableScope,style,398.0,Other
gemma,gen_1,236,variableScope,style,398.0,Other
gemma,gen_1,236,constVariableReference,style,398.0,Other
gemma,gen_1,236,constVariableReference,style,398.0,Other
gemma,gen_1,26,constVariable,style,398.0,Other
gemma,gen_1,26,constVariable,style,398.0,Other
gemma,gen_1,26,negativeContainerIndex,warning,786.0,Other
gemma,gen_1,26,unreadVariable,style,563.0,Other
gemma,gen_1,238,constVariableReference,style,398.0,Other
gemma,gen_1,238,constVariableReference,style,398.0,Other
gemma,gen_1,238,useStlAlgorithm,style,398.0,Other
gemma,gen_1,238,unreadVariable,style,563.0,Other
gemma,gen_1,103,useStlAlgorithm,style,398.0,Other
gemma,gen_1,238,constVariableReference,style,398.0,Other
gemma,gen_1,215,useStlAlgorithm,style,398.0,Other
gemma,gen_1,209,useStlAlgorithm,style,398.0,Other
gemma,gen_1,209,useStlAlgorithm,style,398.0,Other
gemma,gen_1,210,knownConditionTrueFalse,style,570.0,Other
gemma,gen_1,210,unreadVariable,style,563.0,Other
gemma,gen_1,210,unreadVariable,style,563.0,Other
gemma,gen_1,183,unusedVariable,style,563.0,Other
gemma,gen_1,183,unreadVariable,style,563.0,Other
gemma,gen_1,183,unreadVariable,style,563.0,Other
gemma,gen_1,183,unreadVariable,style,563.0,Other
gemma,gen_1,183,unusedVariable,style,563.0,Other
gemma,gen_1,183,unusedVariable,style,563.0,Other
gemma,gen_1,183,unreadVariable,style,563.0,Other
gemma,gen_1,183,unusedVariable,style,563.0,Other
gemma,gen_1,114,unreadVariable,style,563.0,Other
gemma,gen_1,114,unreadVariable,style,563.0,Other
gemma,gen_1,102,useStlAlgorithm,style,398.0,Other
gemma,gen_1,146,useStlAlgorithm,style,398.0,Other
gemma,gen_1,170,variableScope,style,398.0,Other
gemma,gen_1,170,variableScope,style,398.0,Other
gemma,gen_1,170,variableScope,style,398.0,Other
gemma,gen_1,170,constVariableReference,style,398.0,Other
gemma,gen_1,170,constVariableReference,style,398.0,Other
gemma,gen_1,170,constVariableReference,style,398.0,Other
gemma,gen_1,29,useStlAlgorithm,style,398.0,Other
gemma,gen_1,67,useStlAlgorithm,style,398.0,Other
gemma,gen_1,213,duplicateBranch,style,398.0,Other
gemma,gen_1,213,unreadVariable,style,563.0,Other
gemma,gen_1,213,unreadVariable,style,563.0,Other
gemma,gen_1,213,unreadVariable,style,563.0,Other
gemma,gen_1,213,unreadVariable,style,563.0,Other
gemma,gen_1,213,unreadVariable,style,563.0,Other
gemma,gen_1,213,unreadVariable,style,563.0,Other
gemma,gen_1,213,unreadVariable,style,563.0,Other
gemma,gen_1,213,unreadVariable,style,563.0,Other
gemma,gen_1,213,unreadVariable,style,563.0,Other
gemma,gen_1,147,unreadVariable,style,563.0,Other
gemma,gen_1,87,passedByValue,performance,398.0,Other
gemma,gen_1,87,useStlAlgorithm,style,398.0,Other
gemma,gen_1,126,useStlAlgorithm,style,398.0,Other
gemma,gen_1,88,identicalInnerCondition,warning,398.0,Other
gemma,gen_1,88,useStlAlgorithm,style,398.0,Other
gemma,gen_1,93,unreadVariable,style,563.0,Other
gemma,gen_1,93,unreadVariable,style,563.0,Other
gemma,gen_1,93,unreadVariable,style,563.0,Other
gemma,gen_1,93,unreadVariable,style,563.0,Other
gemma,gen_1,93,unreadVariable,style,563.0,Other
gemma,gen_1,93,unreadVariable,style,563.0,Other
gemma,gen_1,234,useStlAlgorithm,style,398.0,Other
gemma,gen_1,122,useStlAlgorithm,style,398.0,Other
gemma,gen_1,194,unreadVariable,style,563.0,Other
gemma,gen_1,194,unreadVariable,style,563.0,Other
gemma,gen_1,194,unreadVariable,style,563.0,Other
gemma,gen_1,194,unreadVariable,style,563.0,Other
gemma,gen_1,194,unreadVariable,style,563.0,Other
gemma,gen_1,194,unreadVariable,style,563.0,Other
gemma,gen_1,139,variableScope,style,398.0,Other
gemma,gen_1,139,constVariableReference,style,398.0,Other
gemma,gen_1,17,truncLongCastAssignment,style,197.0,Other
gemma,gen_1,198,useStlAlgorithm,style,398.0,Other
gemma,gen_1,220,useStlAlgorithm,style,398.0,Other
gemma,gen_1,220,unreadVariable,style,563.0,Other
gemma,gen_1,220,unreadVariable,style,563.0,Other
gemma,gen_1,113,variableScope,style,398.0,Other
gemma,gen_1,113,unreadVariable,style,563.0,Other
gemma,gen_1,113,unreadVariable,style,563.0,Other
gemma,gen_1,75,knownConditionTrueFalse,style,570.0,Other
gemma,gen_1,75,knownConditionTrueFalse,style,570.0,Other
gemma,gen_1,75,unreadVariable,style,563.0,Other
gemma,gen_1,75,unreadVariable,style,563.0,Other
gemma,gen_1,216,passedByValue,performance,398.0,Other
gemma,gen_1,144,useStlAlgorithm,style,398.0,Other
gemma,gen_1,191,useStlAlgorithm,style,398.0,Other
gemma,gen_1,75,useStlAlgorithm,style,398.0,Other
gemma,gen_1,74,useStlAlgorithm,style,398.0,Other
gemma,gen_1,159,unreadVariable,style,563.0,Other
gemma,gen_1,159,unreadVariable,style,563.0,Other
gemma,gen_1,179,useStlAlgorithm,style,398.0,Other
gemma,gen_1,169,knownConditionTrueFalse,style,570.0,Other
gemma,gen_1,169,knownConditionTrueFalse,style,571.0,Logic / Undefined Behavior
gemma,gen_1,169,knownConditionTrueFalse,style,571.0,Logic / Undefined Behavior
gemma,gen_1,169,knownConditionTrueFalse,style,570.0,Other
gemma,gen_1,169,zerodivcond,warning,369.0,Logic / Undefined Behavior
gemma,gen_1,171,knownConditionTrueFalse,style,570.0,Other
gemma,gen_1,53,useStlAlgorithm,style,398.0,Other
gemma,gen_1,53,useStlAlgorithm,style,398.0,Other
gemma,gen_1,53,useStlAlgorithm,style,398.0,Other
gemma,gen_1,53,useStlAlgorithm,style,398.0,Other
gemma,gen_1,53,useStlAlgorithm,style,398.0,Other
gemma,gen_1,133,knownConditionTrueFalse,style,570.0,Other
gemma,gen_1,81,useStlAlgorithm,style,398.0,Other
gemma,gen_1,119,stlFindInsert,performance,398.0,Other
gemma,gen_1,119,stlFindInsert,performance,398.0,Other
gemma,gen_1,192,useStlAlgorithm,style,398.0,Other
gemma,gen_1,188,knownConditionTrueFalse,style,571.0,Logic / Undefined Behavior
gemma,gen_1,146,constVariableReference,style,398.0,Other
gemma,gen_1,146,constVariableReference,style,398.0,Other
gemma,gen_1,146,useStlAlgorithm,style,398.0,Other
gemma,gen_1,146,useStlAlgorithm,style,398.0,Other
gemma,gen_1,146,unreadVariable,style,563.0,Other
gemma,gen_1,43,useStlAlgorithm,style,398.0,Other
gemma,gen_1,193,duplicateBranch,style,398.0,Other
gemma,gen_1,193,unreadVariable,style,563.0,Other
gemma,gen_1,193,unreadVariable,style,563.0,Other
gemma,gen_1,193,unreadVariable,style,563.0,Other
gemma,gen_1,193,unreadVariable,style,563.0,Other
gemma,gen_1,27,variableScope,style,398.0,Other
gemma,gen_1,27,unreadVariable,style,563.0,Other
gemma,gen_1,27,unreadVariable,style,563.0,Other
gemma,gen_1,7,useStlAlgorithm,style,398.0,Other
gemma,gen_1,7,useStlAlgorithm,style,398.0,Other
gemma,gen_1,88,knownConditionTrueFalse,style,571.0,Logic / Undefined Behavior
gemma,gen_1,88,knownConditionTrueFalse,style,571.0,Logic / Undefined Behavior
gemma,gen_1,88,knownConditionTrueFalse,style,571.0,Logic / Undefined Behavior
gemma,gen_1,88,knownConditionTrueFalse,style,571.0,Logic / Undefined Behavior
gemma,gen_1,85,unreadVariable,style,563.0,Other
gemma,gen_1,97,constVariable,style,398.0,Other
gemma,gen_1,97,constVariable,style,398.0,Other
gemma,gen_1,97,uninitvar,warning,457.0,Null / Initialization
gemma,gen_1,97,uninitvar,warning,457.0,Null / Initialization
gemma,gen_1,134,variableScope,style,398.0,Other
gemma,gen_1,54,variableScope,style,398.0,Other
gemma,gen_1,54,constVariableReference,style,398.0,Other
gemma,gen_1,54,constVariableReference,style,398.0,Other
gemma,gen_1,54,constVariableReference,style,398.0,Other
gemma,gen_1,54,useStlAlgorithm,style,398.0,Other
gemma,gen_1,54,useStlAlgorithm,style,398.0,Other
gemma,gen_1,54,unreadVariable,style,563.0,Other
gemma,gen_1,54,unreadVariable,style,563.0,Other
gemma,gen_1,238,constVariableReference,style,398.0,Other
gemma,gen_1,238,constVariableReference,style,398.0,Other
gemma,gen_1,238,constVariableReference,style,398.0,Other
gemma,gen_1,238,constVariableReference,style,398.0,Other
gemma,gen_1,238,constVariableReference,style,398.0,Other
gemma,gen_1,238,useStlAlgorithm,style,398.0,Other
gemma,gen_1,238,useStlAlgorithm,style,398.0,Other
gemma,gen_1,85,useStlAlgorithm,style,398.0,Other
gemma,gen_1,38,unreadVariable,style,563.0,Other
gemma,gen_1,233,shadowVariable,style,398.0,Other
gemma,gen_1,58,useStlAlgorithm,style,398.0,Other
gemma,gen_1,16,knownConditionTrueFalse,style,571.0,Logic / Undefined Behavior
gemma,gen_1,16,knownConditionTrueFalse,style,570.0,Other
gemma,gen_1,16,constVariableReference,style,398.0,Other
gemma,gen_1,16,unreadVariable,style,563.0,Other
gemma,gen_1,16,unreadVariable,style,563.0,Other
gemma,gen_1,16,unreadVariable,style,563.0,Other
gemma,gen_1,16,unreadVariable,style,563.0,Other
gemma,gen_1,16,unreadVariable,style,563.0,Other
gemma,gen_1,17,unreadVariable,style,563.0,Other
gemma,gen_1,69,constVariableReference,style,398.0,Other
gemma,gen_1,69,useStlAlgorithm,style,398.0,Other
gemma,gen_1,69,useStlAlgorithm,style,398.0,Other
gemma,gen_1,69,unreadVariable,style,563.0,Other
gemma,gen_1,69,unreadVariable,style,563.0,Other
gemma,gen_1,81,unusedVariable,style,563.0,Other
gemma,gen_1,81,unusedVariable,style,563.0,Other
gemma,gen_1,63,useStlAlgorithm,style,398.0,Other
gemma,gen_1,203,useStlAlgorithm,style,398.0,Other
gemma,gen_1,40,useStlAlgorithm,style,398.0,Other
gemma,gen_1,168,useStlAlgorithm,style,398.0,Other
gemma,gen_1,104,useStlAlgorithm,style,398.0,Other
gemma,gen_1,104,uninitvar,error,457.0,Null / Initialization
gemma,gen_1,6,useStlAlgorithm,style,398.0,Other
gemma,gen_1,6,useStlAlgorithm,style,398.0,Other
gemma,gen_1,44,duplicateBranch,style,398.0,Other
gemma,gen_1,44,constVariableReference,style,398.0,Other
gemma,gen_1,34,variableScope,style,398.0,Other
gemma,gen_1,34,constVariableReference,style,398.0,Other
gemma,gen_1,34,constVariableReference,style,398.0,Other
gemma,gen_1,34,constVariableReference,style,398.0,Other
gemma,gen_1,34,useStlAlgorithm,style,398.0,Other
gemma,gen_1,34,useStlAlgorithm,style,398.0,Other
gemma,gen_1,34,unreadVariable,style,563.0,Other
gemma,gen_1,234,useStlAlgorithm,style,398.0,Other
gemma,gen_1,237,duplicateBranch,style,398.0,Other
gemma,gen_1,237,variableScope,style,398.0,Other
gemma,gen_1,237,unreadVariable,style,563.0,Other
gemma,gen_1,237,unreadVariable,style,563.0,Other
gemma,gen_1,165,knownConditionTrueFalse,style,570.0,Other
gemma,gen_1,4,unreadVariable,style,563.0,Other
gemma,gen_1,84,duplicateBranch,style,398.0,Other
gemma,gen_1,84,duplicateBranch,style,398.0,Other
gemma,gen_1,129,useStlAlgorithm,style,398.0,Other
gemma,gen_1,129,useStlAlgorithm,style,398.0,Other
gemma,gen_1,196,useStlAlgorithm,style,398.0,Other
gemma,gen_1,40,useStlAlgorithm,style,398.0,Other
gemma,gen_1,11,useStlAlgorithm,style,398.0,Other
gemma,gen_1,97,useStlAlgorithm,style,398.0,Other
gemma,gen_1,97,unreadVariable,style,563.0,Other
gemma,gen_1,35,useStlAlgorithm,style,398.0,Other
gemma,gen_1,35,useStlAlgorithm,style,398.0,Other
gemma,gen_1,66,duplicateBranch,style,398.0,Other
gemma,gen_1,94,constVariable,style,398.0,Other
gemma,gen_1,183,stlFindInsert,performance,398.0,Other
gemma,gen_1,254,passedByValue,performance,398.0,Other
gemma,gen_1,254,useStlAlgorithm,style,398.0,Other
gemma,gen_1,47,useStlAlgorithm,style,398.0,Other
gemma,gen_1,47,unreadVariable,style,563.0,Other
gemma,gen_1,47,unreadVariable,style,563.0,Other
gemma,gen_1,138,useStlAlgorithm,style,398.0,Other
gemma,gen_1,145,oppositeInnerCondition,warning,398.0,Other
gemma,gen_1,145,shadowVariable,style,398.0,Other
gemma,gen_1,145,shadowVariable,style,398.0,Other
gemma,gen_1,145,constVariableReference,style,398.0,Other
gemma,gen_1,145,constVariableReference,style,398.0,Other
gemma,gen_1,186,redundantAssignment,style,563.0,Other
gemma,gen_1,186,unreadVariable,style,563.0,Other
gemma,gen_1,71,unreadVariable,style,563.0,Other
gemma,gen_1,71,unreadVariable,style,563.0,Other
gemma,gen_1,71,unreadVariable,style,563.0,Other
gemma,gen_1,71,unreadVariable,style,563.0,Other
gemma,gen_1,83,useStlAlgorithm,style,398.0,Other
gemma,gen_1,155,useStlAlgorithm,style,398.0,Other
gemma,gen_1,155,useStlAlgorithm,style,398.0,Other
gemma,gen_1,176,useStlAlgorithm,style,398.0,Other
gemma,gen_1,51,variableScope,style,398.0,Other
gemma,gen_1,51,constVariableReference,style,398.0,Other
gemma,gen_1,51,unreadVariable,style,563.0,Other
gemma,gen_1,51,unreadVariable,style,563.0,Other
gemma,gen_1,166,useStlAlgorithm,style,398.0,Other
gemma,gen_1,166,useStlAlgorithm,style,398.0,Other
gemma,gen_1,166,useStlAlgorithm,style,398.0,Other
gemma,gen_1,162,useStlAlgorithm,style,398.0,Other
gemma,gen_1,162,useStlAlgorithm,style,398.0,Other
gemma,gen_1,162,useStlAlgorithm,style,398.0,Other
gemma,gen_1,162,unreadVariable,style,563.0,Other
gemma,gen_1,162,unreadVariable,style,563.0,Other
gemma,gen_1,54,knownConditionTrueFalse,style,571.0,Logic / Undefined Behavior
gemma,gen_1,54,useStlAlgorithm,style,398.0,Other
gemma,gen_1,153,useStlAlgorithm,style,398.0,Other
gemma,gen_1,135,useStlAlgorithm,style,398.0,Other
gemma,gen_1,202,constVariableReference,style,398.0,Other
gemma,gen_1,202,useStlAlgorithm,style,398.0,Other
gemma,gen_1,239,variableScope,style,398.0,Other
gemma,gen_1,239,useStlAlgorithm,style,398.0,Other
gemma,gen_1,239,useStlAlgorithm,style,398.0,Other
gemma,gen_1,239,unreadVariable,style,563.0,Other
gemma,gen_1,239,unreadVariable,style,563.0,Other
gemma,gen_1,96,constVariable,style,398.0,Other
gemma,gen_1,96,constVariable,style,398.0,Other
gemma,gen_1,96,constVariable,style,398.0,Other
gemma,gen_1,96,stlFindInsert,performance,398.0,Other
gemma,gen_1,96,uninitvar,warning,457.0,Null / Initialization
gemma,gen_1,96,uninitvar,warning,457.0,Null / Initialization
gemma,gen_1,209,useStlAlgorithm,style,398.0,Other
gemma,gen_1,172,useStlAlgorithm,style,398.0,Other
gemma,gen_1,77,useStlAlgorithm,style,398.0,Other
gemma,gen_1,3,useStlAlgorithm,style,398.0,Other
gemma,gen_1,101,useStlAlgorithm,style,398.0,Other
gemma,gen_1,42,useStlAlgorithm,style,398.0,Other
gemma,gen_1,235,unreadVariable,style,563.0,Other
gemma,gen_1,235,unreadVariable,style,563.0,Other
gemma,gen_1,235,unreadVariable,style,563.0,Other
gemma,gen_1,235,unreadVariable,style,563.0,Other
gemma,gen_1,196,useStlAlgorithm,style,398.0,Other
gemma,gen_1,80,useStlAlgorithm,style,398.0,Other
gemma,gen_1,80,unreadVariable,style,563.0,Other
gemma,gen_1,57,variableScope,style,398.0,Other
gemma,gen_1,57,variableScope,style,398.0,Other
gemma,gen_1,57,unreadVariable,style,563.0,Other
gemma,gen_1,57,unreadVariable,style,563.0,Other
gemma,gen_1,57,unreadVariable,style,563.0,Other
gemma,gen_1,57,unreadVariable,style,563.0,Other
gemma,gen_1,57,unreadVariable,style,563.0,Other
gemma,gen_1,87,variableScope,style,398.0,Other
gemma,gen_1,87,constVariableReference,style,398.0,Other
gemma,gen_1,87,constVariableReference,style,398.0,Other
gemma,gen_1,87,useStlAlgorithm,style,398.0,Other
gemma,gen_1,87,useStlAlgorithm,style,398.0,Other
gemma,gen_1,87,unreadVariable,style,563.0,Other
gemma,gen_1,87,unreadVariable,style,563.0,Other
gemma,gen_1,6,duplicateExpressionTernary,style,398.0,Other
gemma,gen_1,6,useStlAlgorithm,style,398.0,Other
gemma,gen_1,6,useStlAlgorithm,style,398.0,Other
gemma,gen_1,211,invalidFunctionArg,warning,628.0,Other
gemma,gen_1,211,invalidFunctionArg,warning,628.0,Other
gemma,gen_1,211,duplicateAssignExpression,style,398.0,Other
gemma,gen_1,211,unreadVariable,style,563.0,Other
gemma,gen_1,211,unreadVariable,style,563.0,Other
gemma,gen_1,230,knownConditionTrueFalse,style,571.0,Logic / Undefined Behavior
gemma,gen_1,230,knownConditionTrueFalse,style,571.0,Logic / Undefined Behavior
gemma,gen_1,230,knownConditionTrueFalse,style,571.0,Logic / Undefined Behavior
gemma,gen_1,230,variableScope,style,398.0,Other
gemma,gen_1,230,variableScope,style,398.0,Other
gemma,gen_1,230,variableScope,style,398.0,Other
gemma,gen_1,230,unreadVariable,style,563.0,Other
gemma,gen_1,230,unreadVariable,style,563.0,Other
gemma,gen_1,230,unreadVariable,style,563.0,Other
gemma,gen_1,72,knownConditionTrueFalse,style,571.0,Logic / Undefined Behavior
gemma,gen_1,72,knownConditionTrueFalse,style,571.0,Logic / Undefined Behavior
gemma,gen_1,111,useStlAlgorithm,style,398.0,Other
gemma,gen_1,200,variableScope,style,398.0,Other
gemma,gen_1,200,useStlAlgorithm,style,398.0,Other
gemma,gen_1,200,unreadVariable,style,563.0,Other
gemma,gen_1,61,useStlAlgorithm,style,398.0,Other
gemma,gen_1,109,useStlAlgorithm,style,398.0,Other
gemma,gen_1,95,incorrectLogicOperator,warning,570.0,Other
gemma,gen_1,95,incorrectLogicOperator,warning,570.0,Other
gemma,gen_1,95,knownConditionTrueFalse,style,570.0,Other
gemma,gen_1,95,knownConditionTrueFalse,style,570.0,Other
gemma,gen_1,95,knownConditionTrueFalse,style,570.0,Other
gemma,gen_1,95,knownConditionTrueFalse,style,570.0,Other
gemma,gen_1,95,knownConditionTrueFalse,style,570.0,Other
gemma,gen_1,95,knownConditionTrueFalse,style,571.0,Logic / Undefined Behavior
gemma,gen_1,95,knownConditionTrueFalse,style,570.0,Other
gemma,gen_1,95,knownConditionTrueFalse,style,571.0,Logic / Undefined Behavior
gemma,gen_1,95,duplicateExpression,style,398.0,Other
gemma,gen_1,95,duplicateExpression,style,398.0,Other
gemma,gen_1,95,duplicateExpression,style,398.0,Other
gemma,gen_1,95,duplicateExpression,style,398.0,Other
gemma,gen_1,95,useStlAlgorithm,style,398.0,Other
gemma,gen_1,28,useStlAlgorithm,style,398.0,Other
gemma,gen_1,131,variableScope,style,398.0,Other
gemma,gen_1,131,constVariableReference,style,398.0,Other
gemma,gen_1,131,useStlAlgorithm,style,398.0,Other
gemma,gen_1,131,unreadVariable,style,563.0,Other
gemma,gen_1,131,unreadVariable,style,563.0,Other
gemma,gen_1,131,unreadVariable,style,563.0,Other
gemma,gen_1,131,unreadVariable,style,563.0,Other
gemma,gen_1,76,useStlAlgorithm,style,398.0,Other
gemma,gen_1,114,useStlAlgorithm,style,398.0,Other
gemma,gen_1,173,knownConditionTrueFalse,style,570.0,Other
gemma,gen_1,173,knownConditionTrueFalse,style,570.0,Other
gemma,gen_1,173,selfAssignment,style,398.0,Other
gemma,gen_1,173,selfAssignment,style,398.0,Other
gemma,gen_1,173,selfAssignment,style,398.0,Other
gemma,gen_1,173,selfAssignment,style,398.0,Other
gemma,gen_1,8,useStlAlgorithm,style,398.0,Other
gemma,gen_1,227,useStlAlgorithm,style,398.0,Other
gemma,gen_1,184,useStlAlgorithm,style,398.0,Other
gemma,gen_1,7,constVariableReference,style,398.0,Other
gemma,gen_1,7,useStlAlgorithm,style,398.0,Other
gemma,gen_1,7,unreadVariable,style,563.0,Other
gemma,gen_1,7,unusedVariable,style,563.0,Other
gemma,gen_1,93,useStlAlgorithm,style,398.0,Other
gemma,gen_1,140,useStlAlgorithm,style,398.0,Other
gemma,gen_1,223,useStlAlgorithm,style,398.0,Other
gemma,gen_1,223,useStlAlgorithm,style,398.0,Other
gemma,gen_1,120,useStlAlgorithm,style,398.0,Other
gemma,gen_1,120,useStlAlgorithm,style,398.0,Other
gemma,gen_1,178,useStlAlgorithm,style,398.0,Other
gemma,gen_1,110,knownConditionTrueFalse,style,571.0,Logic / Undefined Behavior
gemma,gen_1,110,variableScope,style,398.0,Other
gemma,gen_1,110,constVariableReference,style,398.0,Other
gemma,gen_1,110,useStlAlgorithm,style,398.0,Other
gemma,gen_1,110,useStlAlgorithm,style,398.0,Other
gemma,gen_1,110,unreadVariable,style,563.0,Other
gemma,gen_1,110,unreadVariable,style,563.0,Other
gemma,gen_1,175,unreadVariable,style,563.0,Other
gemma,gen_1,175,unreadVariable,style,563.0,Other
gemma,gen_1,199,duplicateBranch,style,398.0,Other
gemma,gen_1,199,knownConditionTrueFalse,style,398.0,Other
gemma,gen_1,199,useStlAlgorithm,style,398.0,Other
gemma,gen_1,247,variableScope,style,398.0,Other
gemma,gen_1,247,useStlAlgorithm,style,398.0,Other
gemma,gen_1,4,useStlAlgorithm,style,398.0,Other
gemma,gen_1,203,useStlAlgorithm,style,398.0,Other
gemma,gen_1,203,useStlAlgorithm,style,398.0,Other
gemma,gen_1,203,useStlAlgorithm,style,398.0,Other
gemma,gen_1,203,useStlAlgorithm,style,398.0,Other
gemma,gen_1,110,useStlAlgorithm,style,398.0,Other
gemma,gen_1,110,useStlAlgorithm,style,398.0,Other
gemma,gen_1,138,useStlAlgorithm,style,398.0,Other
gemma,gen_1,185,useStlAlgorithm,style,398.0,Other
gemma,gen_1,185,useStlAlgorithm,style,398.0,Other
gemma,gen_1,185,unusedVariable,style,563.0,Other
gemma,gen_1,185,unusedVariable,style,563.0,Other
gemma,gen_1,211,useStlAlgorithm,style,398.0,Other
gemma,gen_1,211,useStlAlgorithm,style,398.0,Other
gemma,gen_1,211,negativeContainerIndex,warning,786.0,Other
gemma,gen_1,211,negativeContainerIndex,warning,786.0,Other
gemma,gen_1,211,negativeContainerIndex,warning,786.0,Other
gemma,gen_1,211,negativeContainerIndex,warning,786.0,Other
gemma,gen_1,211,negativeContainerIndex,warning,786.0,Other
gemma,gen_1,167,useStlAlgorithm,style,398.0,Other
gemma,gen_1,186,useStlAlgorithm,style,398.0,Other
gemma,gen_1,186,unusedVariable,style,563.0,Other
gemma,gen_1,186,unusedVariable,style,563.0,Other
gemma,gen_1,28,unreadVariable,style,563.0,Other
gemma,gen_1,28,unreadVariable,style,563.0,Other
gemma,gen_1,1,stlFindInsert,performance,398.0,Other
gemma,gen_1,225,useStlAlgorithm,style,398.0,Other
gemma,gen_1,225,useStlAlgorithm,style,398.0,Other
gemma,gen_1,225,useStlAlgorithm,style,398.0,Other
gemma,gen_1,68,constVariableReference,style,398.0,Other
gemma,gen_1,68,unreadVariable,style,563.0,Other
gemma,gen_1,236,constVariableReference,style,398.0,Other
gemma,gen_1,236,useStlAlgorithm,style,398.0,Other
gemma,gen_1,62,redundantAssignment,style,563.0,Other
gemma,gen_1,82,unreadVariable,style,563.0,Other
gemma,gen_1,82,unreadVariable,style,563.0,Other
gemma,gen_1,124,duplicateBranch,style,398.0,Other
gemma,gen_1,218,useStlAlgorithm,style,398.0,Other
gemma,gen_1,36,unreadVariable,style,563.0,Other
gemma,gen_1,36,unreadVariable,style,563.0,Other
gemma,gen_1,90,useStlAlgorithm,style,398.0,Other
gemma,gen_1,90,useStlAlgorithm,style,398.0,Other
gemma,gen_1,167,knownConditionTrueFalse,style,571.0,Logic / Undefined Behavior
gemma,gen_1,167,useStlAlgorithm,style,398.0,Other
gemma,gen_1,167,useStlAlgorithm,style,398.0,Other
gemma,gen_1,167,useStlAlgorithm,style,398.0,Other
gemma,gen_1,167,useStlAlgorithm,style,398.0,Other
gemma,gen_1,167,useStlAlgorithm,style,398.0,Other
gemma,gen_1,167,useStlAlgorithm,style,398.0,Other
gemma,gen_1,167,useStlAlgorithm,style,398.0,Other
gemma,gen_1,167,unreadVariable,style,563.0,Other
gemma,gen_1,10,useStlAlgorithm,style,398.0,Other
gemma,gen_1,55,unreadVariable,style,563.0,Other
gemma,gen_1,55,unreadVariable,style,563.0,Other
gemma,gen_1,100,unreadVariable,style,563.0,Other
gemma,gen_1,100,unreadVariable,style,563.0,Other
gemma,gen_1,56,duplicateCondition,style,398.0,Other
gemma,gen_1,56,useStlAlgorithm,style,398.0,Other
gemma,gen_1,56,useStlAlgorithm,style,398.0,Other
gemma,gen_1,16,duplicateExpression,style,398.0,Other
gemma,gen_1,16,unusedVariable,style,563.0,Other
gemma,gen_1,263,useStlAlgorithm,style,398.0,Other
gemma,gen_1,263,useStlAlgorithm,style,398.0,Other
gemma,gen_1,263,useStlAlgorithm,style,398.0,Other
gemma,gen_1,169,duplicateExpression,style,398.0,Other
gemma,gen_1,169,constVariableReference,style,398.0,Other
gemma,gen_1,169,truncLongCastAssignment,style,197.0,Other
gemma,gen_1,196,constVariableReference,style,398.0,Other
gemma,gen_1,200,knownConditionTrueFalse,style,571.0,Logic / Undefined Behavior
gemma,gen_1,200,knownConditionTrueFalse,style,571.0,Logic / Undefined Behavior
gemma,gen_1,200,knownConditionTrueFalse,style,571.0,Logic / Undefined Behavior
gemma,gen_1,200,useStlAlgorithm,style,398.0,Other
gemma,gen_1,43,useStlAlgorithm,style,398.0,Other
gemma,gen_1,43,useStlAlgorithm,style,398.0,Other
gemma,gen_1,115,unreadVariable,style,563.0,Other
gemma,gen_1,143,useStlAlgorithm,style,398.0,Other
gemma,gen_1,79,useStlAlgorithm,style,398.0,Other
gemma,gen_1,155,duplicateBranch,style,398.0,Other
gemma,gen_1,8,stlFindInsert,performance,398.0,Other
gemma,gen_1,8,stlFindInsert,performance,398.0,Other
gemma,gen_1,8,stlFindInsert,performance,398.0,Other
gemma,gen_1,136,duplicateExpression,style,398.0,Other
gemma,gen_1,136,duplicateExpression,style,398.0,Other
gemma,gen_1,136,duplicateExpression,style,398.0,Other
gemma,gen_1,136,duplicateExpression,style,398.0,Other
gemma,gen_1,187,knownConditionTrueFalse,style,571.0,Logic / Undefined Behavior
gemma,gen_1,187,useStlAlgorithm,style,398.0,Other
gemma,gen_1,9,useStlAlgorithm,style,398.0,Other
gemma,gen_1,222,useStlAlgorithm,style,398.0,Other
gemma,gen_1,222,useStlAlgorithm,style,398.0,Other
gemma,gen_1,201,unreadVariable,style,563.0,Other
gemma,gen_1,123,useStlAlgorithm,style,398.0,Other
gemma,gen_1,21,variableScope,style,398.0,Other
gemma,gen_1,21,uninitvar,error,457.0,Null / Initialization
gemma,gen_1,182,useStlAlgorithm,style,398.0,Other
gemma,gen_1,214,iterateByValue,performance,398.0,Other
gemma,gen_1,97,arrayIndexThenCheck,style,398.0,Other
gemma,gen_1,30,constVariableReference,style,398.0,Other
gemma,gen_1,30,constVariableReference,style,398.0,Other
gemma,gen_1,30,useStlAlgorithm,style,398.0,Other
gemma,gen_1,239,shadowVariable,style,398.0,Other
gemma,gen_1,239,shadowVariable,style,398.0,Other
gemma,gen_1,239,shadowVariable,style,398.0,Other
gemma,gen_1,239,constVariableReference,style,398.0,Other
gemma,gen_1,102,useStlAlgorithm,style,398.0,Other
gemma,gen_1,231,useStlAlgorithm,style,398.0,Other
gemma,gen_1,231,useStlAlgorithm,style,398.0,Other
gemma,gen_1,231,negativeContainerIndex,warning,786.0,Other
gemma,gen_1,141,variableScope,style,398.0,Other
gemma,gen_1,141,constVariableReference,style,398.0,Other
gemma,gen_1,141,constVariableReference,style,398.0,Other
gemma,gen_1,141,constVariableReference,style,398.0,Other
gemma,gen_1,141,unreadVariable,style,563.0,Other
gemma,gen_1,141,unreadVariable,style,563.0,Other
gemma,gen_1,99,constVariableReference,style,398.0,Other
gemma,gen_1,134,unreadVariable,style,563.0,Other
gemma,gen_1,0,constVariable,style,398.0,Other
gemma,gen_1,0,constVariable,style,398.0,Other
gemma,gen_1,0,useStlAlgorithm,style,398.0,Other
gemma,gen_1,85,useStlAlgorithm,style,398.0,Other
gemma,gen_1,160,knownConditionTrueFalse,style,570.0,Other
gemma,gen_1,160,knownConditionTrueFalse,style,570.0,Other
gemma,gen_1,160,knownConditionTrueFalse,style,570.0,Other
gemma,gen_1,160,knownConditionTrueFalse,style,570.0,Other
gemma,gen_1,188,shadowVariable,style,398.0,Other
gemma,gen_1,188,shadowVariable,style,398.0,Other
gemma,gen_1,108,useStlAlgorithm,style,398.0,Other
gemma,gen_1,118,shadowVariable,style,398.0,Other
gemma,gen_1,118,shadowVariable,style,398.0,Other
gemma,gen_1,118,shadowVariable,style,398.0,Other
gemma,gen_1,118,shadowVariable,style,398.0,Other
gemma,gen_1,118,constVariableReference,style,398.0,Other
gemma,gen_1,118,constVariableReference,style,398.0,Other
gemma,gen_1,118,unreadVariable,style,563.0,Other
gemma,gen_1,20,useStlAlgorithm,style,398.0,Other
gemma,gen_1,142,redundantAssignment,style,563.0,Other
gemma,gen_1,77,constVariableReference,style,398.0,Other
gemma,gen_1,240,constVariableReference,style,398.0,Other
gemma,gen_1,217,knownConditionTrueFalse,style,571.0,Logic / Undefined Behavior
gemma,gen_1,190,unreadVariable,style,563.0,Other
gemma,gen_1,155,uninitvar,warning,457.0,Null / Initialization
gemma,gen_1,73,knownConditionTrueFalse,style,571.0,Logic / Undefined Behavior
gemma,gen_1,73,knownConditionTrueFalse,style,571.0,Logic / Undefined Behavior
gemma,gen_1,73,knownConditionTrueFalse,style,571.0,Logic / Undefined Behavior
gemma,gen_1,73,knownConditionTrueFalse,style,571.0,Logic / Undefined Behavior
gemma,gen_1,73,duplicateExpression,style,398.0,Other
gemma,gen_1,73,duplicateExpression,style,398.0,Other
gemma,gen_1,73,duplicateExpression,style,398.0,Other
gemma,gen_1,73,duplicateExpression,style,398.0,Other
gemma,gen_1,142,useStlAlgorithm,style,398.0,Other
gemma,gen_1,206,useStlAlgorithm,style,398.0,Other
gemma,gen_1,233,knownConditionTrueFalse,style,570.0,Other
gemma,gen_1,130,passedByValue,performance,398.0,Other
gemma,gen_1,73,useStlAlgorithm,style,398.0,Other
gemma,gen_1,39,useStlAlgorithm,style,398.0,Other
gemma,gen_1,135,useStlAlgorithm,style,398.0,Other
gemma,gen_1,135,useStlAlgorithm,style,398.0,Other
gemma,gen_1,212,passedByValue,performance,398.0,Other
gemma,gen_1,212,useStlAlgorithm,style,398.0,Other
gemma,gen_1,212,useStlAlgorithm,style,398.0,Other
gemma,gen_1,15,useStlAlgorithm,style,398.0,Other
gemma,gen_1,251,useStlAlgorithm,style,398.0,Other
gemma,gen_1,107,useStlAlgorithm,style,398.0,Other
gemma,gen_1,117,variableScope,style,398.0,Other
gemma,gen_1,117,useStlAlgorithm,style,398.0,Other
gemma,gen_1,117,useStlAlgorithm,style,398.0,Other
gemma,gen_1,117,useStlAlgorithm,style,398.0,Other
gemma,gen_1,117,unreadVariable,style,563.0,Other
gemma,gen_1,117,unreadVariable,style,563.0,Other
gemma,gen_1,20,variableScope,style,398.0,Other
gemma,gen_1,106,duplicateBranch,style,398.0,Other
gemma,gen_1,106,useStlAlgorithm,style,398.0,Other
gemma,gen_1,142,unreadVariable,style,563.0,Other
gemma,gen_1,142,unreadVariable,style,563.0,Other
gemma,gen_1,142,unreadVariable,style,563.0,Other
gemma,gen_1,142,unreadVariable,style,563.0,Other
gemma,gen_1,142,unusedVariable,style,563.0,Other
gemma,gen_1,142,unusedVariable,style,563.0,Other
gemma,gen_1,142,unusedVariable,style,563.0,Other
gemma,gen_1,142,unusedVariable,style,563.0,Other
gemma,gen_1,142,unreadVariable,style,563.0,Other
gemma,gen_1,142,unreadVariable,style,563.0,Other
gemma,gen_1,142,unreadVariable,style,563.0,Other
gemma,gen_1,142,unreadVariable,style,563.0,Other
gemma,gen_1,176,useStlAlgorithm,style,398.0,Other
gemma,gen_1,176,useStlAlgorithm,style,398.0,Other
gemma,gen_1,176,useStlAlgorithm,style,398.0,Other
gemma,gen_1,186,useStlAlgorithm,style,398.0,Other
gemma,gen_1,131,constParameterReference,style,398.0,Other
gemma,gen_1,153,useStlAlgorithm,style,398.0,Other
gemma,gen_1,153,useStlAlgorithm,style,398.0,Other
gemma,gen_1,65,duplicateCondition,style,398.0,Other
gemma,gen_1,65,unreadVariable,style,563.0,Other
gemma,gen_1,65,unreadVariable,style,563.0,Other
gemma,gen_1,191,redundantAssignment,style,563.0,Other
gemma,gen_1,191,redundantAssignment,style,563.0,Other
gemma,gen_1,191,unreadVariable,style,563.0,Other
gemma,gen_1,191,unreadVariable,style,563.0,Other
gemma,gen_1,149,useStlAlgorithm,style,398.0,Other
gemma,gen_1,149,useStlAlgorithm,style,398.0,Other
gemma,gen_1,58,constVariable,style,398.0,Other
gemma,gen_1,58,constVariable,style,398.0,Other
gemma,gen_1,193,useStlAlgorithm,style,398.0,Other
gemma,gen_1,3,duplicateBranch,style,398.0,Other
gemma,gen_1,66,useStlAlgorithm,style,398.0,Other
gemma,gen_1,0,useStlAlgorithm,style,398.0,Other
gemma,gen_1,135,useStlAlgorithm,style,398.0,Other
gemma,gen_1,208,duplicateBranch,style,398.0,Other
gemma,gen_1,208,unreadVariable,style,563.0,Other
gemma,gen_1,226,shadowVariable,style,398.0,Other
gemma,gen_1,226,useStlAlgorithm,style,398.0,Other
gemma,gen_1,226,useStlAlgorithm,style,398.0,Other
gemma,gen_1,226,useStlAlgorithm,style,398.0,Other
gemma,gen_1,226,useStlAlgorithm,style,398.0,Other
gemma,gen_1,162,useStlAlgorithm,style,398.0,Other
gemma,gen_1,149,knownConditionTrueFalse,style,570.0,Other
gemma,gen_1,152,duplicateBranch,style,398.0,Other
gemma,gen_1,152,duplicateBranch,style,398.0,Other
gemma,gen_1,152,duplicateBranch,style,398.0,Other
gemma,gen_1,152,redundantAssignment,style,563.0,Other
gemma,gen_1,152,unreadVariable,style,563.0,Other
gemma,gen_1,152,unreadVariable,style,563.0,Other
gemma,gen_1,78,useStlAlgorithm,style,398.0,Other
gemma,gen_1,14,useStlAlgorithm,style,398.0,Other
gemma,gen_1,14,useStlAlgorithm,style,398.0,Other
gemma,gen_1,204,constVariable,style,398.0,Other
gemma,gen_1,204,constVariable,style,398.0,Other
gemma,gen_1,204,unreadVariable,style,563.0,Other
gemma,gen_1,204,unreadVariable,style,563.0,Other
gemma,gen_1,187,constVariableReference,style,398.0,Other
gemma,gen_1,187,constVariableReference,style,398.0,Other
gemma,gen_1,187,useStlAlgorithm,style,398.0,Other
gemma,gen_1,187,useStlAlgorithm,style,398.0,Other
gemma,gen_1,114,unreadVariable,style,563.0,Other
gemma,gen_1,114,unreadVariable,style,563.0,Other
gemma,gen_1,62,variableScope,style,398.0,Other
gemma,gen_1,8,useStlAlgorithm,style,398.0,Other
gemma,gen_1,125,oppositeInnerCondition,warning,398.0,Other
gemma,gen_1,125,knownConditionTrueFalse,style,570.0,Other
gemma,gen_1,190,useStlAlgorithm,style,398.0,Other
gemma,gen_1,190,useStlAlgorithm,style,398.0,Other
gemma,gen_1,92,passedByValue,performance,398.0,Other
gemma,gen_1,146,variableScope,style,398.0,Other
gemma,gen_1,146,useStlAlgorithm,style,398.0,Other
gemma,gen_1,146,unreadVariable,style,563.0,Other
gemma,gen_1,146,unreadVariable,style,563.0,Other
gemma,gen_1,79,useStlAlgorithm,style,398.0,Other
gemma,gen_1,79,unreadVariable,style,563.0,Other
gemma,gen_1,79,unreadVariable,style,563.0,Other
gemma,gen_1,79,unreadVariable,style,563.0,Other
gemma,gen_1,79,unreadVariable,style,563.0,Other
gemma,gen_1,55,variableScope,style,398.0,Other
gemma,gen_1,55,constVariableReference,style,398.0,Other
gemma,gen_1,55,unreadVariable,style,563.0,Other
gemma,gen_1,112,unreadVariable,style,563.0,Other
gemma,gen_1,112,unreadVariable,style,563.0,Other
gemma,gen_1,112,unreadVariable,style,563.0,Other
gemma,gen_1,112,unreadVariable,style,563.0,Other
gemma,gen_1,45,useStlAlgorithm,style,398.0,Other
gemma,gen_1,45,unreadVariable,style,563.0,Other
gemma,gen_1,45,unreadVariable,style,563.0,Other
gemma,gen_1,45,unreadVariable,style,563.0,Other
gemma,gen_1,45,unreadVariable,style,563.0,Other
gemma,gen_1,140,knownConditionTrueFalse,style,570.0,Other
gemma,gen_1,140,knownConditionTrueFalse,style,570.0,Other
gemma,gen_1,140,knownConditionTrueFalse,style,570.0,Other
gemma,gen_1,140,knownConditionTrueFalse,style,570.0,Other
gemma,gen_1,140,knownConditionTrueFalse,style,571.0,Logic / Undefined Behavior
gemma,gen_1,140,knownConditionTrueFalse,style,571.0,Logic / Undefined Behavior
gemma,gen_1,140,duplicateBranch,style,398.0,Other
gemma,gen_1,140,duplicateBranch,style,398.0,Other
gemma,gen_1,140,duplicateExpression,style,398.0,Other
gemma,gen_1,140,duplicateExpression,style,398.0,Other
gemma,gen_1,140,duplicateExpression,style,398.0,Other
gemma,gen_1,140,duplicateExpression,style,398.0,Other
gemma,gen_1,140,duplicateExpression,style,398.0,Other
gemma,gen_1,140,duplicateExpression,style,398.0,Other
gemma,gen_1,140,duplicateExpression,style,398.0,Other
gemma,gen_1,140,duplicateExpression,style,398.0,Other
gemma,gen_1,140,redundantAssignment,style,563.0,Other
gemma,gen_1,140,redundantAssignment,style,563.0,Other
gemma,gen_1,208,constVariableReference,style,398.0,Other
gemma,gen_1,208,constVariableReference,style,398.0,Other
gemma,gen_1,208,useStlAlgorithm,style,398.0,Other
gemma,gen_1,101,constVariable,style,398.0,Other
gemma,gen_1,101,constVariable,style,398.0,Other
gemma,gen_1,53,constVariableReference,style,398.0,Other
gemma,gen_1,53,constVariable,style,398.0,Other
gemma,gen_1,53,constVariable,style,398.0,Other
gemma,gen_1,53,useStlAlgorithm,style,398.0,Other
gemma,gen_1,53,negativeContainerIndex,warning,786.0,Other
gemma,gen_1,56,knownConditionTrueFalse,style,571.0,Logic / Undefined Behavior
gemma,gen_1,56,knownConditionTrueFalse,style,571.0,Logic / Undefined Behavior
gemma,gen_1,56,knownConditionTrueFalse,style,571.0,Logic / Undefined Behavior
gemma,gen_1,56,shadowVariable,style,398.0,Other
gemma,gen_1,69,duplicateBranch,style,398.0,Other
gemma,gen_1,69,unusedVariable,style,563.0,Other
gemma,gen_1,11,useStlAlgorithm,style,398.0,Other
gemma,gen_1,90,redundantInitialization,style,563.0,Other
gemma,gen_1,90,redundantInitialization,style,563.0,Other
gemma,gen_1,90,redundantAssignment,style,563.0,Other
gemma,gen_1,90,redundantAssignment,style,563.0,Other
gemma,gen_1,90,redundantAssignment,style,563.0,Other
gemma,gen_1,90,redundantAssignment,style,563.0,Other
gemma,gen_1,90,redundantAssignment,style,563.0,Other
gemma,gen_1,90,redundantAssignment,style,563.0,Other
gemma,gen_1,90,redundantAssignment,style,563.0,Other
gemma,gen_1,90,useStlAlgorithm,style,398.0,Other
gemma,gen_1,90,useStlAlgorithm,style,398.0,Other
gemma,gen_1,157,constVariable,style,398.0,Other
gemma,gen_1,157,constVariable,style,398.0,Other
gemma,gen_1,157,unreadVariable,style,563.0,Other
gemma,gen_1,157,unreadVariable,style,563.0,Other
gemma,gen_1,222,negativeContainerIndex,warning,786.0,Other
gemma,gen_1,125,useStlAlgorithm,style,398.0,Other
gemma,gen_1,31,knownConditionTrueFalse,style,398.0,Other
gemma,gen_1,31,useStlAlgorithm,style,398.0,Other
gemma,gen_1,31,useStlAlgorithm,style,398.0,Other
gemma,gen_1,124,useStlAlgorithm,style,398.0,Other
gemma,gen_1,124,useStlAlgorithm,style,398.0,Other
gemma,gen_1,59,variableScope,style,398.0,Other
gemma,gen_1,59,constVariableReference,style,398.0,Other
gemma,gen_1,59,constVariableReference,style,398.0,Other
gemma,gen_1,59,useStlAlgorithm,style,398.0,Other
gemma,gen_1,68,knownConditionTrueFalse,style,398.0,Other
gemma,gen_1,68,variableScope,style,398.0,Other
gemma,gen_1,68,unreadVariable,style,563.0,Other
gemma,gen_1,68,unreadVariable,style,563.0,Other
gemma,gen_1,170,unreadVariable,style,563.0,Other
gemma,gen_1,170,unreadVariable,style,563.0,Other
gemma,gen_1,29,constVariableReference,style,398.0,Other
gemma,gen_1,29,useStlAlgorithm,style,398.0,Other
gemma,gen_1,29,unreadVariable,style,563.0,Other
gemma,gen_1,29,unreadVariable,style,563.0,Other
gemma,gen_1,229,duplicateCondition,style,398.0,Other
gemma,gen_1,229,useStlAlgorithm,style,398.0,Other
gemma,gen_1,229,useStlAlgorithm,style,398.0,Other
gemma,gen_1,229,unreadVariable,style,563.0,Other
gemma,gen_1,80,variableScope,style,398.0,Other
gemma,gen_1,80,unreadVariable,style,563.0,Other
gemma,gen_1,80,unreadVariable,style,563.0,Other
gemma,gen_1,80,unreadVariable,style,563.0,Other
gemma,gen_1,80,unreadVariable,style,563.0,Other
gemma,gen_1,161,useStlAlgorithm,style,398.0,Other
gemma,gen_1,17,useStlAlgorithm,style,398.0,Other
gemma,gen_1,228,variableScope,style,398.0,Other
gemma,gen_1,181,useStlAlgorithm,style,398.0,Other
gemma,gen_1,31,useStlAlgorithm,style,398.0,Other
gemma,gen_1,152,constVariableReference,style,398.0,Other
gemma,gen_1,6,knownConditionTrueFalse,style,571.0,Logic / Undefined Behavior
gemma,gen_1,63,constVariableReference,style,398.0,Other
gemma,gen_1,63,useStlAlgorithm,style,398.0,Other
gemma,gen_1,63,unreadVariable,style,563.0,Other
gemma,gen_1,63,unreadVariable,style,563.0,Other
gemma,gen_1,246,duplicateBranch,style,398.0,Other
gemma,gen_1,25,constVariable,style,398.0,Other
gemma,gen_1,32,useStlAlgorithm,style,398.0,Other
gemma,gen_1,32,useStlAlgorithm,style,398.0,Other
gemma,gen_1,213,knownConditionTrueFalse,style,571.0,Logic / Undefined Behavior
gemma,gen_1,213,knownConditionTrueFalse,style,571.0,Logic / Undefined Behavior
gemma,gen_1,213,knownConditionTrueFalse,style,571.0,Logic / Undefined Behavior
gemma,gen_1,213,knownConditionTrueFalse,style,571.0,Logic / Undefined Behavior
gemma,gen_1,213,knownConditionTrueFalse,style,571.0,Logic / Undefined Behavior
gemma,gen_1,13,compareValueOutOfTypeRangeError,style,398.0,Other
gemma,gen_1,13,compareValueOutOfTypeRangeError,style,398.0,Other
gemma,gen_1,172,multiCondition,style,398.0,Other
gemma,gen_1,172,multiCondition,style,398.0,Other
gemma,gen_1,172,multiCondition,style,398.0,Other
gemma,gen_1,172,unreadVariable,style,563.0,Other
gemma,gen_1,172,unreadVariable,style,563.0,Other
gemma,gen_1,123,variableScope,style,398.0,Other
gemma,gen_1,123,variableScope,style,398.0,Other
gemma,gen_1,123,variableScope,style,398.0,Other
gemma,gen_1,123,variableScope,style,398.0,Other
gemma,gen_1,123,unreadVariable,style,563.0,Other
gemma,gen_1,123,unreadVariable,style,563.0,Other
gemma,gen_1,123,unreadVariable,style,563.0,Other
gemma,gen_1,123,unreadVariable,style,563.0,Other
gemma,gen_1,123,unreadVariable,style,563.0,Other
gemma,gen_1,123,unreadVariable,style,563.0,Other
gemma,gen_1,123,unreadVariable,style,563.0,Other
gemma,gen_1,123,unreadVariable,style,563.0,Other
gemma,gen_1,123,unreadVariable,style,563.0,Other
gemma,gen_1,123,unreadVariable,style,563.0,Other
gemma,gen_1,123,unreadVariable,style,563.0,Other
gemma,gen_1,123,unreadVariable,style,563.0,Other
gemma,gen_1,123,unreadVariable,style,563.0,Other
gemma,gen_1,123,unreadVariable,style,563.0,Other
gemma,gen_1,32,shiftTooManyBits,error,758.0,Logic / Undefined Behavior
gemma,gen_1,32,shiftTooManyBitsSigned,portability,758.0,Logic / Undefined Behavior
gemma,gen_1,158,useStlAlgorithm,style,398.0,Other
gemma,gen_1,126,useStlAlgorithm,style,398.0,Other
gemma,gen_1,158,useStlAlgorithm,style,398.0,Other
gemma,gen_1,11,passedByValue,performance,398.0,Other
gemma,gen_1,222,unreadVariable,style,563.0,Other
gemma,gen_1,222,unreadVariable,style,563.0,Other
gemma,gen_1,222,unreadVariable,style,563.0,Other
gemma,gen_1,222,unreadVariable,style,563.0,Other
gemma,gen_1,219,duplicateBranch,style,398.0,Other
gemma,gen_1,219,redundantAssignment,style,563.0,Other
gemma,gen_1,219,unreadVariable,style,563.0,Other
gemma,gen_1,202,useStlAlgorithm,style,398.0,Other
gemma,gen_1,202,useStlAlgorithm,style,398.0,Other
gemma,gen_1,221,useStlAlgorithm,style,398.0,Other
gemma,gen_1,255,useStlAlgorithm,style,398.0,Other
gemma,gen_1,255,useStlAlgorithm,style,398.0,Other
gemma,gen_1,131,knownConditionTrueFalse,style,570.0,Other
gemma,gen_1,131,unreadVariable,style,563.0,Other
gemma,gen_1,131,unreadVariable,style,563.0,Other
gemma,gen_1,95,duplicateBranch,style,398.0,Other
gemma,gen_1,95,variableScope,style,398.0,Other
gemma,gen_1,95,unreadVariable,style,563.0,Other
gemma,gen_1,95,unreadVariable,style,563.0,Other
gemma,gen_1,95,unreadVariable,style,563.0,Other
gemma,gen_1,87,stlFindInsert,performance,398.0,Other
gemma,gen_1,87,stlFindInsert,performance,398.0,Other
gemma,gen_1,86,knownConditionTrueFalse,style,571.0,Logic / Undefined Behavior
gemma,gen_1,132,variableScope,style,398.0,Other
gemma,gen_1,178,useStlAlgorithm,style,398.0,Other
gemma,gen_1,118,knownConditionTrueFalse,style,570.0,Other
gemma,gen_1,118,duplicateBranch,style,398.0,Other
gemma,gen_1,118,duplicateBranch,style,398.0,Other
gemma,gen_1,28,constVariableReference,style,398.0,Other
gemma,gen_1,172,passedByValue,performance,398.0,Other
gemma,gen_1,172,useStlAlgorithm,style,398.0,Other
gemma,gen_1,177,useStlAlgorithm,style,398.0,Other
gemma,gen_1,108,useStlAlgorithm,style,398.0,Other
gemma,gen_1,193,shadowVariable,style,398.0,Other
gemma,gen_1,193,unreadVariable,style,563.0,Other
gemma,gen_1,193,unreadVariable,style,563.0,Other
gemma,gen_1,210,useStlAlgorithm,style,398.0,Other
gemma,gen_1,210,useStlAlgorithm,style,398.0,Other
gemma,gen_1,48,unreadVariable,style,563.0,Other
gemma,gen_1,48,unreadVariable,style,563.0,Other
gemma,gen_1,48,unreadVariable,style,563.0,Other
gemma,gen_1,48,unreadVariable,style,563.0,Other
gemma,gen_1,218,useStlAlgorithm,style,398.0,Other
gemma,gen_1,218,useStlAlgorithm,style,398.0,Other
gemma,gen_1,218,useStlAlgorithm,style,398.0,Other
gemma,gen_1,133,duplicateAssignExpression,style,398.0,Other
gemma,gen_1,133,duplicateAssignExpression,style,398.0,Other
gemma,gen_1,10,variableScope,style,398.0,Other
gemma,gen_1,10,useStlAlgorithm,style,398.0,Other
gemma,gen_1,119,unreadVariable,style,563.0,Other
gemma,gen_1,37,useStlAlgorithm,style,398.0,Other
gemma,gen_1,151,unreadVariable,style,563.0,Other
gemma,gen_1,151,unreadVariable,style,563.0,Other
gemma,gen_1,151,constVariableReference,style,398.0,Other
gemma,gen_1,174,useStlAlgorithm,style,398.0,Other
gemma,gen_1,174,unreadVariable,style,563.0,Other
gemma,gen_1,174,unreadVariable,style,563.0,Other
gemma,gen_1,50,useStlAlgorithm,style,398.0,Other
gemma,gen_1,50,useStlAlgorithm,style,398.0,Other
gemma,gen_1,50,useStlAlgorithm,style,398.0,Other
gemma,gen_1,50,useStlAlgorithm,style,398.0,Other
gemma,gen_1,50,useStlAlgorithm,style,398.0,Other
gemma,gen_1,50,useStlAlgorithm,style,398.0,Other
gemma,gen_1,50,useStlAlgorithm,style,398.0,Other
gemma,gen_1,156,useStlAlgorithm,style,398.0,Other
gemma,gen_1,41,useStlAlgorithm,style,398.0,Other
gemma,gen_1,41,useStlAlgorithm,style,398.0,Other
gemma,gen_1,231,knownConditionTrueFalse,style,571.0,Logic / Undefined Behavior
gemma,gen_1,231,variableScope,style,398.0,Other
gemma,gen_1,231,variableScope,style,398.0,Other
gemma,gen_1,231,useStlAlgorithm,style,398.0,Other
gemma,gen_1,231,useStlAlgorithm,style,398.0,Other
gemma,gen_1,231,useStlAlgorithm,style,398.0,Other
gemma,gen_1,231,unreadVariable,style,563.0,Other
gemma,gen_1,52,passedByValue,performance,398.0,Other
gemma,gen_1,52,passedByValue,performance,398.0,Other
gemma,gen_1,52,useStlAlgorithm,style,398.0,Other
gemma,gen_1,144,duplicateBranch,style,398.0,Other
gemma,gen_1,144,duplicateBranch,style,398.0,Other
gemma,gen_1,144,duplicateBranch,style,398.0,Other
gemma,gen_1,144,unreadVariable,style,563.0,Other
gemma,gen_1,144,unreadVariable,style,563.0,Other
gemma,gen_1,7,useStlAlgorithm,style,398.0,Other
gemma,gen_1,198,variableScope,style,398.0,Other
gemma,gen_1,198,useStlAlgorithm,style,398.0,Other
gemma,gen_2,146,arrayIndexThenCheck,style,398.0,Other
gemma,gen_2,146,negativeContainerIndex,warning,786.0,Other
gemma,gen_2,133,variableScope,style,398.0,Other
gemma,gen_2,22,useStlAlgorithm,style,398.0,Other
gemma,gen_2,22,useStlAlgorithm,style,398.0,Other
gemma,gen_2,94,useStlAlgorithm,style,398.0,Other
gemma,gen_2,94,useStlAlgorithm,style,398.0,Other
gemma,gen_2,94,useStlAlgorithm,style,398.0,Other
gemma,gen_2,94,useStlAlgorithm,style,398.0,Other
gemma,gen_2,184,redundantAssignment,style,563.0,Other
gemma,gen_2,184,redundantAssignment,style,563.0,Other
gemma,gen_2,46,knownConditionTrueFalse,style,571.0,Logic / Undefined Behavior
gemma,gen_2,46,useStlAlgorithm,style,398.0,Other
gemma,gen_2,146,useStlAlgorithm,style,398.0,Other
gemma,gen_2,227,duplicateBranch,style,398.0,Other
gemma,gen_2,227,duplicateBranch,style,398.0,Other
gemma,gen_2,227,redundantAssignment,style,563.0,Other
gemma,gen_2,5,knownConditionTrueFalse,style,571.0,Logic / Undefined Behavior
gemma,gen_2,79,useStlAlgorithm,style,398.0,Other
gemma,gen_2,99,useStlAlgorithm,style,398.0,Other
gemma,gen_2,188,redundantAssignment,style,563.0,Other
gemma,gen_2,188,redundantAssignment,style,563.0,Other
gemma,gen_2,188,redundantAssignment,style,563.0,Other
gemma,gen_2,188,redundantAssignment,style,563.0,Other
gemma,gen_2,188,redundantAssignment,style,563.0,Other
gemma,gen_2,188,redundantAssignment,style,563.0,Other
gemma,gen_2,188,unreadVariable,style,563.0,Other
gemma,gen_2,188,unreadVariable,style,563.0,Other
gemma,gen_2,188,unreadVariable,style,563.0,Other
gemma,gen_2,188,unreadVariable,style,563.0,Other
gemma,gen_2,188,unreadVariable,style,563.0,Other
gemma,gen_2,188,unreadVariable,style,563.0,Other
gemma,gen_2,188,unreadVariable,style,563.0,Other
gemma,gen_2,188,unreadVariable,style,563.0,Other
gemma,gen_2,188,unreadVariable,style,563.0,Other
gemma,gen_2,188,unreadVariable,style,563.0,Other
gemma,gen_2,92,constVariableReference,style,398.0,Other
gemma,gen_2,92,constVariableReference,style,398.0,Other
gemma,gen_2,140,variableScope,style,398.0,Other
gemma,gen_2,140,constVariableReference,style,398.0,Other
gemma,gen_2,108,useStlAlgorithm,style,398.0,Other
gemma,gen_2,147,shadowVariable,style,398.0,Other
gemma,gen_2,141,uninitvar,warning,457.0,Null / Initialization
gemma,gen_2,79,unreadVariable,style,563.0,Other
gemma,gen_2,79,unusedVariable,style,563.0,Other
gemma,gen_2,79,unreadVariable,style,563.0,Other
gemma,gen_2,160,unreadVariable,style,563.0,Other
gemma,gen_2,160,unreadVariable,style,563.0,Other
gemma,gen_2,29,useStlAlgorithm,style,398.0,Other
gemma,gen_2,101,unreadVariable,style,563.0,Other
gemma,gen_2,101,unreadVariable,style,563.0,Other
gemma,gen_2,226,useStlAlgorithm,style,398.0,Other
gemma,gen_2,226,useStlAlgorithm,style,398.0,Other
gemma,gen_2,226,useStlAlgorithm,style,398.0,Other
gemma,gen_2,226,unreadVariable,style,563.0,Other
gemma,gen_2,226,unreadVariable,style,563.0,Other
gemma,gen_2,226,unreadVariable,style,563.0,Other
gemma,gen_2,226,unreadVariable,style,563.0,Other
gemma,gen_2,226,unreadVariable,style,563.0,Other
gemma,gen_2,226,unreadVariable,style,563.0,Other
gemma,gen_2,226,unreadVariable,style,563.0,Other
gemma,gen_2,226,unreadVariable,style,563.0,Other
gemma,gen_2,226,unreadVariable,style,563.0,Other
gemma,gen_2,216,unreadVariable,style,563.0,Other
gemma,gen_2,79,unreadVariable,style,563.0,Other
gemma,gen_2,79,unreadVariable,style,563.0,Other
gemma,gen_2,194,knownConditionTrueFalse,style,571.0,Logic / Undefined Behavior
gemma,gen_2,25,useStlAlgorithm,style,398.0,Other
gemma,gen_2,203,useStlAlgorithm,style,398.0,Other
gemma,gen_2,203,useStlAlgorithm,style,398.0,Other
gemma,gen_2,231,duplicateBranch,style,398.0,Other
gemma,gen_2,231,unreadVariable,style,563.0,Other
gemma,gen_2,231,unreadVariable,style,563.0,Other
gemma,gen_2,210,useStlAlgorithm,style,398.0,Other
gemma,gen_2,210,useStlAlgorithm,style,398.0,Other
gemma,gen_2,212,knownConditionTrueFalse,style,571.0,Logic / Undefined Behavior
gemma,gen_2,212,knownConditionTrueFalse,style,571.0,Logic / Undefined Behavior
gemma,gen_2,212,useStlAlgorithm,style,398.0,Other
gemma,gen_2,173,useStlAlgorithm,style,398.0,Other
gemma,gen_2,173,useStlAlgorithm,style,398.0,Other
gemma,gen_2,173,unreadVariable,style,563.0,Other
gemma,gen_2,173,unreadVariable,style,563.0,Other
gemma,gen_2,173,unreadVariable,style,563.0,Other
gemma,gen_2,173,unreadVariable,style,563.0,Other
gemma,gen_2,173,unreadVariable,style,563.0,Other
gemma,gen_2,173,unreadVariable,style,563.0,Other
gemma,gen_2,173,unreadVariable,style,563.0,Other
gemma,gen_2,173,unreadVariable,style,563.0,Other
gemma,gen_2,173,unreadVariable,style,563.0,Other
gemma,gen_2,215,knownConditionTrueFalse,style,398.0,Other
gemma,gen_2,113,constParameterReference,style,398.0,Other
gemma,gen_2,71,duplicateBranch,style,398.0,Other
gemma,gen_2,71,redundantAssignment,style,563.0,Other
gemma,gen_2,71,redundantAssignment,style,563.0,Other
gemma,gen_2,71,redundantAssignment,style,563.0,Other
gemma,gen_2,71,redundantAssignment,style,563.0,Other
gemma,gen_2,71,redundantAssignment,style,563.0,Other
gemma,gen_2,71,redundantAssignment,style,563.0,Other
gemma,gen_2,71,redundantAssignment,style,563.0,Other
gemma,gen_2,71,redundantAssignment,style,563.0,Other
gemma,gen_2,71,useStlAlgorithm,style,398.0,Other
gemma,gen_2,71,useStlAlgorithm,style,398.0,Other
gemma,gen_2,71,unreadVariable,style,563.0,Other
gemma,gen_2,71,unreadVariable,style,563.0,Other
gemma,gen_2,71,unreadVariable,style,563.0,Other
gemma,gen_2,71,unreadVariable,style,563.0,Other
gemma,gen_2,71,unreadVariable,style,563.0,Other
gemma,gen_2,71,unreadVariable,style,563.0,Other
gemma,gen_2,71,unreadVariable,style,563.0,Other
gemma,gen_2,71,unreadVariable,style,563.0,Other
gemma,gen_2,71,unreadVariable,style,563.0,Other
gemma,gen_2,71,unreadVariable,style,563.0,Other
gemma,gen_2,96,unreadVariable,style,563.0,Other
gemma,gen_2,72,useStlAlgorithm,style,398.0,Other
gemma,gen_2,188,unreadVariable,style,563.0,Other
gemma,gen_2,132,unusedVariable,style,563.0,Other
gemma,gen_2,60,variableScope,style,398.0,Other
gemma,gen_2,60,constVariableReference,style,398.0,Other
gemma,gen_2,60,constVariableReference,style,398.0,Other
gemma,gen_2,60,useStlAlgorithm,style,398.0,Other
gemma,gen_2,60,useStlAlgorithm,style,398.0,Other
gemma,gen_2,60,unreadVariable,style,563.0,Other
gemma,gen_2,60,unreadVariable,style,563.0,Other
gemma,gen_2,60,unreadVariable,style,563.0,Other
gemma,gen_2,60,unreadVariable,style,563.0,Other
gemma,gen_2,60,unreadVariable,style,563.0,Other
gemma,gen_2,60,unreadVariable,style,563.0,Other
gemma,gen_2,60,unusedVariable,style,563.0,Other
gemma,gen_2,60,unusedVariable,style,563.0,Other
gemma,gen_2,60,unreadVariable,style,563.0,Other
gemma,gen_2,186,unreadVariable,style,563.0,Other
gemma,gen_2,186,unreadVariable,style,563.0,Other
gemma,gen_2,114,useStlAlgorithm,style,398.0,Other
gemma,gen_2,114,unreadVariable,style,563.0,Other
gemma,gen_2,114,unreadVariable,style,563.0,Other
gemma,gen_2,114,unreadVariable,style,563.0,Other
gemma,gen_2,114,unreadVariable,style,563.0,Other
gemma,gen_2,210,redundantInitialization,style,563.0,Other
gemma,gen_2,210,redundantInitialization,style,563.0,Other
gemma,gen_2,210,redundantAssignment,style,563.0,Other
gemma,gen_2,210,unreadVariable,style,563.0,Other
gemma,gen_2,237,useStlAlgorithm,style,398.0,Other
gemma,gen_2,125,useStlAlgorithm,style,398.0,Other
gemma,gen_2,33,useStlAlgorithm,style,398.0,Other
gemma,gen_2,169,unreadVariable,style,563.0,Other
gemma,gen_2,169,unreadVariable,style,563.0,Other
gemma,gen_2,85,syntaxError,error,,Other
gemma,gen_2,38,unreadVariable,style,563.0,Other
gemma,gen_2,38,unreadVariable,style,563.0,Other
gemma,gen_2,112,useStlAlgorithm,style,398.0,Other
gemma,gen_2,112,useStlAlgorithm,style,398.0,Other
gemma,gen_2,112,useStlAlgorithm,style,398.0,Other
gemma,gen_2,172,unusedVariable,style,563.0,Other
gemma,gen_2,172,unusedVariable,style,563.0,Other
gemma,gen_2,197,useStlAlgorithm,style,398.0,Other
gemma,gen_2,159,unreadVariable,style,563.0,Other
gemma,gen_2,159,unreadVariable,style,563.0,Other
gemma,gen_2,7,useStlAlgorithm,style,398.0,Other
gemma,gen_2,60,constVariable,style,398.0,Other
gemma,gen_2,60,constVariable,style,398.0,Other
gemma,gen_2,48,shadowVariable,style,398.0,Other
gemma,gen_2,45,useStlAlgorithm,style,398.0,Other
gemma,gen_2,106,useStlAlgorithm,style,398.0,Other
gemma,gen_2,106,useStlAlgorithm,style,398.0,Other
gemma,gen_2,194,useStlAlgorithm,style,398.0,Other
gemma,gen_2,243,knownConditionTrueFalse,style,571.0,Logic / Undefined Behavior
gemma,gen_2,243,unreadVariable,style,563.0,Other
gemma,gen_2,243,unreadVariable,style,563.0,Other
gemma,gen_2,243,unreadVariable,style,563.0,Other
gemma,gen_2,204,knownConditionTrueFalse,style,571.0,Logic / Undefined Behavior
gemma,gen_2,150,duplicateBranch,style,398.0,Other
gemma,gen_2,150,duplicateBranch,style,398.0,Other
gemma,gen_2,150,redundantAssignment,style,563.0,Other
gemma,gen_2,150,redundantAssignment,style,563.0,Other
gemma,gen_2,150,redundantAssignment,style,563.0,Other
gemma,gen_2,150,redundantAssignment,style,563.0,Other
gemma,gen_2,98,constVariable,style,398.0,Other
gemma,gen_2,98,constVariable,style,398.0,Other
gemma,gen_2,98,uninitvar,warning,457.0,Null / Initialization
gemma,gen_2,98,uninitvar,warning,457.0,Null / Initialization
gemma,gen_2,120,duplicateBranch,style,398.0,Other
gemma,gen_2,121,redundantInitialization,style,563.0,Other
gemma,gen_2,121,redundantAssignment,style,563.0,Other
gemma,gen_2,121,redundantAssignment,style,563.0,Other
gemma,gen_2,121,redundantAssignment,style,563.0,Other
gemma,gen_2,121,redundantAssignment,style,563.0,Other
gemma,gen_2,121,redundantInitialization,style,563.0,Other
gemma,gen_2,121,redundantAssignment,style,563.0,Other
gemma,gen_2,121,unreadVariable,style,563.0,Other
gemma,gen_2,121,unreadVariable,style,563.0,Other
gemma,gen_2,121,unreadVariable,style,563.0,Other
gemma,gen_2,121,unreadVariable,style,563.0,Other
gemma,gen_2,121,unreadVariable,style,563.0,Other
gemma,gen_2,121,unreadVariable,style,563.0,Other
gemma,gen_2,121,unreadVariable,style,563.0,Other
gemma,gen_2,121,unreadVariable,style,563.0,Other
gemma,gen_2,121,unreadVariable,style,563.0,Other
gemma,gen_2,121,unreadVariable,style,563.0,Other
gemma,gen_2,121,unreadVariable,style,563.0,Other
gemma,gen_2,121,unreadVariable,style,563.0,Other
gemma,gen_2,121,unreadVariable,style,563.0,Other
gemma,gen_2,121,unreadVariable,style,563.0,Other
gemma,gen_2,121,unreadVariable,style,563.0,Other
gemma,gen_2,121,unreadVariable,style,563.0,Other
gemma,gen_2,121,unreadVariable,style,563.0,Other
gemma,gen_2,56,shadowVariable,style,398.0,Other
gemma,gen_2,56,shadowVariable,style,398.0,Other
gemma,gen_2,56,shadowVariable,style,398.0,Other
gemma,gen_2,56,shadowVariable,style,398.0,Other
gemma,gen_2,56,constVariableReference,style,398.0,Other
gemma,gen_2,56,constVariableReference,style,398.0,Other
gemma,gen_2,55,unreadVariable,style,563.0,Other
gemma,gen_2,206,useStlAlgorithm,style,398.0,Other
gemma,gen_2,206,useStlAlgorithm,style,398.0,Other
gemma,gen_2,226,duplicateBranch,style,398.0,Other
gemma,gen_2,84,useStlAlgorithm,style,398.0,Other
gemma,gen_2,216,useStlAlgorithm,style,398.0,Other
gemma,gen_2,216,negativeContainerIndex,warning,786.0,Other
gemma,gen_2,216,negativeContainerIndex,warning,786.0,Other
gemma,gen_2,216,negativeContainerIndex,warning,786.0,Other
gemma,gen_2,216,negativeContainerIndex,warning,786.0,Other
gemma,gen_2,216,negativeContainerIndex,warning,786.0,Other
gemma,gen_2,37,oppositeInnerCondition,warning,398.0,Other
gemma,gen_2,201,useStlAlgorithm,style,398.0,Other
gemma,gen_2,201,useStlAlgorithm,style,398.0,Other
gemma,gen_2,137,useStlAlgorithm,style,398.0,Other
gemma,gen_2,137,useStlAlgorithm,style,398.0,Other
gemma,gen_2,196,useStlAlgorithm,style,398.0,Other
gemma,gen_2,225,variableScope,style,398.0,Other
gemma,gen_2,225,useStlAlgorithm,style,398.0,Other
gemma,gen_2,225,useStlAlgorithm,style,398.0,Other
gemma,gen_2,139,useStlAlgorithm,style,398.0,Other
gemma,gen_2,139,useStlAlgorithm,style,398.0,Other
gemma,gen_2,222,passedByValue,performance,398.0,Other
gemma,gen_2,222,passedByValue,performance,398.0,Other
gemma,gen_2,34,useStlAlgorithm,style,398.0,Other
gemma,gen_2,34,useStlAlgorithm,style,398.0,Other
gemma,gen_2,234,variableScope,style,398.0,Other
gemma,gen_2,234,constVariableReference,style,398.0,Other
gemma,gen_2,234,constVariableReference,style,398.0,Other
gemma,gen_2,61,variableScope,style,398.0,Other
gemma,gen_2,61,variableScope,style,398.0,Other
gemma,gen_2,61,constVariableReference,style,398.0,Other
gemma,gen_2,61,constVariableReference,style,398.0,Other
gemma,gen_2,61,useStlAlgorithm,style,398.0,Other
gemma,gen_2,9,useStlAlgorithm,style,398.0,Other
gemma,gen_2,41,duplicateBranch,style,398.0,Other
gemma,gen_2,41,useStlAlgorithm,style,398.0,Other
gemma,gen_2,95,unreadVariable,style,563.0,Other
gemma,gen_2,95,unreadVariable,style,563.0,Other
gemma,gen_2,66,stlFindInsert,performance,398.0,Other
gemma,gen_2,69,constVariableReference,style,398.0,Other
gemma,gen_2,69,useStlAlgorithm,style,398.0,Other
gemma,gen_2,205,useStlAlgorithm,style,398.0,Other
gemma,gen_2,65,useStlAlgorithm,style,398.0,Other
gemma,gen_2,62,variableScope,style,398.0,Other
gemma,gen_2,62,variableScope,style,398.0,Other
gemma,gen_2,35,knownConditionTrueFalse,style,571.0,Logic / Undefined Behavior
gemma,gen_2,35,variableScope,style,398.0,Other
gemma,gen_2,76,useStlAlgorithm,style,398.0,Other
gemma,gen_2,76,useStlAlgorithm,style,398.0,Other
gemma,gen_2,168,knownConditionTrueFalse,style,571.0,Logic / Undefined Behavior
gemma,gen_2,239,duplicateBranch,style,398.0,Other
gemma,gen_2,36,useStlAlgorithm,style,398.0,Other
gemma,gen_2,136,unreadVariable,style,563.0,Other
gemma,gen_2,136,unreadVariable,style,563.0,Other
gemma,gen_2,136,unreadVariable,style,563.0,Other
gemma,gen_2,44,constVariableReference,style,398.0,Other
gemma,gen_2,219,useStlAlgorithm,style,398.0,Other
gemma,gen_2,219,useStlAlgorithm,style,398.0,Other
gemma,gen_2,44,stlFindInsert,performance,398.0,Other
gemma,gen_2,44,unreadVariable,style,563.0,Other
gemma,gen_2,44,unreadVariable,style,563.0,Other
gemma,gen_2,44,unusedVariable,style,563.0,Other
gemma,gen_2,39,useStlAlgorithm,style,398.0,Other
gemma,gen_2,97,unreadVariable,style,563.0,Other
gemma,gen_2,97,unreadVariable,style,563.0,Other
gemma,gen_2,27,useStlAlgorithm,style,398.0,Other
gemma,gen_2,27,useStlAlgorithm,style,398.0,Other
gemma,gen_2,111,useStlAlgorithm,style,398.0,Other
gemma,gen_2,136,constVariableReference,style,398.0,Other
gemma,gen_2,136,constVariableReference,style,398.0,Other
gemma,gen_2,83,useStlAlgorithm,style,398.0,Other
gemma,gen_2,83,useStlAlgorithm,style,398.0,Other
gemma,gen_2,38,knownConditionTrueFalse,style,571.0,Logic / Undefined Behavior
gemma,gen_2,38,constVariableReference,style,398.0,Other
gemma,gen_2,38,unreadVariable,style,563.0,Other
gemma,gen_2,8,containerOutOfBounds,error,398.0,Other
gemma,gen_2,8,useStlAlgorithm,style,398.0,Other
gemma,gen_2,136,useStlAlgorithm,style,398.0,Other
gemma,gen_2,136,useStlAlgorithm,style,398.0,Other
gemma,gen_2,154,knownConditionTrueFalse,style,570.0,Other
gemma,gen_2,58,constVariableReference,style,398.0,Other
gemma,gen_2,100,redundantInitialization,style,563.0,Other
gemma,gen_2,100,redundantAssignment,style,563.0,Other
gemma,gen_2,100,variableScope,style,398.0,Other
gemma,gen_2,100,constVariableReference,style,398.0,Other
gemma,gen_2,100,unreadVariable,style,563.0,Other
gemma,gen_2,135,duplicateAssignExpression,style,398.0,Other
gemma,gen_2,135,duplicateAssignExpression,style,398.0,Other
gemma,gen_2,124,useStlAlgorithm,style,398.0,Other
gemma,gen_2,58,useStlAlgorithm,style,398.0,Other
gemma,gen_2,200,constVariable,style,398.0,Other
gemma,gen_2,200,constVariable,style,398.0,Other
gemma,gen_2,200,unreadVariable,style,563.0,Other
gemma,gen_2,254,passedByValue,performance,398.0,Other
gemma,gen_2,254,useStlAlgorithm,style,398.0,Other
gemma,gen_2,7,useStlAlgorithm,style,398.0,Other
gemma,gen_2,234,variableScope,style,398.0,Other
gemma,gen_2,234,unreadVariable,style,563.0,Other
gemma,gen_2,234,unreadVariable,style,563.0,Other
gemma,gen_2,234,unreadVariable,style,563.0,Other
gemma,gen_2,234,unreadVariable,style,563.0,Other
gemma,gen_2,97,constVariable,style,398.0,Other
gemma,gen_2,97,constVariable,style,398.0,Other
gemma,gen_2,97,uninitvar,warning,457.0,Null / Initialization
gemma,gen_2,97,uninitvar,warning,457.0,Null / Initialization
gemma,gen_2,145,knownConditionTrueFalse,style,571.0,Logic / Undefined Behavior
gemma,gen_2,145,unreadVariable,style,563.0,Other
gemma,gen_2,15,truncLongCastAssignment,style,197.0,Other
gemma,gen_2,53,unreadVariable,style,563.0,Other
gemma,gen_2,53,unreadVariable,style,563.0,Other
gemma,gen_2,88,useStlAlgorithm,style,398.0,Other
gemma,gen_2,213,useStlAlgorithm,style,398.0,Other
gemma,gen_2,191,useStlAlgorithm,style,398.0,Other
gemma,gen_2,236,knownConditionTrueFalse,style,571.0,Logic / Undefined Behavior
gemma,gen_2,184,redundantAssignment,style,563.0,Other
gemma,gen_2,184,redundantAssignment,style,563.0,Other
gemma,gen_2,184,redundantAssignment,style,563.0,Other
gemma,gen_2,184,redundantAssignment,style,563.0,Other
gemma,gen_2,184,redundantAssignment,style,563.0,Other
gemma,gen_2,184,shadowVariable,style,398.0,Other
gemma,gen_2,184,useStlAlgorithm,style,398.0,Other
gemma,gen_2,184,useStlAlgorithm,style,398.0,Other
gemma,gen_2,184,unreadVariable,style,563.0,Other
gemma,gen_2,184,unreadVariable,style,563.0,Other
gemma,gen_2,184,unreadVariable,style,563.0,Other
gemma,gen_2,184,unreadVariable,style,563.0,Other
gemma,gen_2,184,unreadVariable,style,563.0,Other
gemma,gen_2,184,unreadVariable,style,563.0,Other
gemma,gen_2,184,unreadVariable,style,563.0,Other
gemma,gen_2,184,unreadVariable,style,563.0,Other
gemma,gen_2,153,duplicateBranch,style,398.0,Other
gemma,gen_2,153,unreadVariable,style,563.0,Other
gemma,gen_2,153,unreadVariable,style,563.0,Other
gemma,gen_2,74,duplicateBranch,style,398.0,Other
gemma,gen_2,74,duplicateBranch,style,398.0,Other
gemma,gen_2,74,unreadVariable,style,563.0,Other
gemma,gen_2,74,unreadVariable,style,563.0,Other
gemma,gen_2,74,unreadVariable,style,563.0,Other
gemma,gen_2,74,unreadVariable,style,563.0,Other
gemma,gen_2,74,unusedVariable,style,563.0,Other
gemma,gen_2,47,useStlAlgorithm,style,398.0,Other
gemma,gen_2,233,unreadVariable,style,563.0,Other
gemma,gen_2,233,unreadVariable,style,563.0,Other
gemma,gen_2,233,unreadVariable,style,563.0,Other
gemma,gen_2,233,unreadVariable,style,563.0,Other
gemma,gen_2,250,useStlAlgorithm,style,398.0,Other
gemma,gen_2,247,useStlAlgorithm,style,398.0,Other
gemma,gen_2,170,stlFindInsert,performance,398.0,Other
gemma,gen_2,166,useStlAlgorithm,style,398.0,Other
gemma,gen_2,132,passedByValue,performance,398.0,Other
gemma,gen_2,221,unreadVariable,style,563.0,Other
gemma,gen_2,221,unreadVariable,style,563.0,Other
gemma,gen_2,53,variableScope,style,398.0,Other
gemma,gen_2,172,unusedVariable,style,563.0,Other
gemma,gen_2,235,useStlAlgorithm,style,398.0,Other
gemma,gen_2,235,useStlAlgorithm,style,398.0,Other
gemma,gen_2,171,useStlAlgorithm,style,398.0,Other
gemma,gen_2,148,shadowVariable,style,398.0,Other
gemma,gen_2,148,constVariableReference,style,398.0,Other
gemma,gen_2,148,useStlAlgorithm,style,398.0,Other
gemma,gen_2,148,unreadVariable,style,563.0,Other
gemma,gen_2,148,unreadVariable,style,563.0,Other
gemma,gen_2,148,unreadVariable,style,563.0,Other
gemma,gen_2,148,unreadVariable,style,563.0,Other
gemma,gen_2,148,unreadVariable,style,563.0,Other
gemma,gen_2,17,variableScope,style,398.0,Other
gemma,gen_2,5,unreadVariable,style,563.0,Other
gemma,gen_2,241,variableScope,style,398.0,Other
gemma,gen_2,183,useStlAlgorithm,style,398.0,Other
gemma,gen_2,141,variableScope,style,398.0,Other
gemma,gen_2,141,unreadVariable,style,563.0,Other
gemma,gen_2,3,useStlAlgorithm,style,398.0,Other
gemma,gen_2,156,useStlAlgorithm,style,398.0,Other
gemma,gen_2,156,useStlAlgorithm,style,398.0,Other
gemma,gen_2,42,useStlAlgorithm,style,398.0,Other
gemma,gen_2,127,oppositeInnerCondition,warning,398.0,Other
gemma,gen_2,246,shadowVariable,style,398.0,Other
gemma,gen_2,246,shadowVariable,style,398.0,Other
gemma,gen_2,246,shadowVariable,style,398.0,Other
gemma,gen_2,246,constVariableReference,style,398.0,Other
gemma,gen_2,3,duplicateBranch,style,398.0,Other
gemma,gen_2,125,constVariable,style,398.0,Other
gemma,gen_2,125,constVariable,style,398.0,Other
gemma,gen_2,125,negativeContainerIndex,warning,786.0,Other
gemma,gen_2,42,duplicateCondition,style,398.0,Other
gemma,gen_2,42,redundantAssignment,style,563.0,Other
gemma,gen_2,42,constVariable,style,398.0,Other
gemma,gen_2,42,constVariable,style,398.0,Other
gemma,gen_2,42,negativeContainerIndex,warning,786.0,Other
gemma,gen_2,55,useStlAlgorithm,style,398.0,Other
gemma,gen_2,192,constVariableReference,style,398.0,Other
gemma,gen_2,201,duplicateBranch,style,398.0,Other
gemma,gen_2,201,shadowVariable,style,398.0,Other
gemma,gen_2,201,unreadVariable,style,563.0,Other
gemma,gen_2,201,unreadVariable,style,563.0,Other
gemma,gen_2,201,unreadVariable,style,563.0,Other
gemma,gen_2,201,unreadVariable,style,563.0,Other
gemma,gen_2,201,unusedVariable,style,563.0,Other
gemma,gen_2,201,unreadVariable,style,563.0,Other
gemma,gen_2,201,unreadVariable,style,563.0,Other
gemma,gen_2,201,unreadVariable,style,563.0,Other
gemma,gen_2,64,constVariableReference,style,398.0,Other
gemma,gen_2,64,constVariableReference,style,398.0,Other
gemma,gen_2,64,constVariableReference,style,398.0,Other
gemma,gen_2,64,useStlAlgorithm,style,398.0,Other
gemma,gen_2,64,useStlAlgorithm,style,398.0,Other
gemma,gen_2,64,unreadVariable,style,563.0,Other
gemma,gen_2,135,duplicateBranch,style,398.0,Other
gemma,gen_2,135,useStlAlgorithm,style,398.0,Other
gemma,gen_2,135,useStlAlgorithm,style,398.0,Other
gemma,gen_2,135,useStlAlgorithm,style,398.0,Other
gemma,gen_2,135,useStlAlgorithm,style,398.0,Other
gemma,gen_2,135,useStlAlgorithm,style,398.0,Other
gemma,gen_2,135,unreadVariable,style,563.0,Other
gemma,gen_2,135,unreadVariable,style,563.0,Other
gemma,gen_2,122,useStlAlgorithm,style,398.0,Other
gemma,gen_2,122,useStlAlgorithm,style,398.0,Other
gemma,gen_2,122,unreadVariable,style,563.0,Other
gemma,gen_2,122,unreadVariable,style,563.0,Other
gemma,gen_2,57,variableScope,style,398.0,Other
gemma,gen_2,57,constVariable,style,398.0,Other
gemma,gen_2,57,unreadVariable,style,563.0,Other
gemma,gen_2,57,unreadVariable,style,563.0,Other
gemma,gen_2,156,knownConditionTrueFalse,style,571.0,Logic / Undefined Behavior
gemma,gen_2,156,zerodivcond,warning,369.0,Logic / Undefined Behavior
gemma,gen_2,141,useStlAlgorithm,style,398.0,Other
gemma,gen_2,69,constVariableReference,style,398.0,Other
gemma,gen_2,179,useStlAlgorithm,style,398.0,Other
gemma,gen_2,191,unreadVariable,style,563.0,Other
gemma,gen_2,159,useStlAlgorithm,style,398.0,Other
gemma,gen_2,181,useStlAlgorithm,style,398.0,Other
gemma,gen_2,63,unusedVariable,style,563.0,Other
gemma,gen_2,14,constVariableReference,style,398.0,Other
gemma,gen_2,14,useStlAlgorithm,style,398.0,Other
gemma,gen_2,208,knownConditionTrueFalse,style,571.0,Logic / Undefined Behavior
gemma,gen_2,208,knownConditionTrueFalse,style,571.0,Logic / Undefined Behavior
gemma,gen_2,208,duplicateExpression,style,398.0,Other
gemma,gen_2,208,duplicateExpression,style,398.0,Other
gemma,gen_2,208,useStlAlgorithm,style,398.0,Other
gemma,gen_2,208,useStlAlgorithm,style,398.0,Other
gemma,gen_2,208,useStlAlgorithm,style,398.0,Other
gemma,gen_2,208,unreadVariable,style,563.0,Other
gemma,gen_2,208,unreadVariable,style,563.0,Other
gemma,gen_2,208,unreadVariable,style,563.0,Other
gemma,gen_2,208,unreadVariable,style,563.0,Other
gemma,gen_2,208,unreadVariable,style,563.0,Other
gemma,gen_2,4,useStlAlgorithm,style,398.0,Other
gemma,gen_2,93,knownConditionTrueFalse,style,571.0,Logic / Undefined Behavior
gemma,gen_2,196,passedByValue,performance,398.0,Other
gemma,gen_2,196,useStlAlgorithm,style,398.0,Other
gemma,gen_2,196,useStlAlgorithm,style,398.0,Other
gemma,gen_2,12,compareValueOutOfTypeRangeError,style,398.0,Other
gemma,gen_2,12,compareValueOutOfTypeRangeError,style,398.0,Other
gemma,gen_2,257,unreadVariable,style,563.0,Other
gemma,gen_2,262,useStlAlgorithm,style,398.0,Other
gemma,gen_2,262,useStlAlgorithm,style,398.0,Other
gemma,gen_2,78,knownConditionTrueFalse,style,570.0,Other
gemma,gen_2,78,knownConditionTrueFalse,style,570.0,Other
gemma,gen_2,78,duplicateBranch,style,398.0,Other
gemma,gen_2,78,unreadVariable,style,563.0,Other
gemma,gen_2,78,unreadVariable,style,563.0,Other
gemma,gen_2,1,stlFindInsert,performance,398.0,Other
gemma,gen_2,68,variableScope,style,398.0,Other
gemma,gen_2,68,constVariableReference,style,398.0,Other
gemma,gen_2,68,unreadVariable,style,563.0,Other
gemma,gen_2,259,containerOutOfBounds,error,398.0,Other
gemma,gen_2,244,duplicateBranch,style,398.0,Other
gemma,gen_2,121,unreadVariable,style,563.0,Other
gemma,gen_2,121,unreadVariable,style,563.0,Other
gemma,gen_2,207,useStlAlgorithm,style,398.0,Other
gemma,gen_2,207,useStlAlgorithm,style,398.0,Other
gemma,gen_2,207,useStlAlgorithm,style,398.0,Other
gemma,gen_2,207,useStlAlgorithm,style,398.0,Other
gemma,gen_2,91,useStlAlgorithm,style,398.0,Other
gemma,gen_2,226,shiftTooManyBits,warning,758.0,Logic / Undefined Behavior
gemma,gen_2,226,integerOverflowCond,warning,190.0,Bounds / Integer
gemma,gen_2,10,redundantAssignment,style,563.0,Other
gemma,gen_2,10,useStlAlgorithm,style,398.0,Other
gemma,gen_2,200,useStlAlgorithm,style,398.0,Other
gemma,gen_2,159,useStlAlgorithm,style,398.0,Other
gemma,gen_2,159,useStlAlgorithm,style,398.0,Other
gemma,gen_2,159,unreadVariable,style,563.0,Other
gemma,gen_2,239,useStlAlgorithm,style,398.0,Other
gemma,gen_2,239,unreadVariable,style,563.0,Other
gemma,gen_2,239,unreadVariable,style,563.0,Other
gemma,gen_2,80,duplicateBranch,style,398.0,Other
gemma,gen_2,16,constVariableReference,style,398.0,Other
gemma,gen_2,75,variableScope,style,398.0,Other
gemma,gen_2,75,unreadVariable,style,563.0,Other
gemma,gen_2,43,unusedVariable,style,563.0,Other
gemma,gen_2,6,useStlAlgorithm,style,398.0,Other
gemma,gen_2,40,duplicateBranch,style,398.0,Other
gemma,gen_2,199,useStlAlgorithm,style,398.0,Other
gemma,gen_2,21,constVariable,style,398.0,Other
gemma,gen_2,9,useStlAlgorithm,style,398.0,Other
gemma,gen_2,148,useStlAlgorithm,style,398.0,Other
gemma,gen_2,188,constVariableReference,style,398.0,Other
gemma,gen_2,188,constVariableReference,style,398.0,Other
gemma,gen_2,188,unreadVariable,style,563.0,Other
gemma,gen_2,188,unreadVariable,style,563.0,Other
gemma,gen_2,61,useStlAlgorithm,style,398.0,Other
gemma,gen_2,61,useStlAlgorithm,style,398.0,Other
gemma,gen_2,158,variableScope,style,398.0,Other
gemma,gen_2,158,useStlAlgorithm,style,398.0,Other
gemma,gen_2,158,unreadVariable,style,563.0,Other
gemma,gen_2,158,unreadVariable,style,563.0,Other
gemma,gen_2,205,useStlAlgorithm,style,398.0,Other
gemma,gen_2,205,unreadVariable,style,563.0,Other
gemma,gen_2,205,unreadVariable,style,563.0,Other
gemma,gen_2,102,stlFindInsert,performance,398.0,Other
gemma,gen_2,102,stlFindInsert,performance,398.0,Other
gemma,gen_2,152,knownConditionTrueFalse,style,570.0,Other
gemma,gen_2,152,unreadVariable,style,563.0,Other
gemma,gen_2,152,unreadVariable,style,563.0,Other
gemma,gen_2,100,constVariable,style,398.0,Other
gemma,gen_2,34,useStlAlgorithm,style,398.0,Other
gemma,gen_2,54,useStlAlgorithm,style,398.0,Other
gemma,gen_2,54,useStlAlgorithm,style,398.0,Other
gemma,gen_2,207,duplicateBranch,style,398.0,Other
gemma,gen_2,207,variableScope,style,398.0,Other
gemma,gen_2,207,variableScope,style,398.0,Other
gemma,gen_2,151,passedByValue,performance,398.0,Other
gemma,gen_2,151,useStlAlgorithm,style,398.0,Other
gemma,gen_2,168,constVariableReference,style,398.0,Other
gemma,gen_2,168,constVariableReference,style,398.0,Other
gemma,gen_2,168,useStlAlgorithm,style,398.0,Other
gemma,gen_2,168,unreadVariable,style,563.0,Other
gemma,gen_2,168,unusedVariable,style,563.0,Other
gemma,gen_2,212,duplicateAssignExpression,style,398.0,Other
gemma,gen_2,212,duplicateAssignExpression,style,398.0,Other
gemma,gen_2,220,shadowVariable,style,398.0,Other
gemma,gen_2,30,useStlAlgorithm,style,398.0,Other
gemma,gen_2,67,useStlAlgorithm,style,398.0,Other
gemma,gen_2,120,unreadVariable,style,563.0,Other
gemma,gen_2,120,unreadVariable,style,563.0,Other
gemma,gen_2,80,constVariable,style,398.0,Other
gemma,gen_2,80,constVariable,style,398.0,Other
gemma,gen_2,105,useStlAlgorithm,style,398.0,Other
gemma,gen_2,125,unreadVariable,style,563.0,Other
gemma,gen_2,64,unreadVariable,style,563.0,Other
gemma,gen_2,64,unreadVariable,style,563.0,Other
gemma,gen_2,174,useStlAlgorithm,style,398.0,Other
gemma,gen_2,142,knownConditionTrueFalse,style,570.0,Other
gemma,gen_2,142,knownConditionTrueFalse,style,570.0,Other
gemma,gen_2,142,variableScope,style,398.0,Other
gemma,gen_2,182,useStlAlgorithm,style,398.0,Other
gemma,gen_2,182,useStlAlgorithm,style,398.0,Other
gemma,gen_2,225,variableScope,style,398.0,Other
gemma,gen_2,225,constVariableReference,style,398.0,Other
gemma,gen_2,225,useStlAlgorithm,style,398.0,Other
gemma,gen_2,83,useStlAlgorithm,style,398.0,Other
gemma,gen_2,2,duplicateBranch,style,398.0,Other
gemma,gen_2,230,constVariableReference,style,398.0,Other
gemma,gen_2,230,constVariableReference,style,398.0,Other
gemma,gen_2,230,useStlAlgorithm,style,398.0,Other
gemma,gen_2,230,useStlAlgorithm,style,398.0,Other
gemma,gen_2,230,useStlAlgorithm,style,398.0,Other
gemma,gen_2,230,unusedVariable,style,563.0,Other
gemma,gen_2,230,unusedVariable,style,563.0,Other
gemma,gen_2,0,knownConditionTrueFalse,style,571.0,Logic / Undefined Behavior
gemma,gen_2,0,constVariable,style,398.0,Other
gemma,gen_2,0,constVariable,style,398.0,Other
gemma,gen_2,0,useStlAlgorithm,style,398.0,Other
gemma,gen_2,27,constVariable,style,398.0,Other
gemma,gen_2,27,constVariable,style,398.0,Other
gemma,gen_2,27,negativeContainerIndex,warning,786.0,Other
gemma,gen_2,27,unreadVariable,style,563.0,Other
gemma,gen_2,27,unreadVariable,style,563.0,Other
gemma,gen_2,27,unreadVariable,style,563.0,Other
gemma,gen_2,180,duplicateBranch,style,398.0,Other
gemma,gen_2,180,variableScope,style,398.0,Other
gemma,gen_2,180,unreadVariable,style,563.0,Other
gemma,gen_2,180,unreadVariable,style,563.0,Other
gemma,gen_2,180,unreadVariable,style,563.0,Other
gemma,gen_2,180,unreadVariable,style,563.0,Other
gemma,gen_2,61,unreadVariable,style,563.0,Other
gemma,gen_2,61,unreadVariable,style,563.0,Other
gemma,gen_2,1,unreadVariable,style,563.0,Other
gemma,gen_2,220,useStlAlgorithm,style,398.0,Other
gemma,gen_2,220,useStlAlgorithm,style,398.0,Other
gemma,gen_2,50,knownConditionTrueFalse,style,570.0,Other
gemma,gen_2,50,useStlAlgorithm,style,398.0,Other
gemma,gen_2,50,useStlAlgorithm,style,398.0,Other
gemma,gen_2,50,useStlAlgorithm,style,398.0,Other
gemma,gen_2,50,useStlAlgorithm,style,398.0,Other
gemma,gen_2,50,unreadVariable,style,563.0,Other
gemma,gen_2,50,unreadVariable,style,563.0,Other
gemma,gen_2,20,useStlAlgorithm,style,398.0,Other
gemma,gen_2,24,useStlAlgorithm,style,398.0,Other
gemma,gen_2,154,useStlAlgorithm,style,398.0,Other
gemma,gen_2,137,useStlAlgorithm,style,398.0,Other
gemma,gen_2,90,unreadVariable,style,563.0,Other
gemma,gen_2,155,variableScope,style,398.0,Other
gemma,gen_2,28,knownConditionTrueFalse,style,570.0,Other
gemma,gen_2,107,useStlAlgorithm,style,398.0,Other
gemma,gen_2,208,useStlAlgorithm,style,398.0,Other
gemma,gen_2,208,useStlAlgorithm,style,398.0,Other
gemma,gen_2,95,useStlAlgorithm,style,398.0,Other
gemma,gen_2,44,unreadVariable,style,563.0,Other
gemma,gen_2,44,unreadVariable,style,563.0,Other
gemma,gen_2,108,duplicateBranch,style,398.0,Other
gemma,gen_2,108,useStlAlgorithm,style,398.0,Other
gemma,gen_2,108,useStlAlgorithm,style,398.0,Other
gemma,gen_2,108,useStlAlgorithm,style,398.0,Other
gemma,gen_2,16,constVariableReference,style,398.0,Other
gemma,gen_2,16,constVariableReference,style,398.0,Other
gemma,gen_2,16,constVariableReference,style,398.0,Other
gemma,gen_2,16,constVariableReference,style,398.0,Other
gemma,gen_2,16,useStlAlgorithm,style,398.0,Other
gemma,gen_2,16,useStlAlgorithm,style,398.0,Other
gemma,gen_2,195,redundantAssignment,style,563.0,Other
gemma,gen_2,195,variableScope,style,398.0,Other
gemma,gen_2,195,variableScope,style,398.0,Other
gemma,gen_2,199,useStlAlgorithm,style,398.0,Other
gemma,gen_2,199,useStlAlgorithm,style,398.0,Other
gemma,gen_2,185,useStlAlgorithm,style,398.0,Other
gemma,gen_2,177,unreadVariable,style,563.0,Other
gemma,gen_2,177,unreadVariable,style,563.0,Other
gemma,gen_2,177,unreadVariable,style,563.0,Other
gemma,gen_2,177,unreadVariable,style,563.0,Other
gemma,gen_2,222,useStlAlgorithm,style,398.0,Other
gemma,gen_2,222,useStlAlgorithm,style,398.0,Other
gemma,gen_2,15,useStlAlgorithm,style,398.0,Other
gemma,gen_2,151,useStlAlgorithm,style,398.0,Other
gemma,gen_2,183,useStlAlgorithm,style,398.0,Other
gemma,gen_2,128,useStlAlgorithm,style,398.0,Other
gemma,gen_2,171,useStlAlgorithm,style,398.0,Other
gemma,gen_2,116,useStlAlgorithm,style,398.0,Other
gemma,gen_2,181,duplicateBranch,style,398.0,Other
gemma,gen_2,181,unreadVariable,style,563.0,Other
gemma,gen_2,181,unreadVariable,style,563.0,Other
gemma,gen_2,181,unreadVariable,style,563.0,Other
gemma,gen_2,181,unreadVariable,style,563.0,Other
gemma,gen_2,181,unreadVariable,style,563.0,Other
gemma,gen_2,181,unreadVariable,style,563.0,Other
gemma,gen_2,96,constVariableReference,style,398.0,Other
gemma,gen_2,96,constVariableReference,style,398.0,Other
gemma,gen_2,96,useStlAlgorithm,style,398.0,Other
gemma,gen_2,179,useStlAlgorithm,style,398.0,Other
gemma,gen_2,179,unreadVariable,style,563.0,Other
gemma,gen_2,179,unreadVariable,style,563.0,Other
gemma,gen_2,179,unusedVariable,style,563.0,Other
gemma,gen_2,179,unreadVariable,style,563.0,Other
gemma,gen_2,85,unreadVariable,style,563.0,Other
gemma,gen_2,85,unreadVariable,style,563.0,Other
gemma,gen_2,85,unreadVariable,style,563.0,Other
gemma,gen_2,91,useStlAlgorithm,style,398.0,Other
gemma,gen_2,91,useStlAlgorithm,style,398.0,Other
gemma,gen_2,143,constVariable,style,398.0,Other
gemma,gen_2,143,constVariable,style,398.0,Other
gemma,gen_2,186,useStlAlgorithm,style,398.0,Other
gemma,gen_2,2,useStlAlgorithm,style,398.0,Other
gemma,gen_2,2,useStlAlgorithm,style,398.0,Other
gemma,gen_2,261,knownConditionTrueFalse,style,570.0,Other
gemma,gen_2,261,knownConditionTrueFalse,style,570.0,Other
gemma,gen_2,261,duplicateAssignExpression,style,398.0,Other
gemma,gen_2,261,redundantInitialization,style,563.0,Other
gemma,gen_2,261,redundantInitialization,style,563.0,Other
gemma,gen_2,261,unreadVariable,style,563.0,Other
gemma,gen_2,261,unreadVariable,style,563.0,Other
gemma,gen_2,261,unreadVariable,style,563.0,Other
gemma,gen_2,261,unreadVariable,style,563.0,Other
gemma,gen_2,101,useStlAlgorithm,style,398.0,Other
gemma,gen_2,101,useStlAlgorithm,style,398.0,Other
gemma,gen_2,229,unreadVariable,style,563.0,Other
gemma,gen_2,229,unreadVariable,style,563.0,Other
gemma,gen_2,129,negativeContainerIndex,warning,786.0,Other
gemma,gen_2,129,negativeContainerIndex,warning,786.0,Other
gemma,gen_2,129,unreadVariable,style,563.0,Other
gemma,gen_2,129,unreadVariable,style,563.0,Other
gemma,gen_2,0,knownConditionTrueFalse,style,570.0,Other
gemma,gen_2,0,knownConditionTrueFalse,style,570.0,Other
gemma,gen_2,0,useStlAlgorithm,style,398.0,Other
gemma,gen_2,0,unusedVariable,style,563.0,Other
gemma,gen_2,31,useStlAlgorithm,style,398.0,Other
gemma,gen_2,31,useStlAlgorithm,style,398.0,Other
gemma,gen_2,27,shiftNegative,error,758.0,Logic / Undefined Behavior
gemma,gen_2,27,constVariableReference,style,398.0,Other
gemma,gen_2,27,useStlAlgorithm,style,398.0,Other
gemma,gen_2,68,useStlAlgorithm,style,398.0,Other
gemma,gen_2,68,unreadVariable,style,563.0,Other
gemma,gen_2,59,useStlAlgorithm,style,398.0,Other
gemma,gen_2,204,variableScope,style,398.0,Other
gemma,gen_2,204,useStlAlgorithm,style,398.0,Other
gemma,gen_2,204,unreadVariable,style,563.0,Other
gemma,gen_2,204,unreadVariable,style,563.0,Other
gemma,gen_2,204,unreadVariable,style,563.0,Other
gemma,gen_2,174,useStlAlgorithm,style,398.0,Other
gemma,gen_2,174,useStlAlgorithm,style,398.0,Other
gemma,gen_2,174,useStlAlgorithm,style,398.0,Other
gemma,gen_2,174,unreadVariable,style,563.0,Other
gemma,gen_2,174,unreadVariable,style,563.0,Other
gemma,gen_2,187,useStlAlgorithm,style,398.0,Other
gemma,gen_2,74,variableScope,style,398.0,Other
gemma,gen_2,74,constParameterReference,style,398.0,Other
gemma,gen_2,74,unreadVariable,style,563.0,Other
gemma,gen_2,74,unreadVariable,style,563.0,Other
gemma,gen_2,74,unreadVariable,style,563.0,Other
gemma,gen_2,192,unreadVariable,style,563.0,Other
gemma,gen_2,162,useStlAlgorithm,style,398.0,Other
gemma,gen_2,68,variableScope,style,398.0,Other
gemma,gen_2,68,unreadVariable,style,563.0,Other
gemma,gen_2,68,unreadVariable,style,563.0,Other
gemma,gen_2,68,unreadVariable,style,563.0,Other
gemma,gen_2,193,useStlAlgorithm,style,398.0,Other
gemma,gen_2,58,unusedVariable,style,563.0,Other
gemma,gen_2,58,unreadVariable,style,563.0,Other
gemma,gen_2,58,unreadVariable,style,563.0,Other
gemma,gen_2,58,unreadVariable,style,563.0,Other
gemma,gen_2,231,useStlAlgorithm,style,398.0,Other
gemma,gen_2,29,useStlAlgorithm,style,398.0,Other
gemma,gen_2,77,unreadVariable,style,563.0,Other
gemma,gen_2,77,unreadVariable,style,563.0,Other
gemma,gen_2,77,unreadVariable,style,563.0,Other
gemma,gen_2,77,unreadVariable,style,563.0,Other
gemma,gen_2,221,useStlAlgorithm,style,398.0,Other
gemma,gen_2,221,useStlAlgorithm,style,398.0,Other
gemma,gen_2,221,useStlAlgorithm,style,398.0,Other
gemma,gen_2,221,useStlAlgorithm,style,398.0,Other
gemma,gen_2,96,useStlAlgorithm,style,398.0,Other
gemma,gen_2,96,useStlAlgorithm,style,398.0,Other
gemma,gen_2,96,unusedVariable,style,563.0,Other
gemma,gen_2,96,unreadVariable,style,563.0,Other
gemma,gen_2,123,constVariableReference,style,398.0,Other
gemma,gen_2,123,constVariableReference,style,398.0,Other
gemma,gen_2,123,unreadVariable,style,563.0,Other
gemma,gen_2,92,useStlAlgorithm,style,398.0,Other
gemma,gen_2,92,useStlAlgorithm,style,398.0,Other
gemma,gen_2,165,useStlAlgorithm,style,398.0,Other
gemma,gen_2,133,knownConditionTrueFalse,style,571.0,Logic / Undefined Behavior
gemma,gen_2,133,knownConditionTrueFalse,style,571.0,Logic / Undefined Behavior
gemma,gen_2,133,duplicateBranch,style,398.0,Other
gemma,gen_2,133,duplicateBranch,style,398.0,Other
gemma,gen_2,133,unreadVariable,style,563.0,Other
gemma,gen_2,133,unreadVariable,style,563.0,Other
gemma,gen_2,133,unreadVariable,style,563.0,Other
gemma,gen_2,151,useStlAlgorithm,style,398.0,Other
gemma,gen_2,150,useStlAlgorithm,style,398.0,Other
gemma,gen_2,12,useStlAlgorithm,style,398.0,Other
gemma,gen_2,12,useStlAlgorithm,style,398.0,Other
gemma,gen_2,227,constVariableReference,style,398.0,Other
gemma,gen_2,227,constVariableReference,style,398.0,Other
gemma,gen_2,227,useStlAlgorithm,style,398.0,Other
gemma,gen_2,6,useStlAlgorithm,style,398.0,Other
gemma,gen_2,190,useStlAlgorithm,style,398.0,Other
gemma,gen_2,185,knownConditionTrueFalse,style,571.0,Logic / Undefined Behavior
gemma,gen_2,117,useStlAlgorithm,style,398.0,Other
gemma,gen_2,115,knownConditionTrueFalse,style,570.0,Other
gemma,gen_2,221,constVariableReference,style,398.0,Other
gemma,gen_2,221,constVariableReference,style,398.0,Other
gemma,gen_2,221,constVariableReference,style,398.0,Other
gemma,gen_2,221,unreadVariable,style,563.0,Other
gemma,gen_2,221,unreadVariable,style,563.0,Other
gemma,gen_2,221,unreadVariable,style,563.0,Other
gemma,gen_2,221,unusedVariable,style,563.0,Other
gemma,gen_2,221,unusedVariable,style,563.0,Other
gemma,gen_2,221,unusedVariable,style,563.0,Other
gemma,gen_2,237,useStlAlgorithm,style,398.0,Other
gemma,gen_2,237,useStlAlgorithm,style,398.0,Other
gemma,gen_2,237,negativeContainerIndex,warning,786.0,Other
gemma,gen_2,138,variableScope,style,398.0,Other
gemma,gen_2,138,useStlAlgorithm,style,398.0,Other
gemma,gen_2,138,unreadVariable,style,563.0,Other
gemma,gen_2,138,unreadVariable,style,563.0,Other
gemma,gen_2,10,useStlAlgorithm,style,398.0,Other
gemma,gen_2,93,identicalInnerCondition,warning,398.0,Other
gemma,gen_2,93,useStlAlgorithm,style,398.0,Other
gemma,gen_2,128,unusedVariable,style,563.0,Other
gemma,gen_2,7,duplicateExpressionTernary,style,398.0,Other
gemma,gen_2,7,useStlAlgorithm,style,398.0,Other
gemma,gen_2,7,useStlAlgorithm,style,398.0,Other
gemma,gen_2,212,useStlAlgorithm,style,398.0,Other
gemma,gen_2,35,useStlAlgorithm,style,398.0,Other
gemma,gen_2,64,useStlAlgorithm,style,398.0,Other
gemma,gen_2,206,redundantInitialization,style,563.0,Other
gemma,gen_2,200,unreadVariable,style,563.0,Other
gemma,gen_2,200,unreadVariable,style,563.0,Other
gemma,gen_2,161,useStlAlgorithm,style,398.0,Other
gemma,gen_2,17,useStlAlgorithm,style,398.0,Other
gemma,gen_2,224,useStlAlgorithm,style,398.0,Other
gemma,gen_2,204,unreadVariable,style,563.0,Other
gemma,gen_2,204,unreadVariable,style,563.0,Other
gemma,gen_2,223,duplicateCondition,style,398.0,Other
gemma,gen_2,223,variableScope,style,398.0,Other
gemma,gen_2,131,useStlAlgorithm,style,398.0,Other
gemma,gen_2,33,knownConditionTrueFalse,style,398.0,Other
gemma,gen_2,163,shadowVariable,style,398.0,Other
gemma,gen_2,163,shadowVariable,style,398.0,Other
gemma,gen_2,163,useStlAlgorithm,style,398.0,Other
gemma,gen_2,163,useStlAlgorithm,style,398.0,Other
gemma,gen_2,127,constVariableReference,style,398.0,Other
gemma,gen_2,127,constVariableReference,style,398.0,Other
gemma,gen_2,127,useStlAlgorithm,style,398.0,Other
gemma,gen_2,6,useStlAlgorithm,style,398.0,Other
gemma,gen_2,6,useStlAlgorithm,style,398.0,Other
gemma,gen_2,6,useStlAlgorithm,style,398.0,Other
gemma,gen_2,6,useStlAlgorithm,style,398.0,Other
gemma,gen_2,6,unusedVariable,style,563.0,Other
gemma,gen_2,6,unusedVariable,style,563.0,Other
gemma,gen_2,105,useStlAlgorithm,style,398.0,Other
gemma,gen_2,147,unreadVariable,style,563.0,Other
gemma,gen_2,140,useStlAlgorithm,style,398.0,Other
gemma,gen_2,32,useStlAlgorithm,style,398.0,Other
gemma,gen_2,32,unusedVariable,style,563.0,Other
gemma,gen_2,59,constVariable,style,398.0,Other
gemma,gen_2,59,constVariable,style,398.0,Other
gemma,gen_2,236,useStlAlgorithm,style,398.0,Other
gemma,gen_2,177,useStlAlgorithm,style,398.0,Other
gemma,gen_2,177,useStlAlgorithm,style,398.0,Other
gemma,gen_2,173,useStlAlgorithm,style,398.0,Other
gemma,gen_2,173,unusedVariable,style,563.0,Other
gemma,gen_2,173,unusedVariable,style,563.0,Other
gemma,gen_2,214,useStlAlgorithm,style,398.0,Other
gemma,gen_2,11,passedByValue,performance,398.0,Other
gemma,gen_2,169,constVariableReference,style,398.0,Other
gemma,gen_2,169,constVariableReference,style,398.0,Other
gemma,gen_2,169,constVariableReference,style,398.0,Other
gemma,gen_2,87,useStlAlgorithm,style,398.0,Other
gemma,gen_2,87,useStlAlgorithm,style,398.0,Other
gemma,gen_2,87,useStlAlgorithm,style,398.0,Other
gemma,gen_2,87,useStlAlgorithm,style,398.0,Other
gemma,gen_2,127,useStlAlgorithm,style,398.0,Other
gemma,gen_2,130,duplicateBranch,style,398.0,Other
gemma,gen_2,175,shadowVariable,style,398.0,Other
gemma,gen_2,175,shadowVariable,style,398.0,Other
gemma,gen_2,211,useStlAlgorithm,style,398.0,Other
gemma,gen_2,101,duplicateBranch,style,398.0,Other
gemma,gen_2,101,duplicateBranch,style,398.0,Other
gemma,gen_2,101,useStlAlgorithm,style,398.0,Other
gemma,gen_2,52,knownConditionTrueFalse,style,398.0,Other
gemma,gen_2,52,knownConditionTrueFalse,style,398.0,Other
gemma,gen_2,52,knownConditionTrueFalse,style,398.0,Other
gemma,gen_2,255,useStlAlgorithm,style,398.0,Other
gemma,gen_2,255,useStlAlgorithm,style,398.0,Other
gemma,gen_2,87,stlFindInsert,performance,398.0,Other
gemma,gen_2,87,stlFindInsert,performance,398.0,Other
gemma,gen_2,119,useStlAlgorithm,style,398.0,Other
gemma,gen_2,119,useStlAlgorithm,style,398.0,Other
gemma,gen_2,60,useStlAlgorithm,style,398.0,Other
gemma,gen_2,86,knownConditionTrueFalse,style,570.0,Other
gemma,gen_2,187,variableScope,style,398.0,Other
gemma,gen_2,187,unreadVariable,style,563.0,Other
gemma,gen_2,187,unreadVariable,style,563.0,Other
gemma,gen_2,187,unreadVariable,style,563.0,Other
gemma,gen_2,202,duplicateCondition,style,398.0,Other
gemma,gen_2,202,duplicateCondition,style,398.0,Other
gemma,gen_2,202,duplicateCondition,style,398.0,Other
gemma,gen_2,202,duplicateCondition,style,398.0,Other
gemma,gen_2,202,duplicateCondition,style,398.0,Other
gemma,gen_2,139,unreadVariable,style,563.0,Other
gemma,gen_2,139,unreadVariable,style,563.0,Other
gemma,gen_2,139,unreadVariable,style,563.0,Other
gemma,gen_2,139,unreadVariable,style,563.0,Other
gemma,gen_2,128,duplicateBranch,style,398.0,Other
gemma,gen_2,144,useStlAlgorithm,style,398.0,Other
gemma,gen_2,13,unreadVariable,style,563.0,Other
gemma,gen_2,218,redundantAssignment,style,563.0,Other
gemma,gen_2,215,useStlAlgorithm,style,398.0,Other
gemma,gen_2,113,variableScope,style,398.0,Other
gemma,gen_2,113,constVariableReference,style,398.0,Other
gemma,gen_2,113,useStlAlgorithm,style,398.0,Other
gemma,gen_2,139,unreadVariable,style,563.0,Other
gemma,gen_2,139,unreadVariable,style,563.0,Other
gemma,gen_2,139,unreadVariable,style,563.0,Other
gemma,gen_2,139,unreadVariable,style,563.0,Other
gemma,gen_2,139,unreadVariable,style,563.0,Other
gemma,gen_2,109,useStlAlgorithm,style,398.0,Other
gemma,gen_2,223,useStlAlgorithm,style,398.0,Other
gemma,gen_2,169,unreadVariable,style,563.0,Other
gemma,gen_2,169,unreadVariable,style,563.0,Other
gemma,gen_2,169,unreadVariable,style,563.0,Other
gemma,gen_2,169,unreadVariable,style,563.0,Other
gemma,gen_2,116,unreadVariable,style,563.0,Other
gemma,gen_2,110,useStlAlgorithm,style,398.0,Other
llama,gen_3,146,unusedStructMember,style,563.0,Other
llama,gen_3,146,unusedStructMember,style,563.0,Other
llama,gen_3,9,variableScope,style,398.0,Other
llama,gen_3,260,noExplicitConstructor,style,398.0,Other
llama,gen_3,244,useStlAlgorithm,style,398.0,Other
llama,gen_3,97,useStlAlgorithm,style,398.0,Other
llama,gen_3,124,negativeContainerIndex,warning,786.0,Other
llama,gen_3,86,useStlAlgorithm,style,398.0,Other
llama,gen_3,12,constParameterReference,style,398.0,Other
llama,gen_3,12,useStlAlgorithm,style,398.0,Other
llama,gen_3,267,useStlAlgorithm,style,398.0,Other
llama,gen_3,242,shadowVariable,style,398.0,Other
llama,gen_3,242,passedByValue,performance,398.0,Other
llama,gen_3,242,passedByValue,performance,398.0,Other
llama,gen_3,242,iterateByValue,performance,398.0,Other
llama,gen_3,242,passedByValue,performance,398.0,Other
llama,gen_3,242,constParameterReference,style,398.0,Other
llama,gen_3,242,constVariableReference,style,398.0,Other
llama,gen_3,242,constParameterReference,style,398.0,Other
llama,gen_3,242,constVariableReference,style,398.0,Other
llama,gen_3,242,constParameterReference,style,398.0,Other
llama,gen_3,242,constVariableReference,style,398.0,Other
llama,gen_3,242,constParameterReference,style,398.0,Other
llama,gen_3,242,unreadVariable,style,563.0,Other
llama,gen_3,242,unreadVariable,style,563.0,Other
llama,gen_3,137,constVariableReference,style,398.0,Other
llama,gen_3,137,useStlAlgorithm,style,398.0,Other
llama,gen_3,129,constVariableReference,style,398.0,Other
llama,gen_3,141,useStlAlgorithm,style,398.0,Other
llama,gen_3,63,useStlAlgorithm,style,398.0,Other
llama,gen_3,63,useStlAlgorithm,style,398.0,Other
llama,gen_3,147,arrayIndexOutOfBounds,error,788.0,Other
llama,gen_3,147,useStlAlgorithm,style,398.0,Other
llama,gen_3,237,constParameterReference,style,398.0,Other
llama,gen_3,237,constParameterReference,style,398.0,Other
llama,gen_3,237,constParameterReference,style,398.0,Other
llama,gen_3,237,useStlAlgorithm,style,398.0,Other
llama,gen_3,242,useStlAlgorithm,style,398.0,Other
llama,gen_3,242,unreadVariable,style,563.0,Other
llama,gen_3,242,unreadVariable,style,563.0,Other
llama,gen_3,141,useStlAlgorithm,style,398.0,Other
llama,gen_3,102,useStlAlgorithm,style,398.0,Other
llama,gen_3,84,useStlAlgorithm,style,398.0,Other
llama,gen_3,64,shiftTooManyBitsSigned,portability,758.0,Logic / Undefined Behavior
llama,gen_3,126,useStlAlgorithm,style,398.0,Other
llama,gen_3,126,useStlAlgorithm,style,398.0,Other
llama,gen_3,26,constVariableReference,style,398.0,Other
llama,gen_3,107,useStlAlgorithm,style,398.0,Other
llama,gen_3,107,useStlAlgorithm,style,398.0,Other
llama,gen_3,107,useStlAlgorithm,style,398.0,Other
llama,gen_3,107,unreadVariable,style,563.0,Other
llama,gen_3,107,unreadVariable,style,563.0,Other
llama,gen_3,17,constVariableReference,style,398.0,Other
llama,gen_3,17,constVariableReference,style,398.0,Other
llama,gen_3,107,constVariable,style,398.0,Other
llama,gen_3,120,knownConditionTrueFalse,style,571.0,Logic / Undefined Behavior
llama,gen_3,145,unsignedPositive,style,570.0,Other
llama,gen_3,145,unsignedPositive,style,570.0,Other
llama,gen_3,17,useStlAlgorithm,style,398.0,Other
llama,gen_3,17,useStlAlgorithm,style,398.0,Other
llama,gen_3,118,invalidTestForOverflow,warning,391.0,Other
llama,gen_3,118,invalidTestForOverflow,warning,391.0,Other
llama,gen_3,118,invalidTestForOverflow,warning,391.0,Other
llama,gen_3,118,invalidTestForOverflow,warning,391.0,Other
llama,gen_3,118,invalidTestForOverflow,warning,391.0,Other
llama,gen_3,264,useStlAlgorithm,style,398.0,Other
llama,gen_3,115,noExplicitConstructor,style,398.0,Other
llama,gen_3,115,noExplicitConstructor,style,398.0,Other
llama,gen_3,115,useStlAlgorithm,style,398.0,Other
llama,gen_3,115,useStlAlgorithm,style,398.0,Other
llama,gen_3,115,useStlAlgorithm,style,398.0,Other
llama,gen_3,115,useStlAlgorithm,style,398.0,Other
llama,gen_3,115,unreadVariable,style,563.0,Other
llama,gen_3,1,useStlAlgorithm,style,398.0,Other
llama,gen_3,1,useStlAlgorithm,style,398.0,Other
llama,gen_3,238,useStlAlgorithm,style,398.0,Other
llama,gen_3,141,invalidscanf,warning,119.0,Memory Safety
llama,gen_3,231,useStlAlgorithm,style,398.0,Other
llama,gen_3,189,constParameter,style,398.0,Other
llama,gen_3,276,useStlAlgorithm,style,398.0,Other
llama,gen_3,72,useStlAlgorithm,style,398.0,Other
llama,gen_3,72,useStlAlgorithm,style,398.0,Other
llama,gen_3,128,useStlAlgorithm,style,398.0,Other
llama,gen_3,128,useStlAlgorithm,style,398.0,Other
llama,gen_3,215,constVariableReference,style,398.0,Other
llama,gen_3,215,constVariableReference,style,398.0,Other
llama,gen_3,215,useStlAlgorithm,style,398.0,Other
llama,gen_3,215,unreadVariable,style,563.0,Other
llama,gen_3,162,useStlAlgorithm,style,398.0,Other
llama,gen_3,200,useStlAlgorithm,style,398.0,Other
llama,gen_3,213,variableScope,style,398.0,Other
llama,gen_3,271,constVariableReference,style,398.0,Other
llama,gen_3,179,useStlAlgorithm,style,398.0,Other
llama,gen_3,165,knownConditionTrueFalse,style,571.0,Logic / Undefined Behavior
llama,gen_3,221,useStlAlgorithm,style,398.0,Other
llama,gen_3,76,unreadVariable,style,563.0,Other
llama,gen_3,76,unreadVariable,style,563.0,Other
llama,gen_3,246,shadowVariable,style,398.0,Other
llama,gen_3,246,shadowVariable,style,398.0,Other
llama,gen_3,213,noExplicitConstructor,style,398.0,Other
llama,gen_3,213,constVariableReference,style,398.0,Other
llama,gen_3,76,constVariableReference,style,398.0,Other
llama,gen_3,76,constVariableReference,style,398.0,Other
llama,gen_3,76,useStlAlgorithm,style,398.0,Other
llama,gen_3,22,constParameterReference,style,398.0,Other
llama,gen_3,22,constParameterReference,style,398.0,Other
llama,gen_3,207,noExplicitConstructor,style,398.0,Other
llama,gen_3,207,unreadVariable,style,563.0,Other
llama,gen_3,75,shadowVariable,style,398.0,Other
llama,gen_3,143,useStlAlgorithm,style,398.0,Other
llama,gen_3,143,useStlAlgorithm,style,398.0,Other
llama,gen_3,209,useStlAlgorithm,style,398.0,Other
llama,gen_3,209,unusedVariable,style,563.0,Other
llama,gen_3,209,unusedVariable,style,563.0,Other
llama,gen_3,268,useStlAlgorithm,style,398.0,Other
llama,gen_3,257,shadowVariable,style,398.0,Other
llama,gen_3,271,useStlAlgorithm,style,398.0,Other
llama,gen_3,43,variableScope,style,398.0,Other
llama,gen_3,43,constVariableReference,style,398.0,Other
llama,gen_3,58,variableScope,style,398.0,Other
llama,gen_3,234,multiCondition,style,398.0,Other
llama,gen_3,153,variableScope,style,398.0,Other
llama,gen_3,24,passedByValue,performance,398.0,Other
llama,gen_3,6,redundantAssignment,style,563.0,Other
llama,gen_3,6,redundantAssignment,style,563.0,Other
llama,gen_3,6,unreadVariable,style,563.0,Other
llama,gen_3,6,unreadVariable,style,563.0,Other
llama,gen_3,174,variableScope,style,398.0,Other
llama,gen_3,174,unreadVariable,style,563.0,Other
llama,gen_3,174,unreadVariable,style,563.0,Other
llama,gen_3,220,variableScope,style,398.0,Other
llama,gen_3,220,variableScope,style,398.0,Other
llama,gen_3,220,unreadVariable,style,563.0,Other
llama,gen_3,220,unreadVariable,style,563.0,Other
llama,gen_3,34,moduloofone,style,,Other
llama,gen_3,121,constParameterReference,style,398.0,Other
llama,gen_3,99,useStlAlgorithm,style,398.0,Other
llama,gen_3,94,constVariableReference,style,398.0,Other
llama,gen_3,159,constVariableReference,style,398.0,Other
llama,gen_3,124,constVariableReference,style,398.0,Other
llama,gen_3,124,useStlAlgorithm,style,398.0,Other
llama,gen_3,124,useStlAlgorithm,style,398.0,Other
llama,gen_3,129,shadowVariable,style,398.0,Other
llama,gen_3,156,constVariableReference,style,398.0,Other
llama,gen_3,108,suspiciousFloatingPointCast,style,398.0,Other
llama,gen_3,26,knownConditionTrueFalse,style,571.0,Logic / Undefined Behavior
llama,gen_3,26,knownConditionTrueFalse,style,571.0,Logic / Undefined Behavior
llama,gen_3,26,knownConditionTrueFalse,style,571.0,Logic / Undefined Behavior
llama,gen_3,192,useStlAlgorithm,style,398.0,Other
llama,gen_3,232,useStlAlgorithm,style,398.0,Other
llama,gen_3,232,useStlAlgorithm,style,398.0,Other
llama,gen_3,232,unreadVariable,style,563.0,Other
llama,gen_3,232,unreadVariable,style,563.0,Other
llama,gen_3,156,duplicateAssignExpression,style,398.0,Other
llama,gen_3,156,truncLongCastAssignment,style,197.0,Other
llama,gen_3,156,truncLongCastAssignment,style,197.0,Other
llama,gen_3,156,truncLongCastAssignment,style,197.0,Other
llama,gen_3,160,unreadVariable,style,563.0,Other
llama,gen_3,160,unreadVariable,style,563.0,Other
llama,gen_3,160,unreadVariable,style,563.0,Other
llama,gen_3,160,unreadVariable,style,563.0,Other
llama,gen_3,44,passedByValue,performance,398.0,Other
llama,gen_3,191,unreadVariable,style,563.0,Other
llama,gen_3,191,unreadVariable,style,563.0,Other
llama,gen_3,220,variableScope,style,398.0,Other
llama,gen_3,220,constVariableReference,style,398.0,Other
llama,gen_3,66,unreadVariable,style,563.0,Other
llama,gen_3,66,unreadVariable,style,563.0,Other
llama,gen_3,123,useStlAlgorithm,style,398.0,Other
llama,gen_3,20,constVariableReference,style,398.0,Other
llama,gen_3,20,constVariableReference,style,398.0,Other
llama,gen_3,20,useStlAlgorithm,style,398.0,Other
llama,gen_3,113,unreadVariable,style,563.0,Other
llama,gen_3,113,unreadVariable,style,563.0,Other
llama,gen_3,204,negativeContainerIndex,warning,786.0,Other
llama,gen_3,204,unreadVariable,style,563.0,Other
llama,gen_3,204,unreadVariable,style,563.0,Other
llama,gen_3,252,useStlAlgorithm,style,398.0,Other
llama,gen_3,94,variableScope,style,398.0,Other
llama,gen_3,122,useStlAlgorithm,style,398.0,Other
llama,gen_3,234,useStlAlgorithm,style,398.0,Other
llama,gen_3,234,unreadVariable,style,563.0,Other
llama,gen_3,234,unreadVariable,style,563.0,Other
llama,gen_3,77,useStlAlgorithm,style,398.0,Other
llama,gen_3,71,variableScope,style,398.0,Other
llama,gen_3,71,useStlAlgorithm,style,398.0,Other
llama,gen_3,71,useStlAlgorithm,style,398.0,Other
llama,gen_3,71,useStlAlgorithm,style,398.0,Other
llama,gen_3,89,constVariableReference,style,398.0,Other
llama,gen_3,89,useStlAlgorithm,style,398.0,Other
llama,gen_3,89,useStlAlgorithm,style,398.0,Other
llama,gen_3,89,useStlAlgorithm,style,398.0,Other
llama,gen_3,89,useStlAlgorithm,style,398.0,Other
llama,gen_3,89,unreadVariable,style,563.0,Other
llama,gen_3,89,unreadVariable,style,563.0,Other
llama,gen_3,140,useStlAlgorithm,style,398.0,Other
llama,gen_3,140,useStlAlgorithm,style,398.0,Other
llama,gen_3,258,noExplicitConstructor,style,398.0,Other
llama,gen_3,114,useStlAlgorithm,style,398.0,Other
llama,gen_3,136,useStlAlgorithm,style,398.0,Other
llama,gen_3,136,useStlAlgorithm,style,398.0,Other
llama,gen_3,199,useStlAlgorithm,style,398.0,Other
llama,gen_3,199,useStlAlgorithm,style,398.0,Other
llama,gen_3,23,functionConst,style,398.0,Other
llama,gen_3,23,functionStatic,style,398.0,Other
llama,gen_3,23,shadowVariable,style,398.0,Other
llama,gen_3,23,shadowVariable,style,398.0,Other
llama,gen_3,23,constVariableReference,style,398.0,Other
llama,gen_3,23,useStlAlgorithm,style,398.0,Other
llama,gen_3,72,useStlAlgorithm,style,398.0,Other
llama,gen_3,258,shadowVariable,style,398.0,Other
llama,gen_3,54,shadowFunction,style,398.0,Other
llama,gen_3,54,uninitvar,warning,457.0,Null / Initialization
llama,gen_3,54,uninitvar,warning,457.0,Null / Initialization
llama,gen_3,121,duplicateCondition,style,398.0,Other
llama,gen_3,121,variableScope,style,398.0,Other
llama,gen_3,121,unreadVariable,style,563.0,Other
llama,gen_3,121,unreadVariable,style,563.0,Other
llama,gen_3,152,variableScope,style,398.0,Other
llama,gen_3,152,variableScope,style,398.0,Other
llama,gen_3,152,unreadVariable,style,563.0,Other
llama,gen_3,228,useStlAlgorithm,style,398.0,Other
llama,gen_3,29,arrayIndexOutOfBoundsCond,warning,788.0,Other
llama,gen_3,15,variableScope,style,398.0,Other
llama,gen_3,201,useStlAlgorithm,style,398.0,Other
llama,gen_3,201,useStlAlgorithm,style,398.0,Other
llama,gen_3,35,useStlAlgorithm,style,398.0,Other
llama,gen_3,3,useStlAlgorithm,style,398.0,Other
llama,gen_3,62,uninitvar,warning,457.0,Null / Initialization
llama,gen_3,62,uninitvar,warning,457.0,Null / Initialization
llama,gen_3,258,passedByValue,performance,398.0,Other
llama,gen_3,254,constParameterReference,style,398.0,Other
llama,gen_3,254,constParameterReference,style,398.0,Other
llama,gen_3,211,constParameter,style,398.0,Other
llama,gen_3,280,redundantIfRemove,style,398.0,Other
llama,gen_3,99,constParameter,style,398.0,Other
llama,gen_3,99,unusedVariable,style,563.0,Other
llama,gen_3,99,unusedVariable,style,563.0,Other
llama,gen_3,99,unusedVariable,style,563.0,Other
llama,gen_3,99,unusedVariable,style,563.0,Other
llama,gen_3,151,useStlAlgorithm,style,398.0,Other
llama,gen_3,67,eraseDereference,error,664.0,Other
llama,gen_3,67,eraseDereference,error,664.0,Other
llama,gen_3,42,unreadVariable,style,563.0,Other
llama,gen_3,42,unreadVariable,style,563.0,Other
llama,gen_3,239,functionConst,style,398.0,Other
llama,gen_3,239,functionConst,style,398.0,Other
llama,gen_3,239,noExplicitConstructor,style,398.0,Other
llama,gen_3,123,useStlAlgorithm,style,398.0,Other
llama,gen_3,123,useStlAlgorithm,style,398.0,Other
llama,gen_3,101,unusedStructMember,style,563.0,Other
llama,gen_3,174,passedByValue,performance,398.0,Other
llama,gen_3,174,unreadVariable,style,563.0,Other
llama,gen_3,227,useStlAlgorithm,style,398.0,Other
llama,gen_3,164,constVariableReference,style,398.0,Other
llama,gen_3,164,constVariableReference,style,398.0,Other
llama,gen_3,164,useStlAlgorithm,style,398.0,Other
llama,gen_3,200,stlFindInsert,performance,398.0,Other
llama,gen_3,200,useStlAlgorithm,style,398.0,Other
llama,gen_3,200,useStlAlgorithm,style,398.0,Other
llama,gen_3,200,useStlAlgorithm,style,398.0,Other
llama,gen_3,200,useStlAlgorithm,style,398.0,Other
llama,gen_3,4,useStlAlgorithm,style,398.0,Other
llama,gen_3,218,useStlAlgorithm,style,398.0,Other
llama,gen_3,218,useStlAlgorithm,style,398.0,Other
llama,gen_3,1,stlFindInsert,performance,398.0,Other
llama,gen_3,1,useStlAlgorithm,style,398.0,Other
llama,gen_3,224,useStlAlgorithm,style,398.0,Other
llama,gen_3,159,useStlAlgorithm,style,398.0,Other
llama,gen_3,101,useStlAlgorithm,style,398.0,Other
llama,gen_3,135,useStlAlgorithm,style,398.0,Other
llama,gen_3,135,useStlAlgorithm,style,398.0,Other
llama,gen_3,130,stlFindInsert,performance,398.0,Other
llama,gen_3,130,stlFindInsert,performance,398.0,Other
llama,gen_3,19,arrayIndexOutOfBounds,error,788.0,Other
llama,gen_3,19,arrayIndexOutOfBounds,error,788.0,Other
llama,gen_3,19,arrayIndexOutOfBounds,error,788.0,Other
llama,gen_3,19,arrayIndexOutOfBounds,error,788.0,Other
llama,gen_3,19,constParameter,style,398.0,Other
llama,gen_3,232,noExplicitConstructor,style,398.0,Other
llama,gen_3,0,constVariableReference,style,398.0,Other
llama,gen_3,17,constParameterReference,style,398.0,Other
llama,gen_3,170,variableScope,style,398.0,Other
llama,gen_3,151,unreadVariable,style,563.0,Other
llama,gen_3,112,negativeContainerIndex,warning,786.0,Other
llama,gen_3,112,unreadVariable,style,563.0,Other
llama,gen_3,207,stlFindInsert,performance,398.0,Other
llama,gen_3,207,useStlAlgorithm,style,398.0,Other
llama,gen_3,19,useStlAlgorithm,style,398.0,Other
llama,gen_3,76,shadowVariable,style,398.0,Other
llama,gen_3,220,useStlAlgorithm,style,398.0,Other
llama,gen_3,186,constParameterReference,style,398.0,Other
llama,gen_3,9,containerOutOfBounds,error,398.0,Other
llama,gen_3,9,containerOutOfBounds,error,398.0,Other
llama,gen_3,9,containerOutOfBounds,error,398.0,Other
llama,gen_3,75,unreadVariable,style,563.0,Other
llama,gen_3,75,unreadVariable,style,563.0,Other
llama,gen_3,75,unreadVariable,style,563.0,Other
llama,gen_3,32,constVariable,style,398.0,Other
llama,gen_3,142,constVariableReference,style,398.0,Other
llama,gen_3,142,useStlAlgorithm,style,398.0,Other
llama,gen_3,160,constParameterReference,style,398.0,Other
llama,gen_3,118,variableScope,style,398.0,Other
llama,gen_3,118,constVariableReference,style,398.0,Other
llama,gen_3,117,shadowVariable,style,398.0,Other
llama,gen_3,140,shadowFunction,style,398.0,Other
llama,gen_3,140,constParameterReference,style,398.0,Other
llama,gen_3,255,useStlAlgorithm,style,398.0,Other
llama,gen_3,226,duplicateExpression,style,398.0,Other
llama,gen_3,226,useStlAlgorithm,style,398.0,Other
llama,gen_3,111,constParameter,style,398.0,Other
llama,gen_3,111,sizeofwithsilentarraypointer,warning,467.0,Other
llama,gen_3,111,sizeofwithsilentarraypointer,warning,467.0,Other
llama,gen_3,111,sizeofwithsilentarraypointer,warning,467.0,Other
llama,gen_3,111,sizeofwithsilentarraypointer,warning,467.0,Other
llama,gen_3,111,sizeofwithsilentarraypointer,warning,467.0,Other
llama,gen_3,111,sizeofwithsilentarraypointer,warning,467.0,Other
llama,gen_3,111,sizeofwithsilentarraypointer,warning,467.0,Other
llama,gen_3,111,sizeofwithsilentarraypointer,warning,467.0,Other
llama,gen_3,111,sizeofwithsilentarraypointer,warning,467.0,Other
llama,gen_3,111,sizeofwithsilentarraypointer,warning,467.0,Other
llama,gen_3,111,sizeofwithsilentarraypointer,warning,467.0,Other
llama,gen_3,111,sizeofwithsilentarraypointer,warning,467.0,Other
llama,gen_3,111,sizeofwithsilentarraypointer,warning,467.0,Other
llama,gen_3,111,sizeofwithsilentarraypointer,warning,467.0,Other
llama,gen_3,111,sizeofwithsilentarraypointer,warning,467.0,Other
llama,gen_3,111,sizeofwithsilentarraypointer,warning,467.0,Other
llama,gen_3,111,sizeofwithsilentarraypointer,warning,467.0,Other
llama,gen_3,111,sizeofwithsilentarraypointer,warning,467.0,Other
llama,gen_3,111,sizeofwithsilentarraypointer,warning,467.0,Other
llama,gen_3,111,sizeofwithsilentarraypointer,warning,467.0,Other
llama,gen_3,111,sizeofwithsilentarraypointer,warning,467.0,Other
llama,gen_3,111,sizeofwithsilentarraypointer,warning,467.0,Other
llama,gen_3,111,sizeofwithsilentarraypointer,warning,467.0,Other
llama,gen_3,111,sizeofwithsilentarraypointer,warning,467.0,Other
llama,gen_3,111,sizeofwithsilentarraypointer,warning,467.0,Other
llama,gen_3,111,sizeofwithsilentarraypointer,warning,467.0,Other
llama,gen_3,111,sizeofwithsilentarraypointer,warning,467.0,Other
llama,gen_3,111,sizeofwithsilentarraypointer,warning,467.0,Other
llama,gen_3,111,sizeofwithsilentarraypointer,warning,467.0,Other
llama,gen_3,245,constVariableReference,style,398.0,Other
llama,gen_3,245,constVariableReference,style,398.0,Other
llama,gen_3,245,useStlAlgorithm,style,398.0,Other
llama,gen_3,245,useStlAlgorithm,style,398.0,Other
llama,gen_3,281,variableScope,style,398.0,Other
llama,gen_3,261,constVariableReference,style,398.0,Other
llama,gen_3,144,shadowVariable,style,398.0,Other
llama,gen_3,158,useStlAlgorithm,style,398.0,Other
llama,gen_3,157,useStlAlgorithm,style,398.0,Other
llama,gen_3,157,unreadVariable,style,563.0,Other
llama,gen_3,1,useStlAlgorithm,style,398.0,Other
llama,gen_3,223,constVariableReference,style,398.0,Other
llama,gen_3,175,passedByValue,performance,398.0,Other
llama,gen_3,203,unreadVariable,style,563.0,Other
llama,gen_3,189,useStlAlgorithm,style,398.0,Other
llama,gen_3,116,unreadVariable,style,563.0,Other
llama,gen_3,116,unreadVariable,style,563.0,Other
llama,gen_3,144,variableScope,style,398.0,Other
llama,gen_3,144,constParameterReference,style,398.0,Other
llama,gen_3,144,constParameterReference,style,398.0,Other
llama,gen_3,144,constVariableReference,style,398.0,Other
llama,gen_3,144,useStlAlgorithm,style,398.0,Other
llama,gen_3,144,useStlAlgorithm,style,398.0,Other
llama,gen_3,212,internalError,error,,Other
llama,gen_3,3,passedByValueCallback,performance,398.0,Other
llama,gen_3,3,passedByValueCallback,performance,398.0,Other
llama,gen_3,92,useStlAlgorithm,style,398.0,Other
llama,gen_3,127,unusedLabel,style,398.0,Other
llama,gen_3,223,constVariable,style,398.0,Other
llama,gen_3,161,variableScope,style,398.0,Other
llama,gen_3,284,arrayIndexOutOfBounds,error,788.0,Other
llama,gen_3,284,arrayIndexOutOfBounds,error,788.0,Other
llama,gen_3,284,arrayIndexOutOfBounds,error,788.0,Other
llama,gen_3,284,shadowVariable,style,398.0,Other
llama,gen_3,284,shadowVariable,style,398.0,Other
llama,gen_3,284,shadowVariable,style,398.0,Other
llama,gen_3,284,unusedStructMember,style,563.0,Other
llama,gen_3,284,unusedStructMember,style,563.0,Other
llama,gen_3,284,unusedStructMember,style,563.0,Other
llama,gen_3,58,useStlAlgorithm,style,398.0,Other
llama,gen_3,113,shadowVariable,style,398.0,Other
llama,gen_3,113,unreadVariable,style,563.0,Other
llama,gen_3,113,unreadVariable,style,563.0,Other
llama,gen_3,90,knownConditionTrueFalse,style,570.0,Other
llama,gen_3,36,constVariableReference,style,398.0,Other
llama,gen_3,251,unusedLabel,style,398.0,Other
llama,gen_3,251,constVariableReference,style,398.0,Other
llama,gen_3,251,constVariableReference,style,398.0,Other
llama,gen_3,251,unusedVariable,style,563.0,Other
llama,gen_3,251,unusedVariable,style,563.0,Other
llama,gen_3,251,unusedVariable,style,563.0,Other
llama,gen_3,251,unusedVariable,style,563.0,Other
llama,gen_3,217,constVariableReference,style,398.0,Other
llama,gen_3,243,constParameterReference,style,398.0,Other
llama,gen_3,243,constParameterReference,style,398.0,Other
llama,gen_3,274,useStlAlgorithm,style,398.0,Other
llama,gen_3,245,constVariableReference,style,398.0,Other
llama,gen_3,182,useStlAlgorithm,style,398.0,Other
llama,gen_3,229,useStlAlgorithm,style,398.0,Other
llama,gen_3,98,useStlAlgorithm,style,398.0,Other
llama,gen_3,2,unreadVariable,style,563.0,Other
llama,gen_3,212,useStlAlgorithm,style,398.0,Other
llama,gen_3,3,syntaxError,error,,Other
llama,gen_3,20,useStlAlgorithm,style,398.0,Other
llama,gen_3,31,unusedVariable,style,563.0,Other
llama,gen_3,121,useStlAlgorithm,style,398.0,Other
llama,gen_3,83,unreadVariable,style,563.0,Other
llama,gen_3,83,unreadVariable,style,563.0,Other
llama,gen_3,83,unreadVariable,style,563.0,Other
llama,gen_3,83,unreadVariable,style,563.0,Other
llama,gen_3,169,noExplicitConstructor,style,398.0,Other
llama,gen_3,256,useStlAlgorithm,style,398.0,Other
llama,gen_3,256,useStlAlgorithm,style,398.0,Other
llama,gen_3,206,unreadVariable,style,563.0,Other
llama,gen_3,206,unreadVariable,style,563.0,Other
llama,gen_3,0,arrayIndexThenCheck,style,398.0,Other
llama,gen_3,240,useStlAlgorithm,style,398.0,Other
llama,gen_3,124,useStlAlgorithm,style,398.0,Other
llama,gen_3,124,useStlAlgorithm,style,398.0,Other
llama,gen_3,124,useStlAlgorithm,style,398.0,Other
llama,gen_3,14,unreadVariable,style,563.0,Other
llama,gen_3,14,unreadVariable,style,563.0,Other
llama,gen_3,95,incompleteArrayFill,portability,131.0,Other
llama,gen_3,95,incompleteArrayFill,portability,131.0,Other
llama,gen_3,84,useStlAlgorithm,style,398.0,Other
llama,gen_3,84,useStlAlgorithm,style,398.0,Other
llama,gen_3,84,useStlAlgorithm,style,398.0,Other
llama,gen_3,228,useStlAlgorithm,style,398.0,Other
llama,gen_3,173,unhandledChar,error,,Other
llama,gen_3,118,useStlAlgorithm,style,398.0,Other
llama,gen_3,118,useStlAlgorithm,style,398.0,Other
llama,gen_3,30,unhandledChar,error,,Other
llama,gen_3,128,useStlAlgorithm,style,398.0,Other
llama,gen_3,14,useStlAlgorithm,style,398.0,Other
llama,gen_3,14,useStlAlgorithm,style,398.0,Other
llama,gen_3,16,shadowFunction,style,398.0,Other
llama,gen_3,155,functionConst,style,398.0,Other
llama,gen_3,155,noExplicitConstructor,style,398.0,Other
llama,gen_3,255,useStlAlgorithm,style,398.0,Other
llama,gen_3,255,useStlAlgorithm,style,398.0,Other
llama,gen_3,255,useStlAlgorithm,style,398.0,Other
llama,gen_3,255,useStlAlgorithm,style,398.0,Other
llama,gen_3,210,useStlAlgorithm,style,398.0,Other
llama,gen_3,210,useStlAlgorithm,style,398.0,Other
llama,gen_3,210,unreadVariable,style,563.0,Other
llama,gen_3,88,useStlAlgorithm,style,398.0,Other
llama,gen_3,88,useStlAlgorithm,style,398.0,Other
llama,gen_3,88,useStlAlgorithm,style,398.0,Other
llama,gen_3,88,useStlAlgorithm,style,398.0,Other
llama,gen_3,216,unusedStructMember,style,563.0,Other
llama,gen_3,98,constVariableReference,style,398.0,Other
llama,gen_3,56,unreadVariable,style,563.0,Other
llama,gen_3,203,useStlAlgorithm,style,398.0,Other
llama,gen_3,28,zerodiv,error,369.0,Logic / Undefined Behavior
llama,gen_3,50,useStlAlgorithm,style,398.0,Other
llama,gen_3,50,unreadVariable,style,563.0,Other
llama,gen_3,50,unreadVariable,style,563.0,Other
llama,gen_3,11,useStlAlgorithm,style,398.0,Other
llama,gen_3,11,useStlAlgorithm,style,398.0,Other
llama,gen_3,120,useStlAlgorithm,style,398.0,Other
llama,gen_3,37,useStlAlgorithm,style,398.0,Other
llama,gen_3,243,variableScope,style,398.0,Other
llama,gen_3,243,useStlAlgorithm,style,398.0,Other
llama,gen_3,243,useStlAlgorithm,style,398.0,Other
llama,gen_3,243,unreadVariable,style,563.0,Other
llama,gen_3,243,unreadVariable,style,563.0,Other
llama,gen_3,243,unreadVariable,style,563.0,Other
llama,gen_3,243,unreadVariable,style,563.0,Other
llama,gen_3,60,knownConditionTrueFalse,style,571.0,Logic / Undefined Behavior
llama,gen_3,45,constVariable,style,398.0,Other
llama,gen_3,45,constVariable,style,398.0,Other
llama,gen_3,45,uninitvar,warning,457.0,Null / Initialization
llama,gen_3,45,uninitvar,warning,457.0,Null / Initialization
llama,gen_3,37,useStlAlgorithm,style,398.0,Other
llama,gen_3,37,useStlAlgorithm,style,398.0,Other
llama,gen_3,195,unreadVariable,style,563.0,Other
llama,gen_3,195,unreadVariable,style,563.0,Other
llama,gen_3,259,syntaxError,error,,Other
llama,gen_3,111,useStlAlgorithm,style,398.0,Other
llama,gen_3,154,variableScope,style,398.0,Other
llama,gen_3,154,unreadVariable,style,563.0,Other
llama,gen_3,154,unreadVariable,style,563.0,Other
llama,gen_3,30,uninitvar,warning,457.0,Null / Initialization
llama,gen_3,30,uninitvar,warning,457.0,Null / Initialization
llama,gen_3,30,uninitvar,warning,457.0,Null / Initialization
llama,gen_3,30,uninitvar,warning,457.0,Null / Initialization
llama,gen_3,176,unreadVariable,style,563.0,Other
llama,gen_3,176,unreadVariable,style,563.0,Other
llama,gen_3,176,unreadVariable,style,563.0,Other
llama,gen_3,22,shadowVariable,style,398.0,Other
llama,gen_3,22,useStlAlgorithm,style,398.0,Other
llama,gen_3,112,knownConditionTrueFalse,style,571.0,Logic / Undefined Behavior
llama,gen_3,112,knownConditionTrueFalse,style,571.0,Logic / Undefined Behavior
llama,gen_3,98,useStlAlgorithm,style,398.0,Other
llama,gen_3,33,useStlAlgorithm,style,398.0,Other
llama,gen_3,155,variableScope,style,398.0,Other
llama,gen_3,271,useStlAlgorithm,style,398.0,Other
llama,gen_3,139,negativeContainerIndex,warning,786.0,Other
llama,gen_3,48,useStlAlgorithm,style,398.0,Other
llama,gen_3,48,useStlAlgorithm,style,398.0,Other
llama,gen_3,133,useStlAlgorithm,style,398.0,Other
llama,gen_3,51,useStlAlgorithm,style,398.0,Other
llama,gen_3,51,useStlAlgorithm,style,398.0,Other
llama,gen_3,171,useStlAlgorithm,style,398.0,Other
llama,gen_3,170,useStlAlgorithm,style,398.0,Other
llama,gen_3,168,negativeContainerIndex,warning,786.0,Other
llama,gen_3,256,unreadVariable,style,563.0,Other
llama,gen_3,256,unreadVariable,style,563.0,Other
llama,gen_3,192,duplicateBranch,style,398.0,Other
llama,gen_3,136,useStlAlgorithm,style,398.0,Other
llama,gen_3,13,unreadVariable,style,563.0,Other
llama,gen_3,13,unreadVariable,style,563.0,Other
llama,gen_3,289,useStlAlgorithm,style,398.0,Other
llama,gen_3,197,useStlAlgorithm,style,398.0,Other
llama,gen_3,251,useStlAlgorithm,style,398.0,Other
llama,gen_3,251,unreadVariable,style,563.0,Other
llama,gen_3,251,unreadVariable,style,563.0,Other
llama,gen_3,251,unreadVariable,style,563.0,Other
llama,gen_3,251,unreadVariable,style,563.0,Other
llama,gen_3,74,useStlAlgorithm,style,398.0,Other
llama,gen_3,230,useStlAlgorithm,style,398.0,Other
llama,gen_3,230,useStlAlgorithm,style,398.0,Other
llama,gen_3,178,useStlAlgorithm,style,398.0,Other
llama,gen_3,108,constVariable,style,398.0,Other
llama,gen_3,108,constVariable,style,398.0,Other
llama,gen_3,172,knownConditionTrueFalse,style,571.0,Logic / Undefined Behavior
llama,gen_3,189,constParameterReference,style,398.0,Other
llama,gen_3,40,constVariableReference,style,398.0,Other
llama,gen_3,40,constVariableReference,style,398.0,Other
llama,gen_3,40,useStlAlgorithm,style,398.0,Other
llama,gen_3,40,useStlAlgorithm,style,398.0,Other
llama,gen_3,40,useStlAlgorithm,style,398.0,Other
llama,gen_3,40,useStlAlgorithm,style,398.0,Other
llama,gen_3,40,useStlAlgorithm,style,398.0,Other
llama,gen_3,40,unreadVariable,style,563.0,Other
llama,gen_3,236,useStlAlgorithm,style,398.0,Other
llama,gen_3,154,internalError,error,,Other
llama,gen_3,99,useStlAlgorithm,style,398.0,Other
llama,gen_3,280,noExplicitConstructor,style,398.0,Other
llama,gen_3,201,knownConditionTrueFalse,style,571.0,Logic / Undefined Behavior
llama,gen_3,219,constVariableReference,style,398.0,Other
llama,gen_3,219,useStlAlgorithm,style,398.0,Other
llama,gen_3,72,unreadVariable,style,563.0,Other
llama,gen_3,72,unreadVariable,style,563.0,Other
llama,gen_3,183,constVariableReference,style,398.0,Other
llama,gen_3,49,useStlAlgorithm,style,398.0,Other
llama,gen_3,49,unusedVariable,style,563.0,Other
llama,gen_3,49,unusedVariable,style,563.0,Other
llama,gen_3,125,unreadVariable,style,563.0,Other
llama,gen_3,125,unreadVariable,style,563.0,Other
llama,gen_3,34,shiftTooManyBits,error,758.0,Logic / Undefined Behavior
llama,gen_3,92,useStlAlgorithm,style,398.0,Other
llama,gen_3,92,unreadVariable,style,563.0,Other
llama,gen_3,185,shadowVariable,style,398.0,Other
llama,gen_3,185,shadowVariable,style,398.0,Other
llama,gen_3,185,shadowVariable,style,398.0,Other
llama,gen_3,185,shadowVariable,style,398.0,Other
llama,gen_3,185,shadowVariable,style,398.0,Other
llama,gen_3,10,shadowVariable,style,398.0,Other
llama,gen_3,270,useStlAlgorithm,style,398.0,Other
llama,gen_3,155,iterateByValue,performance,398.0,Other
llama,gen_3,155,unreadVariable,style,563.0,Other
llama,gen_3,59,variableScope,style,398.0,Other
llama,gen_3,59,useStlAlgorithm,style,398.0,Other
llama,gen_3,59,useStlAlgorithm,style,398.0,Other
llama,gen_3,59,unusedStructMember,style,563.0,Other
llama,gen_3,59,unreadVariable,style,563.0,Other
llama,gen_3,59,unreadVariable,style,563.0,Other
llama,gen_3,187,useStlAlgorithm,style,398.0,Other
llama,gen_3,187,unreadVariable,style,563.0,Other
llama,gen_3,187,unreadVariable,style,563.0,Other
llama,gen_3,234,passedByValue,performance,398.0,Other
llama,gen_3,234,useStlAlgorithm,style,398.0,Other
llama,gen_3,268,useStlAlgorithm,style,398.0,Other
llama,gen_3,268,useStlAlgorithm,style,398.0,Other
llama,gen_3,85,useStlAlgorithm,style,398.0,Other
llama,gen_3,85,useStlAlgorithm,style,398.0,Other
llama,gen_1,146,variableScope,style,398.0,Other
llama,gen_1,146,variableScope,style,398.0,Other
llama,gen_1,146,shadowVariable,style,398.0,Other
llama,gen_1,146,passedByValueCallback,performance,398.0,Other
llama,gen_1,146,passedByValueCallback,performance,398.0,Other
llama,gen_1,146,unreadVariable,style,563.0,Other
llama,gen_1,146,unreadVariable,style,563.0,Other
llama,gen_1,146,unreadVariable,style,563.0,Other
llama,gen_1,146,unreadVariable,style,563.0,Other
llama,gen_1,90,useStlAlgorithm,style,398.0,Other
llama,gen_1,257,passedByValue,performance,398.0,Other
llama,gen_1,257,constParameterReference,style,398.0,Other
llama,gen_1,168,eraseDereference,error,664.0,Other
llama,gen_1,168,eraseDereference,error,664.0,Other
llama,gen_1,218,knownConditionTrueFalse,style,571.0,Logic / Undefined Behavior
llama,gen_1,218,truncLongCastAssignment,style,197.0,Other
llama,gen_1,104,useStlAlgorithm,style,398.0,Other
llama,gen_1,104,useStlAlgorithm,style,398.0,Other
llama,gen_1,174,useStlAlgorithm,style,398.0,Other
llama,gen_1,174,unreadVariable,style,563.0,Other
llama,gen_1,174,unreadVariable,style,563.0,Other
llama,gen_1,82,useStlAlgorithm,style,398.0,Other
llama,gen_1,119,passedByValue,performance,398.0,Other
llama,gen_1,165,unusedStructMember,style,563.0,Other
llama,gen_1,141,unreadVariable,style,563.0,Other
llama,gen_1,141,unreadVariable,style,563.0,Other
llama,gen_1,75,unreadVariable,style,563.0,Other
llama,gen_1,75,unreadVariable,style,563.0,Other
llama,gen_1,237,useStlAlgorithm,style,398.0,Other
llama,gen_1,237,useStlAlgorithm,style,398.0,Other
llama,gen_1,242,useStlAlgorithm,style,398.0,Other
llama,gen_1,223,constVariableReference,style,398.0,Other
llama,gen_1,141,useStlAlgorithm,style,398.0,Other
llama,gen_1,141,negativeContainerIndex,warning,786.0,Other
llama,gen_1,141,negativeContainerIndex,warning,786.0,Other
llama,gen_1,178,unreadVariable,style,563.0,Other
llama,gen_1,178,unreadVariable,style,563.0,Other
llama,gen_1,178,unreadVariable,style,563.0,Other
llama,gen_1,178,unreadVariable,style,563.0,Other
llama,gen_1,178,unreadVariable,style,563.0,Other
llama,gen_1,178,unreadVariable,style,563.0,Other
llama,gen_1,178,unreadVariable,style,563.0,Other
llama,gen_1,178,unreadVariable,style,563.0,Other
llama,gen_1,103,unreadVariable,style,563.0,Other
llama,gen_1,103,unreadVariable,style,563.0,Other
llama,gen_1,242,unreadVariable,style,563.0,Other
llama,gen_1,242,unreadVariable,style,563.0,Other
llama,gen_1,242,unreadVariable,style,563.0,Other
llama,gen_1,242,unreadVariable,style,563.0,Other
llama,gen_1,271,shadowVariable,style,398.0,Other
llama,gen_1,271,shadowVariable,style,398.0,Other
llama,gen_1,271,useStlAlgorithm,style,398.0,Other
llama,gen_1,271,useStlAlgorithm,style,398.0,Other
llama,gen_1,271,unreadVariable,style,563.0,Other
llama,gen_1,271,unreadVariable,style,563.0,Other
llama,gen_1,271,unreadVariable,style,563.0,Other
llama,gen_1,271,unreadVariable,style,563.0,Other
llama,gen_1,271,unreadVariable,style,563.0,Other
llama,gen_1,271,unreadVariable,style,563.0,Other
llama,gen_1,271,unreadVariable,style,563.0,Other
llama,gen_1,271,unreadVariable,style,563.0,Other
llama,gen_1,268,knownConditionTrueFalse,style,571.0,Logic / Undefined Behavior
llama,gen_1,268,unusedLabel,style,398.0,Other
llama,gen_1,64,useStlAlgorithm,style,398.0,Other
llama,gen_1,126,constVariableReference,style,398.0,Other
llama,gen_1,126,constVariableReference,style,398.0,Other
llama,gen_1,126,useStlAlgorithm,style,398.0,Other
llama,gen_1,17,constVariableReference,style,398.0,Other
llama,gen_1,274,useStlAlgorithm,style,398.0,Other
llama,gen_1,107,constVariable,style,398.0,Other
llama,gen_1,145,passedByValue,performance,398.0,Other
llama,gen_1,17,useStlAlgorithm,style,398.0,Other
llama,gen_1,17,useStlAlgorithm,style,398.0,Other
llama,gen_1,71,functionStatic,style,398.0,Other
llama,gen_1,71,functionConst,style,398.0,Other
llama,gen_1,71,noExplicitConstructor,style,398.0,Other
llama,gen_1,71,useStlAlgorithm,style,398.0,Other
llama,gen_1,281,shadowVariable,style,398.0,Other
llama,gen_1,257,invalidscanf,warning,119.0,Memory Safety
llama,gen_1,1,useStlAlgorithm,style,398.0,Other
llama,gen_1,1,useStlAlgorithm,style,398.0,Other
llama,gen_1,164,variableScope,style,398.0,Other
llama,gen_1,235,iterateByValue,performance,398.0,Other
llama,gen_1,231,constParameterReference,style,398.0,Other
llama,gen_1,231,unreadVariable,style,563.0,Other
llama,gen_1,180,constVariableReference,style,398.0,Other
llama,gen_1,184,duplicateBranch,style,398.0,Other
llama,gen_1,129,noExplicitConstructor,style,398.0,Other
llama,gen_1,129,useStlAlgorithm,style,398.0,Other
llama,gen_1,105,redundantContinue,style,561.0,Other
llama,gen_1,72,shadowVariable,style,398.0,Other
llama,gen_1,162,useStlAlgorithm,style,398.0,Other
llama,gen_1,41,knownConditionTrueFalse,style,571.0,Logic / Undefined Behavior
llama,gen_1,200,unreadVariable,style,563.0,Other
llama,gen_1,155,unreadVariable,style,563.0,Other
llama,gen_1,155,unreadVariable,style,563.0,Other
llama,gen_1,223,constParameterReference,style,398.0,Other
llama,gen_1,161,unusedStructMember,style,563.0,Other
llama,gen_1,161,unusedStructMember,style,563.0,Other
llama,gen_1,168,useStlAlgorithm,style,398.0,Other
llama,gen_1,230,useStlAlgorithm,style,398.0,Other
llama,gen_1,230,useStlAlgorithm,style,398.0,Other
llama,gen_1,165,constVariableReference,style,398.0,Other
llama,gen_1,248,invalidscanf,warning,119.0,Memory Safety
llama,gen_1,248,constVariable,style,398.0,Other
llama,gen_1,248,constVariable,style,398.0,Other
llama,gen_1,55,useStlAlgorithm,style,398.0,Other
llama,gen_1,55,useStlAlgorithm,style,398.0,Other
llama,gen_1,55,unreadVariable,style,563.0,Other
llama,gen_1,55,unreadVariable,style,563.0,Other
llama,gen_1,68,constVariableReference,style,398.0,Other
llama,gen_1,132,useStlAlgorithm,style,398.0,Other
llama,gen_1,123,arrayIndexThenCheck,style,398.0,Other
llama,gen_1,213,unreadVariable,style,563.0,Other
llama,gen_1,76,useStlAlgorithm,style,398.0,Other
llama,gen_1,76,unreadVariable,style,563.0,Other
llama,gen_1,22,useStlAlgorithm,style,398.0,Other
llama,gen_1,22,useStlAlgorithm,style,398.0,Other
llama,gen_1,184,negativeContainerIndex,warning,786.0,Other
llama,gen_1,62,passedByValue,performance,398.0,Other
llama,gen_1,62,unreadVariable,style,563.0,Other
llama,gen_1,62,unreadVariable,style,563.0,Other
llama,gen_1,161,constParameterReference,style,398.0,Other
llama,gen_1,161,useStlAlgorithm,style,398.0,Other
llama,gen_1,126,useStlAlgorithm,style,398.0,Other
llama,gen_1,75,useStlAlgorithm,style,398.0,Other
llama,gen_1,233,useStlAlgorithm,style,398.0,Other
llama,gen_1,186,constVariableReference,style,398.0,Other
llama,gen_1,186,useStlAlgorithm,style,398.0,Other
llama,gen_1,69,constVariableReference,style,398.0,Other
llama,gen_1,52,unusedVariable,style,563.0,Other
llama,gen_1,153,variableScope,style,398.0,Other
llama,gen_1,54,noExplicitConstructor,style,398.0,Other
llama,gen_1,24,variableScope,style,398.0,Other
llama,gen_1,24,unreadVariable,style,563.0,Other
llama,gen_1,24,unreadVariable,style,563.0,Other
llama,gen_1,24,unreadVariable,style,563.0,Other
llama,gen_1,24,unreadVariable,style,563.0,Other
llama,gen_1,24,unreadVariable,style,563.0,Other
llama,gen_1,24,unreadVariable,style,563.0,Other
llama,gen_1,24,unreadVariable,style,563.0,Other
llama,gen_1,176,variableScope,style,398.0,Other
llama,gen_1,176,variableScope,style,398.0,Other
llama,gen_1,4,constParameter,style,398.0,Other
llama,gen_1,205,useStlAlgorithm,style,398.0,Other
llama,gen_1,205,useStlAlgorithm,style,398.0,Other
llama,gen_1,174,invalidscanf,warning,119.0,Memory Safety
llama,gen_1,241,useStlAlgorithm,style,398.0,Other
llama,gen_1,242,uninitMemberVar,warning,398.0,Other
llama,gen_1,242,uninitMemberVar,warning,398.0,Other
llama,gen_1,220,useStlAlgorithm,style,398.0,Other
llama,gen_1,220,useStlAlgorithm,style,398.0,Other
llama,gen_1,220,useStlAlgorithm,style,398.0,Other
llama,gen_1,261,constParameterCallback,style,398.0,Other
llama,gen_1,261,constParameterCallback,style,398.0,Other
llama,gen_1,261,constVariableReference,style,398.0,Other
llama,gen_1,99,useStlAlgorithm,style,398.0,Other
llama,gen_1,85,shadowVariable,style,398.0,Other
llama,gen_1,85,shadowVariable,style,398.0,Other
llama,gen_1,94,useStlAlgorithm,style,398.0,Other
llama,gen_1,159,unreadVariable,style,563.0,Other
llama,gen_1,159,unreadVariable,style,563.0,Other
llama,gen_1,124,noExplicitConstructor,style,398.0,Other
llama,gen_1,124,useStlAlgorithm,style,398.0,Other
llama,gen_1,124,useStlAlgorithm,style,398.0,Other
llama,gen_1,64,useStlAlgorithm,style,398.0,Other
llama,gen_1,129,unreadVariable,style,563.0,Other
llama,gen_1,264,shiftTooManyBits,error,758.0,Logic / Undefined Behavior
llama,gen_1,88,constParameterReference,style,398.0,Other
llama,gen_1,160,constVariableReference,style,398.0,Other
llama,gen_1,239,unreadVariable,style,563.0,Other
llama,gen_1,239,unreadVariable,style,563.0,Other
llama,gen_1,197,unreadVariable,style,563.0,Other
llama,gen_1,197,unreadVariable,style,563.0,Other
llama,gen_1,19,multiCondition,style,398.0,Other
llama,gen_1,191,useStlAlgorithm,style,398.0,Other
llama,gen_1,66,constParameter,style,398.0,Other
llama,gen_1,125,constVariable,style,398.0,Other
llama,gen_1,125,constVariable,style,398.0,Other
llama,gen_1,290,constVariableReference,style,398.0,Other
llama,gen_1,290,stlFindInsert,performance,398.0,Other
llama,gen_1,290,useStlAlgorithm,style,398.0,Other
llama,gen_1,252,useStlAlgorithm,style,398.0,Other
llama,gen_1,230,useStlAlgorithm,style,398.0,Other
llama,gen_1,165,negativeIndex,error,786.0,Other
llama,gen_1,165,passedByValue,performance,398.0,Other
llama,gen_1,165,iterateByValue,performance,398.0,Other
llama,gen_1,165,useStlAlgorithm,style,398.0,Other
llama,gen_1,165,useStlAlgorithm,style,398.0,Other
llama,gen_1,165,unusedStructMember,style,563.0,Other
llama,gen_1,165,unusedStructMember,style,563.0,Other
llama,gen_1,150,useStlAlgorithm,style,398.0,Other
llama,gen_1,201,variableScope,style,398.0,Other
llama,gen_1,83,constVariable,style,398.0,Other
llama,gen_1,94,uninitvar,warning,457.0,Null / Initialization
llama,gen_1,249,negativeIndex,warning,786.0,Other
llama,gen_1,287,constVariableReference,style,398.0,Other
llama,gen_1,279,noExplicitConstructor,style,398.0,Other
llama,gen_1,234,useStlAlgorithm,style,398.0,Other
llama,gen_1,118,noExplicitConstructor,style,398.0,Other
llama,gen_1,118,constParameterReference,style,398.0,Other
llama,gen_1,71,constVariableReference,style,398.0,Other
llama,gen_1,71,useStlAlgorithm,style,398.0,Other
llama,gen_1,71,unusedStructMember,style,563.0,Other
llama,gen_1,176,constVariable,style,398.0,Other
llama,gen_1,89,constVariableReference,style,398.0,Other
llama,gen_1,89,constVariableReference,style,398.0,Other
llama,gen_1,89,useStlAlgorithm,style,398.0,Other
llama,gen_1,89,unreadVariable,style,563.0,Other
llama,gen_1,140,useStlAlgorithm,style,398.0,Other
llama,gen_1,102,useStlAlgorithm,style,398.0,Other
llama,gen_1,114,shadowVariable,style,398.0,Other
llama,gen_1,114,shadowVariable,style,398.0,Other
llama,gen_1,214,useStlAlgorithm,style,398.0,Other
llama,gen_1,214,useStlAlgorithm,style,398.0,Other
llama,gen_1,198,duplicateBranch,style,398.0,Other
llama,gen_1,198,passedByValue,performance,398.0,Other
llama,gen_1,198,useStlAlgorithm,style,398.0,Other
llama,gen_1,198,useStlAlgorithm,style,398.0,Other
llama,gen_1,23,knownConditionTrueFalse,style,570.0,Other
llama,gen_1,23,duplicateBranch,style,398.0,Other
llama,gen_1,23,useStlAlgorithm,style,398.0,Other
llama,gen_1,191,stlFindInsert,performance,398.0,Other
llama,gen_1,72,arrayIndexOutOfBounds,error,788.0,Other
llama,gen_1,258,useStlAlgorithm,style,398.0,Other
llama,gen_1,211,compareBoolExpressionWithInt,warning,398.0,Other
llama,gen_1,211,knownConditionTrueFalse,style,571.0,Logic / Undefined Behavior
llama,gen_1,211,useStlAlgorithm,style,398.0,Other
llama,gen_1,211,uninitvar,warning,457.0,Null / Initialization
llama,gen_1,29,knownConditionTrueFalse,style,571.0,Logic / Undefined Behavior
llama,gen_1,29,useStlAlgorithm,style,398.0,Other
llama,gen_1,29,variableScope,style,398.0,Other
llama,gen_1,29,variableScope,style,398.0,Other
llama,gen_1,7,functionConst,style,398.0,Other
llama,gen_1,7,passedByValue,performance,398.0,Other
llama,gen_1,7,iterateByValue,performance,398.0,Other
llama,gen_1,279,redundantIfRemove,style,398.0,Other
llama,gen_1,279,useStlAlgorithm,style,398.0,Other
llama,gen_1,279,useStlAlgorithm,style,398.0,Other
llama,gen_1,261,iterateByValue,performance,398.0,Other
llama,gen_1,3,useStlAlgorithm,style,398.0,Other
llama,gen_1,35,constVariableReference,style,398.0,Other
llama,gen_1,62,noExplicitConstructor,style,398.0,Other
llama,gen_1,59,shadowVariable,style,398.0,Other
llama,gen_1,53,constVariable,style,398.0,Other
llama,gen_1,53,constVariable,style,398.0,Other
llama,gen_1,53,constVariable,style,398.0,Other
llama,gen_1,53,constVariable,style,398.0,Other
llama,gen_1,53,constVariable,style,398.0,Other
llama,gen_1,53,constVariable,style,398.0,Other
llama,gen_1,53,constVariable,style,398.0,Other
llama,gen_1,53,constVariable,style,398.0,Other
llama,gen_1,53,constVariable,style,398.0,Other
llama,gen_1,25,shadowVariable,style,398.0,Other
llama,gen_1,25,shadowVariable,style,398.0,Other
llama,gen_1,25,unreadVariable,style,563.0,Other
llama,gen_1,101,unusedVariable,style,563.0,Other
llama,gen_1,99,constParameterReference,style,398.0,Other
llama,gen_1,99,constParameterReference,style,398.0,Other
llama,gen_1,51,useStlAlgorithm,style,398.0,Other
llama,gen_1,51,useStlAlgorithm,style,398.0,Other
llama,gen_1,151,functionConst,style,398.0,Other
llama,gen_1,151,functionConst,style,398.0,Other
llama,gen_1,67,constParameterReference,style,398.0,Other
llama,gen_1,67,constParameterReference,style,398.0,Other
llama,gen_1,67,constVariableReference,style,398.0,Other
llama,gen_1,69,useStlAlgorithm,style,398.0,Other
llama,gen_1,86,useStlAlgorithm,style,398.0,Other
llama,gen_1,86,useStlAlgorithm,style,398.0,Other
llama,gen_1,101,variableScope,style,398.0,Other
llama,gen_1,186,useStlAlgorithm,style,398.0,Other
llama,gen_1,36,unreadVariable,style,563.0,Other
llama,gen_1,36,unreadVariable,style,563.0,Other
llama,gen_1,270,useStlAlgorithm,style,398.0,Other
llama,gen_1,270,useStlAlgorithm,style,398.0,Other
llama,gen_1,174,knownConditionTrueFalse,style,571.0,Logic / Undefined Behavior
llama,gen_1,64,unreadVariable,style,563.0,Other
llama,gen_1,227,shadowVariable,style,398.0,Other
llama,gen_1,227,shadowVariable,style,398.0,Other
llama,gen_1,227,useStlAlgorithm,style,398.0,Other
llama,gen_1,227,unreadVariable,style,563.0,Other
llama,gen_1,8,useStlAlgorithm,style,398.0,Other
llama,gen_1,8,useStlAlgorithm,style,398.0,Other
llama,gen_1,231,constVariableReference,style,398.0,Other
llama,gen_1,231,useStlAlgorithm,style,398.0,Other
llama,gen_1,231,unusedStructMember,style,563.0,Other
llama,gen_1,267,unreadVariable,style,563.0,Other
llama,gen_1,222,useStlAlgorithm,style,398.0,Other
llama,gen_1,222,useStlAlgorithm,style,398.0,Other
llama,gen_1,4,useStlAlgorithm,style,398.0,Other
llama,gen_1,138,noExplicitConstructor,style,398.0,Other
llama,gen_1,138,useStlAlgorithm,style,398.0,Other
llama,gen_1,153,useStlAlgorithm,style,398.0,Other
llama,gen_1,218,useStlAlgorithm,style,398.0,Other
llama,gen_1,164,useStlAlgorithm,style,398.0,Other
llama,gen_1,283,shadowVariable,style,398.0,Other
llama,gen_1,283,shadowVariable,style,398.0,Other
llama,gen_1,226,constVariable,style,398.0,Other
llama,gen_1,207,useStlAlgorithm,style,398.0,Other
llama,gen_1,207,useStlAlgorithm,style,398.0,Other
llama,gen_1,2,negativeIndex,error,786.0,Other
llama,gen_1,2,passedByValue,performance,398.0,Other
llama,gen_1,159,unreadVariable,style,563.0,Other
llama,gen_1,101,negativeContainerIndex,warning,786.0,Other
llama,gen_1,144,useStlAlgorithm,style,398.0,Other
llama,gen_1,144,useStlAlgorithm,style,398.0,Other
llama,gen_1,232,useStlAlgorithm,style,398.0,Other
llama,gen_1,232,useStlAlgorithm,style,398.0,Other
llama,gen_1,0,constVariableReference,style,398.0,Other
llama,gen_1,0,constVariableReference,style,398.0,Other
llama,gen_1,0,useStlAlgorithm,style,398.0,Other
llama,gen_1,44,truncLongCastAssignment,style,197.0,Other
llama,gen_1,17,constParameterReference,style,398.0,Other
llama,gen_1,28,duplicateAssignExpression,style,398.0,Other
llama,gen_1,28,duplicateAssignExpression,style,398.0,Other
llama,gen_1,28,unreadVariable,style,563.0,Other
llama,gen_1,28,unreadVariable,style,563.0,Other
llama,gen_1,243,useStlAlgorithm,style,398.0,Other
llama,gen_1,243,useStlAlgorithm,style,398.0,Other
llama,gen_1,196,arrayIndexOutOfBounds,error,788.0,Other
llama,gen_1,70,knownConditionTrueFalse,style,570.0,Other
llama,gen_1,70,knownConditionTrueFalse,style,570.0,Other
llama,gen_1,131,invalidscanf,warning,119.0,Memory Safety
llama,gen_1,112,uninitvar,warning,457.0,Null / Initialization
llama,gen_1,112,uninitvar,warning,457.0,Null / Initialization
llama,gen_1,219,variableScope,style,398.0,Other
llama,gen_1,219,constParameterReference,style,398.0,Other
llama,gen_1,219,constParameterReference,style,398.0,Other
llama,gen_1,219,constVariableReference,style,398.0,Other
llama,gen_1,219,unreadVariable,style,563.0,Other
llama,gen_1,219,unreadVariable,style,563.0,Other
llama,gen_1,207,useStlAlgorithm,style,398.0,Other
llama,gen_1,19,noExplicitConstructor,style,398.0,Other
llama,gen_1,76,constVariableReference,style,398.0,Other
llama,gen_1,9,useStlAlgorithm,style,398.0,Other
llama,gen_1,75,unreadVariable,style,563.0,Other
llama,gen_1,75,unreadVariable,style,563.0,Other
llama,gen_1,152,knownConditionTrueFalse,style,571.0,Logic / Undefined Behavior
llama,gen_1,120,useStlAlgorithm,style,398.0,Other
llama,gen_1,258,useStlAlgorithm,style,398.0,Other
llama,gen_1,258,useStlAlgorithm,style,398.0,Other
llama,gen_1,258,useStlAlgorithm,style,398.0,Other
llama,gen_1,258,useStlAlgorithm,style,398.0,Other
llama,gen_1,142,useStlAlgorithm,style,398.0,Other
llama,gen_1,118,useStlAlgorithm,style,398.0,Other
llama,gen_1,118,useStlAlgorithm,style,398.0,Other
llama,gen_1,118,useStlAlgorithm,style,398.0,Other
llama,gen_1,253,invalidScanfArgType_int,warning,686.0,Other
llama,gen_1,253,invalidPrintfArgType_sint,warning,686.0,Other
llama,gen_1,145,noExplicitConstructor,style,398.0,Other
llama,gen_1,145,useStlAlgorithm,style,398.0,Other
llama,gen_1,255,useStlAlgorithm,style,398.0,Other
llama,gen_1,255,useStlAlgorithm,style,398.0,Other
llama,gen_1,226,useStlAlgorithm,style,398.0,Other
llama,gen_1,190,useStlAlgorithm,style,398.0,Other
llama,gen_1,162,unreadVariable,style,563.0,Other
llama,gen_1,162,unreadVariable,style,563.0,Other
llama,gen_1,162,unreadVariable,style,563.0,Other
llama,gen_1,162,unreadVariable,style,563.0,Other
llama,gen_1,144,shadowVariable,style,398.0,Other
llama,gen_1,259,useStlAlgorithm,style,398.0,Other
llama,gen_1,259,useStlAlgorithm,style,398.0,Other
llama,gen_1,208,constParameterReference,style,398.0,Other
llama,gen_1,84,useStlAlgorithm,style,398.0,Other
llama,gen_1,1,syntaxError,error,,Other
llama,gen_1,223,constParameterReference,style,398.0,Other
llama,gen_1,223,constParameterReference,style,398.0,Other
llama,gen_1,223,constVariable,style,398.0,Other
llama,gen_1,223,constVariable,style,398.0,Other
llama,gen_1,175,passedByValue,performance,398.0,Other
llama,gen_1,195,unusedStructMember,style,563.0,Other
llama,gen_1,195,unusedStructMember,style,563.0,Other
llama,gen_1,173,useStlAlgorithm,style,398.0,Other
llama,gen_1,173,useStlAlgorithm,style,398.0,Other
llama,gen_1,173,useStlAlgorithm,style,398.0,Other
llama,gen_1,173,useStlAlgorithm,style,398.0,Other
llama,gen_1,254,shadowVariable,style,398.0,Other
llama,gen_1,254,shadowVariable,style,398.0,Other
llama,gen_1,189,useStlAlgorithm,style,398.0,Other
llama,gen_1,16,useStlAlgorithm,style,398.0,Other
llama,gen_1,260,useStlAlgorithm,style,398.0,Other
llama,gen_1,260,unusedStructMember,style,563.0,Other
llama,gen_1,260,unreadVariable,style,563.0,Other
llama,gen_1,116,noExplicitConstructor,style,398.0,Other
llama,gen_1,136,useStlAlgorithm,style,398.0,Other
llama,gen_1,136,useStlAlgorithm,style,398.0,Other
llama,gen_1,3,syntaxError,error,,Other
llama,gen_1,211,duplicateCondition,style,398.0,Other
llama,gen_1,211,redundantInitialization,style,563.0,Other
llama,gen_1,139,useStlAlgorithm,style,398.0,Other
llama,gen_1,141,useStlAlgorithm,style,398.0,Other
llama,gen_1,117,variableScope,style,398.0,Other
llama,gen_1,117,variableScope,style,398.0,Other
llama,gen_1,117,unreadVariable,style,563.0,Other
llama,gen_1,117,unreadVariable,style,563.0,Other
llama,gen_1,251,unusedVariable,style,563.0,Other
llama,gen_1,124,useStlAlgorithm,style,398.0,Other
llama,gen_1,269,constVariableReference,style,398.0,Other
llama,gen_1,269,constVariableReference,style,398.0,Other
llama,gen_1,29,variableScope,style,398.0,Other
llama,gen_1,99,useStlAlgorithm,style,398.0,Other
llama,gen_1,245,variableScope,style,398.0,Other
llama,gen_1,245,variableScope,style,398.0,Other
llama,gen_1,182,useStlAlgorithm,style,398.0,Other
llama,gen_1,182,unreadVariable,style,563.0,Other
llama,gen_1,182,unreadVariable,style,563.0,Other
llama,gen_1,259,noExplicitConstructor,style,398.0,Other
llama,gen_1,259,constVariableReference,style,398.0,Other
llama,gen_1,229,useStlAlgorithm,style,398.0,Other
llama,gen_1,229,useStlAlgorithm,style,398.0,Other
llama,gen_1,250,constParameterReference,style,398.0,Other
llama,gen_1,250,useStlAlgorithm,style,398.0,Other
llama,gen_1,157,redundantAssignment,style,563.0,Other
llama,gen_1,20,useStlAlgorithm,style,398.0,Other
llama,gen_1,31,shadowVariable,style,398.0,Other
llama,gen_1,169,constVariableReference,style,398.0,Other
llama,gen_1,169,constVariableReference,style,398.0,Other
llama,gen_1,169,useStlAlgorithm,style,398.0,Other
llama,gen_1,143,useStlAlgorithm,style,398.0,Other
llama,gen_1,113,useStlAlgorithm,style,398.0,Other
llama,gen_1,133,variableScope,style,398.0,Other
llama,gen_1,133,variableScope,style,398.0,Other
llama,gen_1,133,unreadVariable,style,563.0,Other
llama,gen_1,133,unreadVariable,style,563.0,Other
llama,gen_1,133,unreadVariable,style,563.0,Other
llama,gen_1,133,unreadVariable,style,563.0,Other
llama,gen_1,255,constParameterReference,style,398.0,Other
llama,gen_1,255,constVariableReference,style,398.0,Other
llama,gen_1,255,useStlAlgorithm,style,398.0,Other
llama,gen_1,255,useStlAlgorithm,style,398.0,Other
llama,gen_1,255,useStlAlgorithm,style,398.0,Other
llama,gen_1,124,useStlAlgorithm,style,398.0,Other
llama,gen_1,38,useStlAlgorithm,style,398.0,Other
llama,gen_1,38,useStlAlgorithm,style,398.0,Other
llama,gen_1,38,useStlAlgorithm,style,398.0,Other
llama,gen_1,38,unreadVariable,style,563.0,Other
llama,gen_1,84,unreadVariable,style,563.0,Other
llama,gen_1,84,unreadVariable,style,563.0,Other
llama,gen_1,84,unreadVariable,style,563.0,Other
llama,gen_1,84,unreadVariable,style,563.0,Other
llama,gen_1,228,syntaxError,error,,Other
llama,gen_1,128,shadowVariable,style,398.0,Other
llama,gen_1,128,useStlAlgorithm,style,398.0,Other
llama,gen_1,198,useStlAlgorithm,style,398.0,Other
llama,gen_1,109,constVariableReference,style,398.0,Other
llama,gen_1,109,useStlAlgorithm,style,398.0,Other
llama,gen_1,155,variableScope,style,398.0,Other
llama,gen_1,8,useStlAlgorithm,style,398.0,Other
llama,gen_1,205,shadowVariable,style,398.0,Other
llama,gen_1,88,useStlAlgorithm,style,398.0,Other
llama,gen_1,88,useStlAlgorithm,style,398.0,Other
llama,gen_1,88,useStlAlgorithm,style,398.0,Other
llama,gen_1,6,negativeContainerIndex,warning,786.0,Other
llama,gen_1,6,negativeContainerIndex,warning,786.0,Other
llama,gen_1,6,unreadVariable,style,563.0,Other
llama,gen_1,6,unreadVariable,style,563.0,Other
llama,gen_1,6,unreadVariable,style,563.0,Other
llama,gen_1,6,unreadVariable,style,563.0,Other
llama,gen_1,6,unreadVariable,style,563.0,Other
llama,gen_1,6,unreadVariable,style,563.0,Other
llama,gen_1,102,constVariable,style,398.0,Other
llama,gen_1,102,constVariable,style,398.0,Other
llama,gen_1,50,invalidscanf,warning,119.0,Memory Safety
llama,gen_1,11,constVariableReference,style,398.0,Other
llama,gen_1,120,useStlAlgorithm,style,398.0,Other
llama,gen_1,73,useStlAlgorithm,style,398.0,Other
llama,gen_1,60,knownConditionTrueFalse,style,571.0,Logic / Undefined Behavior
llama,gen_1,45,uninitvar,warning,457.0,Null / Initialization
llama,gen_1,45,uninitvar,warning,457.0,Null / Initialization
llama,gen_1,37,constParameterReference,style,398.0,Other
llama,gen_1,37,useStlAlgorithm,style,398.0,Other
llama,gen_1,37,useStlAlgorithm,style,398.0,Other
llama,gen_1,91,constParameterReference,style,398.0,Other
llama,gen_1,91,constParameterReference,style,398.0,Other
llama,gen_1,91,constParameterReference,style,398.0,Other
llama,gen_1,91,constParameterReference,style,398.0,Other
llama,gen_1,91,constParameterReference,style,398.0,Other
llama,gen_1,91,constParameterReference,style,398.0,Other
llama,gen_1,110,containerOutOfBounds,warning,398.0,Other
llama,gen_1,122,constVariableReference,style,398.0,Other
llama,gen_1,122,constVariableReference,style,398.0,Other
llama,gen_1,122,constVariableReference,style,398.0,Other
llama,gen_1,122,constVariableReference,style,398.0,Other
llama,gen_1,195,unreadVariable,style,563.0,Other
llama,gen_1,284,uninitvar,warning,457.0,Null / Initialization
llama,gen_1,284,uninitvar,warning,457.0,Null / Initialization
llama,gen_1,284,uninitvar,warning,457.0,Null / Initialization
llama,gen_1,284,uninitvar,warning,457.0,Null / Initialization
llama,gen_1,245,useStlAlgorithm,style,398.0,Other
llama,gen_1,245,useStlAlgorithm,style,398.0,Other
llama,gen_1,245,unusedStructMember,style,563.0,Other
llama,gen_1,245,unusedStructMember,style,563.0,Other
llama,gen_1,30,knownConditionTrueFalse,style,571.0,Logic / Undefined Behavior
llama,gen_1,176,constParameterReference,style,398.0,Other
llama,gen_1,22,shadowVariable,style,398.0,Other
llama,gen_1,22,useStlAlgorithm,style,398.0,Other
llama,gen_1,22,useStlAlgorithm,style,398.0,Other
llama,gen_1,22,useStlAlgorithm,style,398.0,Other
llama,gen_1,22,unreadVariable,style,563.0,Other
llama,gen_1,22,unreadVariable,style,563.0,Other
llama,gen_1,280,memsetValueOutOfRange,warning,686.0,Other
llama,gen_1,280,constVariableReference,style,398.0,Other
llama,gen_1,65,knownConditionTrueFalse,style,571.0,Logic / Undefined Behavior
llama,gen_1,270,knownConditionTrueFalse,style,571.0,Logic / Undefined Behavior
llama,gen_1,147,integerOverflow,error,190.0,Bounds / Integer
llama,gen_1,112,knownConditionTrueFalse,style,571.0,Logic / Undefined Behavior
llama,gen_1,112,knownConditionTrueFalse,style,571.0,Logic / Undefined Behavior
llama,gen_1,204,unreadVariable,style,563.0,Other
llama,gen_1,241,knownConditionTrueFalse,style,570.0,Other
llama,gen_1,98,clarifyCondition,style,398.0,Other
llama,gen_1,98,useStlAlgorithm,style,398.0,Other
llama,gen_1,166,constParameterReference,style,398.0,Other
llama,gen_1,6,useStlAlgorithm,style,398.0,Other
llama,gen_1,48,useStlAlgorithm,style,398.0,Other
llama,gen_1,172,unusedStructMember,style,563.0,Other
llama,gen_1,236,constVariable,style,398.0,Other
llama,gen_1,236,constVariable,style,398.0,Other
llama,gen_1,51,useStlAlgorithm,style,398.0,Other
llama,gen_1,168,constVariableReference,style,398.0,Other
llama,gen_1,238,knownConditionTrueFalse,style,571.0,Logic / Undefined Behavior
llama,gen_1,256,shadowVariable,style,398.0,Other
llama,gen_1,192,duplicateBranch,style,398.0,Other
llama,gen_1,254,unreadVariable,style,563.0,Other
llama,gen_1,74,useStlAlgorithm,style,398.0,Other
llama,gen_1,74,useStlAlgorithm,style,398.0,Other
llama,gen_1,230,knownConditionTrueFalse,style,571.0,Logic / Undefined Behavior
llama,gen_1,230,useStlAlgorithm,style,398.0,Other
llama,gen_1,230,useStlAlgorithm,style,398.0,Other
llama,gen_1,230,useStlAlgorithm,style,398.0,Other
llama,gen_1,230,useStlAlgorithm,style,398.0,Other
llama,gen_1,178,useStlAlgorithm,style,398.0,Other
llama,gen_1,45,useStlAlgorithm,style,398.0,Other
llama,gen_1,172,negativeIndex,warning,786.0,Other
llama,gen_1,172,negativeIndex,warning,786.0,Other
llama,gen_1,189,variableScope,style,398.0,Other
llama,gen_1,189,unreadVariable,style,563.0,Other
llama,gen_1,189,unusedVariable,style,563.0,Other
llama,gen_1,137,unreadVariable,style,563.0,Other
llama,gen_1,61,useStlAlgorithm,style,398.0,Other
llama,gen_1,262,constVariableReference,style,398.0,Other
llama,gen_1,262,unreadVariable,style,563.0,Other
llama,gen_1,262,unreadVariable,style,563.0,Other
llama,gen_1,40,variableScope,style,398.0,Other
llama,gen_1,40,constVariableReference,style,398.0,Other
llama,gen_1,40,useStlAlgorithm,style,398.0,Other
llama,gen_1,40,unreadVariable,style,563.0,Other
llama,gen_1,40,unreadVariable,style,563.0,Other
llama,gen_1,40,unreadVariable,style,563.0,Other
llama,gen_1,40,unreadVariable,style,563.0,Other
llama,gen_1,236,useStlAlgorithm,style,398.0,Other
llama,gen_1,154,compareValueOutOfTypeRangeError,style,398.0,Other
llama,gen_1,280,noExplicitConstructor,style,398.0,Other
llama,gen_1,280,constVariableReference,style,398.0,Other
llama,gen_1,120,shiftTooManyBits,error,758.0,Logic / Undefined Behavior
llama,gen_1,61,shadowVariable,style,398.0,Other
llama,gen_1,183,constVariableReference,style,398.0,Other
llama,gen_1,260,constStatement,warning,398.0,Other
llama,gen_1,49,constVariableReference,style,398.0,Other
llama,gen_1,34,unusedVariable,style,563.0,Other
llama,gen_1,67,constVariableReference,style,398.0,Other
llama,gen_1,67,constVariableReference,style,398.0,Other
llama,gen_1,67,useStlAlgorithm,style,398.0,Other
llama,gen_1,12,useStlAlgorithm,style,398.0,Other
llama,gen_1,10,useStlAlgorithm,style,398.0,Other
llama,gen_1,161,useStlAlgorithm,style,398.0,Other
llama,gen_1,266,constVariableReference,style,398.0,Other
llama,gen_1,266,useStlAlgorithm,style,398.0,Other
llama,gen_1,149,variableScope,style,398.0,Other
llama,gen_1,149,unreadVariable,style,563.0,Other
llama,gen_1,149,unreadVariable,style,563.0,Other
llama,gen_1,187,unreadVariable,style,563.0,Other
llama,gen_1,187,unreadVariable,style,563.0,Other
llama,gen_1,257,redundantInitialization,style,563.0,Other
llama,gen_1,257,redundantAssignment,style,563.0,Other
llama,gen_1,268,invalidscanf,warning,119.0,Memory Safety
llama,gen_2,237,arrayIndexOutOfBounds,error,788.0,Other
llama,gen_2,237,arrayIndexOutOfBounds,error,788.0,Other
llama,gen_2,211,useStlAlgorithm,style,398.0,Other
llama,gen_2,246,useStlAlgorithm,style,398.0,Other
llama,gen_2,246,useStlAlgorithm,style,398.0,Other
llama,gen_2,122,constParameterReference,style,398.0,Other
llama,gen_2,5,shadowVariable,style,398.0,Other
llama,gen_2,97,unreadVariable,style,563.0,Other
llama,gen_2,97,unreadVariable,style,563.0,Other
llama,gen_2,94,syntaxError,error,,Other
llama,gen_2,197,unreadVariable,style,563.0,Other
llama,gen_2,197,unreadVariable,style,563.0,Other
llama,gen_2,197,unreadVariable,style,563.0,Other
llama,gen_2,233,unreadVariable,style,563.0,Other
llama,gen_2,233,unreadVariable,style,563.0,Other
llama,gen_2,233,unreadVariable,style,563.0,Other
llama,gen_2,233,unreadVariable,style,563.0,Other
llama,gen_2,162,unreadVariable,style,563.0,Other
llama,gen_2,96,useStlAlgorithm,style,398.0,Other
llama,gen_2,118,useStlAlgorithm,style,398.0,Other
llama,gen_2,118,useStlAlgorithm,style,398.0,Other
llama,gen_2,118,negativeContainerIndex,warning,786.0,Other
llama,gen_2,248,useStlAlgorithm,style,398.0,Other
llama,gen_2,114,useStlAlgorithm,style,398.0,Other
llama,gen_2,114,negativeContainerIndex,warning,786.0,Other
llama,gen_2,9,stlFindInsert,performance,398.0,Other
llama,gen_2,9,stlFindInsert,performance,398.0,Other
llama,gen_2,9,stlFindInsert,performance,398.0,Other
llama,gen_2,248,containerOutOfBounds,error,398.0,Other
llama,gen_2,233,oppositeInnerCondition,warning,398.0,Other
llama,gen_2,233,knownConditionTrueFalse,style,570.0,Other
llama,gen_2,211,useStlAlgorithm,style,398.0,Other
llama,gen_2,147,useStlAlgorithm,style,398.0,Other
llama,gen_2,92,variableScope,style,398.0,Other
llama,gen_2,92,constVariableReference,style,398.0,Other
llama,gen_2,92,constVariableReference,style,398.0,Other
llama,gen_2,92,useStlAlgorithm,style,398.0,Other
llama,gen_2,92,unusedStructMember,style,563.0,Other
llama,gen_2,237,useStlAlgorithm,style,398.0,Other
llama,gen_2,18,useStlAlgorithm,style,398.0,Other
llama,gen_2,150,floatConversionOverflow,error,190.0,Bounds / Integer
llama,gen_2,89,constParameterReference,style,398.0,Other
llama,gen_2,89,constParameterReference,style,398.0,Other
llama,gen_2,186,useStlAlgorithm,style,398.0,Other
llama,gen_2,269,passedByValue,performance,398.0,Other
llama,gen_2,162,unreadVariable,style,563.0,Other
llama,gen_2,162,unreadVariable,style,563.0,Other
llama,gen_2,162,unreadVariable,style,563.0,Other
llama,gen_2,162,unreadVariable,style,563.0,Other
llama,gen_2,24,constVariableReference,style,398.0,Other
llama,gen_2,54,uselessCallsSubstr,performance,398.0,Other
llama,gen_2,226,useStlAlgorithm,style,398.0,Other
llama,gen_2,180,constVariableReference,style,398.0,Other
llama,gen_2,157,useStlAlgorithm,style,398.0,Other
llama,gen_2,188,variableScope,style,398.0,Other
llama,gen_2,188,variableScope,style,398.0,Other
llama,gen_2,159,useStlAlgorithm,style,398.0,Other
llama,gen_2,255,variableScope,style,398.0,Other
llama,gen_2,255,variableScope,style,398.0,Other
llama,gen_2,225,useStlAlgorithm,style,398.0,Other
llama,gen_2,115,noExplicitConstructor,style,398.0,Other
llama,gen_2,1,useStlAlgorithm,style,398.0,Other
llama,gen_2,1,useStlAlgorithm,style,398.0,Other
llama,gen_2,1,useStlAlgorithm,style,398.0,Other
llama,gen_2,1,useStlAlgorithm,style,398.0,Other
llama,gen_2,1,useStlAlgorithm,style,398.0,Other
llama,gen_2,1,useStlAlgorithm,style,398.0,Other
llama,gen_2,27,unusedStructMember,style,563.0,Other
llama,gen_2,108,useStlAlgorithm,style,398.0,Other
llama,gen_2,108,useStlAlgorithm,style,398.0,Other
llama,gen_2,72,useStlAlgorithm,style,398.0,Other
llama,gen_2,215,useStlAlgorithm,style,398.0,Other
llama,gen_2,215,negativeContainerIndex,warning,786.0,Other
llama,gen_2,215,negativeContainerIndex,warning,786.0,Other
llama,gen_2,215,unusedStructMember,style,563.0,Other
llama,gen_2,215,unusedStructMember,style,563.0,Other
llama,gen_2,172,variableScope,style,398.0,Other
llama,gen_2,223,unreadVariable,style,563.0,Other
llama,gen_2,223,unreadVariable,style,563.0,Other
llama,gen_2,221,useStlAlgorithm,style,398.0,Other
llama,gen_2,189,constParameterReference,style,398.0,Other
llama,gen_2,189,constVariable,style,398.0,Other
llama,gen_2,189,constVariable,style,398.0,Other
llama,gen_2,189,negativeContainerIndex,warning,786.0,Other
llama,gen_2,159,useStlAlgorithm,style,398.0,Other
llama,gen_2,159,unreadVariable,style,563.0,Other
llama,gen_2,159,unreadVariable,style,563.0,Other
llama,gen_2,159,unreadVariable,style,563.0,Other
llama,gen_2,167,useStlAlgorithm,style,398.0,Other
llama,gen_2,167,useStlAlgorithm,style,398.0,Other
llama,gen_2,247,passedByValue,performance,398.0,Other
llama,gen_2,196,useStlAlgorithm,style,398.0,Other
llama,gen_2,35,derefInvalidIteratorRedundantCheck,warning,825.0,Other
llama,gen_2,35,derefInvalidIteratorRedundantCheck,warning,825.0,Other
llama,gen_2,75,useStlAlgorithm,style,398.0,Other
llama,gen_2,256,floatConversionOverflow,error,190.0,Bounds / Integer
llama,gen_2,256,floatConversionOverflow,error,190.0,Bounds / Integer
llama,gen_2,256,floatConversionOverflow,error,190.0,Bounds / Integer
llama,gen_2,256,floatConversionOverflow,error,190.0,Bounds / Integer
llama,gen_2,256,floatConversionOverflow,error,190.0,Bounds / Integer
llama,gen_2,152,arrayIndexOutOfBounds,error,788.0,Other
llama,gen_2,152,constVariableReference,style,398.0,Other
llama,gen_2,152,constVariableReference,style,398.0,Other
llama,gen_2,152,constVariableReference,style,398.0,Other
llama,gen_2,152,useStlAlgorithm,style,398.0,Other
llama,gen_2,233,useStlAlgorithm,style,398.0,Other
llama,gen_2,92,unusedVariable,style,563.0,Other
llama,gen_2,202,noExplicitConstructor,style,398.0,Other
llama,gen_2,202,variableScope,style,398.0,Other
llama,gen_2,202,variableScope,style,398.0,Other
llama,gen_2,202,useStlAlgorithm,style,398.0,Other
llama,gen_2,87,useStlAlgorithm,style,398.0,Other
llama,gen_2,61,negativeContainerIndex,warning,786.0,Other
llama,gen_2,78,shadowVariable,style,398.0,Other
llama,gen_2,153,variableScope,style,398.0,Other
llama,gen_2,158,useStlAlgorithm,style,398.0,Other
llama,gen_2,146,useStlAlgorithm,style,398.0,Other
llama,gen_2,54,negativeIndex,error,786.0,Other
llama,gen_2,24,useStlAlgorithm,style,398.0,Other
llama,gen_2,79,useStlAlgorithm,style,398.0,Other
llama,gen_2,39,useStlAlgorithm,style,398.0,Other
llama,gen_2,39,useStlAlgorithm,style,398.0,Other
llama,gen_2,90,passedByValue,performance,398.0,Other
llama,gen_2,90,passedByValue,performance,398.0,Other
llama,gen_2,90,useStlAlgorithm,style,398.0,Other
llama,gen_2,220,variableScope,style,398.0,Other
llama,gen_2,220,variableScope,style,398.0,Other
llama,gen_2,220,unreadVariable,style,563.0,Other
llama,gen_2,220,unreadVariable,style,563.0,Other
llama,gen_2,121,constParameterReference,style,398.0,Other
llama,gen_2,112,useStlAlgorithm,style,398.0,Other
llama,gen_2,112,useStlAlgorithm,style,398.0,Other
llama,gen_2,112,negativeContainerIndex,warning,786.0,Other
llama,gen_2,59,useStlAlgorithm,style,398.0,Other
llama,gen_2,64,useStlAlgorithm,style,398.0,Other
llama,gen_2,261,shadowVariable,style,398.0,Other
llama,gen_2,261,useStlAlgorithm,style,398.0,Other
llama,gen_2,141,negativeIndex,error,786.0,Other
llama,gen_2,26,knownConditionTrueFalse,style,571.0,Logic / Undefined Behavior
llama,gen_2,26,knownConditionTrueFalse,style,571.0,Logic / Undefined Behavior
llama,gen_2,26,knownConditionTrueFalse,style,571.0,Logic / Undefined Behavior
llama,gen_2,240,unreadVariable,style,563.0,Other
llama,gen_2,240,unreadVariable,style,563.0,Other
llama,gen_2,192,useStlAlgorithm,style,398.0,Other
llama,gen_2,247,useStlAlgorithm,style,398.0,Other
llama,gen_2,160,constVariableReference,style,398.0,Other
llama,gen_2,160,constVariableReference,style,398.0,Other
llama,gen_2,33,shadowFunction,style,398.0,Other
llama,gen_2,33,constParameterReference,style,398.0,Other
llama,gen_2,33,constParameterReference,style,398.0,Other
llama,gen_2,150,variableScope,style,398.0,Other
llama,gen_2,150,variableScope,style,398.0,Other
llama,gen_2,66,noExplicitConstructor,style,398.0,Other
llama,gen_2,66,duplicateExpression,style,398.0,Other
llama,gen_2,98,useStlAlgorithm,style,398.0,Other
llama,gen_2,127,truncLongCastAssignment,style,197.0,Other
llama,gen_2,127,truncLongCastAssignment,style,197.0,Other
llama,gen_2,36,useStlAlgorithm,style,398.0,Other
llama,gen_2,234,constParameterReference,style,398.0,Other
llama,gen_2,194,useStlAlgorithm,style,398.0,Other
llama,gen_2,194,negativeContainerIndex,warning,786.0,Other
llama,gen_2,194,negativeContainerIndex,warning,786.0,Other
llama,gen_2,194,negativeContainerIndex,warning,786.0,Other
llama,gen_2,279,passedByValue,performance,398.0,Other
llama,gen_2,279,passedByValue,performance,398.0,Other
llama,gen_2,11,constParameterReference,style,398.0,Other
llama,gen_2,11,useStlAlgorithm,style,398.0,Other
llama,gen_2,77,arrayIndexThenCheck,style,398.0,Other
llama,gen_2,77,useStlAlgorithm,style,398.0,Other
llama,gen_2,89,constVariableReference,style,398.0,Other
llama,gen_2,140,useStlAlgorithm,style,398.0,Other
llama,gen_2,211,constVariableReference,style,398.0,Other
llama,gen_2,57,duplicateBranch,style,398.0,Other
llama,gen_2,136,useStlAlgorithm,style,398.0,Other
llama,gen_2,8,useStlAlgorithm,style,398.0,Other
llama,gen_2,5,constParameterReference,style,398.0,Other
llama,gen_2,5,unreadVariable,style,563.0,Other
llama,gen_2,5,unreadVariable,style,563.0,Other
llama,gen_2,215,variableScope,style,398.0,Other
llama,gen_2,215,constParameterReference,style,398.0,Other
llama,gen_2,215,constParameterReference,style,398.0,Other
llama,gen_2,215,constVariableReference,style,398.0,Other
llama,gen_2,215,constVariableReference,style,398.0,Other
llama,gen_2,215,constVariableReference,style,398.0,Other
llama,gen_2,215,useStlAlgorithm,style,398.0,Other
llama,gen_2,215,useStlAlgorithm,style,398.0,Other
llama,gen_2,215,useStlAlgorithm,style,398.0,Other
llama,gen_2,23,stlFindInsert,performance,398.0,Other
llama,gen_2,23,stlFindInsert,performance,398.0,Other
llama,gen_2,258,duplicateConditionalAssign,style,398.0,Other
llama,gen_2,258,duplicateExpression,style,398.0,Other
llama,gen_2,258,duplicateExpression,style,398.0,Other
llama,gen_2,258,redundantAssignment,style,563.0,Other
llama,gen_2,258,useStlAlgorithm,style,398.0,Other
llama,gen_2,243,useStlAlgorithm,style,398.0,Other
llama,gen_2,243,unreadVariable,style,563.0,Other
llama,gen_2,243,unreadVariable,style,563.0,Other
llama,gen_2,19,useStlAlgorithm,style,398.0,Other
llama,gen_2,235,useStlAlgorithm,style,398.0,Other
llama,gen_2,60,constVariableReference,style,398.0,Other
llama,gen_2,60,constVariableReference,style,398.0,Other
llama,gen_2,13,knownConditionTrueFalse,style,571.0,Logic / Undefined Behavior
llama,gen_2,71,useStlAlgorithm,style,398.0,Other
llama,gen_2,243,redundantIfRemove,style,398.0,Other
llama,gen_2,243,useStlAlgorithm,style,398.0,Other
llama,gen_2,192,useStlAlgorithm,style,398.0,Other
llama,gen_2,151,uninitMemberVar,warning,398.0,Other
llama,gen_2,151,uninitMemberVar,warning,398.0,Other
llama,gen_2,151,uninitMemberVar,warning,398.0,Other
llama,gen_2,95,noExplicitConstructor,style,398.0,Other
llama,gen_2,95,noExplicitConstructor,style,398.0,Other
llama,gen_2,95,unreadVariable,style,563.0,Other
llama,gen_2,95,unreadVariable,style,563.0,Other
llama,gen_2,177,constParameterReference,style,398.0,Other
llama,gen_2,261,initializerList,style,398.0,Other
llama,gen_2,261,noExplicitConstructor,style,398.0,Other
llama,gen_2,261,shadowFunction,style,398.0,Other
llama,gen_2,261,unusedStructMember,style,563.0,Other
llama,gen_2,261,unusedStructMember,style,563.0,Other
llama,gen_2,115,unreadVariable,style,563.0,Other
llama,gen_2,115,unreadVariable,style,563.0,Other
llama,gen_2,104,useStlAlgorithm,style,398.0,Other
llama,gen_2,3,useStlAlgorithm,style,398.0,Other
llama,gen_2,51,constVariableReference,style,398.0,Other
llama,gen_2,51,useStlAlgorithm,style,398.0,Other
llama,gen_2,51,useStlAlgorithm,style,398.0,Other
llama,gen_2,51,useStlAlgorithm,style,398.0,Other
llama,gen_2,51,integerOverflow,error,190.0,Bounds / Integer
llama,gen_2,51,unreadVariable,style,563.0,Other
llama,gen_2,51,unreadVariable,style,563.0,Other
llama,gen_2,31,variableScope,style,398.0,Other
llama,gen_2,53,uninitvar,warning,457.0,Null / Initialization
llama,gen_2,53,uninitvar,warning,457.0,Null / Initialization
llama,gen_2,60,knownConditionTrueFalse,style,571.0,Logic / Undefined Behavior
llama,gen_2,60,unreadVariable,style,563.0,Other
llama,gen_2,60,unreadVariable,style,563.0,Other
llama,gen_2,247,constParameterReference,style,398.0,Other
llama,gen_2,157,shadowVariable,style,398.0,Other
llama,gen_2,157,shadowVariable,style,398.0,Other
llama,gen_2,157,constParameter,style,398.0,Other
llama,gen_2,157,moduloofone,style,,Other
llama,gen_2,157,moduloofone,style,,Other
llama,gen_2,229,useStlAlgorithm,style,398.0,Other
llama,gen_2,17,noExplicitConstructor,style,398.0,Other
llama,gen_2,160,unreadVariable,style,563.0,Other
llama,gen_2,160,unreadVariable,style,563.0,Other
llama,gen_2,160,unreadVariable,style,563.0,Other
llama,gen_2,135,negativeIndex,error,786.0,Other
llama,gen_2,135,unreadVariable,style,563.0,Other
llama,gen_2,123,useStlAlgorithm,style,398.0,Other
llama,gen_2,123,useStlAlgorithm,style,398.0,Other
llama,gen_2,123,useStlAlgorithm,style,398.0,Other
llama,gen_2,123,useStlAlgorithm,style,398.0,Other
llama,gen_2,123,useStlAlgorithm,style,398.0,Other
llama,gen_2,123,useStlAlgorithm,style,398.0,Other
llama,gen_2,123,useStlAlgorithm,style,398.0,Other
llama,gen_2,123,useStlAlgorithm,style,398.0,Other
llama,gen_2,14,useStlAlgorithm,style,398.0,Other
llama,gen_2,216,functionStatic,style,398.0,Other
llama,gen_2,216,noExplicitConstructor,style,398.0,Other
llama,gen_2,216,shadowVariable,style,398.0,Other
llama,gen_2,216,shadowVariable,style,398.0,Other
llama,gen_2,216,shadowVariable,style,398.0,Other
llama,gen_2,216,shadowVariable,style,398.0,Other
llama,gen_2,8,useStlAlgorithm,style,398.0,Other
llama,gen_2,8,useStlAlgorithm,style,398.0,Other
llama,gen_2,7,constVariableReference,style,398.0,Other
llama,gen_2,7,constVariableReference,style,398.0,Other
llama,gen_2,7,constVariableReference,style,398.0,Other
llama,gen_2,7,useStlAlgorithm,style,398.0,Other
llama,gen_2,7,floatConversionOverflow,error,190.0,Bounds / Integer
llama,gen_2,93,constVariableReference,style,398.0,Other
llama,gen_2,93,useStlAlgorithm,style,398.0,Other
llama,gen_2,4,useStlAlgorithm,style,398.0,Other
llama,gen_2,52,useStlAlgorithm,style,398.0,Other
llama,gen_2,205,knownConditionTrueFalse,style,571.0,Logic / Undefined Behavior
llama,gen_2,1,stlFindInsert,performance,398.0,Other
llama,gen_2,29,functionConst,style,398.0,Other
llama,gen_2,29,passedByValue,performance,398.0,Other
llama,gen_2,29,constParameter,style,398.0,Other
llama,gen_2,29,constVariable,style,398.0,Other
llama,gen_2,29,constVariable,style,398.0,Other
llama,gen_2,29,uninitvar,warning,457.0,Null / Initialization
llama,gen_2,29,uninitvar,warning,457.0,Null / Initialization
llama,gen_2,29,uninitvar,warning,457.0,Null / Initialization
llama,gen_2,29,uninitvar,warning,457.0,Null / Initialization
llama,gen_2,31,constVariableReference,style,398.0,Other
llama,gen_2,31,constVariableReference,style,398.0,Other
llama,gen_2,2,passedByValue,performance,398.0,Other
llama,gen_2,2,passedByValue,performance,398.0,Other
llama,gen_2,2,passedByValue,performance,398.0,Other
llama,gen_2,15,constParameter,style,398.0,Other
llama,gen_2,250,useStlAlgorithm,style,398.0,Other
llama,gen_2,250,useStlAlgorithm,style,398.0,Other
llama,gen_2,250,unusedVariable,style,563.0,Other
llama,gen_2,132,shadowVariable,style,398.0,Other
llama,gen_2,132,unreadVariable,style,563.0,Other
llama,gen_2,67,variableScope,style,398.0,Other
llama,gen_2,67,zerodiv,error,369.0,Logic / Undefined Behavior
llama,gen_2,67,useStlAlgorithm,style,398.0,Other
llama,gen_2,67,unreadVariable,style,563.0,Other
llama,gen_2,181,unreadVariable,style,563.0,Other
llama,gen_2,181,unreadVariable,style,563.0,Other
llama,gen_2,23,useStlAlgorithm,style,398.0,Other
llama,gen_2,23,useStlAlgorithm,style,398.0,Other
llama,gen_2,128,redundantAssignment,style,563.0,Other
llama,gen_2,179,useStlAlgorithm,style,398.0,Other
llama,gen_2,179,unreadVariable,style,563.0,Other
llama,gen_2,179,unreadVariable,style,563.0,Other
llama,gen_2,230,duplicateConditionalAssign,style,398.0,Other
llama,gen_2,153,noExplicitConstructor,style,398.0,Other
llama,gen_2,153,noExplicitConstructor,style,398.0,Other
llama,gen_2,153,passedByValue,performance,398.0,Other
llama,gen_2,153,constVariableReference,style,398.0,Other
llama,gen_2,153,unusedStructMember,style,563.0,Other
llama,gen_2,153,unreadVariable,style,563.0,Other
llama,gen_2,195,duplicateBranch,style,398.0,Other
llama,gen_2,0,iterateByValue,performance,398.0,Other
llama,gen_2,0,mismatchingContainers,error,664.0,Other
llama,gen_2,0,mismatchingContainers,error,664.0,Other
llama,gen_2,28,shadowFunction,style,398.0,Other
llama,gen_2,228,stlFindInsert,performance,398.0,Other
llama,gen_2,23,unreadVariable,style,563.0,Other
llama,gen_2,23,unreadVariable,style,563.0,Other
llama,gen_2,23,unreadVariable,style,563.0,Other
llama,gen_2,23,unreadVariable,style,563.0,Other
llama,gen_2,112,uninitvar,warning,457.0,Null / Initialization
llama,gen_2,97,shadowVariable,style,398.0,Other
llama,gen_2,219,constVariableReference,style,398.0,Other
llama,gen_2,207,useStlAlgorithm,style,398.0,Other
llama,gen_2,186,useStlAlgorithm,style,398.0,Other
llama,gen_2,9,useStlAlgorithm,style,398.0,Other
llama,gen_2,32,constVariable,style,398.0,Other
llama,gen_2,64,knownConditionTrueFalse,style,570.0,Other
llama,gen_2,91,shadowVariable,style,398.0,Other
llama,gen_2,142,useStlAlgorithm,style,398.0,Other
llama,gen_2,116,iterateByValue,performance,398.0,Other
llama,gen_2,116,iterateByValue,performance,398.0,Other
llama,gen_2,116,uselessCallsSubstr,performance,398.0,Other
llama,gen_2,116,uselessCallsSubstr,performance,398.0,Other
llama,gen_2,61,variableScope,style,398.0,Other
llama,gen_2,61,variableScope,style,398.0,Other
llama,gen_2,61,variableScope,style,398.0,Other
llama,gen_2,46,useStlAlgorithm,style,398.0,Other
llama,gen_2,46,useStlAlgorithm,style,398.0,Other
llama,gen_2,111,invalidLifetime,error,562.0,Other
llama,gen_2,111,initializerList,style,398.0,Other
llama,gen_2,111,initializerList,style,398.0,Other
llama,gen_2,123,unreadVariable,style,563.0,Other
llama,gen_2,163,shadowVariable,style,398.0,Other
llama,gen_2,163,unreadVariable,style,563.0,Other
llama,gen_2,163,unreadVariable,style,563.0,Other
llama,gen_2,163,unusedVariable,style,563.0,Other
llama,gen_2,163,unreadVariable,style,563.0,Other
llama,gen_2,163,unusedVariable,style,563.0,Other
llama,gen_2,163,unusedVariable,style,563.0,Other
llama,gen_2,163,unreadVariable,style,563.0,Other
llama,gen_2,196,constVariableReference,style,398.0,Other
llama,gen_2,196,constVariableReference,style,398.0,Other
llama,gen_2,196,useStlAlgorithm,style,398.0,Other
llama,gen_2,196,useStlAlgorithm,style,398.0,Other
llama,gen_2,196,unusedStructMember,style,563.0,Other
llama,gen_2,196,unreadVariable,style,563.0,Other
llama,gen_2,157,duplicateExpression,style,398.0,Other
llama,gen_2,157,useStlAlgorithm,style,398.0,Other
llama,gen_2,184,shadowVariable,style,398.0,Other
llama,gen_2,184,shadowVariable,style,398.0,Other
llama,gen_2,184,useStlAlgorithm,style,398.0,Other
llama,gen_2,184,unreadVariable,style,563.0,Other
llama,gen_2,187,constVariableReference,style,398.0,Other
llama,gen_2,0,iterateByValue,performance,398.0,Other
llama,gen_2,139,useStlAlgorithm,style,398.0,Other
llama,gen_2,224,useStlAlgorithm,style,398.0,Other
llama,gen_2,168,duplicateBranch,style,398.0,Other
llama,gen_2,168,duplicateBranch,style,398.0,Other
llama,gen_2,168,duplicateBranch,style,398.0,Other
llama,gen_2,168,constParameterReference,style,398.0,Other
llama,gen_2,168,constVariableReference,style,398.0,Other
llama,gen_2,168,constVariableReference,style,398.0,Other
llama,gen_2,168,constVariableReference,style,398.0,Other
llama,gen_2,168,constVariableReference,style,398.0,Other
llama,gen_2,87,useStlAlgorithm,style,398.0,Other
llama,gen_2,1,useStlAlgorithm,style,398.0,Other
llama,gen_2,154,shadowArgument,style,398.0,Other
llama,gen_2,154,shadowArgument,style,398.0,Other
llama,gen_2,154,shadowArgument,style,398.0,Other
llama,gen_2,175,knownConditionTrueFalse,style,570.0,Other
llama,gen_2,175,knownConditionTrueFalse,style,570.0,Other
llama,gen_2,210,useStlAlgorithm,style,398.0,Other
llama,gen_2,34,useStlAlgorithm,style,398.0,Other
llama,gen_2,34,useStlAlgorithm,style,398.0,Other
llama,gen_2,80,constParameter,style,398.0,Other
llama,gen_2,3,passedByValueCallback,performance,398.0,Other
llama,gen_2,3,passedByValueCallback,performance,398.0,Other
llama,gen_2,3,useStlAlgorithm,style,398.0,Other
llama,gen_2,3,useStlAlgorithm,style,398.0,Other
llama,gen_2,201,variableScope,style,398.0,Other
llama,gen_2,201,constVariableReference,style,398.0,Other
llama,gen_2,201,constVariableReference,style,398.0,Other
llama,gen_2,201,useStlAlgorithm,style,398.0,Other
llama,gen_2,201,unreadVariable,style,563.0,Other
llama,gen_2,201,unreadVariable,style,563.0,Other
llama,gen_2,18,clarifyCalculation,style,783.0,Other
llama,gen_2,18,unreadVariable,style,563.0,Other
llama,gen_2,148,useStlAlgorithm,style,398.0,Other
llama,gen_2,148,unreadVariable,style,563.0,Other
llama,gen_2,148,unreadVariable,style,563.0,Other
llama,gen_2,56,useStlAlgorithm,style,398.0,Other
llama,gen_2,200,useStlAlgorithm,style,398.0,Other
llama,gen_2,200,useStlAlgorithm,style,398.0,Other
llama,gen_2,200,useStlAlgorithm,style,398.0,Other
llama,gen_2,244,shadowVariable,style,398.0,Other
llama,gen_2,244,shadowVariable,style,398.0,Other
llama,gen_2,244,useStlAlgorithm,style,398.0,Other
llama,gen_2,245,useStlAlgorithm,style,398.0,Other
llama,gen_2,229,shiftTooManyBitsSigned,portability,758.0,Logic / Undefined Behavior
llama,gen_2,230,noExplicitConstructor,style,398.0,Other
llama,gen_2,230,unreadVariable,style,563.0,Other
llama,gen_2,230,unreadVariable,style,563.0,Other
llama,gen_2,230,unreadVariable,style,563.0,Other
llama,gen_2,230,unreadVariable,style,563.0,Other
llama,gen_2,184,functionConst,style,398.0,Other
llama,gen_2,184,noExplicitConstructor,style,398.0,Other
llama,gen_2,184,unreadVariable,style,563.0,Other
llama,gen_2,184,unreadVariable,style,563.0,Other
llama,gen_2,48,unreadVariable,style,563.0,Other
llama,gen_2,48,unreadVariable,style,563.0,Other
llama,gen_2,135,noExplicitConstructor,style,398.0,Other
llama,gen_2,135,useStlAlgorithm,style,398.0,Other
llama,gen_2,135,useStlAlgorithm,style,398.0,Other
llama,gen_2,83,useStlAlgorithm,style,398.0,Other
llama,gen_2,83,useStlAlgorithm,style,398.0,Other
llama,gen_2,83,negativeContainerIndex,warning,786.0,Other
llama,gen_2,237,passedByValueCallback,performance,398.0,Other
llama,gen_2,237,passedByValueCallback,performance,398.0,Other
llama,gen_2,237,useStlAlgorithm,style,398.0,Other
llama,gen_2,206,useStlAlgorithm,style,398.0,Other
llama,gen_2,21,unreadVariable,style,563.0,Other
llama,gen_2,69,shadowVariable,style,398.0,Other
llama,gen_2,124,passedByValue,performance,398.0,Other
llama,gen_2,124,passedByValue,performance,398.0,Other
llama,gen_2,124,passedByValue,performance,398.0,Other
llama,gen_2,124,useStlAlgorithm,style,398.0,Other
llama,gen_2,124,useStlAlgorithm,style,398.0,Other
llama,gen_2,60,uninitvar,warning,457.0,Null / Initialization
llama,gen_2,60,uninitvar,warning,457.0,Null / Initialization
llama,gen_2,102,useStlAlgorithm,style,398.0,Other
llama,gen_2,252,useStlAlgorithm,style,398.0,Other
llama,gen_2,68,useStlAlgorithm,style,398.0,Other
llama,gen_2,124,useStlAlgorithm,style,398.0,Other
llama,gen_2,124,useStlAlgorithm,style,398.0,Other
llama,gen_2,124,useStlAlgorithm,style,398.0,Other
llama,gen_2,179,useStlAlgorithm,style,398.0,Other
llama,gen_2,179,negativeContainerIndex,warning,786.0,Other
llama,gen_2,116,variableScope,style,398.0,Other
llama,gen_2,70,unreadVariable,style,563.0,Other
llama,gen_2,128,shadowVariable,style,398.0,Other
llama,gen_2,198,useStlAlgorithm,style,398.0,Other
llama,gen_2,14,useStlAlgorithm,style,398.0,Other
llama,gen_2,14,useStlAlgorithm,style,398.0,Other
llama,gen_2,166,useStlAlgorithm,style,398.0,Other
llama,gen_2,254,knownConditionTrueFalse,style,570.0,Other
llama,gen_2,132,unreadVariable,style,563.0,Other
llama,gen_2,132,unreadVariable,style,563.0,Other
llama,gen_2,132,unreadVariable,style,563.0,Other
llama,gen_2,132,unreadVariable,style,563.0,Other
llama,gen_2,73,noExplicitConstructor,style,398.0,Other
llama,gen_2,73,noExplicitConstructor,style,398.0,Other
llama,gen_2,73,useStlAlgorithm,style,398.0,Other
llama,gen_2,73,unreadVariable,style,563.0,Other
llama,gen_2,73,unreadVariable,style,563.0,Other
llama,gen_2,88,constVariableReference,style,398.0,Other
llama,gen_2,88,useStlAlgorithm,style,398.0,Other
llama,gen_2,6,syntaxError,error,,Other
llama,gen_2,256,variableScope,style,398.0,Other
llama,gen_2,30,duplicateConditionalAssign,style,398.0,Other
llama,gen_2,180,unreadVariable,style,563.0,Other
llama,gen_2,180,unreadVariable,style,563.0,Other
llama,gen_2,73,constVariableReference,style,398.0,Other
llama,gen_2,73,useStlAlgorithm,style,398.0,Other
llama,gen_2,218,knownConditionTrueFalse,style,571.0,Logic / Undefined Behavior
llama,gen_2,218,knownConditionTrueFalse,style,571.0,Logic / Undefined Behavior
llama,gen_2,218,variableScope,style,398.0,Other
llama,gen_2,218,unreadVariable,style,563.0,Other
llama,gen_2,130,constVariableReference,style,398.0,Other
llama,gen_2,130,useStlAlgorithm,style,398.0,Other
llama,gen_2,130,useStlAlgorithm,style,398.0,Other
llama,gen_2,220,variableScope,style,398.0,Other
llama,gen_2,220,variableScope,style,398.0,Other
llama,gen_2,220,variableScope,style,398.0,Other
llama,gen_2,160,passedByValue,performance,398.0,Other
llama,gen_2,160,passedByValue,performance,398.0,Other
llama,gen_2,160,useStlAlgorithm,style,398.0,Other
llama,gen_2,160,useStlAlgorithm,style,398.0,Other
llama,gen_2,97,constParameterReference,style,398.0,Other
llama,gen_2,97,useStlAlgorithm,style,398.0,Other
llama,gen_2,110,containerOutOfBounds,error,398.0,Other
llama,gen_2,110,unusedVariable,style,563.0,Other
llama,gen_2,242,useStlAlgorithm,style,398.0,Other
llama,gen_2,242,useStlAlgorithm,style,398.0,Other
llama,gen_2,242,useStlAlgorithm,style,398.0,Other
llama,gen_2,242,useStlAlgorithm,style,398.0,Other
llama,gen_2,242,useStlAlgorithm,style,398.0,Other
llama,gen_2,242,useStlAlgorithm,style,398.0,Other
llama,gen_2,242,useStlAlgorithm,style,398.0,Other
llama,gen_2,242,useStlAlgorithm,style,398.0,Other
llama,gen_2,242,useStlAlgorithm,style,398.0,Other
llama,gen_2,82,useStlAlgorithm,style,398.0,Other
llama,gen_2,22,useStlAlgorithm,style,398.0,Other
llama,gen_2,22,useStlAlgorithm,style,398.0,Other
llama,gen_2,236,knownConditionTrueFalse,style,570.0,Other
llama,gen_2,236,passedByValue,performance,398.0,Other
llama,gen_2,241,useStlAlgorithm,style,398.0,Other
llama,gen_2,98,useStlAlgorithm,style,398.0,Other
llama,gen_2,139,negativeIndex,error,786.0,Other
llama,gen_2,101,useStlAlgorithm,style,398.0,Other
llama,gen_2,168,arrayIndexThenCheck,style,398.0,Other
llama,gen_2,193,duplicateBranch,style,398.0,Other
llama,gen_2,193,duplicateBranch,style,398.0,Other
llama,gen_2,193,constVariableReference,style,398.0,Other
llama,gen_2,193,constVariableReference,style,398.0,Other
llama,gen_2,193,stlFindInsert,performance,398.0,Other
llama,gen_2,193,stlFindInsert,performance,398.0,Other
llama,gen_2,51,useStlAlgorithm,style,398.0,Other
llama,gen_2,142,useStlAlgorithm,style,398.0,Other
llama,gen_2,142,unreadVariable,style,563.0,Other
llama,gen_2,142,unreadVariable,style,563.0,Other
llama,gen_2,142,unreadVariable,style,563.0,Other
llama,gen_2,142,unreadVariable,style,563.0,Other
llama,gen_2,109,uninitvar,warning,457.0,Null / Initialization
llama,gen_2,109,uninitvar,warning,457.0,Null / Initialization
llama,gen_2,240,useStlAlgorithm,style,398.0,Other
llama,gen_2,170,invalidContainerLoop,error,664.0,Other
llama,gen_2,170,invalidContainerLoop,error,664.0,Other
llama,gen_2,170,invalidContainerLoop,error,664.0,Other
llama,gen_2,232,useStlAlgorithm,style,398.0,Other
llama,gen_2,232,useStlAlgorithm,style,398.0,Other
llama,gen_2,232,unreadVariable,style,563.0,Other
llama,gen_2,232,unusedVariable,style,563.0,Other
llama,gen_2,102,variableScope,style,398.0,Other
llama,gen_2,102,variableScope,style,398.0,Other
llama,gen_2,102,unreadVariable,style,563.0,Other
llama,gen_2,102,unreadVariable,style,563.0,Other
llama,gen_2,148,unreadVariable,style,563.0,Other
llama,gen_2,148,unreadVariable,style,563.0,Other
llama,gen_2,120,unreadVariable,style,563.0,Other
llama,gen_2,120,unreadVariable,style,563.0,Other
llama,gen_2,120,unreadVariable,style,563.0,Other
llama,gen_2,120,unreadVariable,style,563.0,Other
llama,gen_2,44,uninitvar,warning,457.0,Null / Initialization
llama,gen_2,44,uninitvar,warning,457.0,Null / Initialization
llama,gen_2,80,unreadVariable,style,563.0,Other
llama,gen_2,80,unreadVariable,style,563.0,Other
llama,gen_2,80,unreadVariable,style,563.0,Other
llama,gen_2,40,invalidContainer,error,664.0,Other
llama,gen_2,36,useStlAlgorithm,style,398.0,Other
llama,gen_2,36,useStlAlgorithm,style,398.0,Other
llama,gen_2,280,variableScope,style,398.0,Other
llama,gen_2,149,useStlAlgorithm,style,398.0,Other
llama,gen_2,70,incompleteArrayFill,portability,131.0,Other
llama,gen_2,70,constVariableReference,style,398.0,Other
llama,gen_2,39,shadowVariable,style,398.0,Other
llama,gen_2,39,useStlAlgorithm,style,398.0,Other
llama,gen_2,121,constVariableReference,style,398.0,Other
llama,gen_2,42,truncLongCastAssignment,style,197.0,Other
llama,gen_2,86,unreadVariable,style,563.0,Other
llama,gen_2,86,unreadVariable,style,563.0,Other
llama,gen_2,183,constVariableReference,style,398.0,Other
llama,gen_2,183,constVariableReference,style,398.0,Other
llama,gen_2,183,useStlAlgorithm,style,398.0,Other
llama,gen_2,183,useStlAlgorithm,style,398.0,Other
llama,gen_2,231,passedByValue,performance,398.0,Other
llama,gen_2,231,useStlAlgorithm,style,398.0,Other
llama,gen_2,231,useStlAlgorithm,style,398.0,Other
llama,gen_2,216,syntaxError,error,,Other
llama,gen_2,49,iterateByValue,performance,398.0,Other
llama,gen_2,49,unreadVariable,style,563.0,Other
llama,gen_2,49,unreadVariable,style,563.0,Other
llama,gen_2,67,shadowVariable,style,398.0,Other
llama,gen_2,235,unreadVariable,style,563.0,Other
llama,gen_2,235,unreadVariable,style,563.0,Other
llama,gen_2,34,shiftTooManyBits,error,758.0,Logic / Undefined Behavior
llama,gen_2,92,useStlAlgorithm,style,398.0,Other
llama,gen_2,110,unusedVariable,style,563.0,Other
llama,gen_2,185,shadowVariable,style,398.0,Other
llama,gen_2,185,shadowVariable,style,398.0,Other
llama,gen_2,185,useStlAlgorithm,style,398.0,Other
llama,gen_2,214,constVariable,style,398.0,Other
llama,gen_2,62,constParameterReference,style,398.0,Other
llama,gen_2,249,unreadVariable,style,563.0,Other
llama,gen_2,249,unreadVariable,style,563.0,Other
llama,gen_2,249,unreadVariable,style,563.0,Other
llama,gen_2,249,unreadVariable,style,563.0,Other
llama,gen_2,249,unreadVariable,style,563.0,Other
llama,gen_2,249,unreadVariable,style,563.0,Other
llama,gen_2,45,multiCondition,style,398.0,Other
llama,gen_2,45,multiCondition,style,398.0,Other
llama,gen_2,45,multiCondition,style,398.0,Other
llama,gen_2,45,multiCondition,style,398.0,Other
llama,gen_2,187,useStlAlgorithm,style,398.0,Other
llama,gen_2,147,useStlAlgorithm,style,398.0,Other
llama,gen_2,147,unreadVariable,style,563.0,Other
llama,gen_2,41,shadowVariable,style,398.0,Other
llama,gen_2,173,iterateByValue,performance,398.0,Other
llama,gen_2,22,useStlAlgorithm,style,398.0,Other
llama,gen_2,268,invalidscanf,warning,119.0,Memory Safety
