model,generation,instruction_id,error_id,severity,cwe
human,soln1,0113,unusedVariable,style,563
human,soln1,0113,unusedVariable,style,563
human,soln1,0171,variableScope,style,398
human,soln1,0171,shadowVariable,style,398
human,soln1,0171,shadowVariable,style,398
human,soln1,0171,useStlAlgorithm,style,398
human,soln1,0171,uninitvar,warning,457
human,soln1,0171,legacyUninitvar,error,457
human,soln1,0171,unreadVariable,style,563
human,soln1,0171,unreadVariable,style,563
human,soln1,0009,shadowVariable,style,398
human,soln1,0009,shadowVariable,style,398
human,soln1,0234,shadowVariable,style,398
human,soln1,0201,unpreciseMathCall,style,758
human,soln1,0201,shadowVariable,style,398
human,soln1,0142,invalidscanf,warning,119
human,soln1,0115,variableScope,style,398
human,soln1,0115,variableScope,style,398
human,soln1,0133,useStlAlgorithm,style,398
human,soln1,0133,useStlAlgorithm,style,398
human,soln1,0133,postfixOperator,performance,398
human,soln1,0133,postfixOperator,performance,398
human,soln1,0266,variableScope,style,398
human,soln1,0266,variableScope,style,398
human,soln1,0266,unreadVariable,style,563
human,soln1,0266,unusedVariable,style,563
human,soln1,0266,unreadVariable,style,563
human,soln1,0266,unreadVariable,style,563
human,soln1,0026,getsCalled,warning,477
human,soln1,0199,invalidscanf,warning,119
human,soln1,0209,variableScope,style,398
human,soln1,0209,variableScope,style,398
human,soln1,0159,danglingLifetime,error,562
human,soln1,0159,uninitMemberVar,warning,398
human,soln1,0159,functionStatic,style,398
human,soln1,0159,noExplicitConstructor,style,398
human,soln1,0159,useStlAlgorithm,style,398
human,soln1,0181,uninitvar,warning,457
human,soln1,0181,uninitvar,warning,457
human,soln1,0212,variableScope,style,398
human,soln1,0261,shadowVariable,style,398
human,soln1,0261,shadowVariable,style,398
human,soln1,0261,shadowVariable,style,398
human,soln1,0261,constVariableReference,style,398
human,soln1,0261,unreadVariable,style,563
human,soln1,0129,functionConst,style,398
human,soln1,0129,noExplicitConstructor,style,398
human,soln1,0105,arrayIndexThenCheck,style,398
human,soln1,0105,arrayIndexThenCheck,style,398
human,soln1,0105,arrayIndexThenCheck,style,398
human,soln1,0105,arrayIndexThenCheck,style,398
human,soln1,0105,shadowVariable,style,398
human,soln1,0157,useInitializationList,performance,398
human,soln1,0157,useInitializationList,performance,398
human,soln1,0157,functionConst,style,398
human,soln1,0157,constParameterReference,style,398
human,soln1,0157,constVariable,style,398
human,soln1,0041,knownConditionTrueFalse,style,571
human,soln1,0163,uninitMemberVar,warning,398
human,soln1,0163,uninitMemberVar,warning,398
human,soln1,0163,uninitMemberVar,warning,398
human,soln1,0163,uninitMemberVar,warning,398
human,soln1,0163,uninitMemberVar,warning,398
human,soln1,0163,invalidscanf,warning,119
human,soln1,0163,passedByValue,performance,398
human,soln1,0163,passedByValue,performance,398
human,soln1,0012,functionConst,style,398
human,soln1,0012,noExplicitConstructor,style,398
human,soln1,0076,compareValueOutOfTypeRangeError,style,398
human,soln1,0076,shadowVariable,style,398
human,soln1,0134,functionStatic,style,398
human,soln1,0022,variableScope,style,398
human,soln1,0245,uninitMemberVar,warning,398
human,soln1,0245,uninitMemberVar,warning,398
human,soln1,0245,uninitMemberVar,warning,398
human,soln1,0245,uninitMemberVar,warning,398
human,soln1,0245,knownConditionTrueFalse,style,571
human,soln1,0245,constParameterReference,style,398
human,soln1,0161,useStlAlgorithm,style,398
human,soln1,0126,unusedVariable,style,563
human,soln1,0024,variableScope,style,398
human,soln1,0024,variableScope,style,398
human,soln1,0024,variableScope,style,398
human,soln1,0205,invalidscanf,warning,119
human,soln1,0205,shadowVariable,style,398
human,soln1,0168,constParameterReference,style,398
human,soln1,0190,passedByValue,performance,398
human,soln1,0187,shadowVariable,style,398
human,soln1,0187,constVariableReference,style,398
human,soln1,0187,uninitvar,warning,457
human,soln1,0187,uninitvar,warning,457
human,soln1,0172,useStlAlgorithm,style,398
human,soln1,0172,unreadVariable,style,563
human,soln1,0172,unreadVariable,style,563
human,soln1,0254,unreadVariable,style,563
human,soln1,0254,unreadVariable,style,563
human,soln1,0254,unreadVariable,style,563
human,soln1,0254,unreadVariable,style,563
human,soln1,0216,getsCalled,warning,477
human,soln1,0216,getsCalled,warning,477
human,soln1,0249,knownConditionTrueFalse,style,571
human,soln1,0249,knownConditionTrueFalse,style,571
human,soln1,0249,variableScope,style,398
human,soln1,0249,unreadVariable,style,563
human,soln1,0249,unreadVariable,style,563
human,soln1,0046,invalidscanf,warning,119
human,soln1,0046,invalidscanf,warning,119
human,soln1,0272,shadowVariable,style,398
human,soln1,0247,noExplicitConstructor,style,398
human,soln1,0247,useStlAlgorithm,style,398
human,soln1,0200,shadowVariable,style,398
human,soln1,0243,uninitMemberVar,warning,398
human,soln1,0243,uninitMemberVar,warning,398
human,soln1,0243,uninitMemberVar,warning,398
human,soln1,0243,uninitMemberVar,warning,398
human,soln1,0243,uninitMemberVar,warning,398
human,soln1,0243,variableScope,style,398
human,soln1,0243,constVariableReference,style,398
human,soln1,0125,useStlAlgorithm,style,398
human,soln1,0027,internalAstError,error,
human,soln1,0150,arrayIndexOutOfBoundsCond,warning,788
human,soln1,0071,uninitMemberVar,warning,398
human,soln1,0071,uninitMemberVar,warning,398
human,soln1,0071,uninitMemberVar,warning,398
human,soln1,0071,uninitMemberVar,warning,398
human,soln1,0071,uninitMemberVar,warning,398
human,soln1,0071,noExplicitConstructor,style,398
human,soln1,0102,uninitMemberVar,warning,398
human,soln1,0102,shadowVariable,style,398
human,soln1,0179,passedByValue,performance,398
human,soln1,0179,useStlAlgorithm,style,398
human,soln1,0179,unusedVariable,style,563
human,soln1,0179,unusedVariable,style,563
human,soln1,0179,unusedVariable,style,563
human,soln1,0179,unusedVariable,style,563
human,soln1,0179,unusedVariable,style,563
human,soln1,0029,constVariableReference,style,398
human,soln1,0029,constVariableReference,style,398
human,soln1,0029,constVariableReference,style,398
human,soln1,0029,constVariableReference,style,398
human,soln1,0274,variableScope,style,398
human,soln1,0274,variableScope,style,398
human,soln1,0274,shiftNegativeLHS,portability,758
human,soln1,0274,shiftNegativeLHS,portability,758
human,soln1,0274,shiftNegativeLHS,portability,758
human,soln1,0055,iterateByValue,performance,398
human,soln1,0055,useStlAlgorithm,style,398
human,soln1,0035,uninitMemberVar,warning,398
human,soln1,0035,functionConst,style,398
human,soln1,0035,noExplicitConstructor,style,398
human,soln1,0035,shadowVariable,style,398
human,soln1,0035,shadowVariable,style,398
human,soln1,0035,shadowVariable,style,398
human,soln1,0035,unreadVariable,style,563
human,soln1,0035,unreadVariable,style,563
human,soln1,0035,unreadVariable,style,563
human,soln1,0222,invalidscanf,warning,119
human,soln1,0222,invalidscanf,warning,119
human,soln1,0222,shadowVariable,style,398
human,soln1,0222,shadowVariable,style,398
human,soln1,0073,noExplicitConstructor,style,398
human,soln1,0073,constVariableReference,style,398
human,soln1,0073,constVariableReference,style,398
human,soln1,0073,useStlAlgorithm,style,398
human,soln1,0053,uninitvar,warning,457
human,soln1,0053,legacyUninitvar,error,457
human,soln1,0039,constParameterReference,style,398
human,soln1,0025,constVariablePointer,style,398
human,soln1,0101,containerOutOfBounds,error,398
human,soln1,0242,shadowVariable,style,398
human,soln1,0242,shadowVariable,style,398
human,soln1,0242,passedByValue,performance,398
human,soln1,0242,passedByValue,performance,398
human,soln1,0242,useStlAlgorithm,style,398
human,soln1,0242,unreadVariable,style,563
human,soln1,0244,invalidscanf,warning,119
human,soln1,0130,shadowVariable,style,398
human,soln1,0040,shadowVariable,style,398
human,soln1,0040,useStlAlgorithm,style,398
human,soln1,0235,shadowVariable,style,398
human,soln1,0138,postfixOperator,performance,398
human,soln1,0138,postfixOperator,performance,398
human,soln1,0138,postfixOperator,performance,398
human,soln1,0138,postfixOperator,performance,398
human,soln1,0057,invalidscanf,warning,119
human,soln1,0100,ignoredReturnValue,warning,252
human,soln1,0100,ignoredReturnValue,warning,252
human,soln1,0100,noExplicitConstructor,style,398
human,soln1,0100,selfAssignment,style,398
human,soln1,0100,selfAssignment,style,398
human,soln1,0100,shadowVariable,style,398
human,soln1,0100,passedByValue,performance,398
human,soln1,0100,passedByValue,performance,398
human,soln1,0100,constVariablePointer,style,398
human,soln1,0049,shadowVariable,style,398
human,soln1,0049,constVariablePointer,style,398
human,soln1,0000,shadowVariable,style,398
human,soln1,0000,useStlAlgorithm,style,398
human,soln1,0260,useStlAlgorithm,style,398
human,soln1,0098,constVariablePointer,style,398
human,soln1,0019,knownConditionTrueFalse,style,571
human,soln1,0156,invalidscanf,warning,119
human,soln1,0156,unreadVariable,style,563
human,soln1,0156,unreadVariable,style,563
human,soln1,0075,useStlAlgorithm,style,398
human,soln1,0140,constVariableReference,style,398
human,soln1,0175,variableScope,style,398
human,soln1,0175,constStatement,warning,398
human,soln1,0175,passedByValue,performance,398
human,soln1,0175,passedByValue,performance,398
human,soln1,0002,useStlAlgorithm,style,398
human,soln1,0224,shadowVariable,style,398
human,soln1,0224,shadowVariable,style,398
human,soln1,0248,noExplicitConstructor,style,398
human,soln1,0213,constParameterReference,style,398
human,soln1,0136,shadowVariable,style,398
human,soln1,0015,useStlAlgorithm,style,398
human,soln1,0139,incompleteArrayFill,portability,131
human,soln1,0117,variableScope,style,398
human,soln1,0117,variableScope,style,398
human,soln1,0117,variableScope,style,398
human,soln1,0214,uninitMemberVar,warning,398
human,soln1,0214,uninitMemberVar,warning,398
human,soln1,0214,postfixOperator,performance,398
human,soln1,0214,postfixOperator,performance,398
human,soln1,0124,unreadVariable,style,563
human,soln1,0246,functionConst,style,398
human,soln1,0246,noExplicitConstructor,style,398
human,soln1,0246,invalidscanf,warning,119
human,soln1,0246,shadowVariable,style,398
human,soln1,0182,arrayIndexThenCheck,style,398
human,soln1,0182,invalidPrintfArgType_sint,warning,686
human,soln1,0182,invalidscanf,warning,119
human,soln1,0227,constVariable,style,398
human,soln1,0003,uninitMemberVar,warning,398
human,soln1,0003,uninitMemberVar,warning,398
human,soln1,0003,constVariablePointer,style,398
human,soln1,0003,constVariablePointer,style,398
human,soln1,0003,constVariablePointer,style,398
human,soln1,0047,knownConditionTrueFalse,style,570
human,soln1,0255,redundantAssignment,style,563
human,soln1,0253,unreadVariable,style,563
human,soln1,0253,unreadVariable,style,563
human,soln1,0005,variableScope,style,398
human,soln1,0038,functionConst,style,398
human,soln1,0038,noExplicitConstructor,style,398
human,soln1,0038,shadowVariable,style,398
human,soln1,0038,shadowVariable,style,398
human,soln1,0038,unreadVariable,style,563
human,soln1,0038,unreadVariable,style,563
human,soln1,0070,functionConst,style,398
human,soln1,0070,noExplicitConstructor,style,398
human,soln1,0070,noExplicitConstructor,style,398
human,soln1,0070,constParameterReference,style,398
human,soln1,0070,constParameterReference,style,398
human,soln1,0070,unreadVariable,style,563
human,soln1,0257,knownConditionTrueFalse,style,571
human,soln1,0257,zerodiv,error,369
human,soln1,0257,zerodiv,error,369
human,soln1,0014,memsetValueOutOfRange,warning,686
human,soln1,0014,memsetValueOutOfRange,warning,686
human,soln1,0014,incompleteArrayFill,portability,131
human,soln1,0095,incompleteArrayFill,portability,131
human,soln1,0095,incompleteArrayFill,portability,131
human,soln1,0095,uninitvar,warning,457
human,soln1,0127,unusedVariable,style,563
human,soln1,0109,noExplicitConstructor,style,398
human,soln1,0109,noExplicitConstructor,style,398
human,soln1,0109,noExplicitConstructor,style,398
human,soln1,0109,noExplicitConstructor,style,398
human,soln1,0109,invalidscanf,warning,119
human,soln1,0109,variableScope,style,398
human,soln1,0109,shadowVariable,style,398
human,soln1,0109,shadowVariable,style,398
human,soln1,0109,passedByValue,performance,398
human,soln1,0109,passedByValue,performance,398
human,soln1,0109,passedByValue,performance,398
human,soln1,0109,passedByValue,performance,398
human,soln1,0109,passedByValue,performance,398
human,soln1,0109,passedByValue,performance,398
human,soln1,0008,arrayIndexOutOfBoundsCond,warning,788
human,soln1,0008,functionConst,style,398
human,soln1,0008,knownConditionTrueFalse,style,571
human,soln1,0008,variableScope,style,398
human,soln1,0008,variableScope,style,398
human,soln1,0008,uninitvar,warning,457
human,soln1,0008,unusedVariable,style,563
human,soln1,0146,variableScope,style,398
human,soln1,0056,unusedVariable,style,563
human,soln1,0056,unusedVariable,style,563
human,soln1,0056,unusedVariable,style,563
human,soln1,0067,uninitMemberVar,warning,398
human,soln1,0067,uninitMemberVar,warning,398
human,soln1,0004,variableScope,style,398
human,soln1,0004,variableScope,style,398
human,soln1,0028,getsCalled,warning,477
human,soln1,0028,getsCalled,warning,477
human,soln1,0011,invalidscanf,warning,119
human,soln1,0208,uninitMemberVar,warning,398
human,soln1,0208,uninitMemberVar,warning,398
human,soln1,0237,variableScope,style,398
human,soln1,0237,variableScope,style,398
human,soln1,0237,variableScope,style,398
human,soln1,0037,unusedVariable,style,563
human,soln1,0037,unusedVariable,style,563
human,soln1,0021,noExplicitConstructor,style,398
human,soln1,0021,shadowVariable,style,398
human,soln1,0021,useStlAlgorithm,style,398
human,soln1,0188,unreadVariable,style,563
human,soln1,0188,unreadVariable,style,563
human,soln1,0188,unreadVariable,style,563
human,soln1,0188,unreadVariable,style,563
human,soln1,0122,noExplicitConstructor,style,398
human,soln1,0122,passedByValue,performance,398
human,soln1,0122,constParameterReference,style,398
human,soln1,0122,constParameterReference,style,398
human,soln1,0122,constParameterReference,style,398
human,soln1,0080,passedByValue,performance,398
human,soln1,0080,passedByValue,performance,398
human,soln1,0080,passedByValue,performance,398
human,soln1,0048,useStlAlgorithm,style,398
human,soln1,0079,cstyleCast,style,398
human,soln1,0079,cstyleCast,style,398
human,soln1,0079,unreadVariable,style,563
human,soln1,0079,unreadVariable,style,563
human,soln1,0269,constParameter,style,398
human,soln1,0137,missingReturn,error,758
human,soln1,0137,invalidscanf,warning,119
human,soln1,0263,shadowVariable,style,398
human,soln1,0061,uninitvar,warning,457
human,soln1,0120,shadowVariable,style,398
human,soln1,0107,unreadVariable,style,563
human,soln1,0107,unreadVariable,style,563
human,soln1,0206,invalidscanf,warning,119
human,soln1,0256,shadowVariable,style,398
human,soln1,0256,uninitvar,warning,457
human,soln1,0256,uninitvar,warning,457
human,soln1,0256,unusedStructMember,style,563
human,soln1,0256,unusedStructMember,style,563
human,soln1,0256,unusedStructMember,style,563
human,soln1,0010,shadowVariable,style,398
human,soln1,0010,passedByValue,performance,398
human,soln1,0010,passedByValue,performance,398
human,soln1,0010,constParameterPointer,style,398
human,soln1,0085,useStlAlgorithm,style,398
human,soln1,0090,unusedVariable,style,563
human,soln1,0097,useStlAlgorithm,style,398
human,soln1,0267,invalidScanfArgType_int,warning,686
human,soln1,0267,invalidScanfArgType_int,warning,686
human,soln1,0147,ignoredReturnValue,warning,252
human,soln1,0147,passedByValue,performance,398
human,soln1,0147,passedByValue,performance,398
human,soln1,0147,passedByValue,performance,398
human,soln1,0147,passedByValue,performance,398
human,soln1,0147,useStlAlgorithm,style,398
human,soln1,0237,uninitMemberVar,warning,398
human,soln1,0237,uninitMemberVar,warning,398
human,soln1,0237,functionStatic,style,398
human,soln1,0237,noExplicitConstructor,style,398
human,soln1,0237,variableScope,style,398
human,soln1,0237,variableScope,style,398
human,soln1,0237,variableScope,style,398
human,soln1,0237,shadowVariable,style,398
human,soln1,0237,unusedStructMember,style,563
human,soln1,0237,unusedStructMember,style,563
human,soln1,0237,unusedStructMember,style,563
human,soln1,0269,uninitvar,warning,457
human,soln1,0132,unreadVariable,style,563
human,soln1,0132,unreadVariable,style,563
human,soln1,0225,getsCalled,warning,477
human,soln1,0225,getsCalled,warning,477
human,soln1,0115,uninitMemberVar,warning,398
human,soln1,0115,uninitMemberVar,warning,398
human,soln1,0115,uninitMemberVar,warning,398
human,soln1,0115,shadowVariable,style,398
human,soln1,0115,shadowVariable,style,398
human,soln1,0115,shadowVariable,style,398
human,soln1,0235,iterateByValue,performance,398
human,soln1,0235,unreadVariable,style,563
human,soln1,0235,unreadVariable,style,563
human,soln1,0235,unreadVariable,style,563
human,soln1,0235,unreadVariable,style,563
human,soln1,0235,unreadVariable,style,563
human,soln1,0235,unreadVariable,style,563
human,soln1,0235,unreadVariable,style,563
human,soln1,0235,unreadVariable,style,563
human,soln1,0231,invalidscanf,warning,119
human,soln1,0231,unusedVariable,style,563
human,soln1,0231,unusedVariable,style,563
human,soln1,0069,variableScope,style,398
human,soln1,0184,shadowVariable,style,398
human,soln1,0184,constVariable,style,398
human,soln1,0184,constVariable,style,398
human,soln1,0276,useStlAlgorithm,style,398
human,soln1,0162,constVariableReference,style,398
human,soln1,0087,functionConst,style,398
human,soln1,0087,functionConst,style,398
human,soln1,0087,functionStatic,style,398
human,soln1,0038,unreadVariable,style,563
human,soln1,0038,unreadVariable,style,563
human,soln1,0161,duplicateCondition,style,398
human,soln1,0248,shadowVariable,style,398
human,soln1,0062,unusedVariable,style,563
human,soln1,0062,unusedVariable,style,563
human,soln1,0075,useStlAlgorithm,style,398
human,soln1,0148,unusedVariable,style,563
human,soln1,0256,unusedVariable,style,563
human,soln1,0027,invalidscanf,warning,119
human,soln1,0027,invalidscanf,warning,119
human,soln1,0233,useStlAlgorithm,style,398
human,soln1,0233,useStlAlgorithm,style,398
human,soln1,0016,shadowVariable,style,398
human,soln1,0016,constVariablePointer,style,398
human,soln1,0265,assertWithSideEffect,warning,398
human,soln1,0265,leakNoVarFunctionCall,error,772
human,soln1,0265,leakNoVarFunctionCall,error,772
human,soln1,0265,variableScope,style,398
human,soln1,0100,invalidscanf,warning,119
human,soln1,0158,shadowVariable,style,398
human,soln1,0158,shadowVariable,style,398
human,soln1,0158,unusedVariable,style,563
human,soln1,0006,uninitMemberVar,warning,398
human,soln1,0006,uninitMemberVar,warning,398
human,soln1,0242,uninitMemberVar,warning,398
human,soln1,0242,uninitMemberVar,warning,398
human,soln1,0242,functionConst,style,398
human,soln1,0242,functionConst,style,398
human,soln1,0242,duplicateAssignExpression,style,398
human,soln1,0242,constParameterPointer,style,398
human,soln1,0242,postfixOperator,performance,398
human,soln1,0242,postfixOperator,performance,398
human,soln1,0121,noCopyConstructor,warning,398
human,soln1,0121,noOperatorEq,warning,398
human,soln1,0121,noExplicitConstructor,style,398
human,soln1,0121,funcArgNamesDifferent,style,628
human,soln1,0249,knownConditionTrueFalse,style,570
human,soln1,0249,passedByValue,performance,398
human,soln1,0064,incrementboolean,style,398
human,soln1,0129,shadowVariable,style,398
human,soln1,0129,shadowVariable,style,398
human,soln1,0026,shadowVariable,style,398
human,soln1,0251,selfAssignment,style,398
human,soln1,0082,ignoredReturnValue,warning,252
human,soln1,0082,ignoredReturnValue,warning,252
human,soln1,0082,leakNoVarFunctionCall,error,772
human,soln1,0066,shadowVariable,style,398
human,soln1,0066,shadowVariable,style,398
human,soln1,0066,shadowVariable,style,398
human,soln1,0066,shadowVariable,style,398
human,soln1,0066,useStlAlgorithm,style,398
human,soln1,0066,unusedStructMember,style,563
human,soln1,0066,unusedStructMember,style,563
human,soln1,0066,unusedStructMember,style,563
human,soln1,0066,unusedStructMember,style,563
human,soln1,0066,unusedStructMember,style,563
human,soln1,0066,unusedStructMember,style,563
human,soln1,0066,unusedStructMember,style,563
human,soln1,0066,unusedStructMember,style,563
human,soln1,0066,unusedStructMember,style,563
human,soln1,0201,functionConst,style,398
human,soln1,0201,functionConst,style,398
human,soln1,0201,functionConst,style,398
human,soln1,0201,functionConst,style,398
human,soln1,0201,functionConst,style,398
human,soln1,0201,functionConst,style,398
human,soln1,0201,functionConst,style,398
human,soln1,0201,noExplicitConstructor,style,398
human,soln1,0201,variableScope,style,398
human,soln1,0201,variableScope,style,398
human,soln1,0201,variableScope,style,398
human,soln1,0201,variableScope,style,398
human,soln1,0201,passedByValue,performance,398
human,soln1,0201,passedByValue,performance,398
human,soln1,0201,passedByValue,performance,398
human,soln1,0201,passedByValue,performance,398
human,soln1,0201,passedByValue,performance,398
human,soln1,0201,passedByValue,performance,398
human,soln1,0201,passedByValue,performance,398
human,soln1,0201,constParameterReference,style,398
human,soln1,0201,constParameterReference,style,398
human,soln1,0201,constParameterReference,style,398
human,soln1,0201,constParameterReference,style,398
human,soln1,0201,constParameterReference,style,398
human,soln1,0201,constParameterReference,style,398
human,soln1,0201,constParameterReference,style,398
human,soln1,0201,constVariableReference,style,398
human,soln1,0201,constVariableReference,style,398
human,soln1,0201,constVariableReference,style,398
human,soln1,0145,invalidscanf,warning,119
human,soln1,0145,variableScope,style,398
human,soln1,0145,variableScope,style,398
human,soln1,0145,variableScope,style,398
human,soln1,0145,variableScope,style,398
human,soln1,0077,passedByValueCallback,performance,398
human,soln1,0077,passedByValueCallback,performance,398
human,soln1,0089,uninitMemberVar,warning,398
human,soln1,0089,noExplicitConstructor,style,398
human,soln1,0089,passedByValue,performance,398
human,soln1,0089,passedByValue,performance,398
human,soln1,0089,useStlAlgorithm,style,398
human,soln1,0089,unreadVariable,style,563
human,soln1,0140,useStlAlgorithm,style,398
human,soln1,0114,internalAstError,error,
human,soln1,0259,unreadVariable,style,563
human,soln1,0023,useStlAlgorithm,style,398
human,soln1,0258,constVariableReference,style,398
human,soln1,0025,useStlAlgorithm,style,398
human,soln1,0013,useStlAlgorithm,style,398
human,soln1,0261,variableScope,style,398
human,soln1,0044,shadowVariable,style,398
human,soln1,0044,shadowVariable,style,398
human,soln1,0044,shadowVariable,style,398
human,soln1,0044,unusedVariable,style,563
human,soln1,0044,unusedVariable,style,563
human,soln1,0044,unusedVariable,style,563
human,soln1,0044,unusedVariable,style,563
human,soln1,0035,variableScope,style,398
human,soln1,0035,variableScope,style,398
human,soln1,0035,variableScope,style,398
human,soln1,0035,variableScope,style,398
human,soln1,0081,unreadVariable,style,563
human,soln1,0081,unreadVariable,style,563
human,soln1,0081,unreadVariable,style,563
human,soln1,0081,unreadVariable,style,563
human,soln1,0081,unreadVariable,style,563
human,soln1,0081,unusedVariable,style,563
human,soln1,0081,unusedVariable,style,563
human,soln1,0081,unusedVariable,style,563
human,soln1,0081,unreadVariable,style,563
human,soln1,0081,unreadVariable,style,563
human,soln1,0081,unreadVariable,style,563
human,soln1,0081,unreadVariable,style,563
human,soln1,0081,unreadVariable,style,563
human,soln1,0081,unusedVariable,style,563
human,soln1,0081,unusedVariable,style,563
human,soln1,0135,invalidscanf,warning,119
human,soln1,0151,getsCalled,warning,477
human,soln1,0151,variableScope,style,398
human,soln1,0101,clarifyCalculation,style,783
human,soln1,0174,shadowVariable,style,398
human,soln1,0174,shadowVariable,style,398
human,soln1,0007,arrayIndexThenCheck,style,398
human,soln1,0200,functionConst,style,398
human,soln1,0200,noExplicitConstructor,style,398
human,soln1,0093,useStlAlgorithm,style,398
human,soln1,0093,useStlAlgorithm,style,398
human,soln1,0119,functionConst,style,398
human,soln1,0119,shadowVariable,style,398
human,soln1,0119,shadowVariable,style,398
human,soln1,0119,shadowVariable,style,398
human,soln1,0119,useStlAlgorithm,style,398
human,soln1,0232,variableScope,style,398
human,soln1,0232,useStlAlgorithm,style,398
human,soln1,0232,uninitvar,warning,457
human,soln1,0232,unreadVariable,style,563
human,soln1,0232,unusedVariable,style,563
human,soln1,0232,unusedVariable,style,563
human,soln1,0232,unusedVariable,style,563
human,soln1,0232,unusedVariable,style,563
human,soln1,0232,unusedVariable,style,563
human,soln1,0232,unusedVariable,style,563
human,soln1,0232,unusedVariable,style,563
human,soln1,0232,unusedVariable,style,563
human,soln1,0232,unusedVariable,style,563
human,soln1,0232,unusedVariable,style,563
human,soln1,0232,unreadVariable,style,563
human,soln1,0144,arrayIndexOutOfBounds,error,788
human,soln1,0144,incompleteArrayFill,portability,131
human,soln1,0144,uninitvar,warning,457
human,soln1,0144,unreadVariable,style,563
human,soln1,0144,unreadVariable,style,563
human,soln1,0144,unreadVariable,style,563
human,soln1,0144,unreadVariable,style,563
human,soln1,0055,shadowVariable,style,398
human,soln1,0055,unusedVariable,style,563
human,soln1,0170,functionStatic,style,398
human,soln1,0170,shadowVariable,style,398
human,soln1,0170,shiftTooManyBitsSigned,portability,758
human,soln1,0196,knownConditionTrueFalse,style,571
human,soln1,0196,knownConditionTrueFalse,style,571
human,soln1,0196,knownConditionTrueFalse,style,571
human,soln1,0196,constVariableReference,style,398
human,soln1,0228,shadowVariable,style,398
human,soln1,0112,arrayIndexOutOfBounds,error,788
human,soln1,0112,arrayIndexOutOfBounds,error,788
human,soln1,0076,shadowVariable,style,398
human,soln1,0076,shadowVariable,style,398
human,soln1,0076,unreadVariable,style,563
human,soln1,0076,unreadVariable,style,563
human,soln1,0076,unreadVariable,style,563
human,soln1,0076,unreadVariable,style,563
human,soln1,0076,unusedVariable,style,563
human,soln1,0120,constVariableReference,style,398
human,soln1,0120,unreadVariable,style,563
human,soln1,0142,knownConditionTrueFalse,style,571
human,soln1,0142,passedByValue,performance,398
human,soln1,0142,passedByValue,performance,398
human,soln1,0142,iterateByValue,performance,398
human,soln1,0142,iterateByValue,performance,398
human,soln1,0142,useStlAlgorithm,style,398
human,soln1,0142,useStlAlgorithm,style,398
human,soln1,0061,passedByValue,performance,398
human,soln1,0061,passedByValue,performance,398
human,soln1,0061,constVariableReference,style,398
human,soln1,0061,constVariableReference,style,398
human,soln1,0061,constVariableReference,style,398
human,soln1,0111,constVariable,style,398
human,soln1,0157,passedByValue,performance,398
human,soln1,0157,passedByValue,performance,398
human,soln1,0273,shadowVariable,style,398
human,soln1,0273,constVariablePointer,style,398
human,soln1,0084,shadowVariable,style,398
human,soln1,0084,shadowVariable,style,398
human,soln1,0084,shadowVariable,style,398
human,soln1,0175,uselessAssignmentArg,style,398
human,soln1,0175,uselessAssignmentArg,style,398
human,soln1,0175,invalidscanf,warning,119
human,soln1,0175,unreadVariable,style,563
human,soln1,0175,unreadVariable,style,563
human,soln1,0175,unreadVariable,style,563
human,soln1,0173,variableScope,style,398
human,soln1,0173,incompleteArrayFill,portability,131
human,soln1,0227,useStlAlgorithm,style,398
human,soln1,0227,useStlAlgorithm,style,398
human,soln1,0116,passedByValue,performance,398
human,soln1,0116,passedByValue,performance,398
human,soln1,0116,passedByValue,performance,398
human,soln1,0182,bitwiseOnBoolean,style,398
human,soln1,0182,clarifyCondition,style,398
human,soln1,0182,variableScope,style,398
human,soln1,0182,variableScope,style,398
human,soln1,0182,variableScope,style,398
human,soln1,0250,unusedVariable,style,563
human,soln1,0250,unusedVariable,style,563
human,soln1,0083,constVariable,style,398
human,soln1,0083,constVariable,style,398
human,soln1,0169,noExplicitConstructor,style,398
human,soln1,0169,shadowVariable,style,398
human,soln1,0152,constParameterPointer,style,398
human,soln1,0152,constParameterPointer,style,398
human,soln1,0224,knownConditionTrueFalse,style,570
human,soln1,0224,uninitvar,warning,457
human,soln1,0224,uninitvar,warning,457
human,soln1,0171,useStlAlgorithm,style,398
human,soln1,0124,functionConst,style,398
human,soln1,0124,functionConst,style,398
human,soln1,0124,shadowVariable,style,398
human,soln1,0179,ignoredReturnValue,warning,252
human,soln1,0179,ignoredReturnValue,warning,252
human,soln1,0118,variableScope,style,398
human,soln1,0118,constVariableReference,style,398
human,soln1,0198,functionConst,style,398
human,soln1,0198,functionConst,style,398
human,soln1,0198,useStlAlgorithm,style,398
human,soln1,0198,useStlAlgorithm,style,398
human,soln1,0198,useStlAlgorithm,style,398
human,soln1,0014,unreadVariable,style,563
human,soln1,0014,unusedVariable,style,563
human,soln1,0014,unusedVariable,style,563
human,soln1,0014,unreadVariable,style,563
human,soln1,0252,knownConditionTrueFalse,style,570
human,soln1,0252,invalidscanf,warning,119
human,soln1,0252,useStlAlgorithm,style,398
human,soln1,0155,shadowVariable,style,398
human,soln1,0203,variableScope,style,398
human,soln1,0203,variableScope,style,398
human,soln1,0203,variableScope,style,398
human,soln1,0203,unreadVariable,style,563
human,soln1,0203,unreadVariable,style,563
human,soln1,0203,unreadVariable,style,563
human,soln1,0050,invalidscanf,warning,119
human,soln1,0106,shadowArgument,style,398
human,soln1,0218,variableScope,style,398
human,soln1,0218,variableScope,style,398
human,soln1,0218,unreadVariable,style,563
human,soln1,0218,unreadVariable,style,563
human,soln1,0218,unusedVariable,style,563
human,soln1,0110,uninitMemberVar,warning,398
human,soln1,0110,uninitMemberVar,warning,398
human,soln1,0110,uninitMemberVar,warning,398
human,soln1,0110,constParameterPointer,style,398
human,soln1,0110,constParameterPointer,style,398
human,soln1,0110,constParameterPointer,style,398
human,soln1,0110,unusedStructMember,style,563
human,soln1,0110,unusedStructMember,style,563
human,soln1,0110,unreadVariable,style,563
human,soln1,0110,unreadVariable,style,563
human,soln1,0110,unreadVariable,style,563
human,soln1,0137,shadowVariable,style,398
human,soln1,0137,shadowVariable,style,398
human,soln1,0137,shadowVariable,style,398
human,soln1,0022,constParameterReference,style,398
human,soln1,0022,constParameterReference,style,398
human,soln1,0270,unusedVariable,style,563
human,soln1,0270,unusedVariable,style,563
human,soln1,0205,variableScope,style,398
human,soln1,0205,variableScope,style,398
human,soln1,0205,variableScope,style,398
human,soln1,0205,variableScope,style,398
human,soln1,0205,shadowVariable,style,398
human,soln1,0205,shadowVariable,style,398
human,soln1,0205,shadowVariable,style,398
human,soln1,0205,shadowVariable,style,398
human,soln1,0205,passedByValue,performance,398
human,soln1,0205,constParameterReference,style,398
human,soln1,0205,constParameterReference,style,398
human,soln1,0205,constParameterReference,style,398
human,soln1,0205,constParameterReference,style,398
human,soln1,0205,constParameterPointer,style,398
human,soln1,0205,constParameterPointer,style,398
human,soln1,0033,unreadVariable,style,563
human,soln1,0033,unreadVariable,style,563
human,soln1,0033,unreadVariable,style,563
human,soln1,0071,invalidscanf,warning,119
human,soln1,0080,shadowVariable,style,398
human,soln1,0080,shadowVariable,style,398
human,soln1,0271,useStlAlgorithm,style,398
human,soln1,0189,useStlAlgorithm,style,398
human,soln1,0040,shadowVariable,style,398
human,soln1,0040,shadowVariable,style,398
human,soln1,0040,shadowVariable,style,398
human,soln1,0040,shadowVariable,style,398
human,soln1,0040,unreadVariable,style,563
human,soln1,0040,unreadVariable,style,563
human,soln1,0040,unreadVariable,style,563
human,soln1,0040,unreadVariable,style,563
human,soln1,0040,unusedVariable,style,563
human,soln1,0040,unreadVariable,style,563
human,soln1,0040,unreadVariable,style,563
human,soln1,0280,passedByValueCallback,performance,398
human,soln1,0280,passedByValueCallback,performance,398
human,soln1,0280,passedByValueCallback,performance,398
human,soln1,0280,passedByValueCallback,performance,398
human,soln1,0280,passedByValueCallback,performance,398
human,soln1,0280,passedByValueCallback,performance,398
human,soln1,0280,passedByValueCallback,performance,398
human,soln1,0280,passedByValueCallback,performance,398
human,soln1,0042,invalidScanfArgType_int,warning,686
human,soln1,0183,functionStatic,style,398
human,soln1,0183,functionStatic,style,398
human,soln1,0260,shadowVariable,style,398
human,soln1,0260,shadowVariable,style,398
human,soln1,0216,functionStatic,style,398
human,soln1,0216,functionStatic,style,398
human,soln1,0216,variableScope,style,398
human,soln1,0216,shadowVariable,style,398
human,soln1,0216,clarifyCalculation,style,783
human,soln1,0216,constVariableReference,style,398
human,soln1,0216,constVariableReference,style,398
human,soln1,0216,constVariableReference,style,398
human,soln1,0216,constVariableReference,style,398
human,soln1,0216,useStlAlgorithm,style,398
human,soln1,0049,shadowVariable,style,398
human,soln1,0049,shadowVariable,style,398
human,soln1,0067,shadowVariable,style,398
human,soln1,0067,constVariableReference,style,398
human,soln1,0067,constVariableReference,style,398
human,soln1,0067,constVariableReference,style,398
human,soln1,0067,constVariableReference,style,398
human,soln1,0059,shadowVariable,style,398
human,soln1,0199,useStlAlgorithm,style,398
human,soln1,0199,useStlAlgorithm,style,398
human,soln1,0199,useStlAlgorithm,style,398
human,soln1,0199,useStlAlgorithm,style,398
human,soln1,0257,unreadVariable,style,563
human,soln1,0257,unreadVariable,style,563
human,soln1,0234,shadowVariable,style,398
human,soln1,0234,shadowVariable,style,398
human,soln1,0234,shadowVariable,style,398
human,soln1,0260,variableScope,style,398
human,soln1,0260,variableScope,style,398
human,soln1,0260,variableScope,style,398
human,soln1,0260,shadowVariable,style,398
human,soln1,0257,arrayIndexOutOfBounds,error,788
human,soln1,0257,arrayIndexOutOfBounds,error,788
human,soln1,0257,invalidscanf,warning,119
human,soln1,0248,ignoredReturnValue,warning,252
human,soln1,0248,ignoredReturnValue,warning,252
human,soln1,0248,duplicateCondition,style,398
human,soln1,0049,shadowVariable,style,398
human,soln1,0177,passedByValue,performance,398
human,soln1,0012,shadowVariable,style,398
human,soln1,0012,shadowVariable,style,398
human,soln1,0174,ignoredReturnValue,warning,252
human,soln1,0287,unreadVariable,style,563
human,soln1,0287,unreadVariable,style,563
human,soln1,0082,internalAstError,error,
human,soln1,0093,unusedVariable,style,563
human,soln1,0119,useStlAlgorithm,style,398
human,soln1,0119,useStlAlgorithm,style,398
human,soln1,0119,useStlAlgorithm,style,398
human,soln1,0063,functionConst,style,398
human,soln1,0063,noExplicitConstructor,style,398
human,soln1,0063,constVariableReference,style,398
human,soln1,0063,constVariableReference,style,398
human,soln1,0219,constVariablePointer,style,398
human,soln1,0242,arrayIndexThenCheck,style,398
human,soln1,0242,invalidscanf,warning,119
human,soln1,0242,unreadVariable,style,563
human,soln1,0242,unreadVariable,style,563
human,soln1,0102,selfAssignment,style,398
human,soln1,0102,shadowVariable,style,398
human,soln1,0102,shadowVariable,style,398
human,soln1,0102,shadowVariable,style,398
human,soln1,0102,shadowVariable,style,398
human,soln1,0102,shadowVariable,style,398
human,soln1,0102,shadowVariable,style,398
human,soln1,0102,shadowVariable,style,398
human,soln1,0102,shadowVariable,style,398
human,soln1,0102,useStlAlgorithm,style,398
human,soln1,0195,passedByValueCallback,performance,398
human,soln1,0195,passedByValueCallback,performance,398
human,soln1,0195,passedByValueCallback,performance,398
human,soln1,0195,passedByValueCallback,performance,398
human,soln1,0195,postfixOperator,performance,398
human,soln1,0126,useStlAlgorithm,style,398
human,soln1,0239,redundantAssignment,style,563
human,soln1,0017,unusedVariable,style,563
human,soln1,0017,unusedVariable,style,563
human,soln1,0107,constVariable,style,398
human,soln1,0145,missingReturn,error,758
human,soln1,0071,shadowVariable,style,398
human,soln1,0001,shadowVariable,style,398
human,soln1,0168,variableScope,style,398
human,soln1,0168,postfixOperator,performance,398
human,soln1,0168,postfixOperator,performance,398
human,soln1,0168,postfixOperator,performance,398
human,soln1,0271,invalidscanf,warning,119
human,soln1,0165,invalidscanf,warning,119
human,soln1,0165,variableScope,style,398
human,soln1,0068,noExplicitConstructor,style,398
human,soln1,0068,noExplicitConstructor,style,398
human,soln1,0068,unsignedPositive,style,570
human,soln1,0068,shadowVariable,style,398
human,soln1,0068,passedByValue,performance,398
human,soln1,0068,passedByValue,performance,398
human,soln1,0068,passedByValue,performance,398
human,soln1,0068,passedByValue,performance,398
human,soln1,0068,passedByValue,performance,398
human,soln1,0068,constParameterReference,style,398
human,soln1,0068,useStlAlgorithm,style,398
human,soln1,0068,useStlAlgorithm,style,398
human,soln1,0068,shiftTooManyBitsSigned,portability,758
human,soln1,0068,shiftTooManyBitsSigned,portability,758
human,soln1,0068,shiftTooManyBitsSigned,portability,758
human,soln1,0068,shiftTooManyBitsSigned,portability,758
human,soln1,0068,unreadVariable,style,563
human,soln1,0068,unreadVariable,style,563
human,soln1,0123,arrayIndexOutOfBoundsCond,warning,788
human,soln1,0123,shadowVariable,style,398
human,soln1,0123,shadowVariable,style,398
human,soln1,0123,unusedVariable,style,563
human,soln1,0123,unusedVariable,style,563
human,soln1,0123,unusedVariable,style,563
human,soln1,0123,unusedVariable,style,563
human,soln1,0123,unreadVariable,style,563
human,soln1,0123,unreadVariable,style,563
human,soln1,0123,unusedVariable,style,563
human,soln1,0123,unreadVariable,style,563
human,soln1,0123,unusedVariable,style,563
human,soln1,0123,unreadVariable,style,563
human,soln1,0123,unreadVariable,style,563
human,soln1,0123,unreadVariable,style,563
human,soln1,0123,unreadVariable,style,563
human,soln1,0123,unreadVariable,style,563
human,soln1,0183,unusedVariable,style,563
human,soln1,0076,constParameterReference,style,398
human,soln1,0076,useStlAlgorithm,style,398
human,soln1,0076,useStlAlgorithm,style,398
human,soln1,0184,shadowVariable,style,398
human,soln1,0184,shadowVariable,style,398
human,soln1,0184,shadowVariable,style,398
human,soln1,0184,shadowVariable,style,398
human,soln1,0184,shadowVariable,style,398
human,soln1,0184,shadowVariable,style,398
human,soln1,0080,useStlAlgorithm,style,398
human,soln1,0080,unreadVariable,style,563
human,soln1,0080,unreadVariable,style,563
human,soln1,0009,unusedStructMember,style,563
human,soln1,0009,unusedStructMember,style,563
human,soln1,0207,redundantAssignment,style,563
human,soln1,0052,iterateByValue,performance,398
human,soln1,0290,useStlAlgorithm,style,398
human,soln1,0275,useStlAlgorithm,style,398
human,soln1,0004,unusedVariable,style,563
human,soln1,0004,unusedVariable,style,563
human,soln1,0205,unusedVariable,style,563
human,soln1,0205,unusedVariable,style,563
human,soln1,0205,unusedVariable,style,563
human,soln1,0205,unusedVariable,style,563
human,soln1,0099,useStlAlgorithm,style,398
human,soln1,0099,useStlAlgorithm,style,398
human,soln1,0094,bitwiseOnBoolean,style,398
human,soln1,0094,arrayIndexOutOfBounds,error,788
human,soln1,0094,clarifyCondition,style,398
human,soln1,0094,clarifyCondition,style,398
human,soln1,0094,duplicateExpression,style,398
human,soln1,0094,variableScope,style,398
human,soln1,0094,unreadVariable,style,563
human,soln1,0094,unreadVariable,style,563
human,soln1,0094,unusedVariable,style,563
human,soln1,0148,constParameterReference,style,398
human,soln1,0148,constParameterReference,style,398
human,soln1,0148,constParameterReference,style,398
human,soln1,0148,constVariable,style,398
human,soln1,0148,constVariable,style,398
human,soln1,0148,unreadVariable,style,563
human,soln1,0246,invalidPrintfArgType_sint,warning,686
human,soln1,0246,invalidPrintfArgType_sint,warning,686
human,soln1,0246,shadowVariable,style,398
human,soln1,0164,invalidPrintfArgType_sint,portability,686
human,soln1,0031,invalidscanf,warning,119
human,soln1,0193,uninitMemberVar,warning,398
human,soln1,0193,uninitMemberVar,warning,398
human,soln1,0193,uninitMemberVar,warning,398
human,soln1,0193,initializerList,style,398
human,soln1,0193,initializerList,style,398
human,soln1,0193,useInitializationList,performance,398
human,soln1,0193,useInitializationList,performance,398
human,soln1,0193,functionConst,style,398
human,soln1,0193,noExplicitConstructor,style,398
human,soln1,0193,passedByValueCallback,performance,398
human,soln1,0193,passedByValueCallback,performance,398
human,soln1,0193,truncLongCastAssignment,style,197
human,soln1,0044,invalidscanf,warning,119
human,soln1,0044,unusedVariable,style,563
human,soln1,0191,shadowVariable,style,398
human,soln1,0066,constVariablePointer,style,398
human,soln1,0204,shadowVariable,style,398
human,soln1,0204,constVariableReference,style,398
human,soln1,0252,unreadVariable,style,563
human,soln1,0252,unusedVariable,style,563
human,soln1,0252,unusedVariable,style,563
human,soln1,0252,unusedVariable,style,563
human,soln1,0252,unreadVariable,style,563
human,soln1,0252,unusedVariable,style,563
human,soln1,0122,shadowVariable,style,398
human,soln1,0122,shadowVariable,style,398
human,soln1,0122,shadowVariable,style,398
human,soln1,0231,passedByValue,performance,398
human,soln1,0258,shadowVariable,style,398
human,soln1,0258,shadowVariable,style,398
human,soln1,0258,shadowVariable,style,398
human,soln1,0258,unreadVariable,style,563
human,soln1,0258,unreadVariable,style,563
human,soln1,0291,useStlAlgorithm,style,398
human,soln1,0056,cstyleCast,style,398
human,soln1,0056,cstyleCast,style,398
human,soln1,0056,variableScope,style,398
human,soln1,0103,variableScope,style,398
human,soln1,0005,unreadVariable,style,563
human,soln1,0005,unreadVariable,style,563
human,soln1,0199,missingReturn,error,758
human,soln1,0199,functionConst,style,398
human,soln1,0199,noExplicitConstructor,style,398
human,soln1,0199,constParameterReference,style,398
human,soln1,0054,uninitMemberVar,warning,398
human,soln1,0054,uninitMemberVar,warning,398
human,soln1,0054,variableScope,style,398
human,soln1,0054,incompleteArrayFill,portability,131
human,soln1,0054,incompleteArrayFill,portability,131
human,soln1,0054,shadowVariable,style,398
human,soln1,0054,shadowVariable,style,398
human,soln1,0054,stlFindInsert,performance,398
human,soln1,0029,invalidscanf,warning,119
human,soln1,0029,invalidscanf,warning,119
human,soln1,0201,shadowVariable,style,398
human,soln1,0201,shadowVariable,style,398
human,soln1,0201,useStlAlgorithm,style,398
human,soln1,0201,useStlAlgorithm,style,398
human,soln1,0201,useStlAlgorithm,style,398
human,soln1,0201,useStlAlgorithm,style,398
human,soln1,0062,shadowVariable,style,398
human,soln1,0062,shadowVariable,style,398
human,soln1,0062,uninitvar,warning,457
human,soln1,0062,uninitvar,warning,457
human,soln1,0062,uninitvar,warning,457
human,soln1,0062,uninitvar,warning,457
human,soln1,0106,useStlAlgorithm,style,398
human,soln1,0059,internalAstError,error,
human,soln1,0280,constParameterReference,style,398
human,soln1,0244,constParameterReference,style,398
human,soln1,0067,unreadVariable,style,563
human,soln1,0067,unreadVariable,style,563
human,soln1,0023,passedByValue,performance,398
human,soln1,0023,passedByValue,performance,398
human,soln1,0023,passedByValue,performance,398
human,soln1,0023,passedByValue,performance,398
human,soln1,0041,legacyUninitvar,error,457
human,soln1,0086,constVariableReference,style,398
human,soln1,0186,memsetValueOutOfRange,warning,686
human,soln1,0227,invalidFunctionArg,warning,628
human,soln1,0227,variableScope,style,398
human,soln1,0227,shadowFunction,style,398
human,soln1,0227,passedByValue,performance,398
human,soln1,0227,passedByValue,performance,398
human,soln1,0227,passedByValueCallback,performance,398
human,soln1,0227,passedByValue,performance,398
human,soln1,0114,unusedVariable,style,563
human,soln1,0114,unusedVariable,style,563
human,soln1,0114,unusedVariable,style,563
human,soln1,0114,unusedVariable,style,563
human,soln1,0153,useStlAlgorithm,style,398
human,soln1,0190,variableScope,style,398
human,soln1,0190,variableScope,style,398
human,soln1,0190,passedByValue,performance,398
human,soln1,0190,passedByValue,performance,398
human,soln1,0190,passedByValue,performance,398
human,soln1,0190,passedByValue,performance,398
human,soln1,0190,useStlAlgorithm,style,398
human,soln1,0272,variableScope,style,398
human,soln1,0272,useStlAlgorithm,style,398
human,soln1,0218,invalidscanf,warning,119
human,soln1,0218,invalidscanf,warning,119
human,soln1,0218,iterateByValue,performance,398
human,soln1,0218,passedByValue,performance,398
human,soln1,0218,passedByValue,performance,398
human,soln1,0218,passedByValue,performance,398
human,soln1,0218,useStlAlgorithm,style,398
human,soln1,0218,useStlAlgorithm,style,398
human,soln1,0218,uninitvar,warning,457
human,soln1,0218,uninitvar,warning,457
human,soln1,0002,invalidscanf,warning,119
human,soln1,0002,invalidscanf,warning,119
human,soln1,0229,passedByValue,performance,398
human,soln1,0229,passedByValue,performance,398
human,soln1,0229,passedByValue,performance,398
human,soln1,0101,negativeContainerIndex,warning,786
human,soln1,0019,functionConst,style,398
human,soln1,0019,shadowVariable,style,398
human,soln1,0019,shadowVariable,style,398
human,soln1,0014,unpreciseMathCall,style,758
human,soln1,0014,shadowVariable,style,398
human,soln1,0014,shadowVariable,style,398
human,soln1,0070,invalidscanf,warning,119
human,soln1,0070,variableScope,style,398
human,soln1,0070,variableScope,style,398
human,soln1,0288,negativeIndex,warning,786
human,soln1,0288,negativeIndex,warning,786
human,soln1,0288,knownConditionTrueFalse,style,571
human,soln1,0288,redundantAssignment,style,563
human,soln1,0152,functionConst,style,398
human,soln1,0152,noExplicitConstructor,style,398
human,soln1,0152,noExplicitConstructor,style,398
human,soln1,0152,invalidscanf,warning,119
human,soln1,0152,invalidscanf,warning,119
human,soln1,0152,variableScope,style,398
human,soln1,0152,variableScope,style,398
human,soln1,0152,variableScope,style,398
human,soln1,0152,variableScope,style,398
human,soln1,0152,variableScope,style,398
human,soln1,0152,constParameterReference,style,398
human,soln1,0152,unreadVariable,style,563
human,soln1,0152,unreadVariable,style,563
human,soln1,0152,unusedVariable,style,563
human,soln1,0152,unusedVariable,style,563
human,soln1,0152,unusedVariable,style,563
human,soln1,0152,unusedVariable,style,563
human,soln1,0225,invalidscanf,warning,119
human,soln1,0247,variableScope,style,398
human,soln1,0137,variableScope,style,398
human,soln1,0118,shadowArgument,style,398
human,soln1,0282,invalidscanf,warning,119
human,soln1,0281,uninitMemberVar,warning,398
human,soln1,0281,uninitMemberVar,warning,398
human,soln1,0281,uninitMemberVar,warning,398
human,soln1,0162,variableScope,style,398
human,soln1,0162,variableScope,style,398
human,soln1,0162,unreadVariable,style,563
human,soln1,0000,knownConditionTrueFalse,style,571
human,soln1,0000,variableScope,style,398
human,soln1,0000,variableScope,style,398
human,soln1,0000,unusedVariable,style,563
human,soln1,0000,unusedVariable,style,563
human,soln1,0000,unusedVariable,style,563
human,soln1,0210,invalidscanf,warning,119
human,soln1,0210,shadowVariable,style,398
human,soln1,0223,unreadVariable,style,563
human,soln1,0254,functionConst,style,398
human,soln1,0254,functionConst,style,398
human,soln1,0254,shadowVariable,style,398
human,soln1,0254,clarifyCalculation,style,783
human,soln1,0254,useStlAlgorithm,style,398
human,soln1,0254,useStlAlgorithm,style,398
human,soln1,0003,useStlAlgorithm,style,398
human,soln1,0188,shiftNegativeLHS,portability,758
human,soln1,0284,constParameterReference,style,398
human,soln1,0284,constParameterReference,style,398
human,soln1,0284,constParameterReference,style,398
human,soln1,0284,constParameterReference,style,398
human,soln1,0284,constParameterReference,style,398
human,soln1,0284,constParameterReference,style,398
human,soln1,0058,passedByValue,performance,398
human,soln1,0058,passedByValue,performance,398
human,soln1,0058,passedByValue,performance,398
human,soln1,0058,passedByValue,performance,398
human,soln1,0238,uninitvar,warning,457
human,soln1,0238,legacyUninitvar,error,457
human,soln1,0211,internalAstError,error,
human,soln1,0270,functionConst,style,398
human,soln1,0270,variableScope,style,398
human,soln1,0251,missingReturn,error,758
human,soln1,0278,assignBoolToFloat,style,704
human,soln1,0243,uninitMemberVar,warning,398
human,soln1,0243,functionConst,style,398
human,soln1,0243,functionConst,style,398
human,soln1,0243,functionConst,style,398
human,soln1,0243,invalidPrintfArgType_sint,warning,686
human,soln1,0243,shadowVariable,style,398
human,soln1,0243,shadowVariable,style,398
human,soln1,0243,passedByValue,performance,398
human,soln1,0243,passedByValue,performance,398
human,soln1,0243,passedByValue,performance,398
human,soln1,0243,passedByValue,performance,398
human,soln1,0077,internalAstError,error,
human,soln1,0274,truncLongCastAssignment,style,197
human,soln1,0253,unusedVariable,style,563
human,soln1,0087,shadowVariable,style,398
human,soln1,0087,ignoredReturnValue,warning,252
human,soln1,0285,constVariableReference,style,398
human,soln1,0285,constVariableReference,style,398
human,soln1,0157,variableScope,style,398
human,soln1,0008,noExplicitConstructor,style,398
human,soln1,0121,uninitvar,warning,457
human,soln1,0057,invalidscanf,warning,119
human,soln1,0057,invalidscanf,warning,119
human,soln1,0128,invalidscanf,warning,119
human,soln1,0113,functionConst,style,398
human,soln1,0113,selfAssignment,style,398
human,soln1,0113,selfAssignment,style,398
human,soln1,0113,variableScope,style,398
human,soln1,0113,shadowVariable,style,398
human,soln1,0113,shadowVariable,style,398
human,soln1,0113,shadowVariable,style,398
human,soln1,0113,shadowVariable,style,398
human,soln1,0083,unreadVariable,style,563
human,soln1,0083,unreadVariable,style,563
human,soln1,0185,uninitvar,warning,457
human,soln1,0185,unreadVariable,style,563
human,soln1,0185,unreadVariable,style,563
human,soln1,0027,shadowVariable,style,398
human,soln1,0240,variableScope,style,398
human,soln1,0240,variableScope,style,398
human,soln1,0125,useStlAlgorithm,style,398
human,soln1,0228,functionConst,style,398
human,soln1,0138,arrayIndexOutOfBoundsCond,warning,788
human,soln1,0138,arrayIndexOutOfBoundsCond,warning,788
human,soln1,0016,unreadVariable,style,563
human,soln1,0016,unreadVariable,style,563
human,soln1,0198,shadowVariable,style,398
human,soln1,0198,shadowVariable,style,398
human,soln1,0198,shadowVariable,style,398
human,soln1,0198,unusedVariable,style,563
human,soln1,0198,unusedVariable,style,563
human,soln1,0235,noExplicitConstructor,style,398
human,soln1,0235,unreadVariable,style,563
human,soln1,0006,uninitvar,warning,457
human,soln1,0006,uninitvar,warning,457
human,soln1,0216,incrementboolean,style,398
human,soln1,0098,noExplicitConstructor,style,398
human,soln1,0098,variableScope,style,398
human,soln1,0098,variableScope,style,398
human,soln1,0097,shiftTooManyBitsSigned,portability,758
human,soln1,0032,invalidscanf,warning,119
human,soln1,0032,shadowVariable,style,398
human,soln1,0018,passedByValue,performance,398
human,soln1,0045,invalidscanf,warning,119
human,soln1,0045,shadowVariable,style,398
human,soln1,0045,shadowVariable,style,398
human,soln1,0045,shadowVariable,style,398
human,soln1,0037,shadowVariable,style,398
human,soln1,0262,functionConst,style,398
human,soln1,0262,constStatement,warning,398
human,soln1,0262,passedByValueCallback,performance,398
human,soln1,0262,passedByValueCallback,performance,398
human,soln1,0111,functionConst,style,398
human,soln1,0111,noExplicitConstructor,style,398
human,soln1,0030,variableScope,style,398
human,soln1,0030,variableScope,style,398
human,soln1,0030,useStlAlgorithm,style,398
human,soln1,0030,unusedVariable,style,563
human,soln1,0030,unreadVariable,style,563
human,soln1,0265,variableScope,style,398
human,soln1,0265,shadowVariable,style,398
human,soln1,0265,shadowVariable,style,398
human,soln1,0265,unusedVariable,style,563
human,soln1,0265,unreadVariable,style,563
human,soln1,0265,unusedVariable,style,563
human,soln1,0265,unreadVariable,style,563
human,soln1,0265,unusedVariable,style,563
human,soln1,0265,unreadVariable,style,563
human,soln1,0265,unreadVariable,style,563
human,soln1,0265,unreadVariable,style,563
human,soln1,0176,functionConst,style,398
human,soln1,0176,invalidscanf,warning,119
human,soln1,0176,duplicateBreak,style,561
human,soln1,0176,constParameterReference,style,398
human,soln1,0176,constParameterReference,style,398
human,soln1,0176,constParameterPointer,style,398
human,soln1,0176,constParameterPointer,style,398
human,soln1,0202,arrayIndexThenCheck,style,398
human,soln1,0202,arrayIndexThenCheck,style,398
human,soln1,0112,arrayIndexOutOfBoundsCond,warning,788
human,soln1,0112,shadowVariable,style,398
human,soln1,0172,unusedVariable,style,563
human,soln1,0172,unusedVariable,style,563
human,soln1,0172,unusedVariable,style,563
human,soln1,0259,unreadVariable,style,563
human,soln1,0259,unreadVariable,style,563
human,soln1,0170,variableScope,style,398
human,soln1,0170,variableScope,style,398
human,soln1,0256,noExplicitConstructor,style,398
human,soln1,0256,constParameterReference,style,398
human,soln1,0256,useStlAlgorithm,style,398
human,soln1,0256,useStlAlgorithm,style,398
human,soln1,0050,useStlAlgorithm,style,398
human,soln1,0011,uninitMemberVar,warning,398
human,soln1,0011,uninitMemberVar,warning,398
human,soln1,0011,uninitMemberVar,warning,398
human,soln1,0011,uninitMemberVar,warning,398
human,soln1,0011,uninitMemberVar,warning,398
human,soln1,0011,nullPointer,warning,476
human,soln1,0011,variableScope,style,398
human,soln1,0011,variableScope,style,398
human,soln1,0011,constParameterPointer,style,398
human,soln1,0011,ctunullpointer,error,476
human,soln1,0074,variableScope,style,398
human,soln1,0074,zerodiv,error,369
human,soln1,0074,zerodiv,error,369
human,soln1,0074,unreadVariable,style,563
human,soln1,0074,unreadVariable,style,563
human,soln1,0230,redundantInitialization,style,563
human,soln1,0230,constParameterPointer,style,398
human,soln1,0236,incompleteArrayFill,portability,131
human,soln1,0236,shadowVariable,style,398
human,soln1,0236,constVariableReference,style,398
human,soln1,0283,constStatement,warning,398
human,soln1,0061,useStlAlgorithm,style,398
human,soln1,0232,unusedStructMember,style,563
human,soln1,0085,variableScope,style,398
human,soln1,0085,variableScope,style,398
human,soln1,0085,variableScope,style,398
human,soln1,0167,bitwiseOnBoolean,style,398
human,soln1,0167,bitwiseOnBoolean,style,398
human,soln1,0237,uninitMemberVar,warning,398
human,soln1,0237,uninitMemberVar,warning,398
human,soln1,0237,functionConst,style,398
human,soln1,0237,functionConst,style,398
human,soln1,0237,noExplicitConstructor,style,398
human,soln1,0237,invalidscanf,warning,119
human,soln1,0237,invalidscanf,warning,119
human,soln1,0237,passedByValue,performance,398
human,soln1,0237,passedByValue,performance,398
human,soln1,0161,initializerList,style,398
human,soln1,0161,noExplicitConstructor,style,398
human,soln1,0161,noExplicitConstructor,style,398
human,soln1,0161,knownConditionTrueFalse,style,570
human,soln1,0161,constParameterPointer,style,398
human,soln1,0161,unreadVariable,style,563
human,soln1,0161,unreadVariable,style,563
human,soln1,0013,shadowVariable,style,398
human,soln1,0115,variableScope,style,398
human,soln2,0171,passedByValueCallback,performance,398
human,soln2,0171,passedByValueCallback,performance,398
human,soln2,0171,passedByValue,performance,398
human,soln2,0201,unusedVariable,style,563
human,soln2,0201,unusedVariable,style,563
human,soln2,0201,unusedVariable,style,563
human,soln2,0106,arrayIndexThenCheck,style,398
human,soln2,0106,invalidScanfArgType_int,warning,686
human,soln2,0106,invalidScanfArgType_int,warning,686
human,soln2,0086,constVariableReference,style,398
human,soln2,0270,noExplicitConstructor,style,398
human,soln2,0165,uninitMemberVar,warning,398
human,soln2,0165,functionConst,style,398
human,soln2,0165,functionConst,style,398
human,soln2,0165,functionConst,style,398
human,soln2,0165,functionConst,style,398
human,soln2,0165,noExplicitConstructor,style,398
human,soln2,0165,noExplicitConstructor,style,398
human,soln2,0165,noExplicitConstructor,style,398
human,soln2,0165,noExplicitConstructor,style,398
human,soln2,0165,shadowVariable,style,398
human,soln2,0165,passedByValue,performance,398
human,soln2,0165,constParameterReference,style,398
human,soln2,0121,invalidscanf,warning,119
human,soln2,0128,shadowVariable,style,398
human,soln2,0128,shadowVariable,style,398
human,soln2,0266,shadowVariable,style,398
human,soln2,0266,unusedStructMember,style,563
human,soln2,0266,unusedStructMember,style,563
human,soln2,0266,unusedStructMember,style,563
human,soln2,0266,unusedStructMember,style,563
human,soln2,0266,unreadVariable,style,563
human,soln2,0266,unreadVariable,style,563
human,soln2,0266,unreadVariable,style,563
human,soln2,0266,unreadVariable,style,563
human,soln2,0266,unusedVariable,style,563
human,soln2,0084,uninitMemberVar,warning,398
human,soln2,0084,uninitMemberVar,warning,398
human,soln2,0084,unreadVariable,style,563
human,soln2,0084,unreadVariable,style,563
human,soln2,0084,unusedVariable,style,563
human,soln2,0026,passedByValue,performance,398
human,soln2,0026,passedByValue,performance,398
human,soln2,0026,useStlAlgorithm,style,398
human,soln2,0026,uninitvar,warning,457
human,soln2,0199,invalidscanf,warning,119
human,soln2,0209,useInitializationList,performance,398
human,soln2,0209,useInitializationList,performance,398
human,soln2,0209,useInitializationList,performance,398
human,soln2,0209,functionConst,style,398
human,soln2,0209,functionConst,style,398
human,soln2,0209,functionConst,style,398
human,soln2,0209,functionConst,style,398
human,soln2,0209,functionConst,style,398
human,soln2,0209,functionConst,style,398
human,soln2,0209,functionConst,style,398
human,soln2,0209,noExplicitConstructor,style,398
human,soln2,0209,noExplicitConstructor,style,398
human,soln2,0209,noExplicitConstructor,style,398
human,soln2,0209,noExplicitConstructor,style,398
human,soln2,0209,noExplicitConstructor,style,398
human,soln2,0209,duplicateBreak,style,561
human,soln2,0209,variableScope,style,398
human,soln2,0209,variableScope,style,398
human,soln2,0209,variableScope,style,398
human,soln2,0209,variableScope,style,398
human,soln2,0209,shadowVariable,style,398
human,soln2,0209,shadowVariable,style,398
human,soln2,0209,shadowVariable,style,398
human,soln2,0209,shadowVariable,style,398
human,soln2,0209,shadowVariable,style,398
human,soln2,0209,shadowVariable,style,398
human,soln2,0209,shadowVariable,style,398
human,soln2,0209,shadowVariable,style,398
human,soln2,0209,shadowVariable,style,398
human,soln2,0209,shadowVariable,style,398
human,soln2,0209,passedByValue,performance,398
human,soln2,0209,passedByValue,performance,398
human,soln2,0209,passedByValue,performance,398
human,soln2,0209,passedByValue,performance,398
human,soln2,0209,passedByValue,performance,398
human,soln2,0209,passedByValue,performance,398
human,soln2,0209,passedByValue,performance,398
human,soln2,0209,passedByValue,performance,398
human,soln2,0209,passedByValue,performance,398
human,soln2,0209,passedByValue,performance,398
human,soln2,0209,passedByValue,performance,398
human,soln2,0209,passedByValue,performance,398
human,soln2,0209,constParameterReference,style,398
human,soln2,0209,constParameterReference,style,398
human,soln2,0164,shadowVariable,style,398
human,soln2,0164,shadowVariable,style,398
human,soln2,0164,constParameterReference,style,398
human,soln2,0164,constParameterReference,style,398
human,soln2,0164,constParameterReference,style,398
human,soln2,0164,constParameterReference,style,398
human,soln2,0181,unreadVariable,style,563
human,soln2,0181,unreadVariable,style,563
human,soln2,0212,variableScope,style,398
human,soln2,0261,noExplicitConstructor,style,398
human,soln2,0261,noExplicitConstructor,style,398
human,soln2,0261,useStlAlgorithm,style,398
human,soln2,0261,useStlAlgorithm,style,398
human,soln2,0105,shadowVariable,style,398
human,soln2,0110,unusedVariable,style,563
human,soln2,0110,unusedVariable,style,563
human,soln2,0110,unusedVariable,style,563
human,soln2,0157,constParameterReference,style,398
human,soln2,0268,returnStdMoveLocal,performance,
human,soln2,0268,unreadVariable,style,563
human,soln2,0268,unreadVariable,style,563
human,soln2,0163,functionConst,style,398
human,soln2,0163,invalidscanf,warning,119
human,soln2,0163,passedByValue,performance,398
human,soln2,0163,passedByValue,performance,398
human,soln2,0163,passedByValue,performance,398
human,soln2,0163,passedByValue,performance,398
human,soln2,0163,passedByValue,performance,398
human,soln2,0258,bitwiseOnBoolean,style,398
human,soln2,0155,unusedStructMember,style,563
human,soln2,0155,unusedStructMember,style,563
human,soln2,0155,unusedStructMember,style,563
human,soln2,0155,unusedStructMember,style,563
human,soln2,0119,unusedVariable,style,563
human,soln2,0119,unusedVariable,style,563
human,soln2,0119,unusedVariable,style,563
human,soln2,0119,unusedVariable,style,563
human,soln2,0119,unusedVariable,style,563
human,soln2,0119,unusedVariable,style,563
human,soln2,0119,unusedVariable,style,563
human,soln2,0119,unusedVariable,style,563
human,soln2,0119,unusedVariable,style,563
human,soln2,0119,unusedVariable,style,563
human,soln2,0119,unusedVariable,style,563
human,soln2,0119,unusedVariable,style,563
human,soln2,0119,unusedVariable,style,563
human,soln2,0119,unusedVariable,style,563
human,soln2,0119,unusedVariable,style,563
human,soln2,0119,unusedVariable,style,563
human,soln2,0119,unusedVariable,style,563
human,soln2,0119,unusedVariable,style,563
human,soln2,0119,unusedVariable,style,563
human,soln2,0119,unusedVariable,style,563
human,soln2,0119,unusedVariable,style,563
human,soln2,0119,unusedVariable,style,563
human,soln2,0119,unusedVariable,style,563
human,soln2,0119,unusedVariable,style,563
human,soln2,0132,uninitMemberVar,warning,398
human,soln2,0132,uninitMemberVar,warning,398
human,soln2,0132,functionStatic,style,398
human,soln2,0132,noExplicitConstructor,style,398
human,soln2,0132,shadowVariable,style,398
human,soln2,0132,shadowVariable,style,398
human,soln2,0132,shadowVariable,style,398
human,soln2,0174,useStlAlgorithm,style,398
human,soln2,0245,functionConst,style,398
human,soln2,0245,noExplicitConstructor,style,398
human,soln2,0245,noExplicitConstructor,style,398
human,soln2,0245,noExplicitConstructor,style,398
human,soln2,0245,constStatement,warning,398
human,soln2,0245,constStatement,warning,398
human,soln2,0245,iterateByValue,performance,398
human,soln2,0245,uninitvar,error,457
human,soln2,0245,uninitvar,error,457
human,soln2,0245,uninitvar,error,457
human,soln2,0245,uninitvar,error,457
human,soln2,0245,uninitvar,error,457
human,soln2,0245,uninitvar,error,457
human,soln2,0245,uninitvar,error,457
human,soln2,0245,uninitvar,error,457
human,soln2,0245,uninitvar,error,457
human,soln2,0245,unusedStructMember,style,563
human,soln2,0245,ignoredReturnValue,warning,252
human,soln2,0245,ignoredReturnValue,warning,252
human,soln2,0245,passedByValue,performance,398
human,soln2,0245,passedByValue,performance,398
human,soln2,0161,useStlAlgorithm,style,398
human,soln2,0205,invalidscanf,warning,119
human,soln2,0205,variableScope,style,398
human,soln2,0205,variableScope,style,398
human,soln2,0167,noExplicitConstructor,style,398
human,soln2,0167,clarifyCalculation,style,783
human,soln2,0167,passedByValue,performance,398
human,soln2,0167,passedByValue,performance,398
human,soln2,0167,passedByValue,performance,398
human,soln2,0167,passedByValue,performance,398
human,soln2,0167,passedByValue,performance,398
human,soln2,0167,passedByValue,performance,398
human,soln2,0167,passedByValue,performance,398
human,soln2,0167,passedByValue,performance,398
human,soln2,0167,passedByValue,performance,398
human,soln2,0167,passedByValue,performance,398
human,soln2,0167,passedByValue,performance,398
human,soln2,0167,passedByValue,performance,398
human,soln2,0167,passedByValue,performance,398
human,soln2,0167,passedByValue,performance,398
human,soln2,0167,passedByValue,performance,398
human,soln2,0167,passedByValue,performance,398
human,soln2,0167,passedByValue,performance,398
human,soln2,0167,passedByValue,performance,398
human,soln2,0167,passedByValue,performance,398
human,soln2,0167,passedByValue,performance,398
human,soln2,0167,passedByValue,performance,398
human,soln2,0167,passedByValue,performance,398
human,soln2,0167,passedByValue,performance,398
human,soln2,0167,passedByValue,performance,398
human,soln2,0167,passedByValue,performance,398
human,soln2,0167,passedByValue,performance,398
human,soln2,0167,passedByValue,performance,398
human,soln2,0167,passedByValue,performance,398
human,soln2,0167,passedByValue,performance,398
human,soln2,0167,passedByValue,performance,398
human,soln2,0167,passedByValue,performance,398
human,soln2,0167,passedByValue,performance,398
human,soln2,0167,passedByValue,performance,398
human,soln2,0167,passedByValue,performance,398
human,soln2,0167,passedByValue,performance,398
human,soln2,0167,passedByValue,performance,398
human,soln2,0167,passedByValue,performance,398
human,soln2,0167,passedByValue,performance,398
human,soln2,0167,passedByValue,performance,398
human,soln2,0167,passedByValue,performance,398
human,soln2,0167,passedByValue,performance,398
human,soln2,0167,passedByValue,performance,398
human,soln2,0167,constParameterPointer,style,398
human,soln2,0210,shadowVariable,style,398
human,soln2,0081,constVariableReference,style,398
human,soln2,0081,constVariableReference,style,398
human,soln2,0081,constVariableReference,style,398
human,soln2,0081,constVariableReference,style,398
human,soln2,0081,useStlAlgorithm,style,398
human,soln2,0221,shadowVariable,style,398
human,soln2,0190,uninitvar,warning,457
human,soln2,0190,unusedVariable,style,563
human,soln2,0172,unusedVariable,style,563
human,soln2,0241,uninitvar,warning,457
human,soln2,0063,unusedVariable,style,563
human,soln2,0216,shadowVariable,style,398
human,soln2,0046,invalidscanf,warning,119
human,soln2,0046,invalidscanf,warning,119
human,soln2,0189,unreadVariable,style,563
human,soln2,0189,unusedVariable,style,563
human,soln2,0189,unusedVariable,style,563
human,soln2,0189,unusedVariable,style,563
human,soln2,0189,unusedVariable,style,563
human,soln2,0189,unusedVariable,style,563
human,soln2,0189,unusedVariable,style,563
human,soln2,0272,variableScope,style,398
human,soln2,0272,shadowVariable,style,398
human,soln2,0247,noExplicitConstructor,style,398
human,soln2,0020,shadowVariable,style,398
human,soln2,0243,initializerList,style,398
human,soln2,0243,shadowVariable,style,398
human,soln2,0125,shadowVariable,style,398
human,soln2,0125,shadowVariable,style,398
human,soln2,0083,constVariable,style,398
human,soln2,0094,shadowVariable,style,398
human,soln2,0094,shadowVariable,style,398
human,soln2,0102,identicalInnerCondition,warning,398
human,soln2,0102,shadowVariable,style,398
human,soln2,0179,constParameterReference,style,398
human,soln2,0179,shiftTooManyBitsSigned,portability,758
human,soln2,0050,variableScope,style,398
human,soln2,0029,postfixOperator,performance,398
human,soln2,0029,postfixOperator,performance,398
human,soln2,0274,uninitvar,warning,457
human,soln2,0055,unreadVariable,style,563
human,soln2,0222,invalidscanf,warning,119
human,soln2,0222,invalidscanf,warning,119
human,soln2,0271,duplicateBranch,style,398
human,soln2,0073,uninitMemberVar,warning,398
human,soln2,0073,uninitMemberVar,warning,398
human,soln2,0073,functionConst,style,398
human,soln2,0073,functionConst,style,398
human,soln2,0073,noExplicitConstructor,style,398
human,soln2,0073,noExplicitConstructor,style,398
human,soln2,0073,shadowVariable,style,398
human,soln2,0073,shadowVariable,style,398
human,soln2,0073,shadowVariable,style,398
human,soln2,0053,zerodiv,error,369
human,soln2,0039,constParameterPointer,style,398
human,soln2,0160,constParameterReference,style,398
human,soln2,0160,constParameterReference,style,398
human,soln2,0160,constParameterPointer,style,398
human,soln2,0242,knownConditionTrueFalse,style,571
human,soln2,0242,useStlAlgorithm,style,398
human,soln2,0242,derefInvalidIteratorRedundantCheck,warning,825
human,soln2,0242,legacyUninitvar,error,457
human,soln2,0244,constVariableReference,style,398
human,soln2,0202,variableScope,style,398
human,soln2,0170,arrayIndexThenCheck,style,398
human,soln2,0204,variableScope,style,398
human,soln2,0204,unreadVariable,style,563
human,soln2,0204,unusedVariable,style,563
human,soln2,0250,variableScope,style,398
human,soln2,0250,shadowVariable,style,398
human,soln2,0225,postfixOperator,performance,398
human,soln2,0138,postfixOperator,performance,398
human,soln2,0176,invalidscanf,warning,119
human,soln2,0194,unusedVariable,style,563
human,soln2,0100,selfAssignment,style,398
human,soln2,0100,selfAssignment,style,398
human,soln2,0100,shadowVariable,style,398
human,soln2,0100,constVariablePointer,style,398
human,soln2,0017,unreadVariable,style,563
human,soln2,0017,unreadVariable,style,563
human,soln2,0017,unreadVariable,style,563
human,soln2,0017,unreadVariable,style,563
human,soln2,0131,invalidscanf,warning,119
human,soln2,0098,variableScope,style,398
human,soln2,0098,variableScope,style,398
human,soln2,0098,variableScope,style,398
human,soln2,0098,shadowVariable,style,398
human,soln2,0098,unusedVariable,style,563
human,soln2,0019,noExplicitConstructor,style,398
human,soln2,0019,noExplicitConstructor,style,398
human,soln2,0156,variableScope,style,398
human,soln2,0075,noExplicitConstructor,style,398
human,soln2,0075,useStlAlgorithm,style,398
human,soln2,0075,unreadVariable,style,563
human,soln2,0140,variableScope,style,398
human,soln2,0140,unreadVariable,style,563
human,soln2,0175,knownConditionTrueFalse,style,571
human,soln2,0175,knownConditionTrueFalse,style,571
human,soln2,0175,knownConditionTrueFalse,style,571
human,soln2,0175,invalidscanf,warning,119
human,soln2,0175,invalidscanf,warning,119
human,soln2,0175,invalidscanf,warning,119
human,soln2,0145,variableScope,style,398
human,soln2,0145,constParameterReference,style,398
human,soln2,0145,constParameterReference,style,398
human,soln2,0145,constParameterReference,style,398
human,soln2,0145,constParameterReference,style,398
human,soln2,0145,constParameterReference,style,398
human,soln2,0145,constParameterReference,style,398
human,soln2,0162,identicalConditionAfterEarlyExit,warning,398
human,soln2,0224,invalidPrintfArgType_sint,portability,686
human,soln2,0001,constVariableReference,style,398
human,soln2,0082,variableScope,style,398
human,soln2,0082,unreadVariable,style,563
human,soln2,0215,constParameterReference,style,398
human,soln2,0251,unusedVariable,style,563
human,soln2,0251,unusedVariable,style,563
human,soln2,0184,arrayIndexOutOfBoundsCond,warning,788
human,soln2,0184,missingReturn,error,758
human,soln2,0184,passedByValue,performance,398
human,soln2,0184,passedByValue,performance,398
human,soln2,0184,passedByValue,performance,398
human,soln2,0184,passedByValue,performance,398
human,soln2,0184,passedByValue,performance,398
human,soln2,0184,passedByValue,performance,398
human,soln2,0136,redundantInitialization,style,563
human,soln2,0136,shadowVariable,style,398
human,soln2,0136,shadowVariable,style,398
human,soln2,0136,shadowVariable,style,398
human,soln2,0136,constParameterReference,style,398
human,soln2,0136,constParameterReference,style,398
human,soln2,0092,shadowVariable,style,398
human,soln2,0275,knownConditionTrueFalse,style,571
human,soln2,0275,knownConditionTrueFalse,style,571
human,soln2,0211,invalidscanf,warning,119
human,soln2,0211,shadowVariable,style,398
human,soln2,0211,shadowVariable,style,398
human,soln2,0211,shadowVariable,style,398
human,soln2,0090,unreadVariable,style,563
human,soln2,0139,shadowVariable,style,398
human,soln2,0077,variableScope,style,398
human,soln2,0214,negativeIndex,error,786
human,soln2,0246,noExplicitConstructor,style,398
human,soln2,0246,invalidscanf,warning,119
human,soln2,0246,unreadVariable,style,563
human,soln2,0246,unreadVariable,style,563
human,soln2,0246,unreadVariable,style,563
human,soln2,0227,constVariable,style,398
human,soln2,0096,unreadVariable,style,563
human,soln2,0003,postfixOperator,performance,398
human,soln2,0003,postfixOperator,performance,398
human,soln2,0003,postfixOperator,performance,398
human,soln2,0255,negativeIndex,error,786
human,soln2,0255,shadowVariable,style,398
human,soln2,0253,shadowVariable,style,398
human,soln2,0253,checkCastIntToCharAndBack,warning,197
human,soln2,0005,useInitializationList,performance,398
human,soln2,0005,useInitializationList,performance,398
human,soln2,0005,useInitializationList,performance,398
human,soln2,0005,noExplicitConstructor,style,398
human,soln2,0005,knownConditionTrueFalse,style,571
human,soln2,0005,constParameterReference,style,398
human,soln2,0005,useStlAlgorithm,style,398
human,soln2,0005,useStlAlgorithm,style,398
human,soln2,0005,useStlAlgorithm,style,398
human,soln2,0038,variableScope,style,398
human,soln2,0038,shadowArgument,style,398
human,soln2,0038,shadowArgument,style,398
human,soln2,0038,shadowVariable,style,398
human,soln2,0038,uninitvar,warning,457
human,soln2,0038,uninitvar,warning,457
human,soln2,0038,uninitvar,warning,457
human,soln2,0070,invalidscanf,warning,119
human,soln2,0014,shadowVariable,style,398
human,soln2,0014,shadowVariable,style,398
human,soln2,0014,shadowVariable,style,398
human,soln2,0014,shadowVariable,style,398
human,soln2,0014,constVariableReference,style,398
human,soln2,0095,shadowVariable,style,398
human,soln2,0095,shadowVariable,style,398
human,soln2,0030,ignoredReturnValue,warning,252
human,soln2,0030,leakNoVarFunctionCall,error,772
human,soln2,0030,shadowVariable,style,398
human,soln2,0028,uninitvar,warning,457
human,soln2,0011,invalidscanf,warning,119
human,soln2,0208,uninitMemberVar,warning,398
human,soln2,0208,uninitMemberVar,warning,398
human,soln2,0208,functionConst,style,398
human,soln2,0208,invalidscanf,warning,119
human,soln2,0122,variableScope,style,398
human,soln2,0122,shadowVariable,style,398
human,soln2,0122,shadowVariable,style,398
human,soln2,0122,shadowVariable,style,398
human,soln2,0122,passedByValue,performance,398
human,soln2,0122,unreadVariable,style,563
human,soln2,0122,unusedVariable,style,563
human,soln2,0122,unusedVariable,style,563
human,soln2,0122,unusedVariable,style,563
human,soln2,0122,unusedVariable,style,563
human,soln2,0122,unusedVariable,style,563
human,soln2,0122,unreadVariable,style,563
human,soln2,0122,unusedVariable,style,563
human,soln2,0122,unusedVariable,style,563
human,soln2,0080,useStlAlgorithm,style,398
human,soln2,0080,useStlAlgorithm,style,398
human,soln2,0193,invalidScanfArgType_int,warning,686
human,soln2,0193,invalidScanfArgType_int,warning,686
human,soln2,0193,invalidScanfArgType_int,warning,686
human,soln2,0193,variableScope,style,398
human,soln2,0265,knownConditionTrueFalse,style,570
human,soln2,0006,shadowVariable,style,398
human,soln2,0006,shadowVariable,style,398
human,soln2,0006,shadowVariable,style,398
human,soln2,0006,shadowVariable,style,398
human,soln2,0006,shadowVariable,style,398
human,soln2,0006,shadowVariable,style,398
human,soln2,0006,shadowVariable,style,398
human,soln2,0048,invalidscanf,warning,119
human,soln2,0048,passedByValue,performance,398
human,soln2,0048,passedByValue,performance,398
human,soln2,0079,cstyleCast,style,398
human,soln2,0079,cstyleCast,style,398
human,soln2,0079,cstyleCast,style,398
human,soln2,0079,cstyleCast,style,398
human,soln2,0269,shadowVariable,style,398
human,soln2,0269,shadowVariable,style,398
human,soln2,0137,variableScope,style,398
human,soln2,0137,variableScope,style,398
human,soln2,0137,variableScope,style,398
human,soln2,0263,shadowVariable,style,398
human,soln2,0263,shadowVariable,style,398
human,soln2,0120,unreadVariable,style,563
human,soln2,0120,unreadVariable,style,563
human,soln2,0195,negativeIndex,error,786
human,soln2,0195,shadowVariable,style,398
human,soln2,0195,negativeContainerIndex,warning,786
human,soln2,0195,unreadVariable,style,563
human,soln2,0195,unreadVariable,style,563
human,soln2,0195,unreadVariable,style,563
human,soln2,0195,unreadVariable,style,563
human,soln2,0238,constParameterReference,style,398
human,soln2,0238,constVariableReference,style,398
human,soln2,0238,stlFindInsert,performance,398
human,soln2,0238,unreadVariable,style,563
human,soln2,0238,unusedVariable,style,563
human,soln2,0238,unreadVariable,style,563
human,soln2,0072,passedByValue,performance,398
human,soln2,0072,passedByValue,performance,398
human,soln2,0072,passedByValue,performance,398
human,soln2,0072,constVariable,style,398
human,soln2,0072,useStlAlgorithm,style,398
human,soln2,0107,variableScope,style,398
human,soln2,0206,uninitvar,warning,457
human,soln2,0010,functionConst,style,398
human,soln2,0010,noExplicitConstructor,style,398
human,soln2,0010,unreadVariable,style,563
human,soln2,0058,passedByValue,performance,398
human,soln2,0007,unreadVariable,style,563
human,soln2,0007,unreadVariable,style,563
human,soln2,0007,unreadVariable,style,563
human,soln2,0007,unreadVariable,style,563
human,soln2,0007,unreadVariable,style,563
human,soln2,0007,unreadVariable,style,563
human,soln2,0045,arrayIndexOutOfBounds,error,788
human,soln2,0045,arrayIndexThenCheck,style,398
human,soln2,0211,useStlAlgorithm,style,398
human,soln2,0211,unreadVariable,style,563
human,soln2,0211,unreadVariable,style,563
human,soln2,0211,unreadVariable,style,563
human,soln2,0211,unreadVariable,style,563
human,soln2,0211,unreadVariable,style,563
human,soln2,0211,unreadVariable,style,563
human,soln2,0211,unreadVariable,style,563
human,soln2,0211,unreadVariable,style,563
human,soln2,0211,unreadVariable,style,563
human,soln2,0211,unreadVariable,style,563
human,soln2,0211,unreadVariable,style,563
human,soln2,0211,unreadVariable,style,563
human,soln2,0211,unreadVariable,style,563
human,soln2,0211,unreadVariable,style,563
human,soln2,0211,unreadVariable,style,563
human,soln2,0211,unreadVariable,style,563
human,soln2,0267,clarifyCondition,style,398
human,soln2,0267,redundantAssignment,style,563
human,soln2,0267,shadowVariable,style,398
human,soln2,0065,knownConditionTrueFalse,style,571
human,soln2,0065,unreadVariable,style,563
human,soln2,0065,unreadVariable,style,563
human,soln2,0065,unreadVariable,style,563
human,soln2,0065,unreadVariable,style,563
human,soln2,0065,unreadVariable,style,563
human,soln2,0065,unreadVariable,style,563
human,soln2,0073,shadowVariable,style,398
human,soln2,0095,unreadVariable,style,563
human,soln2,0095,unreadVariable,style,563
human,soln2,0095,unreadVariable,style,563
human,soln2,0095,unreadVariable,style,563
human,soln2,0095,unreadVariable,style,563
human,soln2,0095,unreadVariable,style,563
human,soln2,0095,unreadVariable,style,563
human,soln2,0095,unreadVariable,style,563
human,soln2,0095,unreadVariable,style,563
human,soln2,0095,unreadVariable,style,563
human,soln2,0147,shadowVariable,style,398
human,soln2,0147,unusedVariable,style,563
human,soln2,0237,variableScope,style,398
human,soln2,0237,variableScope,style,398
human,soln2,0237,variableScope,style,398
human,soln2,0237,incompleteArrayFill,portability,131
human,soln2,0141,constVariableReference,style,398
human,soln2,0141,useStlAlgorithm,style,398
human,soln2,0278,knownConditionTrueFalse,style,571
human,soln2,0278,variableScope,style,398
human,soln2,0132,selfAssignment,style,398
human,soln2,0115,uninitMemberVar,warning,398
human,soln2,0115,uninitMemberVar,warning,398
human,soln2,0115,uninitMemberVar,warning,398
human,soln2,0115,uninitMemberVar,warning,398
human,soln2,0115,constVariableReference,style,398
human,soln2,0115,constVariableReference,style,398
human,soln2,0115,stlFindInsert,performance,398
human,soln2,0115,useStlAlgorithm,style,398
human,soln2,0184,shadowVariable,style,398
human,soln2,0276,invalidscanf,warning,119
human,soln2,0072,shadowVariable,style,398
human,soln2,0215,ignoredReturnValue,warning,252
human,soln2,0215,ignoredReturnValue,warning,252
human,soln2,0215,passedByValue,performance,398
human,soln2,0215,passedByValue,performance,398
human,soln2,0215,passedByValue,performance,398
human,soln2,0087,invalidPrintfArgType_sint,warning,686
human,soln2,0087,unusedVariable,style,563
human,soln2,0223,shadowVariable,style,398
human,soln2,0161,passedByValue,performance,398
human,soln2,0161,passedByValue,performance,398
human,soln2,0161,unreadVariable,style,563
human,soln2,0161,unusedVariable,style,563
human,soln2,0161,unreadVariable,style,563
human,soln2,0161,unusedVariable,style,563
human,soln2,0161,unreadVariable,style,563
human,soln2,0161,unusedVariable,style,563
human,soln2,0161,unusedVariable,style,563
human,soln2,0161,unreadVariable,style,563
human,soln2,0108,variableScope,style,398
human,soln2,0108,variableScope,style,398
human,soln2,0108,variableScope,style,398
human,soln2,0108,variableScope,style,398
human,soln2,0213,shadowVariable,style,398
human,soln2,0148,variableScope,style,398
human,soln2,0148,unusedVariable,style,563
human,soln2,0148,unusedVariable,style,563
human,soln2,0256,variableScope,style,398
human,soln2,0256,unreadVariable,style,563
human,soln2,0027,invalidscanf,warning,119
human,soln2,0027,invalidscanf,warning,119
human,soln2,0233,internalAstError,error,
human,soln2,0016,shadowVariable,style,398
human,soln2,0265,shadowVariable,style,398
human,soln2,0100,invalidscanf,warning,119
human,soln2,0158,constVariable,style,398
human,soln2,0146,useStlAlgorithm,style,398
human,soln2,0146,useStlAlgorithm,style,398
human,soln2,0054,functionConst,style,398
human,soln2,0024,invalidscanf,warning,119
human,soln2,0024,shadowVariable,style,398
human,soln2,0024,constParameterPointer,style,398
human,soln2,0024,unreadVariable,style,563
human,soln2,0024,unreadVariable,style,563
human,soln2,0242,shadowVariable,style,398
human,soln2,0242,shadowVariable,style,398
human,soln2,0242,shadowVariable,style,398
human,soln2,0220,truncLongCastAssignment,style,197
human,soln2,0121,noExplicitConstructor,style,398
human,soln2,0085,variableScope,style,398
human,soln2,0085,variableScope,style,398
human,soln2,0086,invalidscanf,warning,119
human,soln2,0086,variableScope,style,398
human,soln2,0086,variableScope,style,398
human,soln2,0086,unusedVariable,style,563
human,soln2,0086,unusedVariable,style,563
human,soln2,0064,invalidscanf,warning,119
human,soln2,0064,variableScope,style,398
human,soln2,0064,variableScope,style,398
human,soln2,0026,noExplicitConstructor,style,398
human,soln2,0026,knownConditionTrueFalse,style,571
human,soln2,0026,knownConditionTrueFalse,style,571
human,soln2,0026,constVariableReference,style,398
human,soln2,0192,variableScope,style,398
human,soln2,0192,unreadVariable,style,563
human,soln2,0082,duplicateAssignExpression,style,398
human,soln2,0082,variableScope,style,398
human,soln2,0160,variableScope,style,398
human,soln2,0160,unusedVariable,style,563
human,soln2,0201,uninitMemberVar,warning,398
human,soln2,0201,uninitMemberVar,warning,398
human,soln2,0201,passedByValue,performance,398
human,soln2,0201,passedByValue,performance,398
human,soln2,0201,passedByValue,performance,398
human,soln2,0201,passedByValue,performance,398
human,soln2,0201,passedByValue,performance,398
human,soln2,0201,passedByValue,performance,398
human,soln2,0145,getsCalled,warning,477
human,soln2,0279,arrayIndexOutOfBoundsCond,warning,788
human,soln2,0279,clarifyCondition,style,398
human,soln2,0077,incompleteArrayFill,portability,131
human,soln2,0077,incompleteArrayFill,portability,131
human,soln2,0077,incompleteArrayFill,portability,131
human,soln2,0089,variableScope,style,398
human,soln2,0089,useStlAlgorithm,style,398
human,soln2,0089,unreadVariable,style,563
human,soln2,0089,unreadVariable,style,563
human,soln2,0114,internalAstError,error,
human,soln2,0005,shadowVariable,style,398
human,soln2,0023,arrayIndexOutOfBounds,error,788
human,soln2,0023,stlFindInsert,performance,398
human,soln2,0191,ignoredReturnValue,warning,252
human,soln2,0191,ignoredReturnValue,warning,252
human,soln2,0261,initializerList,style,398
human,soln2,0261,functionStatic,style,398
human,soln2,0261,functionStatic,style,398
human,soln2,0261,functionStatic,style,398
human,soln2,0261,functionStatic,style,398
human,soln2,0261,functionConst,style,398
human,soln2,0261,noExplicitConstructor,style,398
human,soln2,0261,constParameterPointer,style,398
human,soln2,0261,unreadVariable,style,563
human,soln2,0261,unreadVariable,style,563
human,soln2,0035,shadowVariable,style,398
human,soln2,0281,unreadVariable,style,563
human,soln2,0190,postfixOperator,performance,398
human,soln2,0209,arrayIndexOutOfBounds,error,788
human,soln2,0209,arrayIndexOutOfBounds,error,788
human,soln2,0081,bitwiseOnBoolean,style,398
human,soln2,0081,clarifyCondition,style,398
human,soln2,0081,clarifyCondition,style,398
human,soln2,0081,duplicateExpression,style,398
human,soln2,0181,stlFindInsert,performance,398
human,soln2,0135,invalidscanf,warning,119
human,soln2,0123,negativeIndex,error,786
human,soln2,0200,noExplicitConstructor,style,398
human,soln2,0093,shadowVariable,style,398
human,soln2,0001,functionConst,style,398
human,soln2,0001,functionConst,style,398
human,soln2,0001,noExplicitConstructor,style,398
human,soln2,0001,shadowVariable,style,398
human,soln2,0001,constVariableReference,style,398
human,soln2,0239,useStlAlgorithm,style,398
human,soln2,0119,arrayIndexOutOfBoundsCond,warning,788
human,soln2,0119,negativeIndex,error,786
human,soln2,0119,knownConditionTrueFalse,style,570
human,soln2,0119,variableScope,style,398
human,soln2,0119,variableScope,style,398
human,soln2,0119,passedByValue,performance,398
human,soln2,0119,passedByValue,performance,398
human,soln2,0232,variableScope,style,398
human,soln2,0232,unreadVariable,style,563
human,soln2,0144,uninitvar,warning,457
human,soln2,0144,uninitvar,warning,457
human,soln2,0055,negativeContainerIndex,warning,786
human,soln2,0055,uninitvar,warning,457
human,soln2,0055,unusedVariable,style,563
human,soln2,0055,unusedVariable,style,563
human,soln2,0055,unusedVariable,style,563
human,soln2,0055,unusedVariable,style,563
human,soln2,0170,passedByValue,performance,398
human,soln2,0170,passedByValue,performance,398
human,soln2,0170,passedByValue,performance,398
human,soln2,0196,shadowVariable,style,398
human,soln2,0196,unreadVariable,style,563
human,soln2,0196,unreadVariable,style,563
human,soln2,0228,unusedVariable,style,563
human,soln2,0228,unusedVariable,style,563
human,soln2,0228,unusedVariable,style,563
human,soln2,0228,unreadVariable,style,563
human,soln2,0228,unreadVariable,style,563
human,soln2,0228,unusedVariable,style,563
human,soln2,0228,unreadVariable,style,563
human,soln2,0112,constParameterReference,style,398
human,soln2,0112,unusedStructMember,style,563
human,soln2,0219,constParameterReference,style,398
human,soln2,0207,constVariablePointer,style,398
human,soln2,0076,assignBoolToFloat,style,704
human,soln2,0061,invalidscanf,warning,119
human,soln2,0111,constVariable,style,398
human,soln2,0157,noExplicitConstructor,style,398
human,soln2,0273,bitwiseOnBoolean,style,398
human,soln2,0273,clarifyCondition,style,398
human,soln2,0084,constParameter,style,398
human,soln2,0175,iterateByValue,performance,398
human,soln2,0175,iterateByValue,performance,398
human,soln2,0175,useStlAlgorithm,style,398
human,soln2,0175,useStlAlgorithm,style,398
human,soln2,0175,useStlAlgorithm,style,398
human,soln2,0175,useStlAlgorithm,style,398
human,soln2,0175,useStlAlgorithm,style,398
human,soln2,0175,useStlAlgorithm,style,398
human,soln2,0195,missingReturn,error,758
human,soln2,0195,uninitMemberVar,warning,398
human,soln2,0195,uninitMemberVar,warning,398
human,soln2,0195,functionConst,style,398
human,soln2,0195,functionConst,style,398
human,soln2,0195,functionStatic,style,398
human,soln2,0195,functionStatic,style,398
human,soln2,0195,functionStatic,style,398
human,soln2,0195,noExplicitConstructor,style,398
human,soln2,0195,missingOverride,style,
human,soln2,0195,missingOverride,style,
human,soln2,0195,missingOverride,style,
human,soln2,0195,missingOverride,style,
human,soln2,0195,missingOverride,style,
human,soln2,0195,passedByValue,performance,398
human,soln2,0195,passedByValue,performance,398
human,soln2,0195,constParameterReference,style,398
human,soln2,0195,constParameterReference,style,398
human,soln2,0195,constParameterReference,style,398
human,soln2,0195,constParameterReference,style,398
human,soln2,0195,constParameterReference,style,398
human,soln2,0018,variableScope,style,398
human,soln2,0243,constVariable,style,398
human,soln2,0243,constVariable,style,398
human,soln2,0227,variableScope,style,398
human,soln2,0037,constVariablePointer,style,398
human,soln2,0037,constVariablePointer,style,398
human,soln2,0037,checkCastIntToCharAndBack,warning,197
human,soln2,0068,unusedVariable,style,563
human,soln2,0217,passedByValue,performance,398
human,soln2,0182,variableScope,style,398
human,soln2,0182,uninitvar,warning,457
human,soln2,0083,shadowVariable,style,398
human,soln2,0083,unreadVariable,style,563
human,soln2,0083,unreadVariable,style,563
human,soln2,0169,uninitMemberVar,warning,398
human,soln2,0169,uninitMemberVar,warning,398
human,soln2,0169,uninitMemberVar,warning,398
human,soln2,0169,uninitMemberVar,warning,398
human,soln2,0169,uninitMemberVar,warning,398
human,soln2,0169,uninitMemberVar,warning,398
human,soln2,0169,uninitMemberVar,warning,398
human,soln2,0169,uninitMemberVar,warning,398
human,soln2,0143,ignoredReturnValue,warning,252
human,soln2,0143,ignoredReturnValue,warning,252
human,soln2,0143,passedByValue,performance,398
human,soln2,0206,variableScope,style,398
human,soln2,0206,variableScope,style,398
human,soln2,0206,variableScope,style,398
human,soln2,0224,variableScope,style,398
human,soln2,0041,noExplicitConstructor,style,398
human,soln2,0041,noExplicitConstructor,style,398
human,soln2,0041,noExplicitConstructor,style,398
human,soln2,0171,useStlAlgorithm,style,398
human,soln2,0171,unreadVariable,style,563
human,soln2,0171,unreadVariable,style,563
human,soln2,0118,incompleteArrayFill,portability,131
human,soln2,0047,invalidscanf,warning,119
human,soln2,0014,invalidscanf,warning,119
human,soln2,0246,negativeIndex,warning,786
human,soln2,0252,ignoredReturnValue,warning,252
human,soln2,0252,leakNoVarFunctionCall,error,772
human,soln2,0252,shadowVariable,style,398
human,soln2,0252,useStlAlgorithm,style,398
human,soln2,0252,useStlAlgorithm,style,398
human,soln2,0134,shadowVariable,style,398
human,soln2,0134,shadowVariable,style,398
human,soln2,0088,unreadVariable,style,563
human,soln2,0088,unreadVariable,style,563
human,soln2,0030,iterateByValue,performance,398
human,soln2,0030,iterateByValue,performance,398
human,soln2,0030,iterateByValue,performance,398
human,soln2,0030,useStlAlgorithm,style,398
human,soln2,0030,useStlAlgorithm,style,398
human,soln2,0030,useStlAlgorithm,style,398
human,soln2,0050,arrayIndexOutOfBoundsCond,warning,788
human,soln2,0050,shadowVariable,style,398
human,soln2,0050,unreadVariable,style,563
human,soln2,0057,arrayIndexThenCheck,style,398
human,soln2,0163,uninitMemberVar,warning,398
human,soln2,0163,uninitMemberVar,warning,398
human,soln2,0163,uninitMemberVar,warning,398
human,soln2,0163,uninitMemberVar,warning,398
human,soln2,0163,uninitMemberVar,warning,398
human,soln2,0110,missingReturn,error,758
human,soln2,0110,noExplicitConstructor,style,398
human,soln2,0110,passedByValue,performance,398
human,soln2,0254,missingReturn,error,758
human,soln2,0254,passedByValueCallback,performance,398
human,soln2,0254,passedByValueCallback,performance,398
human,soln2,0022,assignBoolToFloat,style,704
human,soln2,0205,uninitMemberVar,warning,398
human,soln2,0205,uninitMemberVar,warning,398
human,soln2,0205,uninitMemberVar,warning,398
human,soln2,0205,functionConst,style,398
human,soln2,0205,shadowVariable,style,398
human,soln2,0205,shadowVariable,style,398
human,soln2,0205,shadowVariable,style,398
human,soln2,0205,shadowVariable,style,398
human,soln2,0205,constParameterReference,style,398
human,soln2,0205,constParameterReference,style,398
human,soln2,0205,constParameterReference,style,398
human,soln2,0241,unusedVariable,style,563
human,soln2,0241,unusedVariable,style,563
human,soln2,0033,incompleteArrayFill,portability,131
human,soln2,0033,unreadVariable,style,563
human,soln2,0071,shadowVariable,style,398
human,soln2,0126,invalidscanf,warning,119
human,soln2,0020,unreadVariable,style,563
human,soln2,0020,unreadVariable,style,563
human,soln2,0040,shadowVariable,style,398
human,soln2,0040,shadowVariable,style,398
human,soln2,0074,knownConditionTrueFalse,style,571
human,soln2,0280,passedByValueCallback,performance,398
human,soln2,0280,passedByValueCallback,performance,398
human,soln2,0183,shadowVariable,style,398
human,soln2,0183,shadowVariable,style,398
human,soln2,0260,shadowVariable,style,398
human,soln2,0260,shadowVariable,style,398
human,soln2,0260,shadowVariable,style,398
human,soln2,0260,shadowVariable,style,398
human,soln2,0216,variableScope,style,398
human,soln2,0216,variableScope,style,398
human,soln2,0216,shadowVariable,style,398
human,soln2,0216,shadowVariable,style,398
human,soln2,0216,shadowVariable,style,398
human,soln2,0127,constVariable,style,398
human,soln2,0049,knownConditionTrueFalse,style,571
human,soln2,0049,shadowVariable,style,398
human,soln2,0092,shadowVariable,style,398
human,soln2,0092,shadowVariable,style,398
human,soln2,0092,useStlAlgorithm,style,398
human,soln2,0185,variableScope,style,398
human,soln2,0185,passedByValue,performance,398
human,soln2,0185,passedByValue,performance,398
human,soln2,0185,unreadVariable,style,563
human,soln2,0185,unreadVariable,style,563
human,soln2,0056,ignoredReturnValue,warning,252
human,soln2,0253,variableScope,style,398
human,soln2,0253,unusedStructMember,style,563
human,soln2,0059,assertWithSideEffect,warning,398
human,soln2,0059,assertWithSideEffect,warning,398
human,soln2,0059,constVariableReference,style,398
human,soln2,0059,constVariableReference,style,398
human,soln2,0059,unusedVariable,style,563
human,soln2,0199,shadowVariable,style,398
human,soln2,0199,passedByValue,performance,398
human,soln2,0199,passedByValue,performance,398
human,soln2,0199,passedByValue,performance,398
human,soln2,0199,passedByValue,performance,398
human,soln2,0199,passedByValue,performance,398
human,soln2,0199,passedByValue,performance,398
human,soln2,0199,passedByValue,performance,398
human,soln2,0199,useStlAlgorithm,style,398
human,soln2,0199,useStlAlgorithm,style,398
human,soln2,0257,unusedVariable,style,563
human,soln2,0257,unusedVariable,style,563
human,soln2,0257,unusedVariable,style,563
human,soln2,0257,unusedVariable,style,563
human,soln2,0257,unusedVariable,style,563
human,soln2,0257,unusedVariable,style,563
human,soln2,0257,unusedVariable,style,563
human,soln2,0234,bitwiseOnBoolean,style,398
human,soln2,0234,clarifyCondition,style,398
human,soln2,0234,invalidscanf,warning,119
human,soln2,0234,variableScope,style,398
human,soln2,0146,shadowVariable,style,398
human,soln2,0146,shadowVariable,style,398
human,soln2,0146,shadowVariable,style,398
human,soln2,0146,shadowVariable,style,398
human,soln2,0260,variableScope,style,398
human,soln2,0260,useStlAlgorithm,style,398
human,soln2,0221,constVariable,style,398
human,soln2,0221,constVariable,style,398
human,soln2,0257,constParameterReference,style,398
human,soln2,0257,constParameterReference,style,398
human,soln2,0257,unreadVariable,style,563
human,soln2,0049,variableScope,style,398
human,soln2,0049,variableScope,style,398
human,soln2,0049,variableScope,style,398
human,soln2,0049,variableScope,style,398
human,soln2,0049,variableScope,style,398
human,soln2,0049,passedByValue,performance,398
human,soln2,0049,passedByValue,performance,398
human,soln2,0049,passedByValue,performance,398
human,soln2,0049,passedByValue,performance,398
human,soln2,0049,passedByValue,performance,398
human,soln2,0049,passedByValue,performance,398
human,soln2,0177,unreadVariable,style,563
human,soln2,0177,unreadVariable,style,563
human,soln2,0177,unreadVariable,style,563
human,soln2,0177,unreadVariable,style,563
human,soln2,0277,truncLongCastAssignment,style,197
human,soln2,0082,shadowVariable,style,398
human,soln2,0082,unreadVariable,style,563
human,soln2,0082,unreadVariable,style,563
human,soln2,0119,arrayIndexThenCheck,style,398
human,soln2,0119,arrayIndexThenCheck,style,398
human,soln2,0119,arrayIndexThenCheck,style,398
human,soln2,0119,arrayIndexThenCheck,style,398
human,soln2,0119,unreadVariable,style,563
human,soln2,0141,iterateByValue,performance,398
human,soln2,0141,useStlAlgorithm,style,398
human,soln2,0063,functionConst,style,398
human,soln2,0063,functionConst,style,398
human,soln2,0063,unusedStructMember,style,563
human,soln2,0063,unreadVariable,style,563
human,soln2,0075,shadowVariable,style,398
human,soln2,0219,variableScope,style,398
human,soln2,0126,constVariableReference,style,398
human,soln2,0126,useStlAlgorithm,style,398
human,soln2,0239,constParameter,style,398
human,soln2,0239,unusedVariable,style,563
human,soln2,0239,unusedVariable,style,563
human,soln2,0239,unusedVariable,style,563
human,soln2,0239,unusedVariable,style,563
human,soln2,0239,unusedVariable,style,563
human,soln2,0239,unusedVariable,style,563
human,soln2,0017,uninitvar,warning,457
human,soln2,0107,constVariable,style,398
human,soln2,0145,invalidscanf,warning,119
human,soln2,0168,negativeIndex,warning,786
human,soln2,0168,constParameterPointer,style,398
human,soln2,0168,uninitvar,warning,457
human,soln2,0168,unassignedVariable,style,665
human,soln2,0271,invalidscanf,warning,119
human,soln2,0165,shadowVariable,style,398
human,soln2,0068,invalidscanf,warning,119
human,soln2,0068,passedByValue,performance,398
human,soln2,0068,passedByValue,performance,398
human,soln2,0123,shadowVariable,style,398
human,soln2,0076,constParameterReference,style,398
human,soln2,0076,constParameterReference,style,398
human,soln2,0076,constParameterReference,style,398
human,soln2,0076,constParameterReference,style,398
human,soln2,0025,unusedVariable,style,563
human,soln2,0184,unusedVariable,style,563
human,soln2,0080,useStlAlgorithm,style,398
human,soln2,0207,shadowVariable,style,398
human,soln2,0207,shadowVariable,style,398
human,soln2,0207,shadowVariable,style,398
human,soln2,0207,constVariablePointer,style,398
human,soln2,0203,invalidScanfArgType_int,warning,686
human,soln2,0268,invalidPrintfArgType_sint,portability,686
human,soln2,0268,unusedVariable,style,563
human,soln2,0268,unusedVariable,style,563
human,soln2,0052,incompleteArrayFill,portability,131
human,soln2,0224,variableScope,style,398
human,soln2,0224,shadowVariable,style,398
human,soln2,0224,shadowVariable,style,398
human,soln2,0224,shadowVariable,style,398
human,soln2,0224,shadowVariable,style,398
human,soln2,0224,unreadVariable,style,563
human,soln2,0224,unreadVariable,style,563
human,soln2,0224,unreadVariable,style,563
human,soln2,0224,unreadVariable,style,563
human,soln2,0224,unreadVariable,style,563
human,soln2,0224,unreadVariable,style,563
human,soln2,0224,unreadVariable,style,563
human,soln2,0224,unreadVariable,style,563
human,soln2,0290,shadowVariable,style,398
human,soln2,0290,unreadVariable,style,563
human,soln2,0290,unreadVariable,style,563
human,soln2,0004,arrayIndexOutOfBoundsCond,warning,788
human,soln2,0004,functionConst,style,398
human,soln2,0004,shadowVariable,style,398
human,soln2,0094,unusedVariable,style,563
human,soln2,0159,invalidPrintfArgType_sint,portability,686
human,soln2,0110,functionConst,style,398
human,soln2,0110,functionConst,style,398
human,soln2,0181,uninitvar,warning,457
human,soln2,0181,unreadVariable,style,563
human,soln2,0156,constVariablePointer,style,398
human,soln2,0193,functionConst,style,398
human,soln2,0044,invalidscanf,warning,119
human,soln2,0191,useStlAlgorithm,style,398
human,soln2,0204,functionConst,style,398
human,soln2,0204,functionConst,style,398
human,soln2,0204,functionConst,style,398
human,soln2,0204,functionConst,style,398
human,soln2,0204,functionConst,style,398
human,soln2,0204,functionConst,style,398
human,soln2,0204,functionConst,style,398
human,soln2,0204,functionConst,style,398
human,soln2,0204,functionConst,style,398
human,soln2,0204,shadowVariable,style,398
human,soln2,0204,shadowVariable,style,398
human,soln2,0204,shadowVariable,style,398
human,soln2,0204,shadowVariable,style,398
human,soln2,0204,shadowVariable,style,398
human,soln2,0204,shadowVariable,style,398
human,soln2,0204,shadowVariable,style,398
human,soln2,0204,shadowVariable,style,398
human,soln2,0204,shadowVariable,style,398
human,soln2,0204,shadowVariable,style,398
human,soln2,0204,shadowVariable,style,398
human,soln2,0204,shadowVariable,style,398
human,soln2,0204,constStatement,warning,398
human,soln2,0204,constStatement,warning,398
human,soln2,0204,constStatement,warning,398
human,soln2,0204,constStatement,warning,398
human,soln2,0204,constStatement,warning,398
human,soln2,0204,constStatement,warning,398
human,soln2,0204,constStatement,warning,398
human,soln2,0204,constStatement,warning,398
human,soln2,0204,constStatement,warning,398
human,soln2,0204,constStatement,warning,398
human,soln2,0204,constStatement,warning,398
human,soln2,0204,constStatement,warning,398
human,soln2,0204,constStatement,warning,398
human,soln2,0204,constVariableReference,style,398
human,soln2,0204,uninitvar,error,457
human,soln2,0204,uninitvar,error,457
human,soln2,0204,uninitvar,error,457
human,soln2,0204,uninitvar,error,457
human,soln2,0204,uninitvar,error,457
human,soln2,0204,uninitvar,error,457
human,soln2,0204,uninitvar,error,457
human,soln2,0169,unreadVariable,style,563
human,soln2,0122,constParameter,style,398
human,soln2,0231,functionConst,style,398
human,soln2,0231,shadowVariable,style,398
human,soln2,0231,shadowVariable,style,398
human,soln2,0005,bitwiseOnBoolean,style,398
human,soln2,0199,variableScope,style,398
human,soln2,0276,invalidscanf,warning,119
human,soln2,0201,incompleteArrayFill,portability,131
human,soln2,0201,useStlAlgorithm,style,398
human,soln2,0160,uninitMemberVar,warning,398
human,soln2,0160,uninitMemberVar,warning,398
human,soln2,0160,uninitMemberVar,warning,398
human,soln2,0062,noExplicitConstructor,style,398
human,soln2,0062,noExplicitConstructor,style,398
human,soln2,0062,noExplicitConstructor,style,398
human,soln2,0062,shadowVariable,style,398
human,soln2,0062,shadowVariable,style,398
human,soln2,0062,shadowVariable,style,398
human,soln2,0280,unusedVariable,style,563
human,soln2,0280,unusedVariable,style,563
human,soln2,0244,knownConditionTrueFalse,style,571
human,soln2,0244,knownConditionTrueFalse,style,571
human,soln2,0244,knownConditionTrueFalse,style,571
human,soln2,0067,unreadVariable,style,563
human,soln2,0067,unreadVariable,style,563
human,soln2,0067,unreadVariable,style,563
human,soln2,0067,unreadVariable,style,563
human,soln2,0041,useStlAlgorithm,style,398
human,soln2,0086,redundantAssignment,style,563
human,soln2,0086,variableScope,style,398
human,soln2,0086,variableScope,style,398
human,soln2,0086,unreadVariable,style,563
human,soln2,0086,unreadVariable,style,563
human,soln2,0086,unusedVariable,style,563
human,soln2,0263,constParameter,style,398
human,soln2,0186,memsetValueOutOfRange,warning,686
human,soln2,0227,passedByValue,performance,398
human,soln2,0153,passedByValue,performance,398
human,soln2,0153,unusedVariable,style,563
human,soln2,0218,unreadVariable,style,563
human,soln2,0218,unreadVariable,style,563
human,soln2,0147,uninitMemberVar,warning,398
human,soln2,0147,uninitMemberVar,warning,398
human,soln2,0147,uninitMemberVar,warning,398
human,soln2,0147,uninitMemberVar,warning,398
human,soln2,0147,uninitMemberVar,warning,398
human,soln2,0147,uninitMemberVar,warning,398
human,soln2,0147,uninitMemberVar,warning,398
human,soln2,0147,uninitMemberVar,warning,398
human,soln2,0147,uninitMemberVar,warning,398
human,soln2,0014,shadowVariable,style,398
human,soln2,0014,passedByValue,performance,398
human,soln2,0070,useStlAlgorithm,style,398
human,soln2,0070,useStlAlgorithm,style,398
human,soln2,0151,constParameter,style,398
human,soln2,0151,unreadVariable,style,563
human,soln2,0151,unreadVariable,style,563
human,soln2,0151,unreadVariable,style,563
human,soln2,0152,passedByValue,performance,398
human,soln2,0152,passedByValue,performance,398
human,soln2,0152,passedByValue,performance,398
human,soln2,0118,knownConditionTrueFalse,style,571
human,soln2,0118,shadowVariable,style,398
human,soln2,0118,shadowVariable,style,398
human,soln2,0118,unreadVariable,style,563
human,soln2,0118,unreadVariable,style,563
human,soln2,0118,unreadVariable,style,563
human,soln2,0118,unreadVariable,style,563
human,soln2,0140,memsetValueOutOfRange,warning,686
human,soln2,0140,memsetValueOutOfRange,warning,686
human,soln2,0282,invalidscanf,warning,119
human,soln2,0282,invalidscanf,warning,119
human,soln2,0255,invalidTestForOverflow,warning,391
human,soln2,0226,shiftNegativeLHS,portability,758
human,soln2,0226,shiftNegativeLHS,portability,758
human,soln2,0226,useStlAlgorithm,style,398
human,soln2,0281,variableScope,style,398
human,soln2,0261,invalidscanf,warning,119
human,soln2,0261,unreadVariable,style,563
human,soln2,0261,unreadVariable,style,563
human,soln2,0144,duplicateBreak,style,561
human,soln2,0162,useStlAlgorithm,style,398
human,soln2,0000,uninitvar,warning,457
human,soln2,0210,invalidscanf,warning,119
human,soln2,0254,noCopyConstructor,warning,398
human,soln2,0254,noOperatorEq,warning,398
human,soln2,0254,noExplicitConstructor,style,398
human,soln2,0254,shadowVariable,style,398
human,soln2,0254,postfixOperator,performance,398
human,soln2,0163,shadowVariable,style,398
human,soln2,0163,shadowVariable,style,398
human,soln2,0163,shadowVariable,style,398
human,soln2,0163,unusedVariable,style,563
human,soln2,0116,variableScope,style,398
human,soln2,0116,unusedVariable,style,563
human,soln2,0116,unusedVariable,style,563
human,soln2,0116,unusedVariable,style,563
human,soln2,0003,useStlAlgorithm,style,398
human,soln2,0238,uninitvar,warning,457
human,soln2,0238,legacyUninitvar,error,457
human,soln2,0238,unassignedVariable,style,665
human,soln2,0211,shadowVariable,style,398
human,soln2,0211,shadowVariable,style,398
human,soln2,0211,shadowVariable,style,398
human,soln2,0211,unusedVariable,style,563
human,soln2,0026,postfixOperator,performance,398
human,soln2,0243,functionConst,style,398
human,soln2,0243,shadowVariable,style,398
human,soln2,0243,passedByValue,performance,398
human,soln2,0243,passedByValue,performance,398
human,soln2,0243,passedByValue,performance,398
human,soln2,0274,shadowVariable,style,398
human,soln2,0087,constParameterReference,style,398
human,soln2,0087,useStlAlgorithm,style,398
human,soln2,0285,shadowVariable,style,398
human,soln2,0285,uninitvar,warning,457
human,soln2,0285,uninitvar,warning,457
human,soln2,0285,uninitvar,warning,457
human,soln2,0285,uninitvar,warning,457
human,soln2,0008,constVariablePointer,style,398
human,soln2,0008,constVariablePointer,style,398
human,soln2,0057,invalidscanf,warning,119
human,soln2,0057,invalidscanf,warning,119
human,soln2,0128,useStlAlgorithm,style,398
human,soln2,0113,functionStatic,style,398
human,soln2,0113,functionStatic,style,398
human,soln2,0113,functionConst,style,398
human,soln2,0113,functionConst,style,398
human,soln2,0113,functionConst,style,398
human,soln2,0113,functionConst,style,398
human,soln2,0113,noExplicitConstructor,style,398
human,soln2,0113,noExplicitConstructor,style,398
human,soln2,0113,noExplicitConstructor,style,398
human,soln2,0113,invalidscanf,warning,119
human,soln2,0113,shadowVariable,style,398
human,soln2,0113,passedByValue,performance,398
human,soln2,0113,passedByValue,performance,398
human,soln2,0113,constParameterReference,style,398
human,soln2,0113,constParameterReference,style,398
human,soln2,0113,constParameterReference,style,398
human,soln2,0113,constParameterReference,style,398
human,soln2,0113,constParameterReference,style,398
human,soln2,0113,constParameterReference,style,398
human,soln2,0113,constParameterReference,style,398
human,soln2,0113,constParameterReference,style,398
human,soln2,0027,redundantAssignment,style,563
human,soln2,0138,arrayIndexOutOfBounds,error,788
human,soln2,0138,arrayIndexOutOfBounds,error,788
human,soln2,0198,variableScope,style,398
human,soln2,0198,unreadVariable,style,563
human,soln2,0235,invalidscanf,warning,119
human,soln2,0235,invalidscanf,warning,119
human,soln2,0235,variableScope,style,398
human,soln2,0235,variableScope,style,398
human,soln2,0235,variableScope,style,398
human,soln2,0216,unreadVariable,style,563
human,soln2,0097,invalidscanf,warning,119
human,soln2,0097,unreadVariable,style,563
human,soln2,0097,unreadVariable,style,563
human,soln2,0032,passedByValue,performance,398
human,soln2,0018,postfixOperator,performance,398
human,soln2,0018,postfixOperator,performance,398
human,soln2,0279,invalidscanf,warning,119
human,soln2,0045,invalidscanf,warning,119
human,soln2,0037,arrayIndexOutOfBoundsCond,warning,788
human,soln2,0262,ignoredReturnValue,warning,252
human,soln2,0262,invalidFunctionArg,warning,628
human,soln2,0262,variableScope,style,398
human,soln2,0262,shadowVariable,style,398
human,soln2,0262,shadowVariable,style,398
human,soln2,0262,passedByValue,performance,398
human,soln2,0262,passedByValue,performance,398
human,soln2,0262,floatConversionOverflow,error,190
human,soln2,0262,unreadVariable,style,563
human,soln2,0262,unreadVariable,style,563
human,soln2,0262,unreadVariable,style,563
human,soln2,0262,unreadVariable,style,563
human,soln2,0262,knownConditionTrueFalse,style,570
human,soln2,0111,passedByValue,performance,398
human,soln2,0111,passedByValue,performance,398
human,soln2,0111,passedByValue,performance,398
human,soln2,0030,uninitMemberVar,warning,398
human,soln2,0030,uninitMemberVar,warning,398
human,soln2,0030,uninitMemberVar,warning,398
human,soln2,0030,invalidscanf,warning,119
human,soln2,0030,shadowArgument,style,398
human,soln2,0030,shadowArgument,style,398
human,soln2,0030,passedByValue,performance,398
human,soln2,0030,passedByValue,performance,398
human,soln2,0030,passedByValue,performance,398
human,soln2,0176,shadowVariable,style,398
human,soln2,0176,shadowVariable,style,398
human,soln2,0176,passedByValue,performance,398
human,soln2,0176,unreadVariable,style,563
human,soln2,0176,unreadVariable,style,563
human,soln2,0065,variableScope,style,398
human,soln2,0065,variableScope,style,398
human,soln2,0065,shadowVariable,style,398
human,soln2,0065,unreadVariable,style,563
human,soln2,0065,unreadVariable,style,563
human,soln2,0172,uninitMemberVar,warning,398
human,soln2,0172,passedByValue,performance,398
human,soln2,0172,unusedVariable,style,563
human,soln2,0172,unusedVariable,style,563
human,soln2,0172,unusedVariable,style,563
human,soln2,0172,unusedVariable,style,563
human,soln2,0172,unusedVariable,style,563
human,soln2,0172,unusedVariable,style,563
human,soln2,0172,unusedVariable,style,563
human,soln2,0033,variableScope,style,398
human,soln2,0033,unreadVariable,style,563
human,soln2,0033,unreadVariable,style,563
human,soln2,0154,variableScope,style,398
human,soln2,0170,passedByValue,performance,398
human,soln2,0170,passedByValue,performance,398
human,soln2,0170,passedByValue,performance,398
human,soln2,0256,uninitMemberVar,warning,398
human,soln2,0256,uninitMemberVar,warning,398
human,soln2,0289,invalidscanf,warning,119
human,soln2,0230,invalidscanf,warning,119
human,soln2,0230,invalidscanf,warning,119
human,soln2,0230,constParameterPointer,style,398
human,soln2,0236,incompleteArrayFill,portability,131
human,soln2,0236,incompleteArrayFill,portability,131
human,soln2,0096,useStlAlgorithm,style,398
human,soln2,0088,ignoredReturnValue,warning,252
human,soln2,0088,ignoredReturnValue,warning,252
human,soln2,0061,invalidScanfArgType_int,warning,686
human,soln2,0061,invalidPrintfArgType_sint,warning,686
human,soln2,0061,invalidPrintfArgType_sint,warning,686
human,soln2,0010,unreadVariable,style,563
human,soln2,0010,unreadVariable,style,563
human,soln2,0237,uninitMemberVar,warning,398
human,soln2,0237,useInitializationList,performance,398
human,soln2,0237,constParameterReference,style,398
human,soln2,0237,constParameterReference,style,398
human,soln2,0237,constParameterReference,style,398
human,soln2,0237,constParameterReference,style,398
human,soln2,0237,constParameterReference,style,398
human,soln2,0237,constParameterReference,style,398
human,soln2,0237,constParameterReference,style,398
human,soln2,0237,constParameterReference,style,398
human,soln2,0237,constParameterReference,style,398
human,soln2,0237,useStlAlgorithm,style,398
human,soln2,0237,useStlAlgorithm,style,398
human,soln2,0237,useStlAlgorithm,style,398
human,soln2,0237,useStlAlgorithm,style,398
human,soln2,0161,uninitMemberVar,warning,398
human,soln2,0161,uninitMemberVar,warning,398
human,soln2,0161,uninitMemberVar,warning,398
human,soln2,0161,uninitMemberVar,warning,398
human,soln2,0161,shadowVariable,style,398
human,soln2,0161,shadowVariable,style,398
human,soln2,0161,shadowVariable,style,398
human,soln2,0182,shadowVariable,style,398
human,soln2,0182,shadowVariable,style,398
human,soln2,0187,knownConditionTrueFalse,style,571
human,soln2,0187,shadowVariable,style,398
qwen,gen_3,0084,useStlAlgorithm,style,398
qwen,gen_3,0171,constParameterCallback,style,398
qwen,gen_3,0171,constParameterCallback,style,398
qwen,gen_3,0171,constVariableReference,style,398
qwen,gen_3,0171,constVariableReference,style,398
qwen,gen_3,0171,constParameterCallback,style,398
qwen,gen_3,0171,constParameterCallback,style,398
qwen,gen_3,0171,constVariableReference,style,398
qwen,gen_3,0171,constVariableReference,style,398
qwen,gen_3,0171,constParameterCallback,style,398
qwen,gen_3,0171,constParameterCallback,style,398
qwen,gen_3,0171,constVariableReference,style,398
qwen,gen_3,0171,constVariableReference,style,398
qwen,gen_3,0171,useStlAlgorithm,style,398
qwen,gen_3,0171,useStlAlgorithm,style,398
qwen,gen_3,0171,useStlAlgorithm,style,398
qwen,gen_3,0171,useStlAlgorithm,style,398
qwen,gen_3,0171,useStlAlgorithm,style,398
qwen,gen_3,0171,useStlAlgorithm,style,398
qwen,gen_3,0171,useStlAlgorithm,style,398
qwen,gen_3,0171,useStlAlgorithm,style,398
qwen,gen_3,0171,useStlAlgorithm,style,398
qwen,gen_3,0171,useStlAlgorithm,style,398
qwen,gen_3,0171,useStlAlgorithm,style,398
qwen,gen_3,0171,useStlAlgorithm,style,398
qwen,gen_3,0171,useStlAlgorithm,style,398
qwen,gen_3,0171,useStlAlgorithm,style,398
qwen,gen_3,0259,knownConditionTrueFalse,style,570
qwen,gen_3,0146,useStlAlgorithm,style,398
qwen,gen_3,0194,unreadVariable,style,563
qwen,gen_3,0194,unreadVariable,style,563
qwen,gen_3,0167,useStlAlgorithm,style,398
qwen,gen_3,0142,useStlAlgorithm,style,398
qwen,gen_3,0060,useStlAlgorithm,style,398
qwen,gen_3,0012,useStlAlgorithm,style,398
qwen,gen_3,0147,shadowVariable,style,398
qwen,gen_3,0082,unreadVariable,style,563
qwen,gen_3,0234,useStlAlgorithm,style,398
qwen,gen_3,0073,useStlAlgorithm,style,398
qwen,gen_3,0225,useStlAlgorithm,style,398
qwen,gen_3,0225,useStlAlgorithm,style,398
qwen,gen_3,0077,knownConditionTrueFalse,style,570
qwen,gen_3,0077,duplicateBranch,style,398
qwen,gen_3,0231,useStlAlgorithm,style,398
qwen,gen_3,0089,duplicateBranch,style,398
qwen,gen_3,0057,useStlAlgorithm,style,398
qwen,gen_3,0057,useStlAlgorithm,style,398
qwen,gen_3,0168,functionConst,style,398
qwen,gen_3,0168,noExplicitConstructor,style,398
qwen,gen_3,0262,constVariableReference,style,398
qwen,gen_3,0262,constVariableReference,style,398
qwen,gen_3,0055,duplicateBranch,style,398
qwen,gen_3,0052,bitwiseOnBoolean,style,398
qwen,gen_3,0121,useStlAlgorithm,style,398
qwen,gen_3,0128,knownConditionTrueFalse,style,570
qwen,gen_3,0128,useStlAlgorithm,style,398
qwen,gen_3,0128,knownEmptyContainer,style,398
qwen,gen_3,0128,knownEmptyContainer,style,398
qwen,gen_3,0087,constVariableReference,style,398
qwen,gen_3,0087,constVariableReference,style,398
qwen,gen_3,0087,useStlAlgorithm,style,398
qwen,gen_3,0026,noExplicitConstructor,style,398
qwen,gen_3,0277,duplicateExpression,style,398
qwen,gen_3,0277,knownArgument,style,570
qwen,gen_3,0088,identicalInnerCondition,warning,398
qwen,gen_3,0088,useStlAlgorithm,style,398
qwen,gen_3,0209,constParameterReference,style,398
qwen,gen_3,0209,useStlAlgorithm,style,398
qwen,gen_3,0253,variableScope,style,398
qwen,gen_3,0253,constVariableReference,style,398
qwen,gen_3,0253,useStlAlgorithm,style,398
qwen,gen_3,0132,constVariableReference,style,398
qwen,gen_3,0252,useStlAlgorithm,style,398
qwen,gen_3,0252,useStlAlgorithm,style,398
qwen,gen_3,0020,useStlAlgorithm,style,398
qwen,gen_3,0158,useStlAlgorithm,style,398
qwen,gen_3,0062,constVariableReference,style,398
qwen,gen_3,0062,useStlAlgorithm,style,398
qwen,gen_3,0103,useStlAlgorithm,style,398
qwen,gen_3,0032,useStlAlgorithm,style,398
qwen,gen_3,0159,constVariableReference,style,398
qwen,gen_3,0001,passedByValue,performance,398
qwen,gen_3,0001,useStlAlgorithm,style,398
qwen,gen_3,0056,noExplicitConstructor,style,398
qwen,gen_3,0056,clarifyCondition,style,398
qwen,gen_3,0056,clarifyCondition,style,398
qwen,gen_3,0261,variableScope,style,398
qwen,gen_3,0261,variableScope,style,398
qwen,gen_3,0261,unreadVariable,style,563
qwen,gen_3,0022,unreadVariable,style,563
qwen,gen_3,0022,unreadVariable,style,563
qwen,gen_3,0022,unusedVariable,style,563
qwen,gen_3,0129,constVariableReference,style,398
qwen,gen_3,0179,useStlAlgorithm,style,398
qwen,gen_3,0256,containerOutOfBounds,error,398
qwen,gen_3,0108,unreadVariable,style,563
qwen,gen_3,0108,unreadVariable,style,563
qwen,gen_3,0157,passedByValue,performance,398
qwen,gen_3,0157,useStlAlgorithm,style,398
qwen,gen_3,0157,useStlAlgorithm,style,398
qwen,gen_3,0147,internalError,error,
qwen,gen_3,0203,constParameterReference,style,398
qwen,gen_3,0180,unreadVariable,style,563
qwen,gen_3,0180,unreadVariable,style,563
qwen,gen_3,0196,moduloofone,style,
qwen,gen_3,0258,constVariableReference,style,398
qwen,gen_3,0239,noExplicitConstructor,style,398
qwen,gen_3,0239,unreadVariable,style,563
qwen,gen_3,0239,unreadVariable,style,563
qwen,gen_3,0253,useStlAlgorithm,style,398
qwen,gen_3,0253,useStlAlgorithm,style,398
qwen,gen_3,0262,constVariable,style,398
qwen,gen_3,0262,constVariable,style,398
qwen,gen_3,0119,useStlAlgorithm,style,398
qwen,gen_3,0081,duplicateAssignExpression,style,398
qwen,gen_3,0025,knownConditionTrueFalse,style,570
qwen,gen_3,0025,knownConditionTrueFalse,style,570
qwen,gen_3,0025,unreadVariable,style,563
qwen,gen_3,0025,unreadVariable,style,563
qwen,gen_3,0174,unreadVariable,style,563
qwen,gen_3,0174,unreadVariable,style,563
qwen,gen_3,0245,constParameterCallback,style,398
qwen,gen_3,0245,constParameterCallback,style,398
qwen,gen_3,0035,knownConditionTrueFalse,style,398
qwen,gen_3,0255,useStlAlgorithm,style,398
qwen,gen_3,0161,constParameterReference,style,398
qwen,gen_3,0009,useStlAlgorithm,style,398
qwen,gen_3,0009,useStlAlgorithm,style,398
qwen,gen_3,0009,useStlAlgorithm,style,398
qwen,gen_3,0264,variableScope,style,398
qwen,gen_3,0264,variableScope,style,398
qwen,gen_3,0264,variableScope,style,398
qwen,gen_3,0264,shadowVariable,style,398
qwen,gen_3,0264,shadowVariable,style,398
qwen,gen_3,0264,shadowVariable,style,398
qwen,gen_3,0232,useStlAlgorithm,style,398
qwen,gen_3,0224,variableScope,style,398
qwen,gen_3,0224,variableScope,style,398
qwen,gen_3,0231,useStlAlgorithm,style,398
qwen,gen_3,0231,useStlAlgorithm,style,398
qwen,gen_3,0065,unreadVariable,style,563
qwen,gen_3,0065,unreadVariable,style,563
qwen,gen_3,0234,shadowVariable,style,398
qwen,gen_3,0234,useStlAlgorithm,style,398
qwen,gen_3,0081,constVariableReference,style,398
qwen,gen_3,0221,unreadVariable,style,563
qwen,gen_3,0221,unreadVariable,style,563
qwen,gen_3,0214,variableScope,style,398
qwen,gen_3,0214,constVariableReference,style,398
qwen,gen_3,0214,unreadVariable,style,563
qwen,gen_3,0214,unreadVariable,style,563
qwen,gen_3,0190,constVariableReference,style,398
qwen,gen_3,0076,constVariableReference,style,398
qwen,gen_3,0126,unusedLabel,style,398
qwen,gen_3,0192,constVariableReference,style,398
qwen,gen_3,0080,useStlAlgorithm,style,398
qwen,gen_3,0233,duplicateBranch,style,398
qwen,gen_3,0233,unreadVariable,style,563
qwen,gen_3,0187,duplicateCondition,style,398
qwen,gen_3,0187,unreadVariable,style,563
qwen,gen_3,0187,unreadVariable,style,563
qwen,gen_3,0172,constVariableReference,style,398
qwen,gen_3,0172,constVariableReference,style,398
qwen,gen_3,0172,constVariableReference,style,398
qwen,gen_3,0163,useStlAlgorithm,style,398
qwen,gen_3,0136,variableScope,style,398
qwen,gen_3,0241,useStlAlgorithm,style,398
qwen,gen_3,0241,useStlAlgorithm,style,398
qwen,gen_3,0249,constVariableReference,style,398
qwen,gen_3,0249,useStlAlgorithm,style,398
qwen,gen_3,0199,useStlAlgorithm,style,398
qwen,gen_3,0096,useStlAlgorithm,style,398
qwen,gen_3,0193,variableScope,style,398
qwen,gen_3,0011,useStlAlgorithm,style,398
qwen,gen_3,0066,useStlAlgorithm,style,398
qwen,gen_3,0065,duplicateConditionalAssign,style,398
qwen,gen_3,0065,duplicateConditionalAssign,style,398
qwen,gen_3,0135,duplicateAssignExpression,style,398
qwen,gen_3,0135,duplicateAssignExpression,style,398
qwen,gen_3,0272,incompleteArrayFill,portability,131
qwen,gen_3,0272,unreadVariable,style,563
qwen,gen_3,0259,useStlAlgorithm,style,398
qwen,gen_3,0259,useStlAlgorithm,style,398
qwen,gen_3,0259,useStlAlgorithm,style,398
qwen,gen_3,0247,uninitMemberVar,warning,398
qwen,gen_3,0247,uninitMemberVar,warning,398
qwen,gen_3,0247,uninitMemberVar,warning,398
qwen,gen_3,0247,passedByValue,performance,398
qwen,gen_3,0247,passedByValue,performance,398
qwen,gen_3,0247,passedByValue,performance,398
qwen,gen_3,0247,passedByValue,performance,398
qwen,gen_3,0247,passedByValue,performance,398
qwen,gen_3,0247,useStlAlgorithm,style,398
qwen,gen_3,0123,useStlAlgorithm,style,398
qwen,gen_3,0216,constVariableReference,style,398
qwen,gen_3,0020,shadowVariable,style,398
qwen,gen_3,0020,shadowVariable,style,398
qwen,gen_3,0020,constVariableReference,style,398
qwen,gen_3,0200,unreadVariable,style,563
qwen,gen_3,0243,shadowFunction,style,398
qwen,gen_3,0218,unreadVariable,style,563
qwen,gen_3,0218,unreadVariable,style,563
qwen,gen_3,0095,useStlAlgorithm,style,398
qwen,gen_3,0048,useStlAlgorithm,style,398
qwen,gen_3,0264,unreadVariable,style,563
qwen,gen_3,0264,unreadVariable,style,563
qwen,gen_3,0264,unreadVariable,style,563
qwen,gen_3,0264,unreadVariable,style,563
qwen,gen_3,0094,constVariableReference,style,398
qwen,gen_3,0094,constVariableReference,style,398
qwen,gen_3,0153,duplicateBranch,style,398
qwen,gen_3,0153,unreadVariable,style,563
qwen,gen_3,0153,unreadVariable,style,563
qwen,gen_3,0118,noExplicitConstructor,style,398
qwen,gen_3,0071,shadowVariable,style,398
qwen,gen_3,0071,shadowVariable,style,398
qwen,gen_3,0071,constVariableReference,style,398
qwen,gen_3,0071,constVariableReference,style,398
qwen,gen_3,0215,constVariableReference,style,398
qwen,gen_3,0047,constVariableReference,style,398
qwen,gen_3,0213,useStlAlgorithm,style,398
qwen,gen_3,0134,unreadVariable,style,563
qwen,gen_3,0134,unreadVariable,style,563
qwen,gen_3,0197,useStlAlgorithm,style,398
qwen,gen_3,0197,useStlAlgorithm,style,398
qwen,gen_3,0197,useStlAlgorithm,style,398
qwen,gen_3,0197,unreadVariable,style,563
qwen,gen_3,0197,unreadVariable,style,563
qwen,gen_3,0210,useStlAlgorithm,style,398
qwen,gen_3,0132,passedByValue,performance,398
qwen,gen_3,0043,knownConditionTrueFalse,style,570
qwen,gen_3,0043,knownConditionTrueFalse,style,570
qwen,gen_3,0043,knownConditionTrueFalse,style,570
qwen,gen_3,0045,duplicateBranch,style,398
qwen,gen_3,0045,unreadVariable,style,563
qwen,gen_3,0045,unreadVariable,style,563
qwen,gen_3,0045,unreadVariable,style,563
qwen,gen_3,0045,unreadVariable,style,563
qwen,gen_3,0045,unreadVariable,style,563
qwen,gen_3,0045,unreadVariable,style,563
qwen,gen_3,0045,unreadVariable,style,563
qwen,gen_3,0195,useStlAlgorithm,style,398
qwen,gen_3,0195,unusedVariable,style,563
qwen,gen_3,0160,unreadVariable,style,563
qwen,gen_3,0160,unreadVariable,style,563
qwen,gen_3,0148,shadowVariable,style,398
qwen,gen_3,0148,shadowVariable,style,398
qwen,gen_3,0148,constVariableReference,style,398
qwen,gen_3,0148,useStlAlgorithm,style,398
qwen,gen_3,0088,shadowVariable,style,398
qwen,gen_3,0062,useStlAlgorithm,style,398
qwen,gen_3,0274,constVariableReference,style,398
qwen,gen_3,0003,unreadVariable,style,563
qwen,gen_3,0003,unreadVariable,style,563
qwen,gen_3,0003,unreadVariable,style,563
qwen,gen_3,0003,unreadVariable,style,563
qwen,gen_3,0035,shadowVariable,style,398
qwen,gen_3,0035,constVariableReference,style,398
qwen,gen_3,0035,constVariableReference,style,398
qwen,gen_3,0035,constVariableReference,style,398
qwen,gen_3,0127,oppositeInnerCondition,warning,398
qwen,gen_3,0125,constVariable,style,398
qwen,gen_3,0125,constVariable,style,398
qwen,gen_3,0125,negativeContainerIndex,warning,786
qwen,gen_3,0222,variableScope,style,398
qwen,gen_3,0039,shadowVariable,style,398
qwen,gen_3,0039,shadowVariable,style,398
qwen,gen_3,0039,shadowVariable,style,398
qwen,gen_3,0039,unreadVariable,style,563
qwen,gen_3,0081,unreadVariable,style,563
qwen,gen_3,0081,unreadVariable,style,563
qwen,gen_3,0025,pointerOutOfBoundsCond,portability,758
qwen,gen_3,0025,useStlAlgorithm,style,398
qwen,gen_3,0025,unreadVariable,style,563
qwen,gen_3,0025,unreadVariable,style,563
qwen,gen_3,0209,unreadVariable,style,563
qwen,gen_3,0209,unreadVariable,style,563
qwen,gen_3,0160,constParameterReference,style,398
qwen,gen_3,0140,constVariableReference,style,398
qwen,gen_3,0275,variableScope,style,398
qwen,gen_3,0023,useStlAlgorithm,style,398
qwen,gen_3,0074,constVariable,style,398
qwen,gen_3,0217,useStlAlgorithm,style,398
qwen,gen_3,0086,constVariableReference,style,398
qwen,gen_3,0086,constVariableReference,style,398
qwen,gen_3,0249,useStlAlgorithm,style,398
qwen,gen_3,0202,useStlAlgorithm,style,398
qwen,gen_3,0064,constVariableReference,style,398
qwen,gen_3,0064,useStlAlgorithm,style,398
qwen,gen_3,0064,unreadVariable,style,563
qwen,gen_3,0064,unreadVariable,style,563
qwen,gen_3,0130,variableScope,style,398
qwen,gen_3,0130,useStlAlgorithm,style,398
qwen,gen_3,0130,unreadVariable,style,563
qwen,gen_3,0130,unreadVariable,style,563
qwen,gen_3,0130,unreadVariable,style,563
qwen,gen_3,0040,useStlAlgorithm,style,398
qwen,gen_3,0235,useStlAlgorithm,style,398
qwen,gen_3,0232,constVariableReference,style,398
qwen,gen_3,0007,constParameterReference,style,398
qwen,gen_3,0007,constParameterReference,style,398
qwen,gen_3,0103,variableScope,style,398
qwen,gen_3,0103,constVariableReference,style,398
qwen,gen_3,0093,useStlAlgorithm,style,398
qwen,gen_3,0118,constVariableReference,style,398
qwen,gen_3,0118,useStlAlgorithm,style,398
qwen,gen_3,0227,useStlAlgorithm,style,398
qwen,gen_3,0138,useStlAlgorithm,style,398
qwen,gen_3,0208,incorrectLogicOperator,warning,570
qwen,gen_3,0208,knownConditionTrueFalse,style,570
qwen,gen_3,0208,knownConditionTrueFalse,style,570
qwen,gen_3,0208,duplicateBranch,style,398
qwen,gen_3,0208,passedByValue,performance,398
qwen,gen_3,0208,unreadVariable,style,563
qwen,gen_3,0208,unreadVariable,style,563
qwen,gen_3,0001,duplicateExpression,style,398
qwen,gen_3,0001,redundantAssignment,style,563
qwen,gen_3,0217,knownConditionTrueFalse,style,571
qwen,gen_3,0217,variableScope,style,398
qwen,gen_3,0217,constVariable,style,398
qwen,gen_3,0217,constVariable,style,398
qwen,gen_3,0217,useStlAlgorithm,style,398
qwen,gen_3,0083,useStlAlgorithm,style,398
qwen,gen_3,0083,useStlAlgorithm,style,398
qwen,gen_3,0083,useStlAlgorithm,style,398
qwen,gen_3,0083,useStlAlgorithm,style,398
qwen,gen_3,0083,useStlAlgorithm,style,398
qwen,gen_3,0083,useStlAlgorithm,style,398
qwen,gen_3,0090,useStlAlgorithm,style,398
qwen,gen_3,0231,constVariableReference,style,398
qwen,gen_3,0231,constVariableReference,style,398
qwen,gen_3,0014,unreadVariable,style,563
qwen,gen_3,0014,unreadVariable,style,563
qwen,gen_3,0000,constVariableReference,style,398
qwen,gen_3,0225,useStlAlgorithm,style,398
qwen,gen_3,0017,constParameterReference,style,398
qwen,gen_3,0017,constVariableReference,style,398
qwen,gen_3,0017,constVariable,style,398
qwen,gen_3,0017,constVariable,style,398
qwen,gen_3,0260,useStlAlgorithm,style,398
qwen,gen_3,0260,useStlAlgorithm,style,398
qwen,gen_3,0109,useStlAlgorithm,style,398
qwen,gen_3,0109,useStlAlgorithm,style,398
qwen,gen_3,0109,uninitvar,warning,457
qwen,gen_3,0098,constVariableReference,style,398
qwen,gen_3,0034,constVariableReference,style,398
qwen,gen_3,0034,useStlAlgorithm,style,398
qwen,gen_3,0034,useStlAlgorithm,style,398
qwen,gen_3,0034,useStlAlgorithm,style,398
qwen,gen_3,0019,constVariableReference,style,398
qwen,gen_3,0232,unusedStructMember,style,563
qwen,gen_3,0232,unusedStructMember,style,563
qwen,gen_3,0265,useStlAlgorithm,style,398
qwen,gen_3,0265,unreadVariable,style,563
qwen,gen_3,0265,unreadVariable,style,563
qwen,gen_3,0265,unreadVariable,style,563
qwen,gen_3,0265,unreadVariable,style,563
qwen,gen_3,0156,unreadVariable,style,563
qwen,gen_3,0193,constVariableReference,style,398
qwen,gen_3,0114,shadowVariable,style,398
qwen,gen_3,0075,functionConst,style,398
qwen,gen_3,0075,passedByValue,performance,398
qwen,gen_3,0075,passedByValue,performance,398
qwen,gen_3,0075,passedByValue,performance,398
qwen,gen_3,0075,constParameterReference,style,398
qwen,gen_3,0075,constVariableReference,style,398
qwen,gen_3,0075,useStlAlgorithm,style,398
qwen,gen_3,0075,unreadVariable,style,563
qwen,gen_3,0102,useStlAlgorithm,style,398
qwen,gen_3,0102,useStlAlgorithm,style,398
qwen,gen_3,0182,useStlAlgorithm,style,398
qwen,gen_3,0114,useStlAlgorithm,style,398
qwen,gen_3,0229,useStlAlgorithm,style,398
qwen,gen_3,0145,variableScope,style,398
qwen,gen_3,0162,syntaxError,error,
qwen,gen_3,0212,knownConditionTrueFalse,style,571
qwen,gen_3,0053,unreadVariable,style,563
qwen,gen_3,0053,unreadVariable,style,563
qwen,gen_3,0249,unreadVariable,style,563
qwen,gen_3,0249,unreadVariable,style,563
qwen,gen_3,0021,useStlAlgorithm,style,398
qwen,gen_3,0021,useStlAlgorithm,style,398
qwen,gen_3,0227,useStlAlgorithm,style,398
qwen,gen_3,0227,useStlAlgorithm,style,398
qwen,gen_3,0075,constVariableReference,style,398
qwen,gen_3,0075,constVariableReference,style,398
qwen,gen_3,0075,useStlAlgorithm,style,398
qwen,gen_3,0000,constVariable,style,398
qwen,gen_3,0000,constVariable,style,398
qwen,gen_3,0000,useStlAlgorithm,style,398
qwen,gen_3,0266,constVariableReference,style,398
qwen,gen_3,0266,constVariableReference,style,398
qwen,gen_3,0266,useStlAlgorithm,style,398
qwen,gen_3,0084,useStlAlgorithm,style,398
qwen,gen_3,0084,useStlAlgorithm,style,398
qwen,gen_3,0119,constVariableReference,style,398
qwen,gen_3,0119,useStlAlgorithm,style,398
qwen,gen_3,0258,useStlAlgorithm,style,398
qwen,gen_3,0258,useStlAlgorithm,style,398
qwen,gen_3,0139,useStlAlgorithm,style,398
qwen,gen_3,0207,duplicateBranch,style,398
qwen,gen_3,0028,multiCondition,style,398
qwen,gen_3,0154,useStlAlgorithm,style,398
qwen,gen_3,0236,unreadVariable,style,563
qwen,gen_3,0236,unreadVariable,style,563
qwen,gen_3,0236,unreadVariable,style,563
qwen,gen_3,0236,unreadVariable,style,563
qwen,gen_3,0137,useStlAlgorithm,style,398
qwen,gen_3,0137,useStlAlgorithm,style,398
qwen,gen_3,0137,useStlAlgorithm,style,398
qwen,gen_3,0137,useStlAlgorithm,style,398
qwen,gen_3,0137,useStlAlgorithm,style,398
qwen,gen_3,0186,redundantInitialization,style,563
qwen,gen_3,0111,knownConditionTrueFalse,style,570
qwen,gen_3,0111,useStlAlgorithm,style,398
qwen,gen_3,0111,unreadVariable,style,563
qwen,gen_3,0111,unusedVariable,style,563
qwen,gen_3,0244,unreadVariable,style,563
qwen,gen_3,0244,unreadVariable,style,563
qwen,gen_3,0038,duplicateBranch,style,398
qwen,gen_3,0218,unreadVariable,style,563
qwen,gen_3,0218,unreadVariable,style,563
qwen,gen_3,0119,useStlAlgorithm,style,398
qwen,gen_3,0119,unreadVariable,style,563
qwen,gen_3,0119,unreadVariable,style,563
qwen,gen_3,0155,duplicateBranch,style,398
qwen,gen_3,0155,redundantInitialization,style,563
qwen,gen_3,0155,redundantAssignment,style,563
qwen,gen_3,0155,redundantAssignment,style,563
qwen,gen_3,0251,useStlAlgorithm,style,398
qwen,gen_3,0217,unreadVariable,style,563
qwen,gen_3,0217,unreadVariable,style,563
qwen,gen_3,0247,constVariableReference,style,398
qwen,gen_3,0094,knownConditionTrueFalse,style,570
qwen,gen_3,0094,knownConditionTrueFalse,style,570
qwen,gen_3,0094,variableScope,style,398
qwen,gen_3,0165,shadowVariable,style,398
qwen,gen_3,0165,shadowVariable,style,398
qwen,gen_3,0165,useStlAlgorithm,style,398
qwen,gen_3,0165,useStlAlgorithm,style,398
qwen,gen_3,0003,useStlAlgorithm,style,398
qwen,gen_3,0211,arrayIndexOutOfBounds,error,788
qwen,gen_3,0195,variableScope,style,398
qwen,gen_3,0195,useStlAlgorithm,style,398
qwen,gen_3,0092,useStlAlgorithm,style,398
qwen,gen_3,0240,variableScope,style,398
qwen,gen_3,0240,variableScope,style,398
qwen,gen_3,0240,constVariableReference,style,398
qwen,gen_3,0275,redundantAssignment,style,563
qwen,gen_3,0228,knownConditionTrueFalse,style,570
qwen,gen_3,0211,useStlAlgorithm,style,398
qwen,gen_3,0090,useStlAlgorithm,style,398
qwen,gen_3,0251,invalidContainerLoop,error,664
qwen,gen_3,0251,invalidContainerReference,error,664
qwen,gen_3,0141,duplicateExpressionTernary,style,398
qwen,gen_3,0141,redundantAssignment,style,563
qwen,gen_3,0141,constParameterReference,style,398
qwen,gen_3,0248,shadowVariable,style,398
qwen,gen_3,0151,useStlAlgorithm,style,398
qwen,gen_3,0149,unreadVariable,style,563
qwen,gen_3,0149,unreadVariable,style,563
qwen,gen_3,0107,useStlAlgorithm,style,398
qwen,gen_3,0106,duplicateBranch,style,398
qwen,gen_3,0176,useStlAlgorithm,style,398
qwen,gen_3,0176,useStlAlgorithm,style,398
qwen,gen_3,0176,useStlAlgorithm,style,398
qwen,gen_3,0171,constParameterReference,style,398
qwen,gen_3,0246,shadowVariable,style,398
qwen,gen_3,0246,shadowVariable,style,398
qwen,gen_3,0246,shadowVariable,style,398
qwen,gen_3,0246,constParameterPointer,style,398
qwen,gen_3,0246,constVariablePointer,style,398
qwen,gen_3,0246,constVariablePointer,style,398
qwen,gen_3,0246,useStlAlgorithm,style,398
qwen,gen_3,0246,useStlAlgorithm,style,398
qwen,gen_3,0186,useStlAlgorithm,style,398
qwen,gen_3,0186,useStlAlgorithm,style,398
qwen,gen_3,0080,unreadVariable,style,563
qwen,gen_3,0002,useStlAlgorithm,style,398
qwen,gen_3,0227,constVariable,style,398
qwen,gen_3,0034,constVariableReference,style,398
qwen,gen_3,0020,useStlAlgorithm,style,398
qwen,gen_3,0008,knownConditionTrueFalse,style,571
qwen,gen_3,0008,duplicateValueTernary,style,398
qwen,gen_3,0008,duplicateExpressionTernary,style,398
qwen,gen_3,0008,duplicateExpressionTernary,style,398
qwen,gen_3,0008,duplicateExpressionTernary,style,398
qwen,gen_3,0008,duplicateExpressionTernary,style,398
qwen,gen_3,0008,duplicateExpressionTernary,style,398
qwen,gen_3,0008,duplicateExpressionTernary,style,398
qwen,gen_3,0008,duplicateExpressionTernary,style,398
qwen,gen_3,0008,duplicateExpressionTernary,style,398
qwen,gen_3,0008,duplicateExpressionTernary,style,398
qwen,gen_3,0008,unreadVariable,style,563
qwen,gen_3,0008,unreadVariable,style,563
qwen,gen_3,0008,unreadVariable,style,563
qwen,gen_3,0008,unreadVariable,style,563
qwen,gen_3,0008,unreadVariable,style,563
qwen,gen_3,0008,unreadVariable,style,563
qwen,gen_3,0008,unreadVariable,style,563
qwen,gen_3,0008,unreadVariable,style,563
qwen,gen_3,0008,unreadVariable,style,563
qwen,gen_3,0008,unreadVariable,style,563
qwen,gen_3,0058,constVariable,style,398
qwen,gen_3,0058,constVariable,style,398
qwen,gen_3,0058,useStlAlgorithm,style,398
qwen,gen_3,0118,variableScope,style,398
qwen,gen_3,0118,unreadVariable,style,563
qwen,gen_3,0220,useStlAlgorithm,style,398
qwen,gen_3,0220,useStlAlgorithm,style,398
qwen,gen_3,0000,constVariableReference,style,398
qwen,gen_3,0000,constVariableReference,style,398
qwen,gen_3,0255,noCopyConstructor,warning,398
qwen,gen_3,0255,noOperatorEq,warning,398
qwen,gen_3,0255,noDestructor,warning,398
qwen,gen_3,0255,noExplicitConstructor,style,398
qwen,gen_3,0255,uninitvar,warning,457
qwen,gen_3,0202,useStlAlgorithm,style,398
qwen,gen_3,0202,useStlAlgorithm,style,398
qwen,gen_3,0202,useStlAlgorithm,style,398
qwen,gen_3,0202,useStlAlgorithm,style,398
qwen,gen_3,0196,constVariable,style,398
qwen,gen_3,0196,useStlAlgorithm,style,398
qwen,gen_3,0196,unreadVariable,style,563
qwen,gen_3,0196,unreadVariable,style,563
qwen,gen_3,0253,duplicateAssignExpression,style,398
qwen,gen_3,0025,variableScope,style,398
qwen,gen_3,0200,useStlAlgorithm,style,398
qwen,gen_3,0144,useStlAlgorithm,style,398
qwen,gen_3,0257,useStlAlgorithm,style,398
qwen,gen_3,0027,useStlAlgorithm,style,398
qwen,gen_3,0014,constParameterReference,style,398
qwen,gen_3,0014,constParameterReference,style,398
qwen,gen_3,0014,constVariableReference,style,398
qwen,gen_3,0170,unreadVariable,style,563
qwen,gen_3,0170,unreadVariable,style,563
qwen,gen_3,0030,constVariable,style,398
qwen,gen_3,0030,useStlAlgorithm,style,398
qwen,gen_3,0014,useStlAlgorithm,style,398
qwen,gen_3,0014,useStlAlgorithm,style,398
qwen,gen_3,0016,duplicateBranch,style,398
qwen,gen_3,0190,variableScope,style,398
qwen,gen_3,0190,variableScope,style,398
qwen,gen_3,0190,shadowVariable,style,398
qwen,gen_3,0190,useStlAlgorithm,style,398
qwen,gen_3,0190,unreadVariable,style,563
qwen,gen_3,0190,unreadVariable,style,563
qwen,gen_3,0190,unreadVariable,style,563
qwen,gen_3,0250,variableScope,style,398
qwen,gen_3,0250,variableScope,style,398
qwen,gen_3,0250,useStlAlgorithm,style,398
qwen,gen_3,0006,unreadVariable,style,563
qwen,gen_3,0224,unreadVariable,style,563
qwen,gen_3,0224,unreadVariable,style,563
qwen,gen_3,0064,stlFindInsert,performance,398
qwen,gen_3,0112,constVariableReference,style,398
qwen,gen_3,0133,unreadVariable,style,563
qwen,gen_3,0133,unreadVariable,style,563
qwen,gen_3,0133,unreadVariable,style,563
qwen,gen_3,0133,unreadVariable,style,563
qwen,gen_3,0150,useStlAlgorithm,style,398
qwen,gen_3,0011,constVariableReference,style,398
qwen,gen_3,0011,constVariableReference,style,398
qwen,gen_3,0011,unreadVariable,style,563
qwen,gen_3,0011,unreadVariable,style,563
qwen,gen_3,0208,useStlAlgorithm,style,398
qwen,gen_3,0208,useStlAlgorithm,style,398
qwen,gen_3,0129,useStlAlgorithm,style,398
qwen,gen_3,0059,unusedVariable,style,563
qwen,gen_3,0120,constVariableReference,style,398
qwen,gen_3,0122,unreadVariable,style,563
qwen,gen_3,0122,unreadVariable,style,563
qwen,gen_3,0122,unreadVariable,style,563
qwen,gen_3,0122,unreadVariable,style,563
qwen,gen_3,0080,useStlAlgorithm,style,398
qwen,gen_3,0230,useStlAlgorithm,style,398
qwen,gen_3,0230,negativeContainerIndex,warning,786
qwen,gen_3,0230,negativeContainerIndex,warning,786
qwen,gen_3,0202,functionConst,style,398
qwen,gen_3,0202,variableScope,style,398
qwen,gen_3,0202,constVariableReference,style,398
qwen,gen_3,0202,constVariableReference,style,398
qwen,gen_3,0202,unusedVariable,style,563
qwen,gen_3,0202,unreadVariable,style,563
qwen,gen_3,0110,useStlAlgorithm,style,398
qwen,gen_3,0110,useStlAlgorithm,style,398
qwen,gen_3,0110,useStlAlgorithm,style,398
qwen,gen_3,0030,redundantAssignment,style,563
qwen,gen_3,0030,redundantAssignment,style,563
qwen,gen_3,0030,constVariable,style,398
qwen,gen_3,0030,constVariable,style,398
qwen,gen_3,0030,constVariable,style,398
qwen,gen_3,0030,unusedVariable,style,563
qwen,gen_3,0029,incompleteArrayFill,portability,131
qwen,gen_3,0147,containerOutOfBounds,error,398
qwen,gen_3,0095,constVariable,style,398
qwen,gen_3,0112,useStlAlgorithm,style,398
qwen,gen_3,0173,useStlAlgorithm,style,398
qwen,gen_3,0048,useStlAlgorithm,style,398
qwen,gen_3,0048,useStlAlgorithm,style,398
qwen,gen_3,0048,invalidContainerLoop,error,664
qwen,gen_3,0051,constVariableReference,style,398
qwen,gen_3,0051,useStlAlgorithm,style,398
qwen,gen_3,0254,variableScope,style,398
qwen,gen_3,0254,constVariableReference,style,398
qwen,gen_3,0051,iterateByValue,performance,398
qwen,gen_3,0051,iterateByValue,performance,398
qwen,gen_3,0051,useStlAlgorithm,style,398
qwen,gen_3,0138,constParameterReference,style,398
qwen,gen_3,0138,constParameterReference,style,398
qwen,gen_3,0138,unreadVariable,style,563
qwen,gen_3,0162,truncLongCastAssignment,style,197
qwen,gen_3,0161,knownConditionTrueFalse,style,570
qwen,gen_3,0161,duplicateBranch,style,398
qwen,gen_3,0161,variableScope,style,398
qwen,gen_3,0161,unreadVariable,style,563
qwen,gen_3,0161,unreadVariable,style,563
qwen,gen_3,0161,unusedVariable,style,563
qwen,gen_3,0110,constParameterReference,style,398
qwen,gen_3,0110,stlFindInsert,performance,398
qwen,gen_3,0110,stlFindInsert,performance,398
qwen,gen_3,0110,uninitvar,warning,457
qwen,gen_3,0110,uninitvar,warning,457
qwen,gen_3,0110,uninitvar,warning,457
qwen,gen_3,0110,uninitvar,warning,457
qwen,gen_3,0013,unreadVariable,style,563
qwen,gen_3,0013,unreadVariable,style,563
qwen,gen_3,0258,constVariableReference,style,398
qwen,gen_3,0258,stlFindInsert,performance,398
qwen,gen_3,0140,passedByValue,performance,398
qwen,gen_3,0140,useStlAlgorithm,style,398
qwen,gen_3,0140,useStlAlgorithm,style,398
qwen,gen_3,0097,shadowVariable,style,398
qwen,gen_3,0097,shadowVariable,style,398
qwen,gen_3,0097,constVariable,style,398
qwen,gen_3,0097,constVariable,style,398
qwen,gen_3,0120,useStlAlgorithm,style,398
qwen,gen_3,0045,knownConditionTrueFalse,style,570
qwen,gen_3,0045,useStlAlgorithm,style,398
qwen,gen_3,0127,useStlAlgorithm,style,398
qwen,gen_3,0236,constVariableReference,style,398
qwen,gen_3,0236,constVariableReference,style,398
qwen,gen_3,0236,constVariableReference,style,398
qwen,gen_3,0236,constVariableReference,style,398
qwen,gen_3,0236,useStlAlgorithm,style,398
qwen,gen_3,0128,useStlAlgorithm,style,398
qwen,gen_3,0050,useStlAlgorithm,style,398
qwen,gen_3,0130,unreadVariable,style,563
qwen,gen_3,0252,useStlAlgorithm,style,398
qwen,gen_3,0269,useStlAlgorithm,style,398
qwen,gen_3,0269,useStlAlgorithm,style,398
qwen,gen_3,0269,useStlAlgorithm,style,398
qwen,gen_3,0263,shiftTooManyBitsSigned,portability,758
qwen,gen_3,0137,bitwiseOnBoolean,style,398
qwen,gen_3,0137,bitwiseOnBoolean,style,398
qwen,gen_3,0137,clarifyCondition,style,398
qwen,gen_3,0137,clarifyCondition,style,398
qwen,gen_3,0137,useStlAlgorithm,style,398
qwen,gen_3,0036,useStlAlgorithm,style,398
qwen,gen_3,0036,useStlAlgorithm,style,398
qwen,gen_3,0245,duplicateBranch,style,398
qwen,gen_3,0245,useStlAlgorithm,style,398
qwen,gen_3,0195,constVariableReference,style,398
qwen,gen_3,0195,useStlAlgorithm,style,398
qwen,gen_3,0155,functionConst,style,398
qwen,gen_3,0155,unreadVariable,style,563
qwen,gen_3,0155,unreadVariable,style,563
qwen,gen_3,0155,unreadVariable,style,563
qwen,gen_3,0155,unreadVariable,style,563
qwen,gen_3,0155,unreadVariable,style,563
qwen,gen_3,0155,unreadVariable,style,563
qwen,gen_3,0072,constParameterReference,style,398
qwen,gen_3,0197,constParameterReference,style,398
qwen,gen_3,0197,constParameterReference,style,398
qwen,gen_3,0178,useStlAlgorithm,style,398
qwen,gen_3,0223,useStlAlgorithm,style,398
qwen,gen_3,0223,useStlAlgorithm,style,398
qwen,gen_3,0108,useStlAlgorithm,style,398
qwen,gen_3,0206,useStlAlgorithm,style,398
qwen,gen_3,0206,useStlAlgorithm,style,398
qwen,gen_3,0206,useStlAlgorithm,style,398
qwen,gen_3,0205,variableScope,style,398
qwen,gen_3,0201,variableScope,style,398
qwen,gen_3,0201,variableScope,style,398
qwen,gen_3,0201,constVariable,style,398
qwen,gen_3,0201,constVariable,style,398
qwen,gen_3,0201,unreadVariable,style,563
qwen,gen_3,0180,variableScope,style,398
qwen,gen_3,0010,unreadVariable,style,563
qwen,gen_3,0058,passedByValue,performance,398
qwen,gen_3,0058,useStlAlgorithm,style,398
qwen,gen_3,0169,useStlAlgorithm,style,398
qwen,gen_3,0273,useStlAlgorithm,style,398
qwen,gen_3,0273,useStlAlgorithm,style,398
qwen,gen_3,0238,constVariableReference,style,398
qwen,gen_3,0013,passedByValue,performance,398
qwen,gen_3,0108,noExplicitConstructor,style,398
qwen,gen_3,0108,unusedVariable,style,563
qwen,gen_3,0007,useStlAlgorithm,style,398
qwen,gen_3,0229,unreadVariable,style,563
qwen,gen_3,0229,unreadVariable,style,563
qwen,gen_3,0085,useStlAlgorithm,style,398
qwen,gen_1,0146,variableScope,style,398
qwen,gen_1,0146,variableScope,style,398
qwen,gen_1,0171,constVariableReference,style,398
qwen,gen_1,0171,useStlAlgorithm,style,398
qwen,gen_1,0171,useStlAlgorithm,style,398
qwen,gen_1,0260,constVariableReference,style,398
qwen,gen_1,0198,constVariableReference,style,398
qwen,gen_1,0090,constVariableReference,style,398
qwen,gen_1,0097,useStlAlgorithm,style,398
qwen,gen_1,0142,useStlAlgorithm,style,398
qwen,gen_1,0200,variableScope,style,398
qwen,gen_1,0200,variableScope,style,398
qwen,gen_1,0248,constVariableReference,style,398
qwen,gen_1,0049,variableScope,style,398
qwen,gen_1,0049,variableScope,style,398
qwen,gen_1,0049,constParameterReference,style,398
qwen,gen_1,0177,constVariableReference,style,398
qwen,gen_1,0100,clarifyCalculation,style,783
qwen,gen_1,0109,knownConditionTrueFalse,style,571
qwen,gen_1,0109,knownConditionTrueFalse,style,570
qwen,gen_1,0109,unreadVariable,style,563
qwen,gen_1,0109,unreadVariable,style,563
qwen,gen_1,0231,useStlAlgorithm,style,398
qwen,gen_1,0231,useStlAlgorithm,style,398
qwen,gen_1,0278,passedByValue,performance,398
qwen,gen_1,0278,passedByValue,performance,398
qwen,gen_1,0082,variableScope,style,398
qwen,gen_1,0167,useStlAlgorithm,style,398
qwen,gen_1,0119,variableScope,style,398
qwen,gen_1,0119,unreadVariable,style,563
qwen,gen_1,0119,unreadVariable,style,563
qwen,gen_1,0119,unusedVariable,style,563
qwen,gen_1,0165,constVariableReference,style,398
qwen,gen_1,0178,unreadVariable,style,563
qwen,gen_1,0178,unreadVariable,style,563
qwen,gen_1,0178,unreadVariable,style,563
qwen,gen_1,0178,unreadVariable,style,563
qwen,gen_1,0231,useStlAlgorithm,style,398
qwen,gen_1,0141,constParameterReference,style,398
qwen,gen_1,0152,variableScope,style,398
qwen,gen_1,0147,constVariableReference,style,398
qwen,gen_1,0147,useStlAlgorithm,style,398
qwen,gen_1,0197,constVariableReference,style,398
qwen,gen_1,0197,useStlAlgorithm,style,398
qwen,gen_1,0197,unreadVariable,style,563
qwen,gen_1,0197,unreadVariable,style,563
qwen,gen_1,0121,useStlAlgorithm,style,398
qwen,gen_1,0141,useStlAlgorithm,style,398
qwen,gen_1,0102,shadowVariable,style,398
qwen,gen_1,0102,useStlAlgorithm,style,398
qwen,gen_1,0128,useStlAlgorithm,style,398
qwen,gen_1,0247,knownConditionTrueFalse,style,570
qwen,gen_1,0226,unreadVariable,style,563
qwen,gen_1,0064,unreadVariable,style,563
qwen,gen_1,0017,useStlAlgorithm,style,398
qwen,gen_1,0189,constVariableReference,style,398
qwen,gen_1,0209,constParameterReference,style,398
qwen,gen_1,0242,variableScope,style,398
qwen,gen_1,0242,variableScope,style,398
qwen,gen_1,0131,unhandledChar,error,
qwen,gen_1,0017,truncLongCastAssignment,style,197
qwen,gen_1,0219,useStlAlgorithm,style,398
qwen,gen_1,0046,useStlAlgorithm,style,398
qwen,gen_1,0255,useStlAlgorithm,style,398
qwen,gen_1,0255,useStlAlgorithm,style,398
qwen,gen_1,0255,useStlAlgorithm,style,398
qwen,gen_1,0264,useStlAlgorithm,style,398
qwen,gen_1,0115,useStlAlgorithm,style,398
qwen,gen_1,0159,constParameterReference,style,398
qwen,gen_1,0001,constVariableReference,style,398
qwen,gen_1,0001,constVariableReference,style,398
qwen,gen_1,0001,constVariableReference,style,398
qwen,gen_1,0001,useStlAlgorithm,style,398
qwen,gen_1,0001,useStlAlgorithm,style,398
qwen,gen_1,0069,truncLongCastAssignment,style,197
qwen,gen_1,0116,useStlAlgorithm,style,398
qwen,gen_1,0116,useStlAlgorithm,style,398
qwen,gen_1,0116,useStlAlgorithm,style,398
qwen,gen_1,0212,constVariableReference,style,398
qwen,gen_1,0212,constVariableReference,style,398
qwen,gen_1,0212,constVariableReference,style,398
qwen,gen_1,0261,shadowVariable,style,398
qwen,gen_1,0261,unusedVariable,style,563
qwen,gen_1,0129,constVariableReference,style,398
qwen,gen_1,0105,variableScope,style,398
qwen,gen_1,0157,constParameterReference,style,398
qwen,gen_1,0157,constParameterReference,style,398
qwen,gen_1,0157,constParameterReference,style,398
qwen,gen_1,0157,constVariable,style,398
qwen,gen_1,0157,constVariable,style,398
qwen,gen_1,0157,stlFindInsert,performance,398
qwen,gen_1,0266,constVariableReference,style,398
qwen,gen_1,0266,useStlAlgorithm,style,398
qwen,gen_1,0041,shadowVariable,style,398
qwen,gen_1,0041,shadowVariable,style,398
qwen,gen_1,0163,unreadVariable,style,563
qwen,gen_1,0258,useStlAlgorithm,style,398
qwen,gen_1,0258,useStlAlgorithm,style,398
qwen,gen_1,0038,duplicateExpression,style,398
qwen,gen_1,0271,invalidFunctionArg,warning,628
qwen,gen_1,0179,shadowArgument,style,398
qwen,gen_1,0262,duplicateExpression,style,398
qwen,gen_1,0262,useStlAlgorithm,style,398
qwen,gen_1,0063,knownConditionTrueFalse,style,571
qwen,gen_1,0123,noExplicitConstructor,style,398
qwen,gen_1,0123,constVariableReference,style,398
qwen,gen_1,0123,unreadVariable,style,563
qwen,gen_1,0123,unreadVariable,style,563
qwen,gen_1,0123,unreadVariable,style,563
qwen,gen_1,0174,constVariableReference,style,398
qwen,gen_1,0174,useStlAlgorithm,style,398
qwen,gen_1,0184,constVariableReference,style,398
qwen,gen_1,0184,constVariableReference,style,398
qwen,gen_1,0184,constVariableReference,style,398
qwen,gen_1,0184,useStlAlgorithm,style,398
qwen,gen_1,0245,unreadVariable,style,563
qwen,gen_1,0245,unreadVariable,style,563
qwen,gen_1,0205,constParameterReference,style,398
qwen,gen_1,0075,useStlAlgorithm,style,398
qwen,gen_1,0264,variableScope,style,398
qwen,gen_1,0264,shadowVariable,style,398
qwen,gen_1,0069,useStlAlgorithm,style,398
qwen,gen_1,0241,useStlAlgorithm,style,398
qwen,gen_1,0081,noExplicitConstructor,style,398
qwen,gen_1,0058,variableScope,style,398
qwen,gen_1,0058,constVariableReference,style,398
qwen,gen_1,0058,constVariableReference,style,398
qwen,gen_1,0058,useStlAlgorithm,style,398
qwen,gen_1,0078,knownConditionTrueFalse,style,571
qwen,gen_1,0078,constVariableReference,style,398
qwen,gen_1,0052,constParameter,style,398
qwen,gen_1,0052,constParameter,style,398
qwen,gen_1,0052,constParameter,style,398
qwen,gen_1,0052,constParameter,style,398
qwen,gen_1,0194,shiftTooManyBits,error,758
qwen,gen_1,0100,useStlAlgorithm,style,398
qwen,gen_1,0100,useStlAlgorithm,style,398
qwen,gen_1,0100,unreadVariable,style,563
qwen,gen_1,0100,unreadVariable,style,563
qwen,gen_1,0290,unreadVariable,style,563
qwen,gen_1,0290,unreadVariable,style,563
qwen,gen_1,0024,unreadVariable,style,563
qwen,gen_1,0024,unreadVariable,style,563
qwen,gen_1,0105,useStlAlgorithm,style,398
qwen,gen_1,0039,duplicateExpression,style,398
qwen,gen_1,0039,selfAssignment,style,398
qwen,gen_1,0004,shadowVariable,style,398
qwen,gen_1,0246,useStlAlgorithm,style,398
qwen,gen_1,0246,useStlAlgorithm,style,398
qwen,gen_1,0099,useStlAlgorithm,style,398
qwen,gen_1,0249,unreadVariable,style,563
qwen,gen_1,0249,unreadVariable,style,563
qwen,gen_1,0085,constVariableReference,style,398
qwen,gen_1,0085,constVariableReference,style,398
qwen,gen_1,0089,constVariableReference,style,398
qwen,gen_1,0159,constVariableReference,style,398
qwen,gen_1,0086,useStlAlgorithm,style,398
qwen,gen_1,0086,useStlAlgorithm,style,398
qwen,gen_1,0086,useStlAlgorithm,style,398
qwen,gen_1,0086,useStlAlgorithm,style,398
qwen,gen_1,0110,useStlAlgorithm,style,398
qwen,gen_1,0124,useStlAlgorithm,style,398
qwen,gen_1,0064,useStlAlgorithm,style,398
qwen,gen_1,0129,constVariableReference,style,398
qwen,gen_1,0129,useStlAlgorithm,style,398
qwen,gen_1,0185,invalidPrintfArgType_float,warning,686
qwen,gen_1,0164,useStlAlgorithm,style,398
qwen,gen_1,0156,useStlAlgorithm,style,398
qwen,gen_1,0184,constVariableReference,style,398
qwen,gen_1,0184,constVariableReference,style,398
qwen,gen_1,0184,constVariableReference,style,398
qwen,gen_1,0184,constVariableReference,style,398
qwen,gen_1,0184,useStlAlgorithm,style,398
qwen,gen_1,0184,useStlAlgorithm,style,398
qwen,gen_1,0272,constVariableReference,style,398
qwen,gen_1,0193,shadowVariable,style,398
qwen,gen_1,0125,constVariableReference,style,398
qwen,gen_1,0234,constVariableReference,style,398
qwen,gen_1,0066,shadowVariable,style,398
qwen,gen_1,0123,constParameterReference,style,398
qwen,gen_1,0200,constVariable,style,398
qwen,gen_1,0200,constVariable,style,398
qwen,gen_1,0243,unreadVariable,style,563
qwen,gen_1,0243,unreadVariable,style,563
qwen,gen_1,0125,unreadVariable,style,563
qwen,gen_1,0204,negativeContainerIndex,warning,786
qwen,gen_1,0220,useStlAlgorithm,style,398
qwen,gen_1,0202,useStlAlgorithm,style,398
qwen,gen_1,0024,functionConst,style,398
qwen,gen_1,0094,constVariableReference,style,398
qwen,gen_1,0118,noExplicitConstructor,style,398
qwen,gen_1,0077,variableScope,style,398
qwen,gen_1,0077,constVariableReference,style,398
qwen,gen_1,0077,constVariableReference,style,398
qwen,gen_1,0077,constVariableReference,style,398
qwen,gen_1,0077,stlFindInsert,performance,398
qwen,gen_1,0071,constVariableReference,style,398
qwen,gen_1,0089,constVariableReference,style,398
qwen,gen_1,0089,constVariableReference,style,398
qwen,gen_1,0089,useStlAlgorithm,style,398
qwen,gen_1,0140,constParameterReference,style,398
qwen,gen_1,0258,shadowVariable,style,398
qwen,gen_1,0258,stlFindInsert,performance,398
qwen,gen_1,0291,passedByValue,performance,398
qwen,gen_1,0291,useStlAlgorithm,style,398
qwen,gen_1,0114,variableScope,style,398
qwen,gen_1,0103,variableScope,style,398
qwen,gen_1,0199,variableScope,style,398
qwen,gen_1,0072,initializerList,style,398
qwen,gen_1,0072,initializerList,style,398
qwen,gen_1,0072,functionConst,style,398
qwen,gen_1,0072,functionConst,style,398
qwen,gen_1,0072,noExplicitConstructor,style,398
qwen,gen_1,0072,noExplicitConstructor,style,398
qwen,gen_1,0072,unreadVariable,style,563
qwen,gen_1,0223,useStlAlgorithm,style,398
qwen,gen_1,0015,variableScope,style,398
qwen,gen_1,0015,unreadVariable,style,563
qwen,gen_1,0015,unreadVariable,style,563
qwen,gen_1,0007,constParameterReference,style,398
qwen,gen_1,0250,shadowVariable,style,398
qwen,gen_1,0250,shadowVariable,style,398
qwen,gen_1,0250,shadowVariable,style,398
qwen,gen_1,0003,unreadVariable,style,563
qwen,gen_1,0003,unreadVariable,style,563
qwen,gen_1,0227,constVariableReference,style,398
qwen,gen_1,0062,uninitvar,warning,457
qwen,gen_1,0062,uninitvar,warning,457
qwen,gen_1,0062,uninitvar,warning,457
qwen,gen_1,0062,uninitvar,warning,457
qwen,gen_1,0222,functionConst,style,398
qwen,gen_1,0222,knownConditionTrueFalse,style,571
qwen,gen_1,0222,shadowVariable,style,398
qwen,gen_1,0222,shadowVariable,style,398
qwen,gen_1,0222,constStatement,warning,398
qwen,gen_1,0039,unreadVariable,style,563
qwen,gen_1,0039,unreadVariable,style,563
qwen,gen_1,0025,unreadVariable,style,563
qwen,gen_1,0025,unreadVariable,style,563
qwen,gen_1,0187,useStlAlgorithm,style,398
qwen,gen_1,0099,useStlAlgorithm,style,398
qwen,gen_1,0099,useStlAlgorithm,style,398
qwen,gen_1,0099,useStlAlgorithm,style,398
qwen,gen_1,0051,useStlAlgorithm,style,398
qwen,gen_1,0051,unreadVariable,style,563
qwen,gen_1,0051,unreadVariable,style,563
qwen,gen_1,0018,unreadVariable,style,563
qwen,gen_1,0018,unreadVariable,style,563
qwen,gen_1,0067,constVariableReference,style,398
qwen,gen_1,0023,constParameter,style,398
qwen,gen_1,0023,uninitvar,warning,457
qwen,gen_1,0209,unreadVariable,style,563
qwen,gen_1,0209,unreadVariable,style,563
qwen,gen_1,0209,unreadVariable,style,563
qwen,gen_1,0209,unreadVariable,style,563
qwen,gen_1,0209,unreadVariable,style,563
qwen,gen_1,0209,unreadVariable,style,563
qwen,gen_1,0209,unreadVariable,style,563
qwen,gen_1,0074,constVariable,style,398
qwen,gen_1,0244,constVariableReference,style,398
qwen,gen_1,0244,useStlAlgorithm,style,398
qwen,gen_1,0101,useStlAlgorithm,style,398
qwen,gen_1,0101,useStlAlgorithm,style,398
qwen,gen_1,0101,useStlAlgorithm,style,398
qwen,gen_1,0101,useStlAlgorithm,style,398
qwen,gen_1,0263,useStlAlgorithm,style,398
qwen,gen_1,0064,useStlAlgorithm,style,398
qwen,gen_1,0227,noExplicitConstructor,style,398
qwen,gen_1,0227,useStlAlgorithm,style,398
qwen,gen_1,0227,invalidContainerLoop,error,664
qwen,gen_1,0114,constVariableReference,style,398
qwen,gen_1,0114,useStlAlgorithm,style,398
qwen,gen_1,0204,unreadVariable,style,563
qwen,gen_1,0204,unreadVariable,style,563
qwen,gen_1,0040,useStlAlgorithm,style,398
qwen,gen_1,0153,useStlAlgorithm,style,398
qwen,gen_1,0153,unreadVariable,style,563
qwen,gen_1,0153,unreadVariable,style,563
qwen,gen_1,0176,iterateByValue,performance,398
qwen,gen_1,0218,useStlAlgorithm,style,398
qwen,gen_1,0001,functionConst,style,398
qwen,gen_1,0219,unreadVariable,style,563
qwen,gen_1,0219,unreadVariable,style,563
qwen,gen_1,0219,unreadVariable,style,563
qwen,gen_1,0219,unreadVariable,style,563
qwen,gen_1,0101,useStlAlgorithm,style,398
qwen,gen_1,0101,useStlAlgorithm,style,398
qwen,gen_1,0158,knownConditionTrueFalse,style,571
qwen,gen_1,0019,constVariableReference,style,398
qwen,gen_1,0232,useStlAlgorithm,style,398
qwen,gen_1,0014,useStlAlgorithm,style,398
qwen,gen_1,0000,constVariableReference,style,398
qwen,gen_1,0000,constVariableReference,style,398
qwen,gen_1,0000,useStlAlgorithm,style,398
qwen,gen_1,0017,constParameterReference,style,398
qwen,gen_1,0028,constParameterReference,style,398
qwen,gen_1,0028,constParameterReference,style,398
qwen,gen_1,0098,incompleteArrayFill,portability,131
qwen,gen_1,0098,incompleteArrayFill,portability,131
qwen,gen_1,0112,uninitvar,warning,457
qwen,gen_1,0112,uninitvar,warning,457
qwen,gen_1,0112,uninitvar,warning,457
qwen,gen_1,0112,uninitvar,warning,457
qwen,gen_1,0232,unusedStructMember,style,563
qwen,gen_1,0232,unusedStructMember,style,563
qwen,gen_1,0009,useStlAlgorithm,style,398
qwen,gen_1,0009,useStlAlgorithm,style,398
qwen,gen_1,0075,uninitMemberVar,warning,398
qwen,gen_1,0075,uninitMemberVar,warning,398
qwen,gen_1,0075,passedByValue,performance,398
qwen,gen_1,0075,passedByValue,performance,398
qwen,gen_1,0075,passedByValue,performance,398
qwen,gen_1,0075,passedByValue,performance,398
qwen,gen_1,0075,passedByValue,performance,398
qwen,gen_1,0075,passedByValue,performance,398
qwen,gen_1,0075,constVariableReference,style,398
qwen,gen_1,0075,unreadVariable,style,563
qwen,gen_1,0075,unreadVariable,style,563
qwen,gen_1,0075,unreadVariable,style,563
qwen,gen_1,0075,unreadVariable,style,563
qwen,gen_1,0150,unreadVariable,style,563
qwen,gen_1,0150,unreadVariable,style,563
qwen,gen_1,0150,unreadVariable,style,563
qwen,gen_1,0247,unreadVariable,style,563
qwen,gen_1,0142,useStlAlgorithm,style,398
qwen,gen_1,0114,shadowVariable,style,398
qwen,gen_1,0114,useStlAlgorithm,style,398
qwen,gen_1,0114,useStlAlgorithm,style,398
qwen,gen_1,0175,unreadVariable,style,563
qwen,gen_1,0175,unreadVariable,style,563
qwen,gen_1,0145,noExplicitConstructor,style,398
qwen,gen_1,0282,unreadVariable,style,563
qwen,gen_1,0282,unreadVariable,style,563
qwen,gen_1,0215,duplicateCondition,style,398
qwen,gen_1,0111,passedByValue,performance,398
qwen,gen_1,0111,constParameterReference,style,398
qwen,gen_1,0111,constParameterReference,style,398
qwen,gen_1,0111,constParameterReference,style,398
qwen,gen_1,0261,useStlAlgorithm,style,398
qwen,gen_1,0002,useStlAlgorithm,style,398
qwen,gen_1,0158,constVariableReference,style,398
qwen,gen_1,0158,useStlAlgorithm,style,398
qwen,gen_1,0000,negativeIndex,error,786
qwen,gen_1,0000,negativeIndex,error,786
qwen,gen_1,0000,constVariableReference,style,398
qwen,gen_1,0000,constVariableReference,style,398
qwen,gen_1,0000,useStlAlgorithm,style,398
qwen,gen_1,0000,negativeContainerIndex,warning,786
qwen,gen_1,0210,passedByValue,performance,398
qwen,gen_1,0001,constVariableReference,style,398
qwen,gen_1,0001,constVariableReference,style,398
qwen,gen_1,0001,useStlAlgorithm,style,398
qwen,gen_1,0223,constParameterReference,style,398
qwen,gen_1,0163,redundantInitialization,style,563
qwen,gen_1,0163,redundantInitialization,style,563
qwen,gen_1,0163,redundantInitialization,style,563
qwen,gen_1,0260,useStlAlgorithm,style,398
qwen,gen_1,0260,unreadVariable,style,563
qwen,gen_1,0189,useStlAlgorithm,style,398
qwen,gen_1,0116,variableScope,style,398
qwen,gen_1,0116,constVariable,style,398
qwen,gen_1,0116,useStlAlgorithm,style,398
qwen,gen_1,0116,useStlAlgorithm,style,398
qwen,gen_1,0116,useStlAlgorithm,style,398
qwen,gen_1,0213,useStlAlgorithm,style,398
qwen,gen_1,0136,useStlAlgorithm,style,398
qwen,gen_1,0003,unreadVariable,style,563
qwen,gen_1,0003,unreadVariable,style,563
qwen,gen_1,0003,unreadVariable,style,563
qwen,gen_1,0003,unreadVariable,style,563
qwen,gen_1,0092,containerOutOfBounds,error,398
qwen,gen_1,0015,constVariableReference,style,398
qwen,gen_1,0224,useStlAlgorithm,style,398
qwen,gen_1,0113,unreadVariable,style,563
qwen,gen_1,0113,unreadVariable,style,563
qwen,gen_1,0254,useStlAlgorithm,style,398
qwen,gen_1,0211,assignBoolToFloat,style,704
qwen,gen_1,0211,constVariableReference,style,398
qwen,gen_1,0211,constVariableReference,style,398
qwen,gen_1,0280,constVariableReference,style,398
qwen,gen_1,0280,constVariableReference,style,398
qwen,gen_1,0172,unreadVariable,style,563
qwen,gen_1,0278,useStlAlgorithm,style,398
qwen,gen_1,0214,constVariableReference,style,398
qwen,gen_1,0246,passedByValue,performance,398
qwen,gen_1,0246,constVariablePointer,style,398
qwen,gen_1,0246,constVariablePointer,style,398
qwen,gen_1,0246,useStlAlgorithm,style,398
qwen,gen_1,0246,useStlAlgorithm,style,398
qwen,gen_1,0246,incorrectStringCompare,warning,570
qwen,gen_1,0246,incorrectStringCompare,warning,570
qwen,gen_1,0246,incorrectStringCompare,warning,570
qwen,gen_1,0246,incorrectStringCompare,warning,570
qwen,gen_1,0246,unreadVariable,style,563
qwen,gen_1,0194,shadowVariable,style,398
qwen,gen_1,0194,unusedStructMember,style,563
qwen,gen_1,0194,unusedStructMember,style,563
qwen,gen_1,0194,unusedStructMember,style,563
qwen,gen_1,0116,unreadVariable,style,563
qwen,gen_1,0116,unreadVariable,style,563
qwen,gen_1,0116,unreadVariable,style,563
qwen,gen_1,0116,unreadVariable,style,563
qwen,gen_1,0243,arrayIndexOutOfBounds,error,788
qwen,gen_1,0243,arrayIndexOutOfBounds,error,788
qwen,gen_1,0243,shadowVariable,style,398
qwen,gen_1,0105,constVariableReference,style,398
qwen,gen_1,0105,useStlAlgorithm,style,398
qwen,gen_1,0227,constVariable,style,398
qwen,gen_1,0157,constVariableReference,style,398
qwen,gen_1,0020,useStlAlgorithm,style,398
qwen,gen_1,0008,variableScope,style,398
qwen,gen_1,0083,constVariable,style,398
qwen,gen_1,0083,unreadVariable,style,563
qwen,gen_1,0083,unreadVariable,style,563
qwen,gen_1,0083,unreadVariable,style,563
qwen,gen_1,0083,unreadVariable,style,563
qwen,gen_1,0229,useStlAlgorithm,style,398
qwen,gen_1,0229,useStlAlgorithm,style,398
qwen,gen_1,0229,useStlAlgorithm,style,398
qwen,gen_1,0229,useStlAlgorithm,style,398
qwen,gen_1,0113,constParameterReference,style,398
qwen,gen_1,0113,constParameterReference,style,398
qwen,gen_1,0113,constParameterReference,style,398
qwen,gen_1,0113,constParameterReference,style,398
qwen,gen_1,0255,functionConst,style,398
qwen,gen_1,0255,noExplicitConstructor,style,398
qwen,gen_1,0173,constVariable,style,398
qwen,gen_1,0173,constVariable,style,398
qwen,gen_1,0041,useStlAlgorithm,style,398
qwen,gen_1,0253,useStlAlgorithm,style,398
qwen,gen_1,0257,useStlAlgorithm,style,398
qwen,gen_1,0257,useStlAlgorithm,style,398
qwen,gen_1,0240,unreadVariable,style,563
qwen,gen_1,0240,unreadVariable,style,563
qwen,gen_1,0084,useStlAlgorithm,style,398
qwen,gen_1,0118,duplicateAssignExpression,style,398
qwen,gen_1,0118,constVariableReference,style,398
qwen,gen_1,0118,constVariableReference,style,398
qwen,gen_1,0030,constVariable,style,398
qwen,gen_1,0014,useStlAlgorithm,style,398
qwen,gen_1,0014,useStlAlgorithm,style,398
qwen,gen_1,0016,unreadVariable,style,563
qwen,gen_1,0016,unreadVariable,style,563
qwen,gen_1,0008,constVariableReference,style,398
qwen,gen_1,0198,uninitMemberVar,warning,398
qwen,gen_1,0198,uninitMemberVar,warning,398
qwen,gen_1,0198,uninitMemberVar,warning,398
qwen,gen_1,0198,passedByValue,performance,398
qwen,gen_1,0198,passedByValue,performance,398
qwen,gen_1,0198,passedByValue,performance,398
qwen,gen_1,0198,constVariableReference,style,398
qwen,gen_1,0198,useStlAlgorithm,style,398
qwen,gen_1,0198,unreadVariable,style,563
qwen,gen_1,0198,unreadVariable,style,563
qwen,gen_1,0251,unreadVariable,style,563
qwen,gen_1,0251,unreadVariable,style,563
qwen,gen_1,0134,constVariableReference,style,398
qwen,gen_1,0216,syntaxError,error,
qwen,gen_1,0067,constParameterReference,style,398
qwen,gen_1,0168,constVariableReference,style,398
qwen,gen_1,0168,constVariableReference,style,398
qwen,gen_1,0032,constVariableReference,style,398
qwen,gen_1,0212,negativeIndex,error,786
qwen,gen_1,0237,knownConditionTrueFalse,style,570
qwen,gen_1,0237,knownConditionTrueFalse,style,570
qwen,gen_1,0073,shadowVariable,style,398
qwen,gen_1,0073,shadowVariable,style,398
qwen,gen_1,0073,shadowVariable,style,398
qwen,gen_1,0060,knownConditionTrueFalse,style,571
qwen,gen_1,0177,constVariable,style,398
qwen,gen_1,0045,negativeContainerIndex,warning,786
qwen,gen_1,0110,noConstructor,style,398
qwen,gen_1,0110,functionConst,style,398
qwen,gen_1,0110,noExplicitConstructor,style,398
qwen,gen_1,0110,noExplicitConstructor,style,398
qwen,gen_1,0122,unreadVariable,style,563
qwen,gen_1,0089,useStlAlgorithm,style,398
qwen,gen_1,0236,useStlAlgorithm,style,398
qwen,gen_1,0236,negativeContainerIndex,warning,786
qwen,gen_1,0111,variableScope,style,398
qwen,gen_1,0111,constVariableReference,style,398
qwen,gen_1,0111,constVariableReference,style,398
qwen,gen_1,0111,constVariableReference,style,398
qwen,gen_1,0265,useStlAlgorithm,style,398
qwen,gen_1,0265,unreadVariable,style,563
qwen,gen_1,0265,unusedVariable,style,563
qwen,gen_1,0022,knownConditionTrueFalse,style,571
qwen,gen_1,0022,useStlAlgorithm,style,398
qwen,gen_1,0022,unreadVariable,style,563
qwen,gen_1,0147,containerOutOfBounds,error,398
qwen,gen_1,0098,useStlAlgorithm,style,398
qwen,gen_1,0225,constVariableReference,style,398
qwen,gen_1,0225,useStlAlgorithm,style,398
qwen,gen_1,0006,unreadVariable,style,563
qwen,gen_1,0006,unreadVariable,style,563
qwen,gen_1,0139,useStlAlgorithm,style,398
qwen,gen_1,0048,constVariableReference,style,398
qwen,gen_1,0048,useStlAlgorithm,style,398
qwen,gen_1,0172,useStlAlgorithm,style,398
qwen,gen_1,0051,useStlAlgorithm,style,398
qwen,gen_1,0265,constVariableReference,style,398
qwen,gen_1,0220,useStlAlgorithm,style,398
qwen,gen_1,0256,unreadVariable,style,563
qwen,gen_1,0050,constVariableReference,style,398
qwen,gen_1,0050,constVariableReference,style,398
qwen,gen_1,0050,constVariableReference,style,398
qwen,gen_1,0050,constVariableReference,style,398
qwen,gen_1,0013,constVariableReference,style,398
qwen,gen_1,0011,constVariableReference,style,398
qwen,gen_1,0011,useStlAlgorithm,style,398
qwen,gen_1,0289,useStlAlgorithm,style,398
qwen,gen_1,0244,constVariableReference,style,398
qwen,gen_1,0097,variableScope,style,398
qwen,gen_1,0097,constParameterReference,style,398
qwen,gen_1,0097,constVariableReference,style,398
qwen,gen_1,0097,useStlAlgorithm,style,398
qwen,gen_1,0097,useStlAlgorithm,style,398
qwen,gen_1,0097,unusedStructMember,style,563
qwen,gen_1,0097,unusedStructMember,style,563
qwen,gen_1,0097,unreadVariable,style,563
qwen,gen_1,0097,unreadVariable,style,563
qwen,gen_1,0074,useStlAlgorithm,style,398
qwen,gen_1,0230,unhandledChar,error,
qwen,gen_1,0269,arrayIndexOutOfBounds,error,788
qwen,gen_1,0269,shiftTooManyBits,error,758
qwen,gen_1,0269,integerOverflow,error,190
qwen,gen_1,0045,constParameterReference,style,398
qwen,gen_1,0045,constParameterReference,style,398
qwen,gen_1,0154,constVariable,style,398
qwen,gen_1,0154,unreadVariable,style,563
qwen,gen_1,0269,variableScope,style,398
qwen,gen_1,0269,variableScope,style,398
qwen,gen_1,0269,unreadVariable,style,563
qwen,gen_1,0269,unreadVariable,style,563
qwen,gen_1,0137,constVariable,style,398
qwen,gen_1,0137,constVariable,style,398
qwen,gen_1,0263,redundantAssignment,style,563
qwen,gen_1,0120,useStlAlgorithm,style,398
qwen,gen_1,0195,variableScope,style,398
qwen,gen_1,0195,constVariableReference,style,398
qwen,gen_1,0072,constParameterReference,style,398
qwen,gen_1,0232,uninitMemberVar,warning,398
qwen,gen_1,0232,uninitMemberVar,warning,398
qwen,gen_1,0232,useStlAlgorithm,style,398
qwen,gen_1,0183,constVariable,style,398
qwen,gen_1,0183,constVariable,style,398
qwen,gen_1,0233,legacyUninitvar,error,457
qwen,gen_1,0161,useStlAlgorithm,style,398
qwen,gen_1,0049,constVariableReference,style,398
qwen,gen_1,0049,unreadVariable,style,563
qwen,gen_1,0049,unreadVariable,style,563
qwen,gen_1,0067,unhandledChar,error,
qwen,gen_1,0256,constVariableReference,style,398
qwen,gen_1,0256,constVariableReference,style,398
qwen,gen_1,0161,shadowVariable,style,398
qwen,gen_1,0056,constVariableReference,style,398
qwen,gen_1,0056,containerOutOfBounds,warning,398
qwen,gen_1,0059,negativeContainerIndex,warning,786
qwen,gen_1,0010,useStlAlgorithm,style,398
qwen,gen_1,0010,useStlAlgorithm,style,398
qwen,gen_1,0058,stlFindInsert,performance,398
qwen,gen_1,0058,useStlAlgorithm,style,398
qwen,gen_1,0273,useStlAlgorithm,style,398
qwen,gen_1,0187,constParameterReference,style,398
qwen,gen_1,0187,constVariableReference,style,398
qwen,gen_1,0115,useStlAlgorithm,style,398
qwen,gen_1,0007,useStlAlgorithm,style,398
qwen,gen_1,0085,useStlAlgorithm,style,398
qwen,gen_1,0046,knownConditionTrueFalse,style,570
qwen,gen_1,0046,shadowVariable,style,398
qwen,gen_1,0046,useStlAlgorithm,style,398
qwen,gen_2,0171,constVariableReference,style,398
qwen,gen_2,0171,constVariableReference,style,398
qwen,gen_2,0171,constVariableReference,style,398
qwen,gen_2,0171,constVariableReference,style,398
qwen,gen_2,0234,constParameterReference,style,398
qwen,gen_2,0198,postfixOperator,performance,398
qwen,gen_2,0198,postfixOperator,performance,398
qwen,gen_2,0028,invalidContainerLoop,error,664
qwen,gen_2,0028,unreadVariable,style,563
qwen,gen_2,0028,unreadVariable,style,563
qwen,gen_2,0028,unreadVariable,style,563
qwen,gen_2,0028,unusedVariable,style,563
qwen,gen_2,0028,unreadVariable,style,563
qwen,gen_2,0028,unreadVariable,style,563
qwen,gen_2,0028,unreadVariable,style,563
qwen,gen_2,0069,variableScope,style,398
qwen,gen_2,0069,constVariableReference,style,398
qwen,gen_2,0069,unreadVariable,style,563
qwen,gen_2,0049,constParameterReference,style,398
qwen,gen_2,0049,constParameterReference,style,398
qwen,gen_2,0049,constParameterReference,style,398
qwen,gen_2,0049,constParameterReference,style,398
qwen,gen_2,0049,constParameterReference,style,398
qwen,gen_2,0012,functionConst,style,398
qwen,gen_2,0012,noExplicitConstructor,style,398
qwen,gen_2,0012,unreadVariable,style,563
qwen,gen_2,0245,constVariableReference,style,398
qwen,gen_2,0231,useStlAlgorithm,style,398
qwen,gen_2,0144,useStlAlgorithm,style,398
qwen,gen_2,0083,useStlAlgorithm,style,398
qwen,gen_2,0216,variableScope,style,398
qwen,gen_2,0249,knownConditionTrueFalse,style,570
qwen,gen_2,0036,useStlAlgorithm,style,398
qwen,gen_2,0106,shadowVariable,style,398
qwen,gen_2,0106,constVariableReference,style,398
qwen,gen_2,0106,constVariableReference,style,398
qwen,gen_2,0106,unusedVariable,style,563
qwen,gen_2,0219,useStlAlgorithm,style,398
qwen,gen_2,0063,constVariableReference,style,398
qwen,gen_2,0063,constVariableReference,style,398
qwen,gen_2,0033,badBitmaskCheck,style,571
qwen,gen_2,0121,useStlAlgorithm,style,398
qwen,gen_2,0137,useStlAlgorithm,style,398
qwen,gen_2,0137,unreadVariable,style,563
qwen,gen_2,0137,unreadVariable,style,563
qwen,gen_2,0137,unreadVariable,style,563
qwen,gen_2,0137,unreadVariable,style,563
qwen,gen_2,0137,unreadVariable,style,563
qwen,gen_2,0137,unreadVariable,style,563
qwen,gen_2,0137,unreadVariable,style,563
qwen,gen_2,0137,unreadVariable,style,563
qwen,gen_2,0137,unreadVariable,style,563
qwen,gen_2,0137,unreadVariable,style,563
qwen,gen_2,0137,unreadVariable,style,563
qwen,gen_2,0137,unreadVariable,style,563
qwen,gen_2,0142,duplicateBranch,style,398
qwen,gen_2,0142,unreadVariable,style,563
qwen,gen_2,0142,unreadVariable,style,563
qwen,gen_2,0142,unreadVariable,style,563
qwen,gen_2,0142,unreadVariable,style,563
qwen,gen_2,0142,unreadVariable,style,563
qwen,gen_2,0205,knownConditionTrueFalse,style,570
qwen,gen_2,0205,knownConditionTrueFalse,style,570
qwen,gen_2,0205,variableScope,style,398
qwen,gen_2,0101,constVariable,style,398
qwen,gen_2,0101,constVariable,style,398
qwen,gen_2,0044,useStlAlgorithm,style,398
qwen,gen_2,0128,useStlAlgorithm,style,398
qwen,gen_2,0084,passedByValue,performance,398
qwen,gen_2,0084,passedByValue,performance,398
qwen,gen_2,0084,useStlAlgorithm,style,398
qwen,gen_2,0084,useStlAlgorithm,style,398
qwen,gen_2,0084,useStlAlgorithm,style,398
qwen,gen_2,0084,unreadVariable,style,563
qwen,gen_2,0084,unreadVariable,style,563
qwen,gen_2,0064,useStlAlgorithm,style,398
qwen,gen_2,0171,useStlAlgorithm,style,398
qwen,gen_2,0026,passedByValue,performance,398
qwen,gen_2,0254,variableScope,style,398
qwen,gen_2,0254,variableScope,style,398
qwen,gen_2,0016,redundantAssignment,style,563
qwen,gen_2,0016,variableScope,style,398
qwen,gen_2,0016,useStlAlgorithm,style,398
qwen,gen_2,0016,unreadVariable,style,563
qwen,gen_2,0016,unreadVariable,style,563
qwen,gen_2,0016,unreadVariable,style,563
qwen,gen_2,0125,knownConditionTrueFalse,style,570
qwen,gen_2,0125,knownConditionTrueFalse,style,570
qwen,gen_2,0125,knownConditionTrueFalse,style,570
qwen,gen_2,0198,useStlAlgorithm,style,398
qwen,gen_2,0177,useStlAlgorithm,style,398
qwen,gen_2,0177,useStlAlgorithm,style,398
qwen,gen_2,0177,useStlAlgorithm,style,398
qwen,gen_2,0001,constVariableReference,style,398
qwen,gen_2,0001,unreadVariable,style,563
qwen,gen_2,0075,unreadVariable,style,563
qwen,gen_2,0176,useStlAlgorithm,style,398
qwen,gen_2,0116,useStlAlgorithm,style,398
qwen,gen_2,0050,knownConditionTrueFalse,style,571
qwen,gen_2,0050,variableScope,style,398
qwen,gen_2,0050,unreadVariable,style,563
qwen,gen_2,0050,unreadVariable,style,563
qwen,gen_2,0050,unreadVariable,style,563
qwen,gen_2,0095,unreadVariable,style,563
qwen,gen_2,0261,constVariableReference,style,398
qwen,gen_2,0252,functionConst,style,398
qwen,gen_2,0252,noExplicitConstructor,style,398
qwen,gen_2,0252,shadowVariable,style,398
qwen,gen_2,0108,unreadVariable,style,563
qwen,gen_2,0108,unreadVariable,style,563
qwen,gen_2,0195,constParameterReference,style,398
qwen,gen_2,0195,useStlAlgorithm,style,398
qwen,gen_2,0247,useStlAlgorithm,style,398
qwen,gen_2,0247,unreadVariable,style,563
qwen,gen_2,0076,unreadVariable,style,563
qwen,gen_2,0076,unreadVariable,style,563
qwen,gen_2,0041,useStlAlgorithm,style,398
qwen,gen_2,0258,unreadVariable,style,563
qwen,gen_2,0060,constVariable,style,398
qwen,gen_2,0060,constVariable,style,398
qwen,gen_2,0155,unusedStructMember,style,563
qwen,gen_2,0235,variableScope,style,398
qwen,gen_2,0235,useStlAlgorithm,style,398
qwen,gen_2,0235,useStlAlgorithm,style,398
qwen,gen_2,0039,knownConditionTrueFalse,style,571
qwen,gen_2,0076,useStlAlgorithm,style,398
qwen,gen_2,0202,useStlAlgorithm,style,398
qwen,gen_2,0055,passedByValue,performance,398
qwen,gen_2,0055,stlFindInsert,performance,398
qwen,gen_2,0198,knownConditionTrueFalse,style,571
qwen,gen_2,0198,useStlAlgorithm,style,398
qwen,gen_2,0224,useStlAlgorithm,style,398
qwen,gen_2,0099,variableScope,style,398
qwen,gen_2,0174,useStlAlgorithm,style,398
qwen,gen_2,0079,useStlAlgorithm,style,398
qwen,gen_2,0022,shadowVariable,style,398
qwen,gen_2,0022,constVariableReference,style,398
qwen,gen_2,0108,useStlAlgorithm,style,398
qwen,gen_2,0245,variableScope,style,398
qwen,gen_2,0161,passedByValue,performance,398
qwen,gen_2,0009,useStlAlgorithm,style,398
qwen,gen_2,0264,variableScope,style,398
qwen,gen_2,0210,shiftNegativeLHS,portability,758
qwen,gen_2,0169,constVariable,style,398
qwen,gen_2,0169,constVariable,style,398
qwen,gen_2,0169,useStlAlgorithm,style,398
qwen,gen_2,0287,useStlAlgorithm,style,398
qwen,gen_2,0098,variableScope,style,398
qwen,gen_2,0098,variableScope,style,398
qwen,gen_2,0098,variableScope,style,398
qwen,gen_2,0098,truncLongCastAssignment,style,197
qwen,gen_2,0098,truncLongCastAssignment,style,197
qwen,gen_2,0061,variableScope,style,398
qwen,gen_2,0061,variableScope,style,398
qwen,gen_2,0061,constVariableReference,style,398
qwen,gen_2,0061,constVariableReference,style,398
qwen,gen_2,0081,noExplicitConstructor,style,398
qwen,gen_2,0043,noExplicitConstructor,style,398
qwen,gen_2,0052,syntaxError,error,
qwen,gen_2,0255,useStlAlgorithm,style,398
qwen,gen_2,0172,constVariableReference,style,398
qwen,gen_2,0065,useStlAlgorithm,style,398
qwen,gen_2,0187,unreadVariable,style,563
qwen,gen_2,0172,useStlAlgorithm,style,398
qwen,gen_2,0133,useStlAlgorithm,style,398
qwen,gen_2,0146,useStlAlgorithm,style,398
qwen,gen_2,0013,useStlAlgorithm,style,398
qwen,gen_2,0013,useStlAlgorithm,style,398
qwen,gen_2,0100,useStlAlgorithm,style,398
qwen,gen_2,0100,useStlAlgorithm,style,398
qwen,gen_2,0100,useStlAlgorithm,style,398
qwen,gen_2,0100,useStlAlgorithm,style,398
qwen,gen_2,0100,useStlAlgorithm,style,398
qwen,gen_2,0041,useStlAlgorithm,style,398
qwen,gen_2,0006,knownConditionTrueFalse,style,571
qwen,gen_2,0006,knownConditionTrueFalse,style,571
qwen,gen_2,0006,knownConditionTrueFalse,style,571
qwen,gen_2,0006,knownConditionTrueFalse,style,571
qwen,gen_2,0039,variableScope,style,398
qwen,gen_2,0039,unreadVariable,style,563
qwen,gen_2,0039,unreadVariable,style,563
qwen,gen_2,0004,negativeContainerIndex,warning,786
qwen,gen_2,0004,negativeContainerIndex,warning,786
qwen,gen_2,0004,truncLongCastAssignment,style,197
qwen,gen_2,0004,truncLongCastAssignment,style,197
qwen,gen_2,0056,useStlAlgorithm,style,398
qwen,gen_2,0056,useStlAlgorithm,style,398
qwen,gen_2,0056,useStlAlgorithm,style,398
qwen,gen_2,0093,AssignmentAddressToInteger,portability,758
qwen,gen_2,0241,passedByValue,performance,398
qwen,gen_2,0241,passedByValue,performance,398
qwen,gen_2,0241,passedByValue,performance,398
qwen,gen_2,0241,passedByValue,performance,398
qwen,gen_2,0153,constVariableReference,style,398
qwen,gen_2,0244,useStlAlgorithm,style,398
qwen,gen_2,0249,ignoredReturnValue,warning,252
qwen,gen_2,0249,constVariableReference,style,398
qwen,gen_2,0249,uselessCallsRemove,warning,762
qwen,gen_2,0249,useStlAlgorithm,style,398
qwen,gen_2,0081,variableScope,style,398
qwen,gen_2,0081,useStlAlgorithm,style,398
qwen,gen_2,0199,knownConditionTrueFalse,style,570
qwen,gen_2,0199,knownConditionTrueFalse,style,570
qwen,gen_2,0199,useStlAlgorithm,style,398
qwen,gen_2,0199,useStlAlgorithm,style,398
qwen,gen_2,0199,unreadVariable,style,563
qwen,gen_2,0199,unreadVariable,style,563
qwen,gen_2,0046,constVariableReference,style,398
qwen,gen_2,0224,useStlAlgorithm,style,398
qwen,gen_2,0224,useStlAlgorithm,style,398
qwen,gen_2,0194,unreadVariable,style,563
qwen,gen_2,0194,unreadVariable,style,563
qwen,gen_2,0120,duplicateCondition,style,398
qwen,gen_2,0031,shiftTooManyBits,error,758
qwen,gen_2,0031,shiftTooManyBits,error,758
qwen,gen_2,0031,shiftTooManyBitsSigned,portability,758
qwen,gen_2,0211,useStlAlgorithm,style,398
qwen,gen_2,0192,shadowVariable,style,398
qwen,gen_2,0192,useStlAlgorithm,style,398
qwen,gen_2,0192,useStlAlgorithm,style,398
qwen,gen_2,0192,useStlAlgorithm,style,398
qwen,gen_2,0031,constParameterReference,style,398
qwen,gen_2,0177,shadowVariable,style,398
qwen,gen_2,0272,incompleteArrayFill,portability,131
qwen,gen_2,0272,incompleteArrayFill,portability,131
qwen,gen_2,0272,constVariableReference,style,398
qwen,gen_2,0272,constVariableReference,style,398
qwen,gen_2,0272,useStlAlgorithm,style,398
qwen,gen_2,0272,useStlAlgorithm,style,398
qwen,gen_2,0054,variableScope,style,398
qwen,gen_2,0058,useStlAlgorithm,style,398
qwen,gen_2,0058,unreadVariable,style,563
qwen,gen_2,0058,unreadVariable,style,563
qwen,gen_2,0247,noExplicitConstructor,style,398
qwen,gen_2,0253,useStlAlgorithm,style,398
qwen,gen_2,0066,useStlAlgorithm,style,398
qwen,gen_2,0020,constVariableReference,style,398
qwen,gen_2,0200,constVariableReference,style,398
qwen,gen_2,0243,shadowArgument,style,398
qwen,gen_2,0243,unreadVariable,style,563
qwen,gen_2,0243,unreadVariable,style,563
qwen,gen_2,0243,unreadVariable,style,563
qwen,gen_2,0243,unreadVariable,style,563
qwen,gen_2,0243,unreadVariable,style,563
qwen,gen_2,0243,unreadVariable,style,563
qwen,gen_2,0243,unreadVariable,style,563
qwen,gen_2,0243,unreadVariable,style,563
qwen,gen_2,0125,constVariable,style,398
qwen,gen_2,0226,useStlAlgorithm,style,398
qwen,gen_2,0015,truncLongCastAssignment,style,197
qwen,gen_2,0024,passedByValue,performance,398
qwen,gen_2,0214,unreadVariable,style,563
qwen,gen_2,0214,unreadVariable,style,563
qwen,gen_2,0124,useStlAlgorithm,style,398
qwen,gen_2,0124,useStlAlgorithm,style,398
qwen,gen_2,0094,duplicateExpression,style,398
qwen,gen_2,0094,constVariableReference,style,398
qwen,gen_2,0094,constVariableReference,style,398
qwen,gen_2,0240,duplicateAssignExpression,style,398
qwen,gen_2,0118,constVariableReference,style,398
qwen,gen_2,0118,constVariableReference,style,398
qwen,gen_2,0118,constVariableReference,style,398
qwen,gen_2,0071,shadowVariable,style,398
qwen,gen_2,0071,shadowVariable,style,398
qwen,gen_2,0071,shadowVariable,style,398
qwen,gen_2,0071,constVariableReference,style,398
qwen,gen_2,0071,constParameterReference,style,398
qwen,gen_2,0071,unreadVariable,style,563
qwen,gen_2,0071,unreadVariable,style,563
qwen,gen_2,0071,unreadVariable,style,563
qwen,gen_2,0071,unreadVariable,style,563
qwen,gen_2,0071,unusedVariable,style,563
qwen,gen_2,0071,unreadVariable,style,563
qwen,gen_2,0115,knownConditionTrueFalse,style,570
qwen,gen_2,0115,useStlAlgorithm,style,398
qwen,gen_2,0102,constParameterReference,style,398
qwen,gen_2,0045,syntaxError,error,
qwen,gen_2,0269,shadowVariable,style,398
qwen,gen_2,0208,useStlAlgorithm,style,398
qwen,gen_2,0027,unreadVariable,style,563
qwen,gen_2,0103,unreadVariable,style,563
qwen,gen_2,0103,unreadVariable,style,563
qwen,gen_2,0054,uninitvar,warning,457
qwen,gen_2,0054,uninitvar,warning,457
qwen,gen_2,0223,useStlAlgorithm,style,398
qwen,gen_2,0254,duplicateBranch,style,398
qwen,gen_2,0254,variableScope,style,398
qwen,gen_2,0112,variableScope,style,398
qwen,gen_2,0112,constVariableReference,style,398
qwen,gen_2,0112,useStlAlgorithm,style,398
qwen,gen_2,0030,useStlAlgorithm,style,398
qwen,gen_2,0007,constParameterReference,style,398
qwen,gen_2,0007,constParameterReference,style,398
qwen,gen_2,0007,constParameterReference,style,398
qwen,gen_2,0007,constParameterReference,style,398
qwen,gen_2,0163,constVariableReference,style,398
qwen,gen_2,0274,variableScope,style,398
qwen,gen_2,0274,uninitvar,error,457
qwen,gen_2,0164,useStlAlgorithm,style,398
qwen,gen_2,0077,useStlAlgorithm,style,398
qwen,gen_2,0077,useStlAlgorithm,style,398
qwen,gen_2,0003,useStlAlgorithm,style,398
qwen,gen_2,0127,useStlAlgorithm,style,398
qwen,gen_2,0127,unreadVariable,style,563
qwen,gen_2,0127,unreadVariable,style,563
qwen,gen_2,0127,unreadVariable,style,563
qwen,gen_2,0207,useStlAlgorithm,style,398
qwen,gen_2,0062,negativeContainerIndex,warning,786
qwen,gen_2,0175,useStlAlgorithm,style,398
qwen,gen_2,0222,knownConditionTrueFalse,style,571
qwen,gen_2,0222,knownConditionTrueFalse,style,570
qwen,gen_2,0222,knownConditionTrueFalse,style,571
qwen,gen_2,0222,knownConditionTrueFalse,style,571
qwen,gen_2,0073,useStlAlgorithm,style,398
qwen,gen_2,0025,useStlAlgorithm,style,398
qwen,gen_2,0143,duplicateBranch,style,398
qwen,gen_2,0173,unreadVariable,style,563
qwen,gen_2,0101,useStlAlgorithm,style,398
qwen,gen_2,0189,useStlAlgorithm,style,398
qwen,gen_2,0051,useStlAlgorithm,style,398
qwen,gen_2,0231,constVariableReference,style,398
qwen,gen_2,0231,constVariableReference,style,398
qwen,gen_2,0231,constVariableReference,style,398
qwen,gen_2,0231,unreadVariable,style,563
qwen,gen_2,0231,unreadVariable,style,563
qwen,gen_2,0231,unreadVariable,style,563
qwen,gen_2,0231,unusedVariable,style,563
qwen,gen_2,0231,unusedVariable,style,563
qwen,gen_2,0231,unusedVariable,style,563
qwen,gen_2,0042,useStlAlgorithm,style,398
qwen,gen_2,0074,constVariable,style,398
qwen,gen_2,0073,zerodiv,error,369
qwen,gen_2,0073,constVariableReference,style,398
qwen,gen_2,0073,useStlAlgorithm,style,398
qwen,gen_2,0170,constVariableReference,style,398
qwen,gen_2,0170,useStlAlgorithm,style,398
qwen,gen_2,0170,unreadVariable,style,563
qwen,gen_2,0226,useStlAlgorithm,style,398
qwen,gen_2,0226,useStlAlgorithm,style,398
qwen,gen_2,0185,constVariableReference,style,398
qwen,gen_2,0202,useStlAlgorithm,style,398
qwen,gen_2,0076,variableScope,style,398
qwen,gen_2,0130,shadowVariable,style,398
qwen,gen_2,0130,constParameterReference,style,398
qwen,gen_2,0122,constVariableReference,style,398
qwen,gen_2,0122,unreadVariable,style,563
qwen,gen_2,0040,useStlAlgorithm,style,398
qwen,gen_2,0187,constVariableReference,style,398
qwen,gen_2,0187,useStlAlgorithm,style,398
qwen,gen_2,0218,useStlAlgorithm,style,398
qwen,gen_2,0218,useStlAlgorithm,style,398
qwen,gen_2,0218,useStlAlgorithm,style,398
qwen,gen_2,0218,useStlAlgorithm,style,398
qwen,gen_2,0004,useStlAlgorithm,style,398
qwen,gen_2,0158,oppositeInnerCondition,warning,398
qwen,gen_2,0158,useStlAlgorithm,style,398
qwen,gen_2,0202,constVariableReference,style,398
qwen,gen_2,0260,functionConst,style,398
qwen,gen_2,0260,noExplicitConstructor,style,398
qwen,gen_2,0096,constVariableReference,style,398
qwen,gen_2,0083,useStlAlgorithm,style,398
qwen,gen_2,0083,useStlAlgorithm,style,398
qwen,gen_2,0100,constVariableReference,style,398
qwen,gen_2,0100,constVariableReference,style,398
qwen,gen_2,0144,useStlAlgorithm,style,398
qwen,gen_2,0141,useStlAlgorithm,style,398
qwen,gen_2,0175,variableScope,style,398
qwen,gen_2,0019,constVariableReference,style,398
qwen,gen_2,0116,useStlAlgorithm,style,398
qwen,gen_2,0089,stlFindInsert,performance,398
qwen,gen_2,0089,stlFindInsert,performance,398
qwen,gen_2,0088,useStlAlgorithm,style,398
qwen,gen_2,0000,constVariableReference,style,398
qwen,gen_2,0017,constParameterReference,style,398
qwen,gen_2,0100,constVariable,style,398
qwen,gen_2,0100,constVariable,style,398
qwen,gen_2,0100,uninitvar,warning,457
qwen,gen_2,0100,uninitvar,warning,457
qwen,gen_2,0131,useStlAlgorithm,style,398
qwen,gen_2,0131,useStlAlgorithm,style,398
qwen,gen_2,0155,duplicateAssignExpression,style,398
qwen,gen_2,0191,useStlAlgorithm,style,398
qwen,gen_2,0156,unreadVariable,style,563
qwen,gen_2,0156,unreadVariable,style,563
qwen,gen_2,0150,useStlAlgorithm,style,398
qwen,gen_2,0075,passedByValue,performance,398
qwen,gen_2,0075,passedByValue,performance,398
qwen,gen_2,0075,constVariableReference,style,398
qwen,gen_2,0075,constVariableReference,style,398
qwen,gen_2,0147,variableScope,style,398
qwen,gen_2,0147,unreadVariable,style,563
qwen,gen_2,0147,unreadVariable,style,563
qwen,gen_2,0184,useStlAlgorithm,style,398
qwen,gen_2,0166,invalidContainerLoop,error,664
qwen,gen_2,0166,invalidContainerLoop,error,664
qwen,gen_2,0188,useStlAlgorithm,style,398
qwen,gen_2,0114,constVariableReference,style,398
qwen,gen_2,0114,constVariableReference,style,398
qwen,gen_2,0154,redundantInitialization,style,563
qwen,gen_2,0154,redundantInitialization,style,563
qwen,gen_2,0154,unreadVariable,style,563
qwen,gen_2,0154,unreadVariable,style,563
qwen,gen_2,0154,unreadVariable,style,563
qwen,gen_2,0154,unreadVariable,style,563
qwen,gen_2,0175,shadowVariable,style,398
qwen,gen_2,0064,unreadVariable,style,563
qwen,gen_2,0064,unreadVariable,style,563
qwen,gen_2,0162,unreadVariable,style,563
qwen,gen_2,0162,unreadVariable,style,563
qwen,gen_2,0088,useStlAlgorithm,style,398
qwen,gen_2,0234,useStlAlgorithm,style,398
qwen,gen_2,0130,useStlAlgorithm,style,398
qwen,gen_2,0002,useStlAlgorithm,style,398
qwen,gen_2,0225,constVariableReference,style,398
qwen,gen_2,0225,constVariableReference,style,398
qwen,gen_2,0225,constVariableReference,style,398
qwen,gen_2,0225,unreadVariable,style,563
qwen,gen_2,0225,unreadVariable,style,563
qwen,gen_2,0225,unreadVariable,style,563
qwen,gen_2,0000,shadowVariable,style,398
qwen,gen_2,0000,shadowVariable,style,398
qwen,gen_2,0000,constStatement,warning,398
qwen,gen_2,0000,iterateByValue,performance,398
qwen,gen_2,0000,constVariable,style,398
qwen,gen_2,0000,constVariable,style,398
qwen,gen_2,0000,constVariable,style,398
qwen,gen_2,0000,constVariable,style,398
qwen,gen_2,0000,unreadVariable,style,563
qwen,gen_2,0000,unreadVariable,style,563
qwen,gen_2,0224,useStlAlgorithm,style,398
qwen,gen_2,0001,constVariableReference,style,398
qwen,gen_2,0001,constVariableReference,style,398
qwen,gen_2,0001,useStlAlgorithm,style,398
qwen,gen_2,0001,useStlAlgorithm,style,398
qwen,gen_2,0135,variableScope,style,398
qwen,gen_2,0010,useStlAlgorithm,style,398
qwen,gen_2,0072,constVariableReference,style,398
qwen,gen_2,0162,unreadVariable,style,563
qwen,gen_2,0162,unreadVariable,style,563
qwen,gen_2,0162,unreadVariable,style,563
qwen,gen_2,0162,unreadVariable,style,563
qwen,gen_2,0151,useStlAlgorithm,style,398
qwen,gen_2,0151,unreadVariable,style,563
qwen,gen_2,0213,negativeIndex,error,786
qwen,gen_2,0213,useStlAlgorithm,style,398
qwen,gen_2,0121,useStlAlgorithm,style,398
qwen,gen_2,0267,negativeIndex,error,786
qwen,gen_2,0003,constVariableReference,style,398
qwen,gen_2,0003,useStlAlgorithm,style,398
qwen,gen_2,0203,useStlAlgorithm,style,398
qwen,gen_2,0203,useStlAlgorithm,style,398
qwen,gen_2,0248,useStlAlgorithm,style,398
qwen,gen_2,0092,useStlAlgorithm,style,398
qwen,gen_2,0015,useStlAlgorithm,style,398
qwen,gen_2,0015,useStlAlgorithm,style,398
qwen,gen_2,0107,unreadVariable,style,563
qwen,gen_2,0107,unreadVariable,style,563
qwen,gen_2,0007,useStlAlgorithm,style,398
qwen,gen_2,0094,passedByValue,performance,398
qwen,gen_2,0097,useStlAlgorithm,style,398
qwen,gen_2,0143,constVariableReference,style,398
qwen,gen_2,0143,constVariableReference,style,398
qwen,gen_2,0211,useStlAlgorithm,style,398
qwen,gen_2,0090,useStlAlgorithm,style,398
qwen,gen_2,0139,constVariableReference,style,398
qwen,gen_2,0139,constVariableReference,style,398
qwen,gen_2,0139,constVariableReference,style,398
qwen,gen_2,0139,useStlAlgorithm,style,398
qwen,gen_2,0139,useStlAlgorithm,style,398
qwen,gen_2,0141,constParameter,style,398
qwen,gen_2,0117,useStlAlgorithm,style,398
qwen,gen_2,0188,unreadVariable,style,563
qwen,gen_2,0188,unreadVariable,style,563
qwen,gen_2,0256,knownConditionTrueFalse,style,570
qwen,gen_2,0256,duplicateBranch,style,398
qwen,gen_2,0256,duplicateBranch,style,398
qwen,gen_2,0256,unreadVariable,style,563
qwen,gen_2,0256,unreadVariable,style,563
qwen,gen_2,0214,constVariableReference,style,398
qwen,gen_2,0172,useStlAlgorithm,style,398
qwen,gen_2,0124,unreadVariable,style,563
qwen,gen_2,0124,unreadVariable,style,563
qwen,gen_2,0093,unreadVariable,style,563
qwen,gen_2,0246,shadowVariable,style,398
qwen,gen_2,0246,shadowVariable,style,398
qwen,gen_2,0246,constParameterReference,style,398
qwen,gen_2,0246,stlFindInsert,performance,398
qwen,gen_2,0246,unreadVariable,style,563
qwen,gen_2,0246,unreadVariable,style,563
qwen,gen_2,0148,useStlAlgorithm,style,398
qwen,gen_2,0148,useStlAlgorithm,style,398
qwen,gen_2,0246,passedByValue,performance,398
qwen,gen_2,0099,unreadVariable,style,563
qwen,gen_2,0099,unreadVariable,style,563
qwen,gen_2,0078,knownConditionTrueFalse,style,571
qwen,gen_2,0078,knownConditionTrueFalse,style,571
qwen,gen_2,0002,useStlAlgorithm,style,398
qwen,gen_2,0002,useStlAlgorithm,style,398
qwen,gen_2,0227,constVariable,style,398
qwen,gen_2,0096,knownConditionTrueFalse,style,571
qwen,gen_2,0096,redundantAssignment,style,563
qwen,gen_2,0020,useStlAlgorithm,style,398
qwen,gen_2,0263,useStlAlgorithm,style,398
qwen,gen_2,0263,unreadVariable,style,563
qwen,gen_2,0263,unreadVariable,style,563
qwen,gen_2,0099,useStlAlgorithm,style,398
qwen,gen_2,0220,unreadVariable,style,563
qwen,gen_2,0220,unreadVariable,style,563
qwen,gen_2,0220,unreadVariable,style,563
qwen,gen_2,0220,unreadVariable,style,563
qwen,gen_2,0232,useStlAlgorithm,style,398
qwen,gen_2,0232,useStlAlgorithm,style,398
qwen,gen_2,0168,unreadVariable,style,563
qwen,gen_2,0168,unreadVariable,style,563
qwen,gen_2,0000,useStlAlgorithm,style,398
qwen,gen_2,0255,unreadVariable,style,563
qwen,gen_2,0255,unreadVariable,style,563
qwen,gen_2,0059,useStlAlgorithm,style,398
qwen,gen_2,0005,unreadVariable,style,563
qwen,gen_2,0005,unreadVariable,style,563
qwen,gen_2,0228,knownConditionTrueFalse,style,570
qwen,gen_2,0228,knownConditionTrueFalse,style,570
qwen,gen_2,0228,knownConditionTrueFalse,style,570
qwen,gen_2,0228,knownConditionTrueFalse,style,570
qwen,gen_2,0228,passedByValue,performance,398
qwen,gen_2,0228,passedByValue,performance,398
qwen,gen_2,0228,unreadVariable,style,563
qwen,gen_2,0228,unreadVariable,style,563
qwen,gen_2,0228,unreadVariable,style,563
qwen,gen_2,0038,knownConditionTrueFalse,style,571
qwen,gen_2,0182,useStlAlgorithm,style,398
qwen,gen_2,0070,useStlAlgorithm,style,398
qwen,gen_2,0070,unusedVariable,style,563
qwen,gen_2,0051,knownConditionTrueFalse,style,570
qwen,gen_2,0051,useStlAlgorithm,style,398
qwen,gen_2,0051,unreadVariable,style,563
qwen,gen_2,0051,unreadVariable,style,563
qwen,gen_2,0051,unreadVariable,style,563
qwen,gen_2,0051,unreadVariable,style,563
qwen,gen_2,0051,unusedVariable,style,563
qwen,gen_2,0074,duplicateAssignExpression,style,398
qwen,gen_2,0151,useStlAlgorithm,style,398
qwen,gen_2,0095,negativeContainerIndex,warning,786
qwen,gen_2,0080,useStlAlgorithm,style,398
qwen,gen_2,0080,useStlAlgorithm,style,398
qwen,gen_2,0080,unreadVariable,style,563
qwen,gen_2,0049,shadowVariable,style,398
qwen,gen_2,0008,constVariableReference,style,398
qwen,gen_2,0157,constVariableReference,style,398
qwen,gen_2,0006,constVariableReference,style,398
qwen,gen_2,0006,constVariableReference,style,398
qwen,gen_2,0255,shadowVariable,style,398
qwen,gen_2,0255,shadowVariable,style,398
qwen,gen_2,0255,shadowVariable,style,398
qwen,gen_2,0255,constVariableReference,style,398
qwen,gen_2,0056,useStlAlgorithm,style,398
qwen,gen_2,0127,useStlAlgorithm,style,398
qwen,gen_2,0156,useStlAlgorithm,style,398
qwen,gen_2,0219,knownConditionTrueFalse,style,570
qwen,gen_2,0197,useStlAlgorithm,style,398
qwen,gen_2,0197,useStlAlgorithm,style,398
qwen,gen_2,0197,useStlAlgorithm,style,398
qwen,gen_2,0197,useStlAlgorithm,style,398
qwen,gen_2,0197,useStlAlgorithm,style,398
qwen,gen_2,0197,negativeContainerIndex,warning,786
qwen,gen_2,0032,noExplicitConstructor,style,398
qwen,gen_2,0032,constVariableReference,style,398
qwen,gen_2,0032,constVariableReference,style,398
qwen,gen_2,0214,constVariableReference,style,398
qwen,gen_2,0197,unreadVariable,style,563
qwen,gen_2,0197,unreadVariable,style,563
qwen,gen_2,0246,knownConditionTrueFalse,style,571
qwen,gen_2,0246,useStlAlgorithm,style,398
qwen,gen_2,0244,constVariableReference,style,398
qwen,gen_2,0244,constVariableReference,style,398
qwen,gen_2,0244,constVariableReference,style,398
qwen,gen_2,0280,shadowVariable,style,398
qwen,gen_2,0280,unreadVariable,style,563
qwen,gen_2,0280,unreadVariable,style,563
qwen,gen_2,0117,passedByValue,performance,398
qwen,gen_2,0045,variableScope,style,398
qwen,gen_2,0045,variableScope,style,398
qwen,gen_2,0045,negativeContainerIndex,warning,786
qwen,gen_2,0045,unreadVariable,style,563
qwen,gen_2,0045,unreadVariable,style,563
qwen,gen_2,0045,unreadVariable,style,563
qwen,gen_2,0045,unreadVariable,style,563
qwen,gen_2,0164,knownConditionTrueFalse,style,571
qwen,gen_2,0108,useStlAlgorithm,style,398
qwen,gen_2,0196,duplicateCondition,style,398
qwen,gen_2,0085,constParameterReference,style,398
qwen,gen_2,0085,constParameterReference,style,398
qwen,gen_2,0085,constVariableReference,style,398
qwen,gen_2,0085,useStlAlgorithm,style,398
qwen,gen_2,0030,uninitvar,warning,457
qwen,gen_2,0030,uninitvar,warning,457
qwen,gen_2,0030,uninitvar,warning,457
qwen,gen_2,0030,uninitvar,warning,457
qwen,gen_2,0272,constVariableReference,style,398
qwen,gen_2,0272,useStlAlgorithm,style,398
qwen,gen_2,0065,shadowVariable,style,398
qwen,gen_2,0147,derefInvalidIterator,warning,825
qwen,gen_2,0147,derefInvalidIterator,warning,825
qwen,gen_2,0147,derefInvalidIterator,warning,825
qwen,gen_2,0147,derefInvalidIterator,warning,825
qwen,gen_2,0147,derefInvalidIterator,warning,825
qwen,gen_2,0147,derefInvalidIterator,warning,825
qwen,gen_2,0147,derefInvalidIterator,warning,825
qwen,gen_2,0225,useStlAlgorithm,style,398
qwen,gen_2,0225,useStlAlgorithm,style,398
qwen,gen_2,0222,unreadVariable,style,563
qwen,gen_2,0222,unreadVariable,style,563
qwen,gen_2,0210,useStlAlgorithm,style,398
qwen,gen_2,0110,useStlAlgorithm,style,398
qwen,gen_2,0006,constVariableReference,style,398
qwen,gen_2,0006,constVariableReference,style,398
qwen,gen_2,0136,variableScope,style,398
qwen,gen_2,0136,variableScope,style,398
qwen,gen_2,0048,constVariableReference,style,398
qwen,gen_2,0048,useStlAlgorithm,style,398
qwen,gen_2,0048,useStlAlgorithm,style,398
qwen,gen_2,0102,knownConditionTrueFalse,style,571
qwen,gen_2,0102,duplicateExpression,style,398
qwen,gen_2,0046,constVariableReference,style,398
qwen,gen_2,0178,unusedVariable,style,563
qwen,gen_2,0114,useStlAlgorithm,style,398
qwen,gen_2,0114,useStlAlgorithm,style,398
qwen,gen_2,0114,useStlAlgorithm,style,398
qwen,gen_2,0013,unreadVariable,style,563
qwen,gen_2,0013,unreadVariable,style,563
qwen,gen_2,0079,useStlAlgorithm,style,398
qwen,gen_2,0129,useStlAlgorithm,style,398
qwen,gen_2,0181,useStlAlgorithm,style,398
qwen,gen_2,0146,constVariableReference,style,398
qwen,gen_2,0263,useStlAlgorithm,style,398
qwen,gen_2,0217,useStlAlgorithm,style,398
qwen,gen_2,0217,useStlAlgorithm,style,398
qwen,gen_2,0120,useStlAlgorithm,style,398
qwen,gen_2,0061,useStlAlgorithm,style,398
qwen,gen_2,0072,unreadVariable,style,563
qwen,gen_2,0072,unreadVariable,style,563
qwen,gen_2,0132,useStlAlgorithm,style,398
qwen,gen_2,0132,useStlAlgorithm,style,398
qwen,gen_2,0070,constVariableReference,style,398
qwen,gen_2,0070,useStlAlgorithm,style,398
qwen,gen_2,0070,useStlAlgorithm,style,398
qwen,gen_2,0070,unreadVariable,style,563
qwen,gen_2,0070,unreadVariable,style,563
qwen,gen_2,0037,unreadVariable,style,563
qwen,gen_2,0037,unreadVariable,style,563
qwen,gen_2,0166,unreadVariable,style,563
qwen,gen_2,0166,unusedVariable,style,563
qwen,gen_2,0166,unreadVariable,style,563
qwen,gen_2,0253,oppositeInnerCondition,warning,398
qwen,gen_2,0159,shadowVariable,style,398
qwen,gen_2,0159,constVariableReference,style,398
qwen,gen_2,0159,unreadVariable,style,563
qwen,gen_2,0159,unreadVariable,style,563
qwen,gen_2,0159,unreadVariable,style,563
qwen,gen_2,0159,unreadVariable,style,563
qwen,gen_2,0010,duplicateExpression,style,398
qwen,gen_2,0010,duplicateExpression,style,398
qwen,gen_2,0145,variableScope,style,398
qwen,gen_2,0145,constVariableReference,style,398
qwen,gen_2,0113,useStlAlgorithm,style,398
qwen,gen_2,0282,shadowVariable,style,398
qwen,gen_2,0282,shadowVariable,style,398
qwen,gen_2,0282,constVariableReference,style,398
qwen,gen_2,0155,useStlAlgorithm,style,398
qwen,gen_2,0213,useStlAlgorithm,style,398
qwen,gen_2,0213,useStlAlgorithm,style,398
qwen,gen_2,0007,useStlAlgorithm,style,398
qwen,gen_2,0085,useStlAlgorithm,style,398
gemma,gen_3,0146,arrayIndexThenCheck,style,398
gemma,gen_3,0146,negativeContainerIndex,warning,786
gemma,gen_3,0084,useStlAlgorithm,style,398
gemma,gen_3,0122,useStlAlgorithm,style,398
gemma,gen_3,0122,useStlAlgorithm,style,398
gemma,gen_3,0133,variableScope,style,398
gemma,gen_3,0148,unusedVariable,style,563
gemma,gen_3,0223,useStlAlgorithm,style,398
gemma,gen_3,0074,variableScope,style,398
gemma,gen_3,0074,unreadVariable,style,563
gemma,gen_3,0074,unreadVariable,style,563
gemma,gen_3,0069,variableScope,style,398
gemma,gen_3,0069,constVariableReference,style,398
gemma,gen_3,0248,variableScope,style,398
gemma,gen_3,0198,useStlAlgorithm,style,398
gemma,gen_3,0198,useStlAlgorithm,style,398
gemma,gen_3,0169,useStlAlgorithm,style,398
gemma,gen_3,0097,multiCondition,style,398
gemma,gen_3,0141,duplicateBranch,style,398
gemma,gen_3,0102,duplicateAssignExpression,style,398
gemma,gen_3,0102,duplicateAssignExpression,style,398
gemma,gen_3,0030,unreadVariable,style,563
gemma,gen_3,0205,useStlAlgorithm,style,398
gemma,gen_3,0102,identicalInnerCondition,warning,398
gemma,gen_3,0102,variableScope,style,398
gemma,gen_3,0102,variableScope,style,398
gemma,gen_3,0102,variableScope,style,398
gemma,gen_3,0102,useStlAlgorithm,style,398
gemma,gen_3,0026,constVariable,style,398
gemma,gen_3,0026,constVariable,style,398
gemma,gen_3,0026,negativeContainerIndex,warning,786
gemma,gen_3,0026,negativeContainerIndex,warning,786
gemma,gen_3,0026,unreadVariable,style,563
gemma,gen_3,0247,duplicateBranch,style,398
gemma,gen_3,0247,variableScope,style,398
gemma,gen_3,0247,unreadVariable,style,563
gemma,gen_3,0247,unreadVariable,style,563
gemma,gen_3,0080,constVariableReference,style,398
gemma,gen_3,0142,oppositeInnerCondition,warning,398
gemma,gen_3,0142,shadowVariable,style,398
gemma,gen_3,0142,shadowVariable,style,398
gemma,gen_3,0142,shadowVariable,style,398
gemma,gen_3,0142,shadowVariable,style,398
gemma,gen_3,0142,shadowVariable,style,398
gemma,gen_3,0142,shadowVariable,style,398
gemma,gen_3,0142,constVariableReference,style,398
gemma,gen_3,0236,unreadVariable,style,563
gemma,gen_3,0094,useStlAlgorithm,style,398
gemma,gen_3,0010,unreadVariable,style,563
gemma,gen_3,0010,unreadVariable,style,563
gemma,gen_3,0011,compareValueOutOfTypeRangeError,style,398
gemma,gen_3,0011,compareValueOutOfTypeRangeError,style,398
gemma,gen_3,0193,useStlAlgorithm,style,398
gemma,gen_3,0193,unreadVariable,style,563
gemma,gen_3,0193,unreadVariable,style,563
gemma,gen_3,0193,unreadVariable,style,563
gemma,gen_3,0193,unreadVariable,style,563
gemma,gen_3,0193,unreadVariable,style,563
gemma,gen_3,0087,duplicateBranch,style,398
gemma,gen_3,0152,useStlAlgorithm,style,398
gemma,gen_3,0143,variableScope,style,398
gemma,gen_3,0143,useStlAlgorithm,style,398
gemma,gen_3,0143,unreadVariable,style,563
gemma,gen_3,0143,unreadVariable,style,563
gemma,gen_3,0077,useStlAlgorithm,style,398
gemma,gen_3,0019,variableScope,style,398
gemma,gen_3,0133,useStlAlgorithm,style,398
gemma,gen_3,0133,useStlAlgorithm,style,398
gemma,gen_3,0024,constVariable,style,398
gemma,gen_3,0042,unreadVariable,style,563
gemma,gen_3,0042,unreadVariable,style,563
gemma,gen_3,0129,passedByValue,performance,398
gemma,gen_3,0129,knownConditionTrueFalse,style,571
gemma,gen_3,0129,shadowVariable,style,398
gemma,gen_3,0129,useStlAlgorithm,style,398
gemma,gen_3,0129,useStlAlgorithm,style,398
gemma,gen_3,0129,useStlAlgorithm,style,398
gemma,gen_3,0129,unreadVariable,style,563
gemma,gen_3,0129,unreadVariable,style,563
gemma,gen_3,0129,unreadVariable,style,563
gemma,gen_3,0129,unreadVariable,style,563
gemma,gen_3,0162,unreadVariable,style,563
gemma,gen_3,0237,duplicateCondition,style,398
gemma,gen_3,0237,duplicateBranch,style,398
gemma,gen_3,0237,redundantAssignment,style,563
gemma,gen_3,0237,redundantAssignment,style,563
gemma,gen_3,0237,unreadVariable,style,563
gemma,gen_3,0237,unreadVariable,style,563
gemma,gen_3,0139,variableScope,style,398
gemma,gen_3,0139,constVariableReference,style,398
gemma,gen_3,0128,duplicateBranch,style,398
gemma,gen_3,0192,knownConditionTrueFalse,style,571
gemma,gen_3,0192,useStlAlgorithm,style,398
gemma,gen_3,0016,useStlAlgorithm,style,398
gemma,gen_3,0136,useStlAlgorithm,style,398
gemma,gen_3,0036,useStlAlgorithm,style,398
gemma,gen_3,0122,variableScope,style,398
gemma,gen_3,0122,constVariable,style,398
gemma,gen_3,0122,constVariable,style,398
gemma,gen_3,0122,negativeContainerIndex,warning,786
gemma,gen_3,0122,unreadVariable,style,563
gemma,gen_3,0122,unreadVariable,style,563
gemma,gen_3,0210,unreadVariable,style,563
gemma,gen_3,0210,unreadVariable,style,563
gemma,gen_3,0032,useStlAlgorithm,style,398
gemma,gen_3,0032,useStlAlgorithm,style,398
gemma,gen_3,0112,useStlAlgorithm,style,398
gemma,gen_3,0188,useStlAlgorithm,style,398
gemma,gen_3,0188,useStlAlgorithm,style,398
gemma,gen_3,0188,unusedVariable,style,563
gemma,gen_3,0188,unreadVariable,style,563
gemma,gen_3,0188,unusedVariable,style,563
gemma,gen_3,0188,unreadVariable,style,563
gemma,gen_3,0188,unreadVariable,style,563
gemma,gen_3,0179,useStlAlgorithm,style,398
gemma,gen_3,0189,shadowVariable,style,398
gemma,gen_3,0189,shadowVariable,style,398
gemma,gen_3,0220,knownConditionTrueFalse,style,570
gemma,gen_3,0214,useStlAlgorithm,style,398
gemma,gen_3,0241,unreadVariable,style,563
gemma,gen_3,0194,useStlAlgorithm,style,398
gemma,gen_3,0194,unreadVariable,style,563
gemma,gen_3,0227,variableScope,style,398
gemma,gen_3,0227,variableScope,style,398
gemma,gen_3,0227,useStlAlgorithm,style,398
gemma,gen_3,0227,useStlAlgorithm,style,398
gemma,gen_3,0147,knownConditionTrueFalse,style,570
gemma,gen_3,0147,unreadVariable,style,563
gemma,gen_3,0147,unreadVariable,style,563
gemma,gen_3,0189,unreadVariable,style,563
gemma,gen_3,0189,unreadVariable,style,563
gemma,gen_3,0103,duplicateCondition,style,398
gemma,gen_3,0209,useStlAlgorithm,style,398
gemma,gen_3,0209,useStlAlgorithm,style,398
gemma,gen_3,0007,useStlAlgorithm,style,398
gemma,gen_3,0007,useStlAlgorithm,style,398
gemma,gen_3,0131,variableScope,style,398
gemma,gen_3,0131,constVariableReference,style,398
gemma,gen_3,0112,unreadVariable,style,563
gemma,gen_3,0185,shadowVariable,style,398
gemma,gen_3,0185,useStlAlgorithm,style,398
gemma,gen_3,0185,useStlAlgorithm,style,398
gemma,gen_3,0185,useStlAlgorithm,style,398
gemma,gen_3,0254,constVariable,style,398
gemma,gen_3,0254,constVariable,style,398
gemma,gen_3,0048,unreadVariable,style,563
gemma,gen_3,0140,useStlAlgorithm,style,398
gemma,gen_3,0121,unreadVariable,style,563
gemma,gen_3,0121,unreadVariable,style,563
gemma,gen_3,0121,unreadVariable,style,563
gemma,gen_3,0121,unreadVariable,style,563
gemma,gen_3,0121,unreadVariable,style,563
gemma,gen_3,0121,unreadVariable,style,563
gemma,gen_3,0121,unreadVariable,style,563
gemma,gen_3,0121,unreadVariable,style,563
gemma,gen_3,0121,unreadVariable,style,563
gemma,gen_3,0121,unreadVariable,style,563
gemma,gen_3,0121,unreadVariable,style,563
gemma,gen_3,0121,unreadVariable,style,563
gemma,gen_3,0229,duplicateConditionalAssign,style,398
gemma,gen_3,0229,duplicateConditionalAssign,style,398
gemma,gen_3,0229,duplicateConditionalAssign,style,398
gemma,gen_3,0229,knownConditionTrueFalse,style,570
gemma,gen_3,0229,variableScope,style,398
gemma,gen_3,0229,unreadVariable,style,563
gemma,gen_3,0229,unreadVariable,style,563
gemma,gen_3,0229,unreadVariable,style,563
gemma,gen_3,0229,unreadVariable,style,563
gemma,gen_3,0240,useStlAlgorithm,style,398
gemma,gen_3,0240,useStlAlgorithm,style,398
gemma,gen_3,0083,constVariableReference,style,398
gemma,gen_3,0083,constVariableReference,style,398
gemma,gen_3,0083,constVariableReference,style,398
gemma,gen_3,0083,useStlAlgorithm,style,398
gemma,gen_3,0072,useStlAlgorithm,style,398
gemma,gen_3,0179,useStlAlgorithm,style,398
gemma,gen_3,0073,unreadVariable,style,563
gemma,gen_3,0073,unreadVariable,style,563
gemma,gen_3,0073,unreadVariable,style,563
gemma,gen_3,0073,unreadVariable,style,563
gemma,gen_3,0221,useStlAlgorithm,style,398
gemma,gen_3,0216,useStlAlgorithm,style,398
gemma,gen_3,0229,knownConditionTrueFalse,style,398
gemma,gen_3,0215,variableScope,style,398
gemma,gen_3,0215,unreadVariable,style,563
gemma,gen_3,0215,unreadVariable,style,563
gemma,gen_3,0241,useStlAlgorithm,style,398
gemma,gen_3,0080,useStlAlgorithm,style,398
gemma,gen_3,0141,constVariableReference,style,398
gemma,gen_3,0141,constVariableReference,style,398
gemma,gen_3,0141,constVariableReference,style,398
gemma,gen_3,0106,useStlAlgorithm,style,398
gemma,gen_3,0041,useStlAlgorithm,style,398
gemma,gen_3,0006,knownConditionTrueFalse,style,571
gemma,gen_3,0006,knownConditionTrueFalse,style,571
gemma,gen_3,0006,knownConditionTrueFalse,style,571
gemma,gen_3,0006,knownConditionTrueFalse,style,571
gemma,gen_3,0006,unreadVariable,style,563
gemma,gen_3,0006,unreadVariable,style,563
gemma,gen_3,0126,useStlAlgorithm,style,398
gemma,gen_3,0035,unreadVariable,style,563
gemma,gen_3,0035,unreadVariable,style,563
gemma,gen_3,0219,useStlAlgorithm,style,398
gemma,gen_3,0219,useStlAlgorithm,style,398
gemma,gen_3,0219,shadowVariable,style,398
gemma,gen_3,0219,constVariableReference,style,398
gemma,gen_3,0219,useStlAlgorithm,style,398
gemma,gen_3,0217,useStlAlgorithm,style,398
gemma,gen_3,0217,useStlAlgorithm,style,398
gemma,gen_3,0258,useStlAlgorithm,style,398
gemma,gen_3,0258,useStlAlgorithm,style,398
gemma,gen_3,0063,duplicateCondition,style,398
gemma,gen_3,0063,duplicateCondition,style,398
gemma,gen_3,0243,knownConditionTrueFalse,style,571
gemma,gen_3,0243,knownConditionTrueFalse,style,570
gemma,gen_3,0243,unreadVariable,style,563
gemma,gen_3,0213,passedByValue,performance,398
gemma,gen_3,0046,unreadVariable,style,563
gemma,gen_3,0046,unreadVariable,style,563
gemma,gen_3,0004,unreadVariable,style,563
gemma,gen_3,0146,passedByValue,performance,398
gemma,gen_3,0122,knownConditionTrueFalse,style,570
gemma,gen_3,0122,unreadVariable,style,563
gemma,gen_3,0122,unreadVariable,style,563
gemma,gen_3,0005,useStlAlgorithm,style,398
gemma,gen_3,0052,useStlAlgorithm,style,398
gemma,gen_3,0052,useStlAlgorithm,style,398
gemma,gen_3,0052,useStlAlgorithm,style,398
gemma,gen_3,0052,unreadVariable,style,563
gemma,gen_3,0052,unreadVariable,style,563
gemma,gen_3,0052,unreadVariable,style,563
gemma,gen_3,0052,unreadVariable,style,563
gemma,gen_3,0052,unreadVariable,style,563
gemma,gen_3,0052,unreadVariable,style,563
gemma,gen_3,0199,useStlAlgorithm,style,398
gemma,gen_3,0106,useStlAlgorithm,style,398
gemma,gen_3,0054,redundantAssignment,style,563
gemma,gen_3,0054,useStlAlgorithm,style,398
gemma,gen_3,0054,useStlAlgorithm,style,398
gemma,gen_3,0011,useStlAlgorithm,style,398
gemma,gen_3,0021,constVariableReference,style,398
gemma,gen_3,0173,useStlAlgorithm,style,398
gemma,gen_3,0173,useStlAlgorithm,style,398
gemma,gen_3,0173,useStlAlgorithm,style,398
gemma,gen_3,0041,redundantInitialization,style,563
gemma,gen_3,0060,useStlAlgorithm,style,398
gemma,gen_3,0060,useStlAlgorithm,style,398
gemma,gen_3,0154,duplicateBranch,style,398
gemma,gen_3,0154,useStlAlgorithm,style,398
gemma,gen_3,0078,useStlAlgorithm,style,398
gemma,gen_3,0078,useStlAlgorithm,style,398
gemma,gen_3,0078,negativeContainerIndex,warning,786
gemma,gen_3,0078,negativeContainerIndex,warning,786
gemma,gen_3,0165,useStlAlgorithm,style,398
gemma,gen_3,0239,shiftTooManyBits,warning,758
gemma,gen_3,0239,integerOverflowCond,warning,190
gemma,gen_3,0193,variableScope,style,398
gemma,gen_3,0193,useStlAlgorithm,style,398
gemma,gen_3,0193,useStlAlgorithm,style,398
gemma,gen_3,0193,unreadVariable,style,563
gemma,gen_3,0193,unreadVariable,style,563
gemma,gen_3,0193,unreadVariable,style,563
gemma,gen_3,0216,useStlAlgorithm,style,398
gemma,gen_3,0216,unreadVariable,style,563
gemma,gen_3,0216,unreadVariable,style,563
gemma,gen_3,0216,unreadVariable,style,563
gemma,gen_3,0001,unreadVariable,style,563
gemma,gen_3,0001,unreadVariable,style,563
gemma,gen_3,0001,unreadVariable,style,563
gemma,gen_3,0001,unreadVariable,style,563
gemma,gen_3,0058,useStlAlgorithm,style,398
gemma,gen_3,0180,useStlAlgorithm,style,398
gemma,gen_3,0180,unusedVariable,style,563
gemma,gen_3,0180,unusedVariable,style,563
gemma,gen_3,0206,knownConditionTrueFalse,style,570
gemma,gen_3,0206,knownConditionTrueFalse,style,570
gemma,gen_3,0206,unusedVariable,style,563
gemma,gen_3,0206,unreadVariable,style,563
gemma,gen_3,0206,unreadVariable,style,563
gemma,gen_3,0249,constVariableReference,style,398
gemma,gen_3,0249,unreadVariable,style,563
gemma,gen_3,0082,variableScope,style,398
gemma,gen_3,0082,unreadVariable,style,563
gemma,gen_3,0082,unreadVariable,style,563
gemma,gen_3,0082,unreadVariable,style,563
gemma,gen_3,0138,variableScope,style,398
gemma,gen_3,0138,useStlAlgorithm,style,398
gemma,gen_3,0138,unreadVariable,style,563
gemma,gen_3,0138,unreadVariable,style,563
gemma,gen_3,0161,unreadVariable,style,563
gemma,gen_3,0161,unreadVariable,style,563
gemma,gen_3,0148,variableScope,style,398
gemma,gen_3,0148,unreadVariable,style,563
gemma,gen_3,0148,unreadVariable,style,563
gemma,gen_3,0067,useStlAlgorithm,style,398
gemma,gen_3,0090,duplicateCondition,style,398
gemma,gen_3,0038,useStlAlgorithm,style,398
gemma,gen_3,0038,unreadVariable,style,563
gemma,gen_3,0084,useStlAlgorithm,style,398
gemma,gen_3,0084,useStlAlgorithm,style,398
gemma,gen_3,0084,useStlAlgorithm,style,398
gemma,gen_3,0084,useStlAlgorithm,style,398
gemma,gen_3,0008,useStlAlgorithm,style,398
gemma,gen_3,0164,unreadVariable,style,563
gemma,gen_3,0093,passedByValue,performance,398
gemma,gen_3,0212,invalidFunctionArg,warning,628
gemma,gen_3,0212,invalidFunctionArg,warning,628
gemma,gen_3,0212,duplicateAssignExpression,style,398
gemma,gen_3,0212,duplicateAssignExpression,style,398
gemma,gen_3,0212,unreadVariable,style,563
gemma,gen_3,0212,unreadVariable,style,563
gemma,gen_3,0045,useStlAlgorithm,style,398
gemma,gen_3,0045,useStlAlgorithm,style,398
gemma,gen_3,0054,knownConditionTrueFalse,style,571
gemma,gen_3,0054,useStlAlgorithm,style,398
gemma,gen_3,0203,useStlAlgorithm,style,398
gemma,gen_3,0251,useStlAlgorithm,style,398
gemma,gen_3,0251,useStlAlgorithm,style,398
gemma,gen_3,0101,useStlAlgorithm,style,398
gemma,gen_3,0186,stlFindInsert,performance,398
gemma,gen_3,0189,unreadVariable,style,563
gemma,gen_3,0019,useStlAlgorithm,style,398
gemma,gen_3,0060,useStlAlgorithm,style,398
gemma,gen_3,0023,duplicateBranch,style,398
gemma,gen_3,0023,unreadVariable,style,563
gemma,gen_3,0023,unreadVariable,style,563
gemma,gen_3,0023,unreadVariable,style,563
gemma,gen_3,0194,duplicateBranch,style,398
gemma,gen_3,0194,unreadVariable,style,563
gemma,gen_3,0194,unreadVariable,style,563
gemma,gen_3,0194,unreadVariable,style,563
gemma,gen_3,0194,unreadVariable,style,563
gemma,gen_3,0077,useStlAlgorithm,style,398
gemma,gen_3,0003,useStlAlgorithm,style,398
gemma,gen_3,0128,duplicateBranch,style,398
gemma,gen_3,0128,unreadVariable,style,563
gemma,gen_3,0100,constVariable,style,398
gemma,gen_3,0100,constVariable,style,398
gemma,gen_3,0100,uninitvar,warning,457
gemma,gen_3,0100,uninitvar,warning,457
gemma,gen_3,0163,unreadVariable,style,563
gemma,gen_3,0163,unreadVariable,style,563
gemma,gen_3,0163,unreadVariable,style,563
gemma,gen_3,0142,shadowVariable,style,398
gemma,gen_3,0100,variableScope,style,398
gemma,gen_3,0100,passedByValue,performance,398
gemma,gen_3,0100,useStlAlgorithm,style,398
gemma,gen_3,0100,useStlAlgorithm,style,398
gemma,gen_3,0100,unreadVariable,style,563
gemma,gen_3,0081,useStlAlgorithm,style,398
gemma,gen_3,0192,constVariableReference,style,398
gemma,gen_3,0006,knownConditionTrueFalse,style,571
gemma,gen_3,0006,useStlAlgorithm,style,398
gemma,gen_3,0006,useStlAlgorithm,style,398
gemma,gen_3,0004,knownConditionTrueFalse,style,571
gemma,gen_3,0196,useStlAlgorithm,style,398
gemma,gen_3,0169,passedByValue,performance,398
gemma,gen_3,0016,truncLongCastAssignment,style,197
gemma,gen_3,0040,duplicateBranch,style,398
gemma,gen_3,0200,useStlAlgorithm,style,398
gemma,gen_3,0220,shiftTooManyBits,warning,758
gemma,gen_3,0102,shadowVariable,style,398
gemma,gen_3,0102,shadowVariable,style,398
gemma,gen_3,0102,useStlAlgorithm,style,398
gemma,gen_3,0102,useStlAlgorithm,style,398
gemma,gen_3,0102,unreadVariable,style,563
gemma,gen_3,0014,useStlAlgorithm,style,398
gemma,gen_3,0117,useStlAlgorithm,style,398
gemma,gen_3,0253,unreadVariable,style,563
gemma,gen_3,0064,unreadVariable,style,563
gemma,gen_3,0022,unreadVariable,style,563
gemma,gen_3,0022,unreadVariable,style,563
gemma,gen_3,0022,unreadVariable,style,563
gemma,gen_3,0022,unreadVariable,style,563
gemma,gen_3,0022,unreadVariable,style,563
gemma,gen_3,0022,unreadVariable,style,563
gemma,gen_3,0022,unreadVariable,style,563
gemma,gen_3,0094,unreadVariable,style,563
gemma,gen_3,0094,unreadVariable,style,563
gemma,gen_3,0094,unreadVariable,style,563
gemma,gen_3,0094,unreadVariable,style,563
gemma,gen_3,0076,variableScope,style,398
gemma,gen_3,0141,useStlAlgorithm,style,398
gemma,gen_3,0008,useStlAlgorithm,style,398
gemma,gen_3,0195,variableScope,style,398
gemma,gen_3,0195,unreadVariable,style,563
gemma,gen_3,0195,unreadVariable,style,563
gemma,gen_3,0195,unreadVariable,style,563
gemma,gen_3,0195,unreadVariable,style,563
gemma,gen_3,0195,unreadVariable,style,563
gemma,gen_3,0195,unreadVariable,style,563
gemma,gen_3,0195,unreadVariable,style,563
gemma,gen_3,0195,unreadVariable,style,563
gemma,gen_3,0195,unreadVariable,style,563
gemma,gen_3,0156,useStlAlgorithm,style,398
gemma,gen_3,0007,knownConditionTrueFalse,style,571
gemma,gen_3,0007,knownConditionTrueFalse,style,570
gemma,gen_3,0007,knownConditionTrueFalse,style,570
gemma,gen_3,0007,useStlAlgorithm,style,398
gemma,gen_3,0007,useStlAlgorithm,style,398
gemma,gen_3,0007,unusedVariable,style,563
gemma,gen_3,0139,variableScope,style,398
gemma,gen_3,0139,constVariableReference,style,398
gemma,gen_3,0139,constVariableReference,style,398
gemma,gen_3,0139,constVariableReference,style,398
gemma,gen_3,0139,unreadVariable,style,563
gemma,gen_3,0139,unreadVariable,style,563
gemma,gen_3,0091,useStlAlgorithm,style,398
gemma,gen_3,0091,useStlAlgorithm,style,398
gemma,gen_3,0055,unusedVariable,style,563
gemma,gen_3,0124,useStlAlgorithm,style,398
gemma,gen_3,0227,useStlAlgorithm,style,398
gemma,gen_3,0227,useStlAlgorithm,style,398
gemma,gen_3,0158,useStlAlgorithm,style,398
gemma,gen_3,0004,useStlAlgorithm,style,398
gemma,gen_3,0020,knownConditionTrueFalse,style,570
gemma,gen_3,0020,knownConditionTrueFalse,style,570
gemma,gen_3,0020,knownConditionTrueFalse,style,570
gemma,gen_3,0020,knownConditionTrueFalse,style,570
gemma,gen_3,0020,unreadVariable,style,563
gemma,gen_3,0020,unreadVariable,style,563
gemma,gen_3,0020,unreadVariable,style,563
gemma,gen_3,0020,unreadVariable,style,563
gemma,gen_3,0020,unreadVariable,style,563
gemma,gen_3,0020,unreadVariable,style,563
gemma,gen_3,0020,unreadVariable,style,563
gemma,gen_3,0020,unreadVariable,style,563
gemma,gen_3,0020,unreadVariable,style,563
gemma,gen_3,0020,unreadVariable,style,563
gemma,gen_3,0020,unreadVariable,style,563
gemma,gen_3,0020,unreadVariable,style,563
gemma,gen_3,0154,useStlAlgorithm,style,398
gemma,gen_3,0108,useStlAlgorithm,style,398
gemma,gen_3,0108,useStlAlgorithm,style,398
gemma,gen_3,0108,useStlAlgorithm,style,398
gemma,gen_3,0173,variableScope,style,398
gemma,gen_3,0173,variableScope,style,398
gemma,gen_3,0173,variableScope,style,398
gemma,gen_3,0173,constVariableReference,style,398
gemma,gen_3,0173,constVariableReference,style,398
gemma,gen_3,0173,constVariableReference,style,398
gemma,gen_3,0028,unreadVariable,style,563
gemma,gen_3,0028,unreadVariable,style,563
gemma,gen_3,0118,useStlAlgorithm,style,398
gemma,gen_3,0001,useStlAlgorithm,style,398
gemma,gen_3,0124,oppositeInnerCondition,warning,398
gemma,gen_3,0088,passedByValue,performance,398
gemma,gen_3,0088,constVariableReference,style,398
gemma,gen_3,0088,constVariableReference,style,398
gemma,gen_3,0088,constVariableReference,style,398
gemma,gen_3,0088,useStlAlgorithm,style,398
gemma,gen_3,0088,unreadVariable,style,563
gemma,gen_3,0190,knownConditionTrueFalse,style,571
gemma,gen_3,0133,unreadVariable,style,563
gemma,gen_3,0131,duplicateAssignExpression,style,398
gemma,gen_3,0131,duplicateAssignExpression,style,398
gemma,gen_3,0015,constVariable,style,398
gemma,gen_3,0015,constVariable,style,398
gemma,gen_3,0015,constVariable,style,398
gemma,gen_3,0015,constVariable,style,398
gemma,gen_3,0015,constVariable,style,398
gemma,gen_3,0015,constVariable,style,398
gemma,gen_3,0015,constVariable,style,398
gemma,gen_3,0015,constVariable,style,398
gemma,gen_3,0241,duplicateBranch,style,398
gemma,gen_3,0241,unreadVariable,style,563
gemma,gen_3,0241,unreadVariable,style,563
gemma,gen_3,0241,unreadVariable,style,563
gemma,gen_3,0241,unreadVariable,style,563
gemma,gen_3,0241,unreadVariable,style,563
gemma,gen_3,0241,unreadVariable,style,563
gemma,gen_3,0083,useStlAlgorithm,style,398
gemma,gen_3,0083,useStlAlgorithm,style,398
gemma,gen_3,0083,useStlAlgorithm,style,398
gemma,gen_3,0083,useStlAlgorithm,style,398
gemma,gen_3,0083,useStlAlgorithm,style,398
gemma,gen_3,0083,useStlAlgorithm,style,398
gemma,gen_3,0083,useStlAlgorithm,style,398
gemma,gen_3,0083,useStlAlgorithm,style,398
gemma,gen_3,0010,useStlAlgorithm,style,398
gemma,gen_3,0066,useStlAlgorithm,style,398
gemma,gen_3,0023,knownConditionTrueFalse,style,570
gemma,gen_3,0023,knownConditionTrueFalse,style,570
gemma,gen_3,0023,variableScope,style,398
gemma,gen_3,0023,unreadVariable,style,563
gemma,gen_3,0023,unreadVariable,style,563
gemma,gen_3,0023,unreadVariable,style,563
gemma,gen_3,0023,unreadVariable,style,563
gemma,gen_3,0023,unreadVariable,style,563
gemma,gen_3,0196,unreadVariable,style,563
gemma,gen_3,0196,unreadVariable,style,563
gemma,gen_3,0196,unreadVariable,style,563
gemma,gen_3,0196,unusedVariable,style,563
gemma,gen_3,0213,passedByValue,performance,398
gemma,gen_3,0225,useStlAlgorithm,style,398
gemma,gen_3,0224,useStlAlgorithm,style,398
gemma,gen_3,0224,useStlAlgorithm,style,398
gemma,gen_3,0250,passedByValue,performance,398
gemma,gen_3,0250,useStlAlgorithm,style,398
gemma,gen_3,0148,useStlAlgorithm,style,398
gemma,gen_3,0235,useStlAlgorithm,style,398
gemma,gen_3,0235,useStlAlgorithm,style,398
gemma,gen_3,0009,unreadVariable,style,563
gemma,gen_3,0009,unreadVariable,style,563
gemma,gen_3,0108,useStlAlgorithm,style,398
gemma,gen_3,0108,useStlAlgorithm,style,398
gemma,gen_3,0117,duplicateCondition,style,398
gemma,gen_3,0117,stlFindInsert,performance,398
gemma,gen_3,0117,stlFindInsert,performance,398
gemma,gen_3,0055,constVariable,style,398
gemma,gen_3,0055,constVariable,style,398
gemma,gen_3,0057,useStlAlgorithm,style,398
gemma,gen_3,0043,constVariableReference,style,398
gemma,gen_3,0043,constVariableReference,style,398
gemma,gen_3,0043,useStlAlgorithm,style,398
gemma,gen_3,0144,unreadVariable,style,563
gemma,gen_3,0144,unreadVariable,style,563
gemma,gen_3,0191,useStlAlgorithm,style,398
gemma,gen_3,0191,useStlAlgorithm,style,398
gemma,gen_3,0030,constVariableReference,style,398
gemma,gen_3,0030,unreadVariable,style,563
gemma,gen_3,0030,unreadVariable,style,563
gemma,gen_3,0108,useStlAlgorithm,style,398
gemma,gen_3,0182,redundantAssignment,style,563
gemma,gen_3,0182,redundantAssignment,style,563
gemma,gen_3,0238,variableScope,style,398
gemma,gen_3,0238,constVariableReference,style,398
gemma,gen_3,0238,useStlAlgorithm,style,398
gemma,gen_3,0099,constVariable,style,398
gemma,gen_3,0099,constVariable,style,398
gemma,gen_3,0099,constVariable,style,398
gemma,gen_3,0099,stlFindInsert,performance,398
gemma,gen_3,0099,uninitvar,warning,457
gemma,gen_3,0099,uninitvar,warning,457
gemma,gen_3,0125,unusedVariable,style,563
gemma,gen_3,0009,duplicateBranch,style,398
gemma,gen_3,0009,useStlAlgorithm,style,398
gemma,gen_3,0075,constVariableReference,style,398
gemma,gen_3,0159,unreadVariable,style,563
gemma,gen_3,0000,constVariable,style,398
gemma,gen_3,0000,constVariable,style,398
gemma,gen_3,0000,useStlAlgorithm,style,398
gemma,gen_3,0240,duplicateCondition,style,398
gemma,gen_3,0240,constVariableReference,style,398
gemma,gen_3,0167,useStlAlgorithm,style,398
gemma,gen_3,0109,variableScope,style,398
gemma,gen_3,0109,variableScope,style,398
gemma,gen_3,0109,useStlAlgorithm,style,398
gemma,gen_3,0109,unreadVariable,style,563
gemma,gen_3,0109,unreadVariable,style,563
gemma,gen_3,0207,redundantInitialization,style,563
gemma,gen_3,0146,useStlAlgorithm,style,398
gemma,gen_3,0206,useStlAlgorithm,style,398
gemma,gen_3,0145,useStlAlgorithm,style,398
gemma,gen_3,0150,variableScope,style,398
gemma,gen_3,0150,useStlAlgorithm,style,398
gemma,gen_3,0150,useStlAlgorithm,style,398
gemma,gen_3,0150,unreadVariable,style,563
gemma,gen_3,0150,unreadVariable,style,563
gemma,gen_3,0150,unreadVariable,style,563
gemma,gen_3,0150,unreadVariable,style,563
gemma,gen_3,0170,useStlAlgorithm,style,398
gemma,gen_3,0210,useStlAlgorithm,style,398
gemma,gen_3,0210,useStlAlgorithm,style,398
gemma,gen_3,0210,useStlAlgorithm,style,398
gemma,gen_3,0210,useStlAlgorithm,style,398
gemma,gen_3,0098,containerOutOfBounds,warning,398
gemma,gen_3,0098,useStlAlgorithm,style,398
gemma,gen_3,0098,useStlAlgorithm,style,398
gemma,gen_3,0098,useStlAlgorithm,style,398
gemma,gen_3,0098,unreadVariable,style,563
gemma,gen_3,0098,unreadVariable,style,563
gemma,gen_3,0098,unreadVariable,style,563
gemma,gen_3,0098,unusedVariable,style,563
gemma,gen_3,0090,useStlAlgorithm,style,398
gemma,gen_3,0236,useStlAlgorithm,style,398
gemma,gen_3,0056,constVariableReference,style,398
gemma,gen_3,0056,unreadVariable,style,563
gemma,gen_3,0056,unreadVariable,style,563
gemma,gen_3,0056,unreadVariable,style,563
gemma,gen_3,0104,shadowVariable,style,398
gemma,gen_3,0104,constVariableReference,style,398
gemma,gen_3,0104,constVariableReference,style,398
gemma,gen_3,0105,useStlAlgorithm,style,398
gemma,gen_3,0049,useStlAlgorithm,style,398
gemma,gen_3,0226,duplicateBranch,style,398
gemma,gen_3,0226,useStlAlgorithm,style,398
gemma,gen_3,0226,useStlAlgorithm,style,398
gemma,gen_3,0171,useStlAlgorithm,style,398
gemma,gen_3,0171,useStlAlgorithm,style,398
gemma,gen_3,0171,unreadVariable,style,563
gemma,gen_3,0171,unreadVariable,style,563
gemma,gen_3,0047,useStlAlgorithm,style,398
gemma,gen_3,0024,useStlAlgorithm,style,398
gemma,gen_3,0217,duplicateCondition,style,398
gemma,gen_3,0217,duplicateCondition,style,398
gemma,gen_3,0217,duplicateCondition,style,398
gemma,gen_3,0217,duplicateCondition,style,398
gemma,gen_3,0017,useStlAlgorithm,style,398
gemma,gen_3,0202,variableScope,style,398
gemma,gen_3,0202,unreadVariable,style,563
gemma,gen_3,0202,unreadVariable,style,563
gemma,gen_3,0202,unreadVariable,style,563
gemma,gen_3,0202,unreadVariable,style,563
gemma,gen_3,0202,unreadVariable,style,563
gemma,gen_3,0202,unreadVariable,style,563
gemma,gen_3,0202,unreadVariable,style,563
gemma,gen_3,0202,unreadVariable,style,563
gemma,gen_3,0202,unreadVariable,style,563
gemma,gen_3,0012,useStlAlgorithm,style,398
gemma,gen_3,0072,useStlAlgorithm,style,398
gemma,gen_3,0096,unreadVariable,style,563
gemma,gen_3,0096,unreadVariable,style,563
gemma,gen_3,0226,useStlAlgorithm,style,398
gemma,gen_3,0097,constVariable,style,398
gemma,gen_3,0097,constVariable,style,398
gemma,gen_3,0143,useStlAlgorithm,style,398
gemma,gen_3,0079,useStlAlgorithm,style,398
gemma,gen_3,0079,useStlAlgorithm,style,398
gemma,gen_3,0079,useStlAlgorithm,style,398
gemma,gen_3,0232,duplicateBranch,style,398
gemma,gen_3,0153,useStlAlgorithm,style,398
gemma,gen_3,0153,useStlAlgorithm,style,398
gemma,gen_3,0153,useStlAlgorithm,style,398
gemma,gen_3,0153,useStlAlgorithm,style,398
gemma,gen_3,0002,useStlAlgorithm,style,398
gemma,gen_3,0002,useStlAlgorithm,style,398
gemma,gen_3,0065,unreadVariable,style,563
gemma,gen_3,0065,unreadVariable,style,563
gemma,gen_3,0127,useStlAlgorithm,style,398
gemma,gen_3,0062,variableScope,style,398
gemma,gen_3,0062,constVariableReference,style,398
gemma,gen_3,0062,constVariableReference,style,398
gemma,gen_3,0062,useStlAlgorithm,style,398
gemma,gen_3,0024,multiCondition,style,398
gemma,gen_3,0015,unreadVariable,style,563
gemma,gen_3,0015,unreadVariable,style,563
gemma,gen_3,0188,useStlAlgorithm,style,398
gemma,gen_3,0070,duplicateBranch,style,398
gemma,gen_3,0070,variableScope,style,398
gemma,gen_3,0070,unreadVariable,style,563
gemma,gen_3,0070,unreadVariable,style,563
gemma,gen_3,0070,unreadVariable,style,563
gemma,gen_3,0229,unreadVariable,style,563
gemma,gen_3,0229,unreadVariable,style,563
gemma,gen_3,0021,knownConditionTrueFalse,style,570
gemma,gen_3,0168,unreadVariable,style,563
gemma,gen_3,0168,unreadVariable,style,563
gemma,gen_3,0000,useStlAlgorithm,style,398
gemma,gen_3,0175,useStlAlgorithm,style,398
gemma,gen_3,0006,useStlAlgorithm,style,398
gemma,gen_3,0088,stlFindInsert,performance,398
gemma,gen_3,0088,stlFindInsert,performance,398
gemma,gen_3,0175,unreadVariable,style,563
gemma,gen_3,0175,unreadVariable,style,563
gemma,gen_3,0175,unreadVariable,style,563
gemma,gen_3,0175,unreadVariable,style,563
gemma,gen_3,0175,unreadVariable,style,563
gemma,gen_3,0175,unreadVariable,style,563
gemma,gen_3,0175,unreadVariable,style,563
gemma,gen_3,0175,unreadVariable,style,563
gemma,gen_3,0200,useStlAlgorithm,style,398
gemma,gen_3,0073,useStlAlgorithm,style,398
gemma,gen_3,0237,knownConditionTrueFalse,style,571
gemma,gen_3,0237,unreadVariable,style,563
gemma,gen_3,0237,unreadVariable,style,563
gemma,gen_3,0184,useStlAlgorithm,style,398
gemma,gen_3,0201,useStlAlgorithm,style,398
gemma,gen_3,0014,useStlAlgorithm,style,398
gemma,gen_3,0014,useStlAlgorithm,style,398
gemma,gen_3,0157,useStlAlgorithm,style,398
gemma,gen_3,0157,useStlAlgorithm,style,398
gemma,gen_3,0179,useStlAlgorithm,style,398
gemma,gen_3,0034,unreadVariable,style,563
gemma,gen_3,0231,useStlAlgorithm,style,398
gemma,gen_3,0159,constVariable,style,398
gemma,gen_3,0159,constVariable,style,398
gemma,gen_3,0143,unreadVariable,style,563
gemma,gen_3,0143,unreadVariable,style,563
gemma,gen_3,0143,unreadVariable,style,563
gemma,gen_3,0143,unreadVariable,style,563
gemma,gen_3,0143,unreadVariable,style,563
gemma,gen_3,0071,useStlAlgorithm,style,398
gemma,gen_3,0157,uninitvar,warning,457
gemma,gen_3,0191,useStlAlgorithm,style,398
gemma,gen_3,0191,useStlAlgorithm,style,398
gemma,gen_3,0061,variableScope,style,398
gemma,gen_3,0170,useStlAlgorithm,style,398
gemma,gen_3,0170,useStlAlgorithm,style,398
gemma,gen_3,0156,shadowVariable,style,398
gemma,gen_3,0134,useStlAlgorithm,style,398
gemma,gen_3,0224,useStlAlgorithm,style,398
gemma,gen_3,0224,useStlAlgorithm,style,398
gemma,gen_3,0224,useStlAlgorithm,style,398
gemma,gen_3,0224,useStlAlgorithm,style,398
gemma,gen_3,0224,useStlAlgorithm,style,398
gemma,gen_3,0224,useStlAlgorithm,style,398
gemma,gen_3,0152,duplicateBranch,style,398
gemma,gen_3,0236,useStlAlgorithm,style,398
gemma,gen_3,0236,useStlAlgorithm,style,398
gemma,gen_3,0236,useStlAlgorithm,style,398
gemma,gen_3,0236,unreadVariable,style,563
gemma,gen_3,0234,duplicateBranch,style,398
gemma,gen_3,0234,unreadVariable,style,563
gemma,gen_3,0181,duplicateBranch,style,398
gemma,gen_3,0181,useStlAlgorithm,style,398
gemma,gen_3,0109,useStlAlgorithm,style,398
gemma,gen_3,0109,unusedVariable,style,563
gemma,gen_3,0027,useStlAlgorithm,style,398
gemma,gen_3,0050,shadowVariable,style,398
gemma,gen_3,0061,knownConditionTrueFalse,style,570
gemma,gen_3,0061,constVariable,style,398
gemma,gen_3,0061,constVariable,style,398
gemma,gen_3,0113,knownConditionTrueFalse,style,570
gemma,gen_3,0113,knownConditionTrueFalse,style,570
gemma,gen_3,0044,useStlAlgorithm,style,398
gemma,gen_3,0089,identicalInnerCondition,warning,398
gemma,gen_3,0089,useStlAlgorithm,style,398
gemma,gen_3,0174,useStlAlgorithm,style,398
gemma,gen_3,0064,useStlAlgorithm,style,398
gemma,gen_3,0031,knownConditionTrueFalse,style,398
gemma,gen_3,0031,useStlAlgorithm,style,398
gemma,gen_3,0031,useStlAlgorithm,style,398
gemma,gen_3,0095,constVariableReference,style,398
gemma,gen_3,0095,constVariableReference,style,398
gemma,gen_3,0109,useStlAlgorithm,style,398
gemma,gen_3,0109,useStlAlgorithm,style,398
gemma,gen_3,0225,useStlAlgorithm,style,398
gemma,gen_3,0066,useStlAlgorithm,style,398
gemma,gen_3,0212,useStlAlgorithm,style,398
gemma,gen_3,0029,shiftNegative,error,758
gemma,gen_3,0029,constVariableReference,style,398
gemma,gen_3,0029,useStlAlgorithm,style,398
gemma,gen_3,0223,constVariableReference,style,398
gemma,gen_3,0223,constVariableReference,style,398
gemma,gen_3,0223,unreadVariable,style,563
gemma,gen_3,0223,unreadVariable,style,563
gemma,gen_3,0223,unusedVariable,style,563
gemma,gen_3,0223,unusedVariable,style,563
gemma,gen_3,0079,knownConditionTrueFalse,style,570
gemma,gen_3,0031,unreadVariable,style,563
gemma,gen_3,0031,unreadVariable,style,563
gemma,gen_3,0031,unreadVariable,style,563
gemma,gen_3,0031,unreadVariable,style,563
gemma,gen_3,0031,unreadVariable,style,563
gemma,gen_3,0031,unreadVariable,style,563
gemma,gen_3,0066,variableScope,style,398
gemma,gen_3,0066,unreadVariable,style,563
gemma,gen_3,0152,constVariableReference,style,398
gemma,gen_3,0152,unreadVariable,style,563
gemma,gen_3,0007,containerOutOfBounds,error,398
gemma,gen_3,0225,useStlAlgorithm,style,398
gemma,gen_3,0032,useStlAlgorithm,style,398
gemma,gen_3,0032,useStlAlgorithm,style,398
gemma,gen_3,0082,useStlAlgorithm,style,398
gemma,gen_3,0242,useStlAlgorithm,style,398
gemma,gen_3,0242,useStlAlgorithm,style,398
gemma,gen_3,0242,unreadVariable,style,563
gemma,gen_3,0232,knownConditionTrueFalse,style,570
gemma,gen_3,0190,useStlAlgorithm,style,398
gemma,gen_3,0190,useStlAlgorithm,style,398
gemma,gen_3,0218,useStlAlgorithm,style,398
gemma,gen_3,0218,negativeContainerIndex,warning,786
gemma,gen_3,0218,negativeContainerIndex,warning,786
gemma,gen_3,0218,negativeContainerIndex,warning,786
gemma,gen_3,0218,negativeContainerIndex,warning,786
gemma,gen_3,0218,negativeContainerIndex,warning,786
gemma,gen_3,0200,useStlAlgorithm,style,398
gemma,gen_3,0032,shiftTooManyBits,error,758
gemma,gen_3,0000,useStlAlgorithm,style,398
gemma,gen_3,0197,unreadVariable,style,563
gemma,gen_3,0185,unreadVariable,style,563
gemma,gen_3,0185,unreadVariable,style,563
gemma,gen_3,0149,unreadVariable,style,563
gemma,gen_3,0149,unreadVariable,style,563
gemma,gen_3,0149,unreadVariable,style,563
gemma,gen_3,0104,constVariableReference,style,398
gemma,gen_3,0112,useStlAlgorithm,style,398
gemma,gen_3,0112,unreadVariable,style,563
gemma,gen_3,0112,unreadVariable,style,563
gemma,gen_3,0112,unreadVariable,style,563
gemma,gen_3,0157,unreadVariable,style,563
gemma,gen_3,0157,unreadVariable,style,563
gemma,gen_3,0063,unreadVariable,style,563
gemma,gen_3,0063,unreadVariable,style,563
gemma,gen_3,0227,useStlAlgorithm,style,398
gemma,gen_3,0050,useStlAlgorithm,style,398
gemma,gen_3,0113,duplicateBranch,style,398
gemma,gen_3,0206,useStlAlgorithm,style,398
gemma,gen_3,0206,useStlAlgorithm,style,398
gemma,gen_3,0116,knownConditionTrueFalse,style,570
gemma,gen_3,0116,knownConditionTrueFalse,style,570
gemma,gen_3,0116,duplicateBranch,style,398
gemma,gen_3,0116,constVariableReference,style,398
gemma,gen_3,0070,constVariableReference,style,398
gemma,gen_3,0070,useStlAlgorithm,style,398
gemma,gen_3,0070,useStlAlgorithm,style,398
gemma,gen_3,0144,duplicateCondition,style,398
gemma,gen_3,0144,knownConditionTrueFalse,style,571
gemma,gen_3,0144,knownConditionTrueFalse,style,571
gemma,gen_3,0144,knownConditionTrueFalse,style,571
gemma,gen_3,0144,useStlAlgorithm,style,398
gemma,gen_3,0228,unreadVariable,style,563
gemma,gen_3,0228,unreadVariable,style,563
gemma,gen_3,0096,knownConditionTrueFalse,style,571
gemma,gen_3,0096,knownConditionTrueFalse,style,571
gemma,gen_3,0096,knownConditionTrueFalse,style,571
gemma,gen_3,0096,variableScope,style,398
gemma,gen_3,0096,unreadVariable,style,563
gemma,gen_3,0096,unreadVariable,style,563
gemma,gen_3,0096,unreadVariable,style,563
gemma,gen_3,0096,unreadVariable,style,563
gemma,gen_3,0037,useStlAlgorithm,style,398
gemma,gen_3,0167,useStlAlgorithm,style,398
gemma,gen_3,0151,unreadVariable,style,563
gemma,gen_3,0151,unreadVariable,style,563
gemma,gen_3,0151,unreadVariable,style,563
gemma,gen_3,0166,useStlAlgorithm,style,398
gemma,gen_3,0218,unreadVariable,style,563
gemma,gen_3,0218,unreadVariable,style,563
gemma,gen_3,0218,unreadVariable,style,563
gemma,gen_3,0242,knownConditionTrueFalse,style,570
gemma,gen_3,0201,constVariable,style,398
gemma,gen_3,0201,constVariable,style,398
gemma,gen_3,0247,useStlAlgorithm,style,398
gemma,gen_3,0086,useStlAlgorithm,style,398
gemma,gen_3,0010,unreadVariable,style,563
gemma,gen_3,0111,unreadVariable,style,563
gemma,gen_3,0111,unreadVariable,style,563
gemma,gen_3,0215,duplicateBranch,style,398
gemma,gen_3,0121,useStlAlgorithm,style,398
gemma,gen_3,0121,useStlAlgorithm,style,398
gemma,gen_3,0016,unreadVariable,style,563
gemma,gen_3,0052,passedByValue,performance,398
gemma,gen_3,0052,useStlAlgorithm,style,398
gemma,gen_3,0224,useStlAlgorithm,style,398
gemma,gen_3,0035,unreadVariable,style,563
gemma,gen_1,0120,variableScope,style,398
gemma,gen_1,0120,unreadVariable,style,563
gemma,gen_1,0120,unreadVariable,style,563
gemma,gen_1,0230,knownConditionTrueFalse,style,571
gemma,gen_1,0192,unreadVariable,style,563
gemma,gen_1,0192,unusedVariable,style,563
gemma,gen_1,0192,unreadVariable,style,563
gemma,gen_1,0009,containerOutOfBounds,error,398
gemma,gen_1,0118,useStlAlgorithm,style,398
gemma,gen_1,0106,constVariableReference,style,398
gemma,gen_1,0064,useStlAlgorithm,style,398
gemma,gen_1,0079,useStlAlgorithm,style,398
gemma,gen_1,0056,useStlAlgorithm,style,398
gemma,gen_1,0080,unreadVariable,style,563
gemma,gen_1,0080,unreadVariable,style,563
gemma,gen_1,0145,arrayIndexThenCheck,style,398
gemma,gen_1,0145,negativeContainerIndex,warning,786
gemma,gen_1,0013,knownConditionTrueFalse,style,571
gemma,gen_1,0119,oppositeInnerCondition,warning,398
gemma,gen_1,0119,unreadVariable,style,563
gemma,gen_1,0119,unreadVariable,style,563
gemma,gen_1,0037,knownConditionTrueFalse,style,570
gemma,gen_1,0063,unreadVariable,style,563
gemma,gen_1,0063,unreadVariable,style,563
gemma,gen_1,0236,variableScope,style,398
gemma,gen_1,0236,variableScope,style,398
gemma,gen_1,0236,constVariableReference,style,398
gemma,gen_1,0236,constVariableReference,style,398
gemma,gen_1,0026,constVariable,style,398
gemma,gen_1,0026,constVariable,style,398
gemma,gen_1,0026,negativeContainerIndex,warning,786
gemma,gen_1,0026,unreadVariable,style,563
gemma,gen_1,0238,constVariableReference,style,398
gemma,gen_1,0238,constVariableReference,style,398
gemma,gen_1,0238,useStlAlgorithm,style,398
gemma,gen_1,0238,unreadVariable,style,563
gemma,gen_1,0103,useStlAlgorithm,style,398
gemma,gen_1,0238,constVariableReference,style,398
gemma,gen_1,0215,useStlAlgorithm,style,398
gemma,gen_1,0209,useStlAlgorithm,style,398
gemma,gen_1,0209,useStlAlgorithm,style,398
gemma,gen_1,0210,knownConditionTrueFalse,style,570
gemma,gen_1,0210,unreadVariable,style,563
gemma,gen_1,0210,unreadVariable,style,563
gemma,gen_1,0183,unusedVariable,style,563
gemma,gen_1,0183,unreadVariable,style,563
gemma,gen_1,0183,unreadVariable,style,563
gemma,gen_1,0183,unreadVariable,style,563
gemma,gen_1,0183,unusedVariable,style,563
gemma,gen_1,0183,unusedVariable,style,563
gemma,gen_1,0183,unreadVariable,style,563
gemma,gen_1,0183,unusedVariable,style,563
gemma,gen_1,0114,unreadVariable,style,563
gemma,gen_1,0114,unreadVariable,style,563
gemma,gen_1,0102,useStlAlgorithm,style,398
gemma,gen_1,0146,useStlAlgorithm,style,398
gemma,gen_1,0170,variableScope,style,398
gemma,gen_1,0170,variableScope,style,398
gemma,gen_1,0170,variableScope,style,398
gemma,gen_1,0170,constVariableReference,style,398
gemma,gen_1,0170,constVariableReference,style,398
gemma,gen_1,0170,constVariableReference,style,398
gemma,gen_1,0029,useStlAlgorithm,style,398
gemma,gen_1,0067,useStlAlgorithm,style,398
gemma,gen_1,0213,duplicateBranch,style,398
gemma,gen_1,0213,unreadVariable,style,563
gemma,gen_1,0213,unreadVariable,style,563
gemma,gen_1,0213,unreadVariable,style,563
gemma,gen_1,0213,unreadVariable,style,563
gemma,gen_1,0213,unreadVariable,style,563
gemma,gen_1,0213,unreadVariable,style,563
gemma,gen_1,0213,unreadVariable,style,563
gemma,gen_1,0213,unreadVariable,style,563
gemma,gen_1,0213,unreadVariable,style,563
gemma,gen_1,0147,unreadVariable,style,563
gemma,gen_1,0087,passedByValue,performance,398
gemma,gen_1,0087,useStlAlgorithm,style,398
gemma,gen_1,0126,useStlAlgorithm,style,398
gemma,gen_1,0088,identicalInnerCondition,warning,398
gemma,gen_1,0088,useStlAlgorithm,style,398
gemma,gen_1,0093,unreadVariable,style,563
gemma,gen_1,0093,unreadVariable,style,563
gemma,gen_1,0093,unreadVariable,style,563
gemma,gen_1,0093,unreadVariable,style,563
gemma,gen_1,0093,unreadVariable,style,563
gemma,gen_1,0093,unreadVariable,style,563
gemma,gen_1,0234,useStlAlgorithm,style,398
gemma,gen_1,0122,useStlAlgorithm,style,398
gemma,gen_1,0194,unreadVariable,style,563
gemma,gen_1,0194,unreadVariable,style,563
gemma,gen_1,0194,unreadVariable,style,563
gemma,gen_1,0194,unreadVariable,style,563
gemma,gen_1,0194,unreadVariable,style,563
gemma,gen_1,0194,unreadVariable,style,563
gemma,gen_1,0139,variableScope,style,398
gemma,gen_1,0139,constVariableReference,style,398
gemma,gen_1,0017,truncLongCastAssignment,style,197
gemma,gen_1,0198,useStlAlgorithm,style,398
gemma,gen_1,0220,useStlAlgorithm,style,398
gemma,gen_1,0220,unreadVariable,style,563
gemma,gen_1,0220,unreadVariable,style,563
gemma,gen_1,0113,variableScope,style,398
gemma,gen_1,0113,unreadVariable,style,563
gemma,gen_1,0113,unreadVariable,style,563
gemma,gen_1,0075,knownConditionTrueFalse,style,570
gemma,gen_1,0075,knownConditionTrueFalse,style,570
gemma,gen_1,0075,unreadVariable,style,563
gemma,gen_1,0075,unreadVariable,style,563
gemma,gen_1,0216,passedByValue,performance,398
gemma,gen_1,0144,useStlAlgorithm,style,398
gemma,gen_1,0191,useStlAlgorithm,style,398
gemma,gen_1,0075,useStlAlgorithm,style,398
gemma,gen_1,0074,useStlAlgorithm,style,398
gemma,gen_1,0159,unreadVariable,style,563
gemma,gen_1,0159,unreadVariable,style,563
gemma,gen_1,0179,useStlAlgorithm,style,398
gemma,gen_1,0169,knownConditionTrueFalse,style,570
gemma,gen_1,0169,knownConditionTrueFalse,style,571
gemma,gen_1,0169,knownConditionTrueFalse,style,571
gemma,gen_1,0169,knownConditionTrueFalse,style,570
gemma,gen_1,0169,zerodivcond,warning,369
gemma,gen_1,0171,knownConditionTrueFalse,style,570
gemma,gen_1,0053,useStlAlgorithm,style,398
gemma,gen_1,0053,useStlAlgorithm,style,398
gemma,gen_1,0053,useStlAlgorithm,style,398
gemma,gen_1,0053,useStlAlgorithm,style,398
gemma,gen_1,0053,useStlAlgorithm,style,398
gemma,gen_1,0133,knownConditionTrueFalse,style,570
gemma,gen_1,0081,useStlAlgorithm,style,398
gemma,gen_1,0119,stlFindInsert,performance,398
gemma,gen_1,0119,stlFindInsert,performance,398
gemma,gen_1,0192,useStlAlgorithm,style,398
gemma,gen_1,0188,knownConditionTrueFalse,style,571
gemma,gen_1,0146,constVariableReference,style,398
gemma,gen_1,0146,constVariableReference,style,398
gemma,gen_1,0146,useStlAlgorithm,style,398
gemma,gen_1,0146,useStlAlgorithm,style,398
gemma,gen_1,0146,unreadVariable,style,563
gemma,gen_1,0043,useStlAlgorithm,style,398
gemma,gen_1,0193,duplicateBranch,style,398
gemma,gen_1,0193,unreadVariable,style,563
gemma,gen_1,0193,unreadVariable,style,563
gemma,gen_1,0193,unreadVariable,style,563
gemma,gen_1,0193,unreadVariable,style,563
gemma,gen_1,0027,variableScope,style,398
gemma,gen_1,0027,unreadVariable,style,563
gemma,gen_1,0027,unreadVariable,style,563
gemma,gen_1,0007,useStlAlgorithm,style,398
gemma,gen_1,0007,useStlAlgorithm,style,398
gemma,gen_1,0088,knownConditionTrueFalse,style,571
gemma,gen_1,0088,knownConditionTrueFalse,style,571
gemma,gen_1,0088,knownConditionTrueFalse,style,571
gemma,gen_1,0088,knownConditionTrueFalse,style,571
gemma,gen_1,0085,unreadVariable,style,563
gemma,gen_1,0097,constVariable,style,398
gemma,gen_1,0097,constVariable,style,398
gemma,gen_1,0097,uninitvar,warning,457
gemma,gen_1,0097,uninitvar,warning,457
gemma,gen_1,0134,variableScope,style,398
gemma,gen_1,0054,variableScope,style,398
gemma,gen_1,0054,constVariableReference,style,398
gemma,gen_1,0054,constVariableReference,style,398
gemma,gen_1,0054,constVariableReference,style,398
gemma,gen_1,0054,useStlAlgorithm,style,398
gemma,gen_1,0054,useStlAlgorithm,style,398
gemma,gen_1,0054,unreadVariable,style,563
gemma,gen_1,0054,unreadVariable,style,563
gemma,gen_1,0238,constVariableReference,style,398
gemma,gen_1,0238,constVariableReference,style,398
gemma,gen_1,0238,constVariableReference,style,398
gemma,gen_1,0238,constVariableReference,style,398
gemma,gen_1,0238,constVariableReference,style,398
gemma,gen_1,0238,useStlAlgorithm,style,398
gemma,gen_1,0238,useStlAlgorithm,style,398
gemma,gen_1,0085,useStlAlgorithm,style,398
gemma,gen_1,0038,unreadVariable,style,563
gemma,gen_1,0233,shadowVariable,style,398
gemma,gen_1,0058,useStlAlgorithm,style,398
gemma,gen_1,0016,knownConditionTrueFalse,style,571
gemma,gen_1,0016,knownConditionTrueFalse,style,570
gemma,gen_1,0016,constVariableReference,style,398
gemma,gen_1,0016,unreadVariable,style,563
gemma,gen_1,0016,unreadVariable,style,563
gemma,gen_1,0016,unreadVariable,style,563
gemma,gen_1,0016,unreadVariable,style,563
gemma,gen_1,0016,unreadVariable,style,563
gemma,gen_1,0017,unreadVariable,style,563
gemma,gen_1,0069,constVariableReference,style,398
gemma,gen_1,0069,useStlAlgorithm,style,398
gemma,gen_1,0069,useStlAlgorithm,style,398
gemma,gen_1,0069,unreadVariable,style,563
gemma,gen_1,0069,unreadVariable,style,563
gemma,gen_1,0081,unusedVariable,style,563
gemma,gen_1,0081,unusedVariable,style,563
gemma,gen_1,0063,useStlAlgorithm,style,398
gemma,gen_1,0203,useStlAlgorithm,style,398
gemma,gen_1,0040,useStlAlgorithm,style,398
gemma,gen_1,0168,useStlAlgorithm,style,398
gemma,gen_1,0104,useStlAlgorithm,style,398
gemma,gen_1,0104,uninitvar,error,457
gemma,gen_1,0006,useStlAlgorithm,style,398
gemma,gen_1,0006,useStlAlgorithm,style,398
gemma,gen_1,0044,duplicateBranch,style,398
gemma,gen_1,0044,constVariableReference,style,398
gemma,gen_1,0034,variableScope,style,398
gemma,gen_1,0034,constVariableReference,style,398
gemma,gen_1,0034,constVariableReference,style,398
gemma,gen_1,0034,constVariableReference,style,398
gemma,gen_1,0034,useStlAlgorithm,style,398
gemma,gen_1,0034,useStlAlgorithm,style,398
gemma,gen_1,0034,unreadVariable,style,563
gemma,gen_1,0234,useStlAlgorithm,style,398
gemma,gen_1,0237,duplicateBranch,style,398
gemma,gen_1,0237,variableScope,style,398
gemma,gen_1,0237,unreadVariable,style,563
gemma,gen_1,0237,unreadVariable,style,563
gemma,gen_1,0165,knownConditionTrueFalse,style,570
gemma,gen_1,0004,unreadVariable,style,563
gemma,gen_1,0084,duplicateBranch,style,398
gemma,gen_1,0084,duplicateBranch,style,398
gemma,gen_1,0129,useStlAlgorithm,style,398
gemma,gen_1,0129,useStlAlgorithm,style,398
gemma,gen_1,0196,useStlAlgorithm,style,398
gemma,gen_1,0040,useStlAlgorithm,style,398
gemma,gen_1,0011,useStlAlgorithm,style,398
gemma,gen_1,0097,useStlAlgorithm,style,398
gemma,gen_1,0097,unreadVariable,style,563
gemma,gen_1,0035,useStlAlgorithm,style,398
gemma,gen_1,0035,useStlAlgorithm,style,398
gemma,gen_1,0066,duplicateBranch,style,398
gemma,gen_1,0094,constVariable,style,398
gemma,gen_1,0183,stlFindInsert,performance,398
gemma,gen_1,0254,passedByValue,performance,398
gemma,gen_1,0254,useStlAlgorithm,style,398
gemma,gen_1,0047,useStlAlgorithm,style,398
gemma,gen_1,0047,unreadVariable,style,563
gemma,gen_1,0047,unreadVariable,style,563
gemma,gen_1,0138,useStlAlgorithm,style,398
gemma,gen_1,0145,oppositeInnerCondition,warning,398
gemma,gen_1,0145,shadowVariable,style,398
gemma,gen_1,0145,shadowVariable,style,398
gemma,gen_1,0145,constVariableReference,style,398
gemma,gen_1,0145,constVariableReference,style,398
gemma,gen_1,0186,redundantAssignment,style,563
gemma,gen_1,0186,unreadVariable,style,563
gemma,gen_1,0071,unreadVariable,style,563
gemma,gen_1,0071,unreadVariable,style,563
gemma,gen_1,0071,unreadVariable,style,563
gemma,gen_1,0071,unreadVariable,style,563
gemma,gen_1,0083,useStlAlgorithm,style,398
gemma,gen_1,0155,useStlAlgorithm,style,398
gemma,gen_1,0155,useStlAlgorithm,style,398
gemma,gen_1,0176,useStlAlgorithm,style,398
gemma,gen_1,0051,variableScope,style,398
gemma,gen_1,0051,constVariableReference,style,398
gemma,gen_1,0051,unreadVariable,style,563
gemma,gen_1,0051,unreadVariable,style,563
gemma,gen_1,0166,useStlAlgorithm,style,398
gemma,gen_1,0166,useStlAlgorithm,style,398
gemma,gen_1,0166,useStlAlgorithm,style,398
gemma,gen_1,0162,useStlAlgorithm,style,398
gemma,gen_1,0162,useStlAlgorithm,style,398
gemma,gen_1,0162,useStlAlgorithm,style,398
gemma,gen_1,0162,unreadVariable,style,563
gemma,gen_1,0162,unreadVariable,style,563
gemma,gen_1,0054,knownConditionTrueFalse,style,571
gemma,gen_1,0054,useStlAlgorithm,style,398
gemma,gen_1,0153,useStlAlgorithm,style,398
gemma,gen_1,0135,useStlAlgorithm,style,398
gemma,gen_1,0202,constVariableReference,style,398
gemma,gen_1,0202,useStlAlgorithm,style,398
gemma,gen_1,0239,variableScope,style,398
gemma,gen_1,0239,useStlAlgorithm,style,398
gemma,gen_1,0239,useStlAlgorithm,style,398
gemma,gen_1,0239,unreadVariable,style,563
gemma,gen_1,0239,unreadVariable,style,563
gemma,gen_1,0096,constVariable,style,398
gemma,gen_1,0096,constVariable,style,398
gemma,gen_1,0096,constVariable,style,398
gemma,gen_1,0096,stlFindInsert,performance,398
gemma,gen_1,0096,uninitvar,warning,457
gemma,gen_1,0096,uninitvar,warning,457
gemma,gen_1,0209,useStlAlgorithm,style,398
gemma,gen_1,0172,useStlAlgorithm,style,398
gemma,gen_1,0077,useStlAlgorithm,style,398
gemma,gen_1,0003,useStlAlgorithm,style,398
gemma,gen_1,0101,useStlAlgorithm,style,398
gemma,gen_1,0042,useStlAlgorithm,style,398
gemma,gen_1,0235,unreadVariable,style,563
gemma,gen_1,0235,unreadVariable,style,563
gemma,gen_1,0235,unreadVariable,style,563
gemma,gen_1,0235,unreadVariable,style,563
gemma,gen_1,0196,useStlAlgorithm,style,398
gemma,gen_1,0080,useStlAlgorithm,style,398
gemma,gen_1,0080,unreadVariable,style,563
gemma,gen_1,0057,variableScope,style,398
gemma,gen_1,0057,variableScope,style,398
gemma,gen_1,0057,unreadVariable,style,563
gemma,gen_1,0057,unreadVariable,style,563
gemma,gen_1,0057,unreadVariable,style,563
gemma,gen_1,0057,unreadVariable,style,563
gemma,gen_1,0057,unreadVariable,style,563
gemma,gen_1,0087,variableScope,style,398
gemma,gen_1,0087,constVariableReference,style,398
gemma,gen_1,0087,constVariableReference,style,398
gemma,gen_1,0087,useStlAlgorithm,style,398
gemma,gen_1,0087,useStlAlgorithm,style,398
gemma,gen_1,0087,unreadVariable,style,563
gemma,gen_1,0087,unreadVariable,style,563
gemma,gen_1,0006,duplicateExpressionTernary,style,398
gemma,gen_1,0006,useStlAlgorithm,style,398
gemma,gen_1,0006,useStlAlgorithm,style,398
gemma,gen_1,0211,invalidFunctionArg,warning,628
gemma,gen_1,0211,invalidFunctionArg,warning,628
gemma,gen_1,0211,duplicateAssignExpression,style,398
gemma,gen_1,0211,unreadVariable,style,563
gemma,gen_1,0211,unreadVariable,style,563
gemma,gen_1,0230,knownConditionTrueFalse,style,571
gemma,gen_1,0230,knownConditionTrueFalse,style,571
gemma,gen_1,0230,knownConditionTrueFalse,style,571
gemma,gen_1,0230,variableScope,style,398
gemma,gen_1,0230,variableScope,style,398
gemma,gen_1,0230,variableScope,style,398
gemma,gen_1,0230,unreadVariable,style,563
gemma,gen_1,0230,unreadVariable,style,563
gemma,gen_1,0230,unreadVariable,style,563
gemma,gen_1,0072,knownConditionTrueFalse,style,571
gemma,gen_1,0072,knownConditionTrueFalse,style,571
gemma,gen_1,0111,useStlAlgorithm,style,398
gemma,gen_1,0200,variableScope,style,398
gemma,gen_1,0200,useStlAlgorithm,style,398
gemma,gen_1,0200,unreadVariable,style,563
gemma,gen_1,0061,useStlAlgorithm,style,398
gemma,gen_1,0109,useStlAlgorithm,style,398
gemma,gen_1,0095,incorrectLogicOperator,warning,570
gemma,gen_1,0095,incorrectLogicOperator,warning,570
gemma,gen_1,0095,knownConditionTrueFalse,style,570
gemma,gen_1,0095,knownConditionTrueFalse,style,570
gemma,gen_1,0095,knownConditionTrueFalse,style,570
gemma,gen_1,0095,knownConditionTrueFalse,style,570
gemma,gen_1,0095,knownConditionTrueFalse,style,570
gemma,gen_1,0095,knownConditionTrueFalse,style,571
gemma,gen_1,0095,knownConditionTrueFalse,style,570
gemma,gen_1,0095,knownConditionTrueFalse,style,571
gemma,gen_1,0095,duplicateExpression,style,398
gemma,gen_1,0095,duplicateExpression,style,398
gemma,gen_1,0095,duplicateExpression,style,398
gemma,gen_1,0095,duplicateExpression,style,398
gemma,gen_1,0095,useStlAlgorithm,style,398
gemma,gen_1,0028,useStlAlgorithm,style,398
gemma,gen_1,0131,variableScope,style,398
gemma,gen_1,0131,constVariableReference,style,398
gemma,gen_1,0131,useStlAlgorithm,style,398
gemma,gen_1,0131,unreadVariable,style,563
gemma,gen_1,0131,unreadVariable,style,563
gemma,gen_1,0131,unreadVariable,style,563
gemma,gen_1,0131,unreadVariable,style,563
gemma,gen_1,0076,useStlAlgorithm,style,398
gemma,gen_1,0114,useStlAlgorithm,style,398
gemma,gen_1,0173,knownConditionTrueFalse,style,570
gemma,gen_1,0173,knownConditionTrueFalse,style,570
gemma,gen_1,0173,selfAssignment,style,398
gemma,gen_1,0173,selfAssignment,style,398
gemma,gen_1,0173,selfAssignment,style,398
gemma,gen_1,0173,selfAssignment,style,398
gemma,gen_1,0008,useStlAlgorithm,style,398
gemma,gen_1,0227,useStlAlgorithm,style,398
gemma,gen_1,0184,useStlAlgorithm,style,398
gemma,gen_1,0007,constVariableReference,style,398
gemma,gen_1,0007,useStlAlgorithm,style,398
gemma,gen_1,0007,unreadVariable,style,563
gemma,gen_1,0007,unusedVariable,style,563
gemma,gen_1,0093,useStlAlgorithm,style,398
gemma,gen_1,0140,useStlAlgorithm,style,398
gemma,gen_1,0223,useStlAlgorithm,style,398
gemma,gen_1,0223,useStlAlgorithm,style,398
gemma,gen_1,0120,useStlAlgorithm,style,398
gemma,gen_1,0120,useStlAlgorithm,style,398
gemma,gen_1,0178,useStlAlgorithm,style,398
gemma,gen_1,0110,knownConditionTrueFalse,style,571
gemma,gen_1,0110,variableScope,style,398
gemma,gen_1,0110,constVariableReference,style,398
gemma,gen_1,0110,useStlAlgorithm,style,398
gemma,gen_1,0110,useStlAlgorithm,style,398
gemma,gen_1,0110,unreadVariable,style,563
gemma,gen_1,0110,unreadVariable,style,563
gemma,gen_1,0175,unreadVariable,style,563
gemma,gen_1,0175,unreadVariable,style,563
gemma,gen_1,0199,duplicateBranch,style,398
gemma,gen_1,0199,knownConditionTrueFalse,style,398
gemma,gen_1,0199,useStlAlgorithm,style,398
gemma,gen_1,0247,variableScope,style,398
gemma,gen_1,0247,useStlAlgorithm,style,398
gemma,gen_1,0004,useStlAlgorithm,style,398
gemma,gen_1,0203,useStlAlgorithm,style,398
gemma,gen_1,0203,useStlAlgorithm,style,398
gemma,gen_1,0203,useStlAlgorithm,style,398
gemma,gen_1,0203,useStlAlgorithm,style,398
gemma,gen_1,0110,useStlAlgorithm,style,398
gemma,gen_1,0110,useStlAlgorithm,style,398
gemma,gen_1,0138,useStlAlgorithm,style,398
gemma,gen_1,0185,useStlAlgorithm,style,398
gemma,gen_1,0185,useStlAlgorithm,style,398
gemma,gen_1,0185,unusedVariable,style,563
gemma,gen_1,0185,unusedVariable,style,563
gemma,gen_1,0211,useStlAlgorithm,style,398
gemma,gen_1,0211,useStlAlgorithm,style,398
gemma,gen_1,0211,negativeContainerIndex,warning,786
gemma,gen_1,0211,negativeContainerIndex,warning,786
gemma,gen_1,0211,negativeContainerIndex,warning,786
gemma,gen_1,0211,negativeContainerIndex,warning,786
gemma,gen_1,0211,negativeContainerIndex,warning,786
gemma,gen_1,0167,useStlAlgorithm,style,398
gemma,gen_1,0186,useStlAlgorithm,style,398
gemma,gen_1,0186,unusedVariable,style,563
gemma,gen_1,0186,unusedVariable,style,563
gemma,gen_1,0028,unreadVariable,style,563
gemma,gen_1,0028,unreadVariable,style,563
gemma,gen_1,0001,stlFindInsert,performance,398
gemma,gen_1,0225,useStlAlgorithm,style,398
gemma,gen_1,0225,useStlAlgorithm,style,398
gemma,gen_1,0225,useStlAlgorithm,style,398
gemma,gen_1,0068,constVariableReference,style,398
gemma,gen_1,0068,unreadVariable,style,563
gemma,gen_1,0236,constVariableReference,style,398
gemma,gen_1,0236,useStlAlgorithm,style,398
gemma,gen_1,0062,redundantAssignment,style,563
gemma,gen_1,0082,unreadVariable,style,563
gemma,gen_1,0082,unreadVariable,style,563
gemma,gen_1,0124,duplicateBranch,style,398
gemma,gen_1,0218,useStlAlgorithm,style,398
gemma,gen_1,0036,unreadVariable,style,563
gemma,gen_1,0036,unreadVariable,style,563
gemma,gen_1,0090,useStlAlgorithm,style,398
gemma,gen_1,0090,useStlAlgorithm,style,398
gemma,gen_1,0167,knownConditionTrueFalse,style,571
gemma,gen_1,0167,useStlAlgorithm,style,398
gemma,gen_1,0167,useStlAlgorithm,style,398
gemma,gen_1,0167,useStlAlgorithm,style,398
gemma,gen_1,0167,useStlAlgorithm,style,398
gemma,gen_1,0167,useStlAlgorithm,style,398
gemma,gen_1,0167,useStlAlgorithm,style,398
gemma,gen_1,0167,useStlAlgorithm,style,398
gemma,gen_1,0167,unreadVariable,style,563
gemma,gen_1,0010,useStlAlgorithm,style,398
gemma,gen_1,0055,unreadVariable,style,563
gemma,gen_1,0055,unreadVariable,style,563
gemma,gen_1,0100,unreadVariable,style,563
gemma,gen_1,0100,unreadVariable,style,563
gemma,gen_1,0056,duplicateCondition,style,398
gemma,gen_1,0056,useStlAlgorithm,style,398
gemma,gen_1,0056,useStlAlgorithm,style,398
gemma,gen_1,0016,duplicateExpression,style,398
gemma,gen_1,0016,unusedVariable,style,563
gemma,gen_1,0263,useStlAlgorithm,style,398
gemma,gen_1,0263,useStlAlgorithm,style,398
gemma,gen_1,0263,useStlAlgorithm,style,398
gemma,gen_1,0169,duplicateExpression,style,398
gemma,gen_1,0169,constVariableReference,style,398
gemma,gen_1,0169,truncLongCastAssignment,style,197
gemma,gen_1,0196,constVariableReference,style,398
gemma,gen_1,0200,knownConditionTrueFalse,style,571
gemma,gen_1,0200,knownConditionTrueFalse,style,571
gemma,gen_1,0200,knownConditionTrueFalse,style,571
gemma,gen_1,0200,useStlAlgorithm,style,398
gemma,gen_1,0043,useStlAlgorithm,style,398
gemma,gen_1,0043,useStlAlgorithm,style,398
gemma,gen_1,0115,unreadVariable,style,563
gemma,gen_1,0143,useStlAlgorithm,style,398
gemma,gen_1,0079,useStlAlgorithm,style,398
gemma,gen_1,0155,duplicateBranch,style,398
gemma,gen_1,0008,stlFindInsert,performance,398
gemma,gen_1,0008,stlFindInsert,performance,398
gemma,gen_1,0008,stlFindInsert,performance,398
gemma,gen_1,0136,duplicateExpression,style,398
gemma,gen_1,0136,duplicateExpression,style,398
gemma,gen_1,0136,duplicateExpression,style,398
gemma,gen_1,0136,duplicateExpression,style,398
gemma,gen_1,0187,knownConditionTrueFalse,style,571
gemma,gen_1,0187,useStlAlgorithm,style,398
gemma,gen_1,0009,useStlAlgorithm,style,398
gemma,gen_1,0222,useStlAlgorithm,style,398
gemma,gen_1,0222,useStlAlgorithm,style,398
gemma,gen_1,0201,unreadVariable,style,563
gemma,gen_1,0123,useStlAlgorithm,style,398
gemma,gen_1,0021,variableScope,style,398
gemma,gen_1,0021,uninitvar,error,457
gemma,gen_1,0182,useStlAlgorithm,style,398
gemma,gen_1,0214,iterateByValue,performance,398
gemma,gen_1,0097,arrayIndexThenCheck,style,398
gemma,gen_1,0030,constVariableReference,style,398
gemma,gen_1,0030,constVariableReference,style,398
gemma,gen_1,0030,useStlAlgorithm,style,398
gemma,gen_1,0239,shadowVariable,style,398
gemma,gen_1,0239,shadowVariable,style,398
gemma,gen_1,0239,shadowVariable,style,398
gemma,gen_1,0239,constVariableReference,style,398
gemma,gen_1,0102,useStlAlgorithm,style,398
gemma,gen_1,0231,useStlAlgorithm,style,398
gemma,gen_1,0231,useStlAlgorithm,style,398
gemma,gen_1,0231,negativeContainerIndex,warning,786
gemma,gen_1,0141,variableScope,style,398
gemma,gen_1,0141,constVariableReference,style,398
gemma,gen_1,0141,constVariableReference,style,398
gemma,gen_1,0141,constVariableReference,style,398
gemma,gen_1,0141,unreadVariable,style,563
gemma,gen_1,0141,unreadVariable,style,563
gemma,gen_1,0099,constVariableReference,style,398
gemma,gen_1,0134,unreadVariable,style,563
gemma,gen_1,0000,constVariable,style,398
gemma,gen_1,0000,constVariable,style,398
gemma,gen_1,0000,useStlAlgorithm,style,398
gemma,gen_1,0085,useStlAlgorithm,style,398
gemma,gen_1,0160,knownConditionTrueFalse,style,570
gemma,gen_1,0160,knownConditionTrueFalse,style,570
gemma,gen_1,0160,knownConditionTrueFalse,style,570
gemma,gen_1,0160,knownConditionTrueFalse,style,570
gemma,gen_1,0188,shadowVariable,style,398
gemma,gen_1,0188,shadowVariable,style,398
gemma,gen_1,0108,useStlAlgorithm,style,398
gemma,gen_1,0118,shadowVariable,style,398
gemma,gen_1,0118,shadowVariable,style,398
gemma,gen_1,0118,shadowVariable,style,398
gemma,gen_1,0118,shadowVariable,style,398
gemma,gen_1,0118,constVariableReference,style,398
gemma,gen_1,0118,constVariableReference,style,398
gemma,gen_1,0118,unreadVariable,style,563
gemma,gen_1,0020,useStlAlgorithm,style,398
gemma,gen_1,0142,redundantAssignment,style,563
gemma,gen_1,0077,constVariableReference,style,398
gemma,gen_1,0240,constVariableReference,style,398
gemma,gen_1,0217,knownConditionTrueFalse,style,571
gemma,gen_1,0190,unreadVariable,style,563
gemma,gen_1,0155,uninitvar,warning,457
gemma,gen_1,0073,knownConditionTrueFalse,style,571
gemma,gen_1,0073,knownConditionTrueFalse,style,571
gemma,gen_1,0073,knownConditionTrueFalse,style,571
gemma,gen_1,0073,knownConditionTrueFalse,style,571
gemma,gen_1,0073,duplicateExpression,style,398
gemma,gen_1,0073,duplicateExpression,style,398
gemma,gen_1,0073,duplicateExpression,style,398
gemma,gen_1,0073,duplicateExpression,style,398
gemma,gen_1,0142,useStlAlgorithm,style,398
gemma,gen_1,0206,useStlAlgorithm,style,398
gemma,gen_1,0233,knownConditionTrueFalse,style,570
gemma,gen_1,0130,passedByValue,performance,398
gemma,gen_1,0073,useStlAlgorithm,style,398
gemma,gen_1,0039,useStlAlgorithm,style,398
gemma,gen_1,0135,useStlAlgorithm,style,398
gemma,gen_1,0135,useStlAlgorithm,style,398
gemma,gen_1,0212,passedByValue,performance,398
gemma,gen_1,0212,useStlAlgorithm,style,398
gemma,gen_1,0212,useStlAlgorithm,style,398
gemma,gen_1,0015,useStlAlgorithm,style,398
gemma,gen_1,0251,useStlAlgorithm,style,398
gemma,gen_1,0107,useStlAlgorithm,style,398
gemma,gen_1,0117,variableScope,style,398
gemma,gen_1,0117,useStlAlgorithm,style,398
gemma,gen_1,0117,useStlAlgorithm,style,398
gemma,gen_1,0117,useStlAlgorithm,style,398
gemma,gen_1,0117,unreadVariable,style,563
gemma,gen_1,0117,unreadVariable,style,563
gemma,gen_1,0020,variableScope,style,398
gemma,gen_1,0106,duplicateBranch,style,398
gemma,gen_1,0106,useStlAlgorithm,style,398
gemma,gen_1,0142,unreadVariable,style,563
gemma,gen_1,0142,unreadVariable,style,563
gemma,gen_1,0142,unreadVariable,style,563
gemma,gen_1,0142,unreadVariable,style,563
gemma,gen_1,0142,unusedVariable,style,563
gemma,gen_1,0142,unusedVariable,style,563
gemma,gen_1,0142,unusedVariable,style,563
gemma,gen_1,0142,unusedVariable,style,563
gemma,gen_1,0142,unreadVariable,style,563
gemma,gen_1,0142,unreadVariable,style,563
gemma,gen_1,0142,unreadVariable,style,563
gemma,gen_1,0142,unreadVariable,style,563
gemma,gen_1,0176,useStlAlgorithm,style,398
gemma,gen_1,0176,useStlAlgorithm,style,398
gemma,gen_1,0176,useStlAlgorithm,style,398
gemma,gen_1,0186,useStlAlgorithm,style,398
gemma,gen_1,0131,constParameterReference,style,398
gemma,gen_1,0153,useStlAlgorithm,style,398
gemma,gen_1,0153,useStlAlgorithm,style,398
gemma,gen_1,0065,duplicateCondition,style,398
gemma,gen_1,0065,unreadVariable,style,563
gemma,gen_1,0065,unreadVariable,style,563
gemma,gen_1,0191,redundantAssignment,style,563
gemma,gen_1,0191,redundantAssignment,style,563
gemma,gen_1,0191,unreadVariable,style,563
gemma,gen_1,0191,unreadVariable,style,563
gemma,gen_1,0149,useStlAlgorithm,style,398
gemma,gen_1,0149,useStlAlgorithm,style,398
gemma,gen_1,0058,constVariable,style,398
gemma,gen_1,0058,constVariable,style,398
gemma,gen_1,0193,useStlAlgorithm,style,398
gemma,gen_1,0003,duplicateBranch,style,398
gemma,gen_1,0066,useStlAlgorithm,style,398
gemma,gen_1,0000,useStlAlgorithm,style,398
gemma,gen_1,0135,useStlAlgorithm,style,398
gemma,gen_1,0208,duplicateBranch,style,398
gemma,gen_1,0208,unreadVariable,style,563
gemma,gen_1,0226,shadowVariable,style,398
gemma,gen_1,0226,useStlAlgorithm,style,398
gemma,gen_1,0226,useStlAlgorithm,style,398
gemma,gen_1,0226,useStlAlgorithm,style,398
gemma,gen_1,0226,useStlAlgorithm,style,398
gemma,gen_1,0162,useStlAlgorithm,style,398
gemma,gen_1,0149,knownConditionTrueFalse,style,570
gemma,gen_1,0152,duplicateBranch,style,398
gemma,gen_1,0152,duplicateBranch,style,398
gemma,gen_1,0152,duplicateBranch,style,398
gemma,gen_1,0152,redundantAssignment,style,563
gemma,gen_1,0152,unreadVariable,style,563
gemma,gen_1,0152,unreadVariable,style,563
gemma,gen_1,0078,useStlAlgorithm,style,398
gemma,gen_1,0014,useStlAlgorithm,style,398
gemma,gen_1,0014,useStlAlgorithm,style,398
gemma,gen_1,0204,constVariable,style,398
gemma,gen_1,0204,constVariable,style,398
gemma,gen_1,0204,unreadVariable,style,563
gemma,gen_1,0204,unreadVariable,style,563
gemma,gen_1,0187,constVariableReference,style,398
gemma,gen_1,0187,constVariableReference,style,398
gemma,gen_1,0187,useStlAlgorithm,style,398
gemma,gen_1,0187,useStlAlgorithm,style,398
gemma,gen_1,0114,unreadVariable,style,563
gemma,gen_1,0114,unreadVariable,style,563
gemma,gen_1,0062,variableScope,style,398
gemma,gen_1,0008,useStlAlgorithm,style,398
gemma,gen_1,0125,oppositeInnerCondition,warning,398
gemma,gen_1,0125,knownConditionTrueFalse,style,570
gemma,gen_1,0190,useStlAlgorithm,style,398
gemma,gen_1,0190,useStlAlgorithm,style,398
gemma,gen_1,0092,passedByValue,performance,398
gemma,gen_1,0146,variableScope,style,398
gemma,gen_1,0146,useStlAlgorithm,style,398
gemma,gen_1,0146,unreadVariable,style,563
gemma,gen_1,0146,unreadVariable,style,563
gemma,gen_1,0079,useStlAlgorithm,style,398
gemma,gen_1,0079,unreadVariable,style,563
gemma,gen_1,0079,unreadVariable,style,563
gemma,gen_1,0079,unreadVariable,style,563
gemma,gen_1,0079,unreadVariable,style,563
gemma,gen_1,0055,variableScope,style,398
gemma,gen_1,0055,constVariableReference,style,398
gemma,gen_1,0055,unreadVariable,style,563
gemma,gen_1,0112,unreadVariable,style,563
gemma,gen_1,0112,unreadVariable,style,563
gemma,gen_1,0112,unreadVariable,style,563
gemma,gen_1,0112,unreadVariable,style,563
gemma,gen_1,0045,useStlAlgorithm,style,398
gemma,gen_1,0045,unreadVariable,style,563
gemma,gen_1,0045,unreadVariable,style,563
gemma,gen_1,0045,unreadVariable,style,563
gemma,gen_1,0045,unreadVariable,style,563
gemma,gen_1,0140,knownConditionTrueFalse,style,570
gemma,gen_1,0140,knownConditionTrueFalse,style,570
gemma,gen_1,0140,knownConditionTrueFalse,style,570
gemma,gen_1,0140,knownConditionTrueFalse,style,570
gemma,gen_1,0140,knownConditionTrueFalse,style,571
gemma,gen_1,0140,knownConditionTrueFalse,style,571
gemma,gen_1,0140,duplicateBranch,style,398
gemma,gen_1,0140,duplicateBranch,style,398
gemma,gen_1,0140,duplicateExpression,style,398
gemma,gen_1,0140,duplicateExpression,style,398
gemma,gen_1,0140,duplicateExpression,style,398
gemma,gen_1,0140,duplicateExpression,style,398
gemma,gen_1,0140,duplicateExpression,style,398
gemma,gen_1,0140,duplicateExpression,style,398
gemma,gen_1,0140,duplicateExpression,style,398
gemma,gen_1,0140,duplicateExpression,style,398
gemma,gen_1,0140,redundantAssignment,style,563
gemma,gen_1,0140,redundantAssignment,style,563
gemma,gen_1,0208,constVariableReference,style,398
gemma,gen_1,0208,constVariableReference,style,398
gemma,gen_1,0208,useStlAlgorithm,style,398
gemma,gen_1,0101,constVariable,style,398
gemma,gen_1,0101,constVariable,style,398
gemma,gen_1,0053,constVariableReference,style,398
gemma,gen_1,0053,constVariable,style,398
gemma,gen_1,0053,constVariable,style,398
gemma,gen_1,0053,useStlAlgorithm,style,398
gemma,gen_1,0053,negativeContainerIndex,warning,786
gemma,gen_1,0056,knownConditionTrueFalse,style,571
gemma,gen_1,0056,knownConditionTrueFalse,style,571
gemma,gen_1,0056,knownConditionTrueFalse,style,571
gemma,gen_1,0056,shadowVariable,style,398
gemma,gen_1,0069,duplicateBranch,style,398
gemma,gen_1,0069,unusedVariable,style,563
gemma,gen_1,0011,useStlAlgorithm,style,398
gemma,gen_1,0090,redundantInitialization,style,563
gemma,gen_1,0090,redundantInitialization,style,563
gemma,gen_1,0090,redundantAssignment,style,563
gemma,gen_1,0090,redundantAssignment,style,563
gemma,gen_1,0090,redundantAssignment,style,563
gemma,gen_1,0090,redundantAssignment,style,563
gemma,gen_1,0090,redundantAssignment,style,563
gemma,gen_1,0090,redundantAssignment,style,563
gemma,gen_1,0090,redundantAssignment,style,563
gemma,gen_1,0090,useStlAlgorithm,style,398
gemma,gen_1,0090,useStlAlgorithm,style,398
gemma,gen_1,0157,constVariable,style,398
gemma,gen_1,0157,constVariable,style,398
gemma,gen_1,0157,unreadVariable,style,563
gemma,gen_1,0157,unreadVariable,style,563
gemma,gen_1,0222,negativeContainerIndex,warning,786
gemma,gen_1,0125,useStlAlgorithm,style,398
gemma,gen_1,0031,knownConditionTrueFalse,style,398
gemma,gen_1,0031,useStlAlgorithm,style,398
gemma,gen_1,0031,useStlAlgorithm,style,398
gemma,gen_1,0124,useStlAlgorithm,style,398
gemma,gen_1,0124,useStlAlgorithm,style,398
gemma,gen_1,0059,variableScope,style,398
gemma,gen_1,0059,constVariableReference,style,398
gemma,gen_1,0059,constVariableReference,style,398
gemma,gen_1,0059,useStlAlgorithm,style,398
gemma,gen_1,0068,knownConditionTrueFalse,style,398
gemma,gen_1,0068,variableScope,style,398
gemma,gen_1,0068,unreadVariable,style,563
gemma,gen_1,0068,unreadVariable,style,563
gemma,gen_1,0170,unreadVariable,style,563
gemma,gen_1,0170,unreadVariable,style,563
gemma,gen_1,0029,constVariableReference,style,398
gemma,gen_1,0029,useStlAlgorithm,style,398
gemma,gen_1,0029,unreadVariable,style,563
gemma,gen_1,0029,unreadVariable,style,563
gemma,gen_1,0229,duplicateCondition,style,398
gemma,gen_1,0229,useStlAlgorithm,style,398
gemma,gen_1,0229,useStlAlgorithm,style,398
gemma,gen_1,0229,unreadVariable,style,563
gemma,gen_1,0080,variableScope,style,398
gemma,gen_1,0080,unreadVariable,style,563
gemma,gen_1,0080,unreadVariable,style,563
gemma,gen_1,0080,unreadVariable,style,563
gemma,gen_1,0080,unreadVariable,style,563
gemma,gen_1,0161,useStlAlgorithm,style,398
gemma,gen_1,0017,useStlAlgorithm,style,398
gemma,gen_1,0228,variableScope,style,398
gemma,gen_1,0181,useStlAlgorithm,style,398
gemma,gen_1,0031,useStlAlgorithm,style,398
gemma,gen_1,0152,constVariableReference,style,398
gemma,gen_1,0006,knownConditionTrueFalse,style,571
gemma,gen_1,0063,constVariableReference,style,398
gemma,gen_1,0063,useStlAlgorithm,style,398
gemma,gen_1,0063,unreadVariable,style,563
gemma,gen_1,0063,unreadVariable,style,563
gemma,gen_1,0246,duplicateBranch,style,398
gemma,gen_1,0025,constVariable,style,398
gemma,gen_1,0032,useStlAlgorithm,style,398
gemma,gen_1,0032,useStlAlgorithm,style,398
gemma,gen_1,0213,knownConditionTrueFalse,style,571
gemma,gen_1,0213,knownConditionTrueFalse,style,571
gemma,gen_1,0213,knownConditionTrueFalse,style,571
gemma,gen_1,0213,knownConditionTrueFalse,style,571
gemma,gen_1,0213,knownConditionTrueFalse,style,571
gemma,gen_1,0013,compareValueOutOfTypeRangeError,style,398
gemma,gen_1,0013,compareValueOutOfTypeRangeError,style,398
gemma,gen_1,0172,multiCondition,style,398
gemma,gen_1,0172,multiCondition,style,398
gemma,gen_1,0172,multiCondition,style,398
gemma,gen_1,0172,unreadVariable,style,563
gemma,gen_1,0172,unreadVariable,style,563
gemma,gen_1,0123,variableScope,style,398
gemma,gen_1,0123,variableScope,style,398
gemma,gen_1,0123,variableScope,style,398
gemma,gen_1,0123,variableScope,style,398
gemma,gen_1,0123,unreadVariable,style,563
gemma,gen_1,0123,unreadVariable,style,563
gemma,gen_1,0123,unreadVariable,style,563
gemma,gen_1,0123,unreadVariable,style,563
gemma,gen_1,0123,unreadVariable,style,563
gemma,gen_1,0123,unreadVariable,style,563
gemma,gen_1,0123,unreadVariable,style,563
gemma,gen_1,0123,unreadVariable,style,563
gemma,gen_1,0123,unreadVariable,style,563
gemma,gen_1,0123,unreadVariable,style,563
gemma,gen_1,0123,unreadVariable,style,563
gemma,gen_1,0123,unreadVariable,style,563
gemma,gen_1,0123,unreadVariable,style,563
gemma,gen_1,0123,unreadVariable,style,563
gemma,gen_1,0032,shiftTooManyBits,error,758
gemma,gen_1,0032,shiftTooManyBitsSigned,portability,758
gemma,gen_1,0158,useStlAlgorithm,style,398
gemma,gen_1,0126,useStlAlgorithm,style,398
gemma,gen_1,0158,useStlAlgorithm,style,398
gemma,gen_1,0011,passedByValue,performance,398
gemma,gen_1,0222,unreadVariable,style,563
gemma,gen_1,0222,unreadVariable,style,563
gemma,gen_1,0222,unreadVariable,style,563
gemma,gen_1,0222,unreadVariable,style,563
gemma,gen_1,0219,duplicateBranch,style,398
gemma,gen_1,0219,redundantAssignment,style,563
gemma,gen_1,0219,unreadVariable,style,563
gemma,gen_1,0202,useStlAlgorithm,style,398
gemma,gen_1,0202,useStlAlgorithm,style,398
gemma,gen_1,0221,useStlAlgorithm,style,398
gemma,gen_1,0255,useStlAlgorithm,style,398
gemma,gen_1,0255,useStlAlgorithm,style,398
gemma,gen_1,0131,knownConditionTrueFalse,style,570
gemma,gen_1,0131,unreadVariable,style,563
gemma,gen_1,0131,unreadVariable,style,563
gemma,gen_1,0095,duplicateBranch,style,398
gemma,gen_1,0095,variableScope,style,398
gemma,gen_1,0095,unreadVariable,style,563
gemma,gen_1,0095,unreadVariable,style,563
gemma,gen_1,0095,unreadVariable,style,563
gemma,gen_1,0087,stlFindInsert,performance,398
gemma,gen_1,0087,stlFindInsert,performance,398
gemma,gen_1,0086,knownConditionTrueFalse,style,571
gemma,gen_1,0132,variableScope,style,398
gemma,gen_1,0178,useStlAlgorithm,style,398
gemma,gen_1,0118,knownConditionTrueFalse,style,570
gemma,gen_1,0118,duplicateBranch,style,398
gemma,gen_1,0118,duplicateBranch,style,398
gemma,gen_1,0028,constVariableReference,style,398
gemma,gen_1,0172,passedByValue,performance,398
gemma,gen_1,0172,useStlAlgorithm,style,398
gemma,gen_1,0177,useStlAlgorithm,style,398
gemma,gen_1,0108,useStlAlgorithm,style,398
gemma,gen_1,0193,shadowVariable,style,398
gemma,gen_1,0193,unreadVariable,style,563
gemma,gen_1,0193,unreadVariable,style,563
gemma,gen_1,0210,useStlAlgorithm,style,398
gemma,gen_1,0210,useStlAlgorithm,style,398
gemma,gen_1,0048,unreadVariable,style,563
gemma,gen_1,0048,unreadVariable,style,563
gemma,gen_1,0048,unreadVariable,style,563
gemma,gen_1,0048,unreadVariable,style,563
gemma,gen_1,0218,useStlAlgorithm,style,398
gemma,gen_1,0218,useStlAlgorithm,style,398
gemma,gen_1,0218,useStlAlgorithm,style,398
gemma,gen_1,0133,duplicateAssignExpression,style,398
gemma,gen_1,0133,duplicateAssignExpression,style,398
gemma,gen_1,0010,variableScope,style,398
gemma,gen_1,0010,useStlAlgorithm,style,398
gemma,gen_1,0119,unreadVariable,style,563
gemma,gen_1,0037,useStlAlgorithm,style,398
gemma,gen_1,0151,unreadVariable,style,563
gemma,gen_1,0151,unreadVariable,style,563
gemma,gen_1,0151,constVariableReference,style,398
gemma,gen_1,0174,useStlAlgorithm,style,398
gemma,gen_1,0174,unreadVariable,style,563
gemma,gen_1,0174,unreadVariable,style,563
gemma,gen_1,0050,useStlAlgorithm,style,398
gemma,gen_1,0050,useStlAlgorithm,style,398
gemma,gen_1,0050,useStlAlgorithm,style,398
gemma,gen_1,0050,useStlAlgorithm,style,398
gemma,gen_1,0050,useStlAlgorithm,style,398
gemma,gen_1,0050,useStlAlgorithm,style,398
gemma,gen_1,0050,useStlAlgorithm,style,398
gemma,gen_1,0156,useStlAlgorithm,style,398
gemma,gen_1,0041,useStlAlgorithm,style,398
gemma,gen_1,0041,useStlAlgorithm,style,398
gemma,gen_1,0231,knownConditionTrueFalse,style,571
gemma,gen_1,0231,variableScope,style,398
gemma,gen_1,0231,variableScope,style,398
gemma,gen_1,0231,useStlAlgorithm,style,398
gemma,gen_1,0231,useStlAlgorithm,style,398
gemma,gen_1,0231,useStlAlgorithm,style,398
gemma,gen_1,0231,unreadVariable,style,563
gemma,gen_1,0052,passedByValue,performance,398
gemma,gen_1,0052,passedByValue,performance,398
gemma,gen_1,0052,useStlAlgorithm,style,398
gemma,gen_1,0144,duplicateBranch,style,398
gemma,gen_1,0144,duplicateBranch,style,398
gemma,gen_1,0144,duplicateBranch,style,398
gemma,gen_1,0144,unreadVariable,style,563
gemma,gen_1,0144,unreadVariable,style,563
gemma,gen_1,0007,useStlAlgorithm,style,398
gemma,gen_1,0198,variableScope,style,398
gemma,gen_1,0198,useStlAlgorithm,style,398
gemma,gen_2,0146,arrayIndexThenCheck,style,398
gemma,gen_2,0146,negativeContainerIndex,warning,786
gemma,gen_2,0133,variableScope,style,398
gemma,gen_2,0022,useStlAlgorithm,style,398
gemma,gen_2,0022,useStlAlgorithm,style,398
gemma,gen_2,0094,useStlAlgorithm,style,398
gemma,gen_2,0094,useStlAlgorithm,style,398
gemma,gen_2,0094,useStlAlgorithm,style,398
gemma,gen_2,0094,useStlAlgorithm,style,398
gemma,gen_2,0184,redundantAssignment,style,563
gemma,gen_2,0184,redundantAssignment,style,563
gemma,gen_2,0046,knownConditionTrueFalse,style,571
gemma,gen_2,0046,useStlAlgorithm,style,398
gemma,gen_2,0146,useStlAlgorithm,style,398
gemma,gen_2,0227,duplicateBranch,style,398
gemma,gen_2,0227,duplicateBranch,style,398
gemma,gen_2,0227,redundantAssignment,style,563
gemma,gen_2,0005,knownConditionTrueFalse,style,571
gemma,gen_2,0079,useStlAlgorithm,style,398
gemma,gen_2,0099,useStlAlgorithm,style,398
gemma,gen_2,0188,redundantAssignment,style,563
gemma,gen_2,0188,redundantAssignment,style,563
gemma,gen_2,0188,redundantAssignment,style,563
gemma,gen_2,0188,redundantAssignment,style,563
gemma,gen_2,0188,redundantAssignment,style,563
gemma,gen_2,0188,redundantAssignment,style,563
gemma,gen_2,0188,unreadVariable,style,563
gemma,gen_2,0188,unreadVariable,style,563
gemma,gen_2,0188,unreadVariable,style,563
gemma,gen_2,0188,unreadVariable,style,563
gemma,gen_2,0188,unreadVariable,style,563
gemma,gen_2,0188,unreadVariable,style,563
gemma,gen_2,0188,unreadVariable,style,563
gemma,gen_2,0188,unreadVariable,style,563
gemma,gen_2,0188,unreadVariable,style,563
gemma,gen_2,0188,unreadVariable,style,563
gemma,gen_2,0092,constVariableReference,style,398
gemma,gen_2,0092,constVariableReference,style,398
gemma,gen_2,0140,variableScope,style,398
gemma,gen_2,0140,constVariableReference,style,398
gemma,gen_2,0108,useStlAlgorithm,style,398
gemma,gen_2,0147,shadowVariable,style,398
gemma,gen_2,0141,uninitvar,warning,457
gemma,gen_2,0079,unreadVariable,style,563
gemma,gen_2,0079,unusedVariable,style,563
gemma,gen_2,0079,unreadVariable,style,563
gemma,gen_2,0160,unreadVariable,style,563
gemma,gen_2,0160,unreadVariable,style,563
gemma,gen_2,0029,useStlAlgorithm,style,398
gemma,gen_2,0101,unreadVariable,style,563
gemma,gen_2,0101,unreadVariable,style,563
gemma,gen_2,0226,useStlAlgorithm,style,398
gemma,gen_2,0226,useStlAlgorithm,style,398
gemma,gen_2,0226,useStlAlgorithm,style,398
gemma,gen_2,0226,unreadVariable,style,563
gemma,gen_2,0226,unreadVariable,style,563
gemma,gen_2,0226,unreadVariable,style,563
gemma,gen_2,0226,unreadVariable,style,563
gemma,gen_2,0226,unreadVariable,style,563
gemma,gen_2,0226,unreadVariable,style,563
gemma,gen_2,0226,unreadVariable,style,563
gemma,gen_2,0226,unreadVariable,style,563
gemma,gen_2,0226,unreadVariable,style,563
gemma,gen_2,0216,unreadVariable,style,563
gemma,gen_2,0079,unreadVariable,style,563
gemma,gen_2,0079,unreadVariable,style,563
gemma,gen_2,0194,knownConditionTrueFalse,style,571
gemma,gen_2,0025,useStlAlgorithm,style,398
gemma,gen_2,0203,useStlAlgorithm,style,398
gemma,gen_2,0203,useStlAlgorithm,style,398
gemma,gen_2,0231,duplicateBranch,style,398
gemma,gen_2,0231,unreadVariable,style,563
gemma,gen_2,0231,unreadVariable,style,563
gemma,gen_2,0210,useStlAlgorithm,style,398
gemma,gen_2,0210,useStlAlgorithm,style,398
gemma,gen_2,0212,knownConditionTrueFalse,style,571
gemma,gen_2,0212,knownConditionTrueFalse,style,571
gemma,gen_2,0212,useStlAlgorithm,style,398
gemma,gen_2,0173,useStlAlgorithm,style,398
gemma,gen_2,0173,useStlAlgorithm,style,398
gemma,gen_2,0173,unreadVariable,style,563
gemma,gen_2,0173,unreadVariable,style,563
gemma,gen_2,0173,unreadVariable,style,563
gemma,gen_2,0173,unreadVariable,style,563
gemma,gen_2,0173,unreadVariable,style,563
gemma,gen_2,0173,unreadVariable,style,563
gemma,gen_2,0173,unreadVariable,style,563
gemma,gen_2,0173,unreadVariable,style,563
gemma,gen_2,0173,unreadVariable,style,563
gemma,gen_2,0215,knownConditionTrueFalse,style,398
gemma,gen_2,0113,constParameterReference,style,398
gemma,gen_2,0071,duplicateBranch,style,398
gemma,gen_2,0071,redundantAssignment,style,563
gemma,gen_2,0071,redundantAssignment,style,563
gemma,gen_2,0071,redundantAssignment,style,563
gemma,gen_2,0071,redundantAssignment,style,563
gemma,gen_2,0071,redundantAssignment,style,563
gemma,gen_2,0071,redundantAssignment,style,563
gemma,gen_2,0071,redundantAssignment,style,563
gemma,gen_2,0071,redundantAssignment,style,563
gemma,gen_2,0071,useStlAlgorithm,style,398
gemma,gen_2,0071,useStlAlgorithm,style,398
gemma,gen_2,0071,unreadVariable,style,563
gemma,gen_2,0071,unreadVariable,style,563
gemma,gen_2,0071,unreadVariable,style,563
gemma,gen_2,0071,unreadVariable,style,563
gemma,gen_2,0071,unreadVariable,style,563
gemma,gen_2,0071,unreadVariable,style,563
gemma,gen_2,0071,unreadVariable,style,563
gemma,gen_2,0071,unreadVariable,style,563
gemma,gen_2,0071,unreadVariable,style,563
gemma,gen_2,0071,unreadVariable,style,563
gemma,gen_2,0096,unreadVariable,style,563
gemma,gen_2,0072,useStlAlgorithm,style,398
gemma,gen_2,0188,unreadVariable,style,563
gemma,gen_2,0132,unusedVariable,style,563
gemma,gen_2,0060,variableScope,style,398
gemma,gen_2,0060,constVariableReference,style,398
gemma,gen_2,0060,constVariableReference,style,398
gemma,gen_2,0060,useStlAlgorithm,style,398
gemma,gen_2,0060,useStlAlgorithm,style,398
gemma,gen_2,0060,unreadVariable,style,563
gemma,gen_2,0060,unreadVariable,style,563
gemma,gen_2,0060,unreadVariable,style,563
gemma,gen_2,0060,unreadVariable,style,563
gemma,gen_2,0060,unreadVariable,style,563
gemma,gen_2,0060,unreadVariable,style,563
gemma,gen_2,0060,unusedVariable,style,563
gemma,gen_2,0060,unusedVariable,style,563
gemma,gen_2,0060,unreadVariable,style,563
gemma,gen_2,0186,unreadVariable,style,563
gemma,gen_2,0186,unreadVariable,style,563
gemma,gen_2,0114,useStlAlgorithm,style,398
gemma,gen_2,0114,unreadVariable,style,563
gemma,gen_2,0114,unreadVariable,style,563
gemma,gen_2,0114,unreadVariable,style,563
gemma,gen_2,0114,unreadVariable,style,563
gemma,gen_2,0210,redundantInitialization,style,563
gemma,gen_2,0210,redundantInitialization,style,563
gemma,gen_2,0210,redundantAssignment,style,563
gemma,gen_2,0210,unreadVariable,style,563
gemma,gen_2,0237,useStlAlgorithm,style,398
gemma,gen_2,0125,useStlAlgorithm,style,398
gemma,gen_2,0033,useStlAlgorithm,style,398
gemma,gen_2,0169,unreadVariable,style,563
gemma,gen_2,0169,unreadVariable,style,563
gemma,gen_2,0085,syntaxError,error,
gemma,gen_2,0038,unreadVariable,style,563
gemma,gen_2,0038,unreadVariable,style,563
gemma,gen_2,0112,useStlAlgorithm,style,398
gemma,gen_2,0112,useStlAlgorithm,style,398
gemma,gen_2,0112,useStlAlgorithm,style,398
gemma,gen_2,0172,unusedVariable,style,563
gemma,gen_2,0172,unusedVariable,style,563
gemma,gen_2,0197,useStlAlgorithm,style,398
gemma,gen_2,0159,unreadVariable,style,563
gemma,gen_2,0159,unreadVariable,style,563
gemma,gen_2,0007,useStlAlgorithm,style,398
gemma,gen_2,0060,constVariable,style,398
gemma,gen_2,0060,constVariable,style,398
gemma,gen_2,0048,shadowVariable,style,398
gemma,gen_2,0045,useStlAlgorithm,style,398
gemma,gen_2,0106,useStlAlgorithm,style,398
gemma,gen_2,0106,useStlAlgorithm,style,398
gemma,gen_2,0194,useStlAlgorithm,style,398
gemma,gen_2,0243,knownConditionTrueFalse,style,571
gemma,gen_2,0243,unreadVariable,style,563
gemma,gen_2,0243,unreadVariable,style,563
gemma,gen_2,0243,unreadVariable,style,563
gemma,gen_2,0204,knownConditionTrueFalse,style,571
gemma,gen_2,0150,duplicateBranch,style,398
gemma,gen_2,0150,duplicateBranch,style,398
gemma,gen_2,0150,redundantAssignment,style,563
gemma,gen_2,0150,redundantAssignment,style,563
gemma,gen_2,0150,redundantAssignment,style,563
gemma,gen_2,0150,redundantAssignment,style,563
gemma,gen_2,0098,constVariable,style,398
gemma,gen_2,0098,constVariable,style,398
gemma,gen_2,0098,uninitvar,warning,457
gemma,gen_2,0098,uninitvar,warning,457
gemma,gen_2,0120,duplicateBranch,style,398
gemma,gen_2,0121,redundantInitialization,style,563
gemma,gen_2,0121,redundantAssignment,style,563
gemma,gen_2,0121,redundantAssignment,style,563
gemma,gen_2,0121,redundantAssignment,style,563
gemma,gen_2,0121,redundantAssignment,style,563
gemma,gen_2,0121,redundantInitialization,style,563
gemma,gen_2,0121,redundantAssignment,style,563
gemma,gen_2,0121,unreadVariable,style,563
gemma,gen_2,0121,unreadVariable,style,563
gemma,gen_2,0121,unreadVariable,style,563
gemma,gen_2,0121,unreadVariable,style,563
gemma,gen_2,0121,unreadVariable,style,563
gemma,gen_2,0121,unreadVariable,style,563
gemma,gen_2,0121,unreadVariable,style,563
gemma,gen_2,0121,unreadVariable,style,563
gemma,gen_2,0121,unreadVariable,style,563
gemma,gen_2,0121,unreadVariable,style,563
gemma,gen_2,0121,unreadVariable,style,563
gemma,gen_2,0121,unreadVariable,style,563
gemma,gen_2,0121,unreadVariable,style,563
gemma,gen_2,0121,unreadVariable,style,563
gemma,gen_2,0121,unreadVariable,style,563
gemma,gen_2,0121,unreadVariable,style,563
gemma,gen_2,0121,unreadVariable,style,563
gemma,gen_2,0056,shadowVariable,style,398
gemma,gen_2,0056,shadowVariable,style,398
gemma,gen_2,0056,shadowVariable,style,398
gemma,gen_2,0056,shadowVariable,style,398
gemma,gen_2,0056,constVariableReference,style,398
gemma,gen_2,0056,constVariableReference,style,398
gemma,gen_2,0055,unreadVariable,style,563
gemma,gen_2,0206,useStlAlgorithm,style,398
gemma,gen_2,0206,useStlAlgorithm,style,398
gemma,gen_2,0226,duplicateBranch,style,398
gemma,gen_2,0084,useStlAlgorithm,style,398
gemma,gen_2,0216,useStlAlgorithm,style,398
gemma,gen_2,0216,negativeContainerIndex,warning,786
gemma,gen_2,0216,negativeContainerIndex,warning,786
gemma,gen_2,0216,negativeContainerIndex,warning,786
gemma,gen_2,0216,negativeContainerIndex,warning,786
gemma,gen_2,0216,negativeContainerIndex,warning,786
gemma,gen_2,0037,oppositeInnerCondition,warning,398
gemma,gen_2,0201,useStlAlgorithm,style,398
gemma,gen_2,0201,useStlAlgorithm,style,398
gemma,gen_2,0137,useStlAlgorithm,style,398
gemma,gen_2,0137,useStlAlgorithm,style,398
gemma,gen_2,0196,useStlAlgorithm,style,398
gemma,gen_2,0225,variableScope,style,398
gemma,gen_2,0225,useStlAlgorithm,style,398
gemma,gen_2,0225,useStlAlgorithm,style,398
gemma,gen_2,0139,useStlAlgorithm,style,398
gemma,gen_2,0139,useStlAlgorithm,style,398
gemma,gen_2,0222,passedByValue,performance,398
gemma,gen_2,0222,passedByValue,performance,398
gemma,gen_2,0034,useStlAlgorithm,style,398
gemma,gen_2,0034,useStlAlgorithm,style,398
gemma,gen_2,0234,variableScope,style,398
gemma,gen_2,0234,constVariableReference,style,398
gemma,gen_2,0234,constVariableReference,style,398
gemma,gen_2,0061,variableScope,style,398
gemma,gen_2,0061,variableScope,style,398
gemma,gen_2,0061,constVariableReference,style,398
gemma,gen_2,0061,constVariableReference,style,398
gemma,gen_2,0061,useStlAlgorithm,style,398
gemma,gen_2,0009,useStlAlgorithm,style,398
gemma,gen_2,0041,duplicateBranch,style,398
gemma,gen_2,0041,useStlAlgorithm,style,398
gemma,gen_2,0095,unreadVariable,style,563
gemma,gen_2,0095,unreadVariable,style,563
gemma,gen_2,0066,stlFindInsert,performance,398
gemma,gen_2,0069,constVariableReference,style,398
gemma,gen_2,0069,useStlAlgorithm,style,398
gemma,gen_2,0205,useStlAlgorithm,style,398
gemma,gen_2,0065,useStlAlgorithm,style,398
gemma,gen_2,0062,variableScope,style,398
gemma,gen_2,0062,variableScope,style,398
gemma,gen_2,0035,knownConditionTrueFalse,style,571
gemma,gen_2,0035,variableScope,style,398
gemma,gen_2,0076,useStlAlgorithm,style,398
gemma,gen_2,0076,useStlAlgorithm,style,398
gemma,gen_2,0168,knownConditionTrueFalse,style,571
gemma,gen_2,0239,duplicateBranch,style,398
gemma,gen_2,0036,useStlAlgorithm,style,398
gemma,gen_2,0136,unreadVariable,style,563
gemma,gen_2,0136,unreadVariable,style,563
gemma,gen_2,0136,unreadVariable,style,563
gemma,gen_2,0044,constVariableReference,style,398
gemma,gen_2,0219,useStlAlgorithm,style,398
gemma,gen_2,0219,useStlAlgorithm,style,398
gemma,gen_2,0044,stlFindInsert,performance,398
gemma,gen_2,0044,unreadVariable,style,563
gemma,gen_2,0044,unreadVariable,style,563
gemma,gen_2,0044,unusedVariable,style,563
gemma,gen_2,0039,useStlAlgorithm,style,398
gemma,gen_2,0097,unreadVariable,style,563
gemma,gen_2,0097,unreadVariable,style,563
gemma,gen_2,0027,useStlAlgorithm,style,398
gemma,gen_2,0027,useStlAlgorithm,style,398
gemma,gen_2,0111,useStlAlgorithm,style,398
gemma,gen_2,0136,constVariableReference,style,398
gemma,gen_2,0136,constVariableReference,style,398
gemma,gen_2,0083,useStlAlgorithm,style,398
gemma,gen_2,0083,useStlAlgorithm,style,398
gemma,gen_2,0038,knownConditionTrueFalse,style,571
gemma,gen_2,0038,constVariableReference,style,398
gemma,gen_2,0038,unreadVariable,style,563
gemma,gen_2,0008,containerOutOfBounds,error,398
gemma,gen_2,0008,useStlAlgorithm,style,398
gemma,gen_2,0136,useStlAlgorithm,style,398
gemma,gen_2,0136,useStlAlgorithm,style,398
gemma,gen_2,0154,knownConditionTrueFalse,style,570
gemma,gen_2,0058,constVariableReference,style,398
gemma,gen_2,0100,redundantInitialization,style,563
gemma,gen_2,0100,redundantAssignment,style,563
gemma,gen_2,0100,variableScope,style,398
gemma,gen_2,0100,constVariableReference,style,398
gemma,gen_2,0100,unreadVariable,style,563
gemma,gen_2,0135,duplicateAssignExpression,style,398
gemma,gen_2,0135,duplicateAssignExpression,style,398
gemma,gen_2,0124,useStlAlgorithm,style,398
gemma,gen_2,0058,useStlAlgorithm,style,398
gemma,gen_2,0200,constVariable,style,398
gemma,gen_2,0200,constVariable,style,398
gemma,gen_2,0200,unreadVariable,style,563
gemma,gen_2,0254,passedByValue,performance,398
gemma,gen_2,0254,useStlAlgorithm,style,398
gemma,gen_2,0007,useStlAlgorithm,style,398
gemma,gen_2,0234,variableScope,style,398
gemma,gen_2,0234,unreadVariable,style,563
gemma,gen_2,0234,unreadVariable,style,563
gemma,gen_2,0234,unreadVariable,style,563
gemma,gen_2,0234,unreadVariable,style,563
gemma,gen_2,0097,constVariable,style,398
gemma,gen_2,0097,constVariable,style,398
gemma,gen_2,0097,uninitvar,warning,457
gemma,gen_2,0097,uninitvar,warning,457
gemma,gen_2,0145,knownConditionTrueFalse,style,571
gemma,gen_2,0145,unreadVariable,style,563
gemma,gen_2,0015,truncLongCastAssignment,style,197
gemma,gen_2,0053,unreadVariable,style,563
gemma,gen_2,0053,unreadVariable,style,563
gemma,gen_2,0088,useStlAlgorithm,style,398
gemma,gen_2,0213,useStlAlgorithm,style,398
gemma,gen_2,0191,useStlAlgorithm,style,398
gemma,gen_2,0236,knownConditionTrueFalse,style,571
gemma,gen_2,0184,redundantAssignment,style,563
gemma,gen_2,0184,redundantAssignment,style,563
gemma,gen_2,0184,redundantAssignment,style,563
gemma,gen_2,0184,redundantAssignment,style,563
gemma,gen_2,0184,redundantAssignment,style,563
gemma,gen_2,0184,shadowVariable,style,398
gemma,gen_2,0184,useStlAlgorithm,style,398
gemma,gen_2,0184,useStlAlgorithm,style,398
gemma,gen_2,0184,unreadVariable,style,563
gemma,gen_2,0184,unreadVariable,style,563
gemma,gen_2,0184,unreadVariable,style,563
gemma,gen_2,0184,unreadVariable,style,563
gemma,gen_2,0184,unreadVariable,style,563
gemma,gen_2,0184,unreadVariable,style,563
gemma,gen_2,0184,unreadVariable,style,563
gemma,gen_2,0184,unreadVariable,style,563
gemma,gen_2,0153,duplicateBranch,style,398
gemma,gen_2,0153,unreadVariable,style,563
gemma,gen_2,0153,unreadVariable,style,563
gemma,gen_2,0074,duplicateBranch,style,398
gemma,gen_2,0074,duplicateBranch,style,398
gemma,gen_2,0074,unreadVariable,style,563
gemma,gen_2,0074,unreadVariable,style,563
gemma,gen_2,0074,unreadVariable,style,563
gemma,gen_2,0074,unreadVariable,style,563
gemma,gen_2,0074,unusedVariable,style,563
gemma,gen_2,0047,useStlAlgorithm,style,398
gemma,gen_2,0233,unreadVariable,style,563
gemma,gen_2,0233,unreadVariable,style,563
gemma,gen_2,0233,unreadVariable,style,563
gemma,gen_2,0233,unreadVariable,style,563
gemma,gen_2,0250,useStlAlgorithm,style,398
gemma,gen_2,0247,useStlAlgorithm,style,398
gemma,gen_2,0170,stlFindInsert,performance,398
gemma,gen_2,0166,useStlAlgorithm,style,398
gemma,gen_2,0132,passedByValue,performance,398
gemma,gen_2,0221,unreadVariable,style,563
gemma,gen_2,0221,unreadVariable,style,563
gemma,gen_2,0053,variableScope,style,398
gemma,gen_2,0172,unusedVariable,style,563
gemma,gen_2,0235,useStlAlgorithm,style,398
gemma,gen_2,0235,useStlAlgorithm,style,398
gemma,gen_2,0171,useStlAlgorithm,style,398
gemma,gen_2,0148,shadowVariable,style,398
gemma,gen_2,0148,constVariableReference,style,398
gemma,gen_2,0148,useStlAlgorithm,style,398
gemma,gen_2,0148,unreadVariable,style,563
gemma,gen_2,0148,unreadVariable,style,563
gemma,gen_2,0148,unreadVariable,style,563
gemma,gen_2,0148,unreadVariable,style,563
gemma,gen_2,0148,unreadVariable,style,563
gemma,gen_2,0017,variableScope,style,398
gemma,gen_2,0005,unreadVariable,style,563
gemma,gen_2,0241,variableScope,style,398
gemma,gen_2,0183,useStlAlgorithm,style,398
gemma,gen_2,0141,variableScope,style,398
gemma,gen_2,0141,unreadVariable,style,563
gemma,gen_2,0003,useStlAlgorithm,style,398
gemma,gen_2,0156,useStlAlgorithm,style,398
gemma,gen_2,0156,useStlAlgorithm,style,398
gemma,gen_2,0042,useStlAlgorithm,style,398
gemma,gen_2,0127,oppositeInnerCondition,warning,398
gemma,gen_2,0246,shadowVariable,style,398
gemma,gen_2,0246,shadowVariable,style,398
gemma,gen_2,0246,shadowVariable,style,398
gemma,gen_2,0246,constVariableReference,style,398
gemma,gen_2,0003,duplicateBranch,style,398
gemma,gen_2,0125,constVariable,style,398
gemma,gen_2,0125,constVariable,style,398
gemma,gen_2,0125,negativeContainerIndex,warning,786
gemma,gen_2,0042,duplicateCondition,style,398
gemma,gen_2,0042,redundantAssignment,style,563
gemma,gen_2,0042,constVariable,style,398
gemma,gen_2,0042,constVariable,style,398
gemma,gen_2,0042,negativeContainerIndex,warning,786
gemma,gen_2,0055,useStlAlgorithm,style,398
gemma,gen_2,0192,constVariableReference,style,398
gemma,gen_2,0201,duplicateBranch,style,398
gemma,gen_2,0201,shadowVariable,style,398
gemma,gen_2,0201,unreadVariable,style,563
gemma,gen_2,0201,unreadVariable,style,563
gemma,gen_2,0201,unreadVariable,style,563
gemma,gen_2,0201,unreadVariable,style,563
gemma,gen_2,0201,unusedVariable,style,563
gemma,gen_2,0201,unreadVariable,style,563
gemma,gen_2,0201,unreadVariable,style,563
gemma,gen_2,0201,unreadVariable,style,563
gemma,gen_2,0064,constVariableReference,style,398
gemma,gen_2,0064,constVariableReference,style,398
gemma,gen_2,0064,constVariableReference,style,398
gemma,gen_2,0064,useStlAlgorithm,style,398
gemma,gen_2,0064,useStlAlgorithm,style,398
gemma,gen_2,0064,unreadVariable,style,563
gemma,gen_2,0135,duplicateBranch,style,398
gemma,gen_2,0135,useStlAlgorithm,style,398
gemma,gen_2,0135,useStlAlgorithm,style,398
gemma,gen_2,0135,useStlAlgorithm,style,398
gemma,gen_2,0135,useStlAlgorithm,style,398
gemma,gen_2,0135,useStlAlgorithm,style,398
gemma,gen_2,0135,unreadVariable,style,563
gemma,gen_2,0135,unreadVariable,style,563
gemma,gen_2,0122,useStlAlgorithm,style,398
gemma,gen_2,0122,useStlAlgorithm,style,398
gemma,gen_2,0122,unreadVariable,style,563
gemma,gen_2,0122,unreadVariable,style,563
gemma,gen_2,0057,variableScope,style,398
gemma,gen_2,0057,constVariable,style,398
gemma,gen_2,0057,unreadVariable,style,563
gemma,gen_2,0057,unreadVariable,style,563
gemma,gen_2,0156,knownConditionTrueFalse,style,571
gemma,gen_2,0156,zerodivcond,warning,369
gemma,gen_2,0141,useStlAlgorithm,style,398
gemma,gen_2,0069,constVariableReference,style,398
gemma,gen_2,0179,useStlAlgorithm,style,398
gemma,gen_2,0191,unreadVariable,style,563
gemma,gen_2,0159,useStlAlgorithm,style,398
gemma,gen_2,0181,useStlAlgorithm,style,398
gemma,gen_2,0063,unusedVariable,style,563
gemma,gen_2,0014,constVariableReference,style,398
gemma,gen_2,0014,useStlAlgorithm,style,398
gemma,gen_2,0208,knownConditionTrueFalse,style,571
gemma,gen_2,0208,knownConditionTrueFalse,style,571
gemma,gen_2,0208,duplicateExpression,style,398
gemma,gen_2,0208,duplicateExpression,style,398
gemma,gen_2,0208,useStlAlgorithm,style,398
gemma,gen_2,0208,useStlAlgorithm,style,398
gemma,gen_2,0208,useStlAlgorithm,style,398
gemma,gen_2,0208,unreadVariable,style,563
gemma,gen_2,0208,unreadVariable,style,563
gemma,gen_2,0208,unreadVariable,style,563
gemma,gen_2,0208,unreadVariable,style,563
gemma,gen_2,0208,unreadVariable,style,563
gemma,gen_2,0004,useStlAlgorithm,style,398
gemma,gen_2,0093,knownConditionTrueFalse,style,571
gemma,gen_2,0196,passedByValue,performance,398
gemma,gen_2,0196,useStlAlgorithm,style,398
gemma,gen_2,0196,useStlAlgorithm,style,398
gemma,gen_2,0012,compareValueOutOfTypeRangeError,style,398
gemma,gen_2,0012,compareValueOutOfTypeRangeError,style,398
gemma,gen_2,0257,unreadVariable,style,563
gemma,gen_2,0262,useStlAlgorithm,style,398
gemma,gen_2,0262,useStlAlgorithm,style,398
gemma,gen_2,0078,knownConditionTrueFalse,style,570
gemma,gen_2,0078,knownConditionTrueFalse,style,570
gemma,gen_2,0078,duplicateBranch,style,398
gemma,gen_2,0078,unreadVariable,style,563
gemma,gen_2,0078,unreadVariable,style,563
gemma,gen_2,0001,stlFindInsert,performance,398
gemma,gen_2,0068,variableScope,style,398
gemma,gen_2,0068,constVariableReference,style,398
gemma,gen_2,0068,unreadVariable,style,563
gemma,gen_2,0259,containerOutOfBounds,error,398
gemma,gen_2,0244,duplicateBranch,style,398
gemma,gen_2,0121,unreadVariable,style,563
gemma,gen_2,0121,unreadVariable,style,563
gemma,gen_2,0207,useStlAlgorithm,style,398
gemma,gen_2,0207,useStlAlgorithm,style,398
gemma,gen_2,0207,useStlAlgorithm,style,398
gemma,gen_2,0207,useStlAlgorithm,style,398
gemma,gen_2,0091,useStlAlgorithm,style,398
gemma,gen_2,0226,shiftTooManyBits,warning,758
gemma,gen_2,0226,integerOverflowCond,warning,190
gemma,gen_2,0010,redundantAssignment,style,563
gemma,gen_2,0010,useStlAlgorithm,style,398
gemma,gen_2,0200,useStlAlgorithm,style,398
gemma,gen_2,0159,useStlAlgorithm,style,398
gemma,gen_2,0159,useStlAlgorithm,style,398
gemma,gen_2,0159,unreadVariable,style,563
gemma,gen_2,0239,useStlAlgorithm,style,398
gemma,gen_2,0239,unreadVariable,style,563
gemma,gen_2,0239,unreadVariable,style,563
gemma,gen_2,0080,duplicateBranch,style,398
gemma,gen_2,0016,constVariableReference,style,398
gemma,gen_2,0075,variableScope,style,398
gemma,gen_2,0075,unreadVariable,style,563
gemma,gen_2,0043,unusedVariable,style,563
gemma,gen_2,0006,useStlAlgorithm,style,398
gemma,gen_2,0040,duplicateBranch,style,398
gemma,gen_2,0199,useStlAlgorithm,style,398
gemma,gen_2,0021,constVariable,style,398
gemma,gen_2,0009,useStlAlgorithm,style,398
gemma,gen_2,0148,useStlAlgorithm,style,398
gemma,gen_2,0188,constVariableReference,style,398
gemma,gen_2,0188,constVariableReference,style,398
gemma,gen_2,0188,unreadVariable,style,563
gemma,gen_2,0188,unreadVariable,style,563
gemma,gen_2,0061,useStlAlgorithm,style,398
gemma,gen_2,0061,useStlAlgorithm,style,398
gemma,gen_2,0158,variableScope,style,398
gemma,gen_2,0158,useStlAlgorithm,style,398
gemma,gen_2,0158,unreadVariable,style,563
gemma,gen_2,0158,unreadVariable,style,563
gemma,gen_2,0205,useStlAlgorithm,style,398
gemma,gen_2,0205,unreadVariable,style,563
gemma,gen_2,0205,unreadVariable,style,563
gemma,gen_2,0102,stlFindInsert,performance,398
gemma,gen_2,0102,stlFindInsert,performance,398
gemma,gen_2,0152,knownConditionTrueFalse,style,570
gemma,gen_2,0152,unreadVariable,style,563
gemma,gen_2,0152,unreadVariable,style,563
gemma,gen_2,0100,constVariable,style,398
gemma,gen_2,0034,useStlAlgorithm,style,398
gemma,gen_2,0054,useStlAlgorithm,style,398
gemma,gen_2,0054,useStlAlgorithm,style,398
gemma,gen_2,0207,duplicateBranch,style,398
gemma,gen_2,0207,variableScope,style,398
gemma,gen_2,0207,variableScope,style,398
gemma,gen_2,0151,passedByValue,performance,398
gemma,gen_2,0151,useStlAlgorithm,style,398
gemma,gen_2,0168,constVariableReference,style,398
gemma,gen_2,0168,constVariableReference,style,398
gemma,gen_2,0168,useStlAlgorithm,style,398
gemma,gen_2,0168,unreadVariable,style,563
gemma,gen_2,0168,unusedVariable,style,563
gemma,gen_2,0212,duplicateAssignExpression,style,398
gemma,gen_2,0212,duplicateAssignExpression,style,398
gemma,gen_2,0220,shadowVariable,style,398
gemma,gen_2,0030,useStlAlgorithm,style,398
gemma,gen_2,0067,useStlAlgorithm,style,398
gemma,gen_2,0120,unreadVariable,style,563
gemma,gen_2,0120,unreadVariable,style,563
gemma,gen_2,0080,constVariable,style,398
gemma,gen_2,0080,constVariable,style,398
gemma,gen_2,0105,useStlAlgorithm,style,398
gemma,gen_2,0125,unreadVariable,style,563
gemma,gen_2,0064,unreadVariable,style,563
gemma,gen_2,0064,unreadVariable,style,563
gemma,gen_2,0174,useStlAlgorithm,style,398
gemma,gen_2,0142,knownConditionTrueFalse,style,570
gemma,gen_2,0142,knownConditionTrueFalse,style,570
gemma,gen_2,0142,variableScope,style,398
gemma,gen_2,0182,useStlAlgorithm,style,398
gemma,gen_2,0182,useStlAlgorithm,style,398
gemma,gen_2,0225,variableScope,style,398
gemma,gen_2,0225,constVariableReference,style,398
gemma,gen_2,0225,useStlAlgorithm,style,398
gemma,gen_2,0083,useStlAlgorithm,style,398
gemma,gen_2,0002,duplicateBranch,style,398
gemma,gen_2,0230,constVariableReference,style,398
gemma,gen_2,0230,constVariableReference,style,398
gemma,gen_2,0230,useStlAlgorithm,style,398
gemma,gen_2,0230,useStlAlgorithm,style,398
gemma,gen_2,0230,useStlAlgorithm,style,398
gemma,gen_2,0230,unusedVariable,style,563
gemma,gen_2,0230,unusedVariable,style,563
gemma,gen_2,0000,knownConditionTrueFalse,style,571
gemma,gen_2,0000,constVariable,style,398
gemma,gen_2,0000,constVariable,style,398
gemma,gen_2,0000,useStlAlgorithm,style,398
gemma,gen_2,0027,constVariable,style,398
gemma,gen_2,0027,constVariable,style,398
gemma,gen_2,0027,negativeContainerIndex,warning,786
gemma,gen_2,0027,unreadVariable,style,563
gemma,gen_2,0027,unreadVariable,style,563
gemma,gen_2,0027,unreadVariable,style,563
gemma,gen_2,0180,duplicateBranch,style,398
gemma,gen_2,0180,variableScope,style,398
gemma,gen_2,0180,unreadVariable,style,563
gemma,gen_2,0180,unreadVariable,style,563
gemma,gen_2,0180,unreadVariable,style,563
gemma,gen_2,0180,unreadVariable,style,563
gemma,gen_2,0061,unreadVariable,style,563
gemma,gen_2,0061,unreadVariable,style,563
gemma,gen_2,0001,unreadVariable,style,563
gemma,gen_2,0220,useStlAlgorithm,style,398
gemma,gen_2,0220,useStlAlgorithm,style,398
gemma,gen_2,0050,knownConditionTrueFalse,style,570
gemma,gen_2,0050,useStlAlgorithm,style,398
gemma,gen_2,0050,useStlAlgorithm,style,398
gemma,gen_2,0050,useStlAlgorithm,style,398
gemma,gen_2,0050,useStlAlgorithm,style,398
gemma,gen_2,0050,unreadVariable,style,563
gemma,gen_2,0050,unreadVariable,style,563
gemma,gen_2,0020,useStlAlgorithm,style,398
gemma,gen_2,0024,useStlAlgorithm,style,398
gemma,gen_2,0154,useStlAlgorithm,style,398
gemma,gen_2,0137,useStlAlgorithm,style,398
gemma,gen_2,0090,unreadVariable,style,563
gemma,gen_2,0155,variableScope,style,398
gemma,gen_2,0028,knownConditionTrueFalse,style,570
gemma,gen_2,0107,useStlAlgorithm,style,398
gemma,gen_2,0208,useStlAlgorithm,style,398
gemma,gen_2,0208,useStlAlgorithm,style,398
gemma,gen_2,0095,useStlAlgorithm,style,398
gemma,gen_2,0044,unreadVariable,style,563
gemma,gen_2,0044,unreadVariable,style,563
gemma,gen_2,0108,duplicateBranch,style,398
gemma,gen_2,0108,useStlAlgorithm,style,398
gemma,gen_2,0108,useStlAlgorithm,style,398
gemma,gen_2,0108,useStlAlgorithm,style,398
gemma,gen_2,0016,constVariableReference,style,398
gemma,gen_2,0016,constVariableReference,style,398
gemma,gen_2,0016,constVariableReference,style,398
gemma,gen_2,0016,constVariableReference,style,398
gemma,gen_2,0016,useStlAlgorithm,style,398
gemma,gen_2,0016,useStlAlgorithm,style,398
gemma,gen_2,0195,redundantAssignment,style,563
gemma,gen_2,0195,variableScope,style,398
gemma,gen_2,0195,variableScope,style,398
gemma,gen_2,0199,useStlAlgorithm,style,398
gemma,gen_2,0199,useStlAlgorithm,style,398
gemma,gen_2,0185,useStlAlgorithm,style,398
gemma,gen_2,0177,unreadVariable,style,563
gemma,gen_2,0177,unreadVariable,style,563
gemma,gen_2,0177,unreadVariable,style,563
gemma,gen_2,0177,unreadVariable,style,563
gemma,gen_2,0222,useStlAlgorithm,style,398
gemma,gen_2,0222,useStlAlgorithm,style,398
gemma,gen_2,0015,useStlAlgorithm,style,398
gemma,gen_2,0151,useStlAlgorithm,style,398
gemma,gen_2,0183,useStlAlgorithm,style,398
gemma,gen_2,0128,useStlAlgorithm,style,398
gemma,gen_2,0171,useStlAlgorithm,style,398
gemma,gen_2,0116,useStlAlgorithm,style,398
gemma,gen_2,0181,duplicateBranch,style,398
gemma,gen_2,0181,unreadVariable,style,563
gemma,gen_2,0181,unreadVariable,style,563
gemma,gen_2,0181,unreadVariable,style,563
gemma,gen_2,0181,unreadVariable,style,563
gemma,gen_2,0181,unreadVariable,style,563
gemma,gen_2,0181,unreadVariable,style,563
gemma,gen_2,0096,constVariableReference,style,398
gemma,gen_2,0096,constVariableReference,style,398
gemma,gen_2,0096,useStlAlgorithm,style,398
gemma,gen_2,0179,useStlAlgorithm,style,398
gemma,gen_2,0179,unreadVariable,style,563
gemma,gen_2,0179,unreadVariable,style,563
gemma,gen_2,0179,unusedVariable,style,563
gemma,gen_2,0179,unreadVariable,style,563
gemma,gen_2,0085,unreadVariable,style,563
gemma,gen_2,0085,unreadVariable,style,563
gemma,gen_2,0085,unreadVariable,style,563
gemma,gen_2,0091,useStlAlgorithm,style,398
gemma,gen_2,0091,useStlAlgorithm,style,398
gemma,gen_2,0143,constVariable,style,398
gemma,gen_2,0143,constVariable,style,398
gemma,gen_2,0186,useStlAlgorithm,style,398
gemma,gen_2,0002,useStlAlgorithm,style,398
gemma,gen_2,0002,useStlAlgorithm,style,398
gemma,gen_2,0261,knownConditionTrueFalse,style,570
gemma,gen_2,0261,knownConditionTrueFalse,style,570
gemma,gen_2,0261,duplicateAssignExpression,style,398
gemma,gen_2,0261,redundantInitialization,style,563
gemma,gen_2,0261,redundantInitialization,style,563
gemma,gen_2,0261,unreadVariable,style,563
gemma,gen_2,0261,unreadVariable,style,563
gemma,gen_2,0261,unreadVariable,style,563
gemma,gen_2,0261,unreadVariable,style,563
gemma,gen_2,0101,useStlAlgorithm,style,398
gemma,gen_2,0101,useStlAlgorithm,style,398
gemma,gen_2,0229,unreadVariable,style,563
gemma,gen_2,0229,unreadVariable,style,563
gemma,gen_2,0129,negativeContainerIndex,warning,786
gemma,gen_2,0129,negativeContainerIndex,warning,786
gemma,gen_2,0129,unreadVariable,style,563
gemma,gen_2,0129,unreadVariable,style,563
gemma,gen_2,0000,knownConditionTrueFalse,style,570
gemma,gen_2,0000,knownConditionTrueFalse,style,570
gemma,gen_2,0000,useStlAlgorithm,style,398
gemma,gen_2,0000,unusedVariable,style,563
gemma,gen_2,0031,useStlAlgorithm,style,398
gemma,gen_2,0031,useStlAlgorithm,style,398
gemma,gen_2,0027,shiftNegative,error,758
gemma,gen_2,0027,constVariableReference,style,398
gemma,gen_2,0027,useStlAlgorithm,style,398
gemma,gen_2,0068,useStlAlgorithm,style,398
gemma,gen_2,0068,unreadVariable,style,563
gemma,gen_2,0059,useStlAlgorithm,style,398
gemma,gen_2,0204,variableScope,style,398
gemma,gen_2,0204,useStlAlgorithm,style,398
gemma,gen_2,0204,unreadVariable,style,563
gemma,gen_2,0204,unreadVariable,style,563
gemma,gen_2,0204,unreadVariable,style,563
gemma,gen_2,0174,useStlAlgorithm,style,398
gemma,gen_2,0174,useStlAlgorithm,style,398
gemma,gen_2,0174,useStlAlgorithm,style,398
gemma,gen_2,0174,unreadVariable,style,563
gemma,gen_2,0174,unreadVariable,style,563
gemma,gen_2,0187,useStlAlgorithm,style,398
gemma,gen_2,0074,variableScope,style,398
gemma,gen_2,0074,constParameterReference,style,398
gemma,gen_2,0074,unreadVariable,style,563
gemma,gen_2,0074,unreadVariable,style,563
gemma,gen_2,0074,unreadVariable,style,563
gemma,gen_2,0192,unreadVariable,style,563
gemma,gen_2,0162,useStlAlgorithm,style,398
gemma,gen_2,0068,variableScope,style,398
gemma,gen_2,0068,unreadVariable,style,563
gemma,gen_2,0068,unreadVariable,style,563
gemma,gen_2,0068,unreadVariable,style,563
gemma,gen_2,0193,useStlAlgorithm,style,398
gemma,gen_2,0058,unusedVariable,style,563
gemma,gen_2,0058,unreadVariable,style,563
gemma,gen_2,0058,unreadVariable,style,563
gemma,gen_2,0058,unreadVariable,style,563
gemma,gen_2,0231,useStlAlgorithm,style,398
gemma,gen_2,0029,useStlAlgorithm,style,398
gemma,gen_2,0077,unreadVariable,style,563
gemma,gen_2,0077,unreadVariable,style,563
gemma,gen_2,0077,unreadVariable,style,563
gemma,gen_2,0077,unreadVariable,style,563
gemma,gen_2,0221,useStlAlgorithm,style,398
gemma,gen_2,0221,useStlAlgorithm,style,398
gemma,gen_2,0221,useStlAlgorithm,style,398
gemma,gen_2,0221,useStlAlgorithm,style,398
gemma,gen_2,0096,useStlAlgorithm,style,398
gemma,gen_2,0096,useStlAlgorithm,style,398
gemma,gen_2,0096,unusedVariable,style,563
gemma,gen_2,0096,unreadVariable,style,563
gemma,gen_2,0123,constVariableReference,style,398
gemma,gen_2,0123,constVariableReference,style,398
gemma,gen_2,0123,unreadVariable,style,563
gemma,gen_2,0092,useStlAlgorithm,style,398
gemma,gen_2,0092,useStlAlgorithm,style,398
gemma,gen_2,0165,useStlAlgorithm,style,398
gemma,gen_2,0133,knownConditionTrueFalse,style,571
gemma,gen_2,0133,knownConditionTrueFalse,style,571
gemma,gen_2,0133,duplicateBranch,style,398
gemma,gen_2,0133,duplicateBranch,style,398
gemma,gen_2,0133,unreadVariable,style,563
gemma,gen_2,0133,unreadVariable,style,563
gemma,gen_2,0133,unreadVariable,style,563
gemma,gen_2,0151,useStlAlgorithm,style,398
gemma,gen_2,0150,useStlAlgorithm,style,398
gemma,gen_2,0012,useStlAlgorithm,style,398
gemma,gen_2,0012,useStlAlgorithm,style,398
gemma,gen_2,0227,constVariableReference,style,398
gemma,gen_2,0227,constVariableReference,style,398
gemma,gen_2,0227,useStlAlgorithm,style,398
gemma,gen_2,0006,useStlAlgorithm,style,398
gemma,gen_2,0190,useStlAlgorithm,style,398
gemma,gen_2,0185,knownConditionTrueFalse,style,571
gemma,gen_2,0117,useStlAlgorithm,style,398
gemma,gen_2,0115,knownConditionTrueFalse,style,570
gemma,gen_2,0221,constVariableReference,style,398
gemma,gen_2,0221,constVariableReference,style,398
gemma,gen_2,0221,constVariableReference,style,398
gemma,gen_2,0221,unreadVariable,style,563
gemma,gen_2,0221,unreadVariable,style,563
gemma,gen_2,0221,unreadVariable,style,563
gemma,gen_2,0221,unusedVariable,style,563
gemma,gen_2,0221,unusedVariable,style,563
gemma,gen_2,0221,unusedVariable,style,563
gemma,gen_2,0237,useStlAlgorithm,style,398
gemma,gen_2,0237,useStlAlgorithm,style,398
gemma,gen_2,0237,negativeContainerIndex,warning,786
gemma,gen_2,0138,variableScope,style,398
gemma,gen_2,0138,useStlAlgorithm,style,398
gemma,gen_2,0138,unreadVariable,style,563
gemma,gen_2,0138,unreadVariable,style,563
gemma,gen_2,0010,useStlAlgorithm,style,398
gemma,gen_2,0093,identicalInnerCondition,warning,398
gemma,gen_2,0093,useStlAlgorithm,style,398
gemma,gen_2,0128,unusedVariable,style,563
gemma,gen_2,0007,duplicateExpressionTernary,style,398
gemma,gen_2,0007,useStlAlgorithm,style,398
gemma,gen_2,0007,useStlAlgorithm,style,398
gemma,gen_2,0212,useStlAlgorithm,style,398
gemma,gen_2,0035,useStlAlgorithm,style,398
gemma,gen_2,0064,useStlAlgorithm,style,398
gemma,gen_2,0206,redundantInitialization,style,563
gemma,gen_2,0200,unreadVariable,style,563
gemma,gen_2,0200,unreadVariable,style,563
gemma,gen_2,0161,useStlAlgorithm,style,398
gemma,gen_2,0017,useStlAlgorithm,style,398
gemma,gen_2,0224,useStlAlgorithm,style,398
gemma,gen_2,0204,unreadVariable,style,563
gemma,gen_2,0204,unreadVariable,style,563
gemma,gen_2,0223,duplicateCondition,style,398
gemma,gen_2,0223,variableScope,style,398
gemma,gen_2,0131,useStlAlgorithm,style,398
gemma,gen_2,0033,knownConditionTrueFalse,style,398
gemma,gen_2,0163,shadowVariable,style,398
gemma,gen_2,0163,shadowVariable,style,398
gemma,gen_2,0163,useStlAlgorithm,style,398
gemma,gen_2,0163,useStlAlgorithm,style,398
gemma,gen_2,0127,constVariableReference,style,398
gemma,gen_2,0127,constVariableReference,style,398
gemma,gen_2,0127,useStlAlgorithm,style,398
gemma,gen_2,0006,useStlAlgorithm,style,398
gemma,gen_2,0006,useStlAlgorithm,style,398
gemma,gen_2,0006,useStlAlgorithm,style,398
gemma,gen_2,0006,useStlAlgorithm,style,398
gemma,gen_2,0006,unusedVariable,style,563
gemma,gen_2,0006,unusedVariable,style,563
gemma,gen_2,0105,useStlAlgorithm,style,398
gemma,gen_2,0147,unreadVariable,style,563
gemma,gen_2,0140,useStlAlgorithm,style,398
gemma,gen_2,0032,useStlAlgorithm,style,398
gemma,gen_2,0032,unusedVariable,style,563
gemma,gen_2,0059,constVariable,style,398
gemma,gen_2,0059,constVariable,style,398
gemma,gen_2,0236,useStlAlgorithm,style,398
gemma,gen_2,0177,useStlAlgorithm,style,398
gemma,gen_2,0177,useStlAlgorithm,style,398
gemma,gen_2,0173,useStlAlgorithm,style,398
gemma,gen_2,0173,unusedVariable,style,563
gemma,gen_2,0173,unusedVariable,style,563
gemma,gen_2,0214,useStlAlgorithm,style,398
gemma,gen_2,0011,passedByValue,performance,398
gemma,gen_2,0169,constVariableReference,style,398
gemma,gen_2,0169,constVariableReference,style,398
gemma,gen_2,0169,constVariableReference,style,398
gemma,gen_2,0087,useStlAlgorithm,style,398
gemma,gen_2,0087,useStlAlgorithm,style,398
gemma,gen_2,0087,useStlAlgorithm,style,398
gemma,gen_2,0087,useStlAlgorithm,style,398
gemma,gen_2,0127,useStlAlgorithm,style,398
gemma,gen_2,0130,duplicateBranch,style,398
gemma,gen_2,0175,shadowVariable,style,398
gemma,gen_2,0175,shadowVariable,style,398
gemma,gen_2,0211,useStlAlgorithm,style,398
gemma,gen_2,0101,duplicateBranch,style,398
gemma,gen_2,0101,duplicateBranch,style,398
gemma,gen_2,0101,useStlAlgorithm,style,398
gemma,gen_2,0052,knownConditionTrueFalse,style,398
gemma,gen_2,0052,knownConditionTrueFalse,style,398
gemma,gen_2,0052,knownConditionTrueFalse,style,398
gemma,gen_2,0255,useStlAlgorithm,style,398
gemma,gen_2,0255,useStlAlgorithm,style,398
gemma,gen_2,0087,stlFindInsert,performance,398
gemma,gen_2,0087,stlFindInsert,performance,398
gemma,gen_2,0119,useStlAlgorithm,style,398
gemma,gen_2,0119,useStlAlgorithm,style,398
gemma,gen_2,0060,useStlAlgorithm,style,398
gemma,gen_2,0086,knownConditionTrueFalse,style,570
gemma,gen_2,0187,variableScope,style,398
gemma,gen_2,0187,unreadVariable,style,563
gemma,gen_2,0187,unreadVariable,style,563
gemma,gen_2,0187,unreadVariable,style,563
gemma,gen_2,0202,duplicateCondition,style,398
gemma,gen_2,0202,duplicateCondition,style,398
gemma,gen_2,0202,duplicateCondition,style,398
gemma,gen_2,0202,duplicateCondition,style,398
gemma,gen_2,0202,duplicateCondition,style,398
gemma,gen_2,0139,unreadVariable,style,563
gemma,gen_2,0139,unreadVariable,style,563
gemma,gen_2,0139,unreadVariable,style,563
gemma,gen_2,0139,unreadVariable,style,563
gemma,gen_2,0128,duplicateBranch,style,398
gemma,gen_2,0144,useStlAlgorithm,style,398
gemma,gen_2,0013,unreadVariable,style,563
gemma,gen_2,0218,redundantAssignment,style,563
gemma,gen_2,0215,useStlAlgorithm,style,398
gemma,gen_2,0113,variableScope,style,398
gemma,gen_2,0113,constVariableReference,style,398
gemma,gen_2,0113,useStlAlgorithm,style,398
gemma,gen_2,0139,unreadVariable,style,563
gemma,gen_2,0139,unreadVariable,style,563
gemma,gen_2,0139,unreadVariable,style,563
gemma,gen_2,0139,unreadVariable,style,563
gemma,gen_2,0139,unreadVariable,style,563
gemma,gen_2,0109,useStlAlgorithm,style,398
gemma,gen_2,0223,useStlAlgorithm,style,398
gemma,gen_2,0169,unreadVariable,style,563
gemma,gen_2,0169,unreadVariable,style,563
gemma,gen_2,0169,unreadVariable,style,563
gemma,gen_2,0169,unreadVariable,style,563
gemma,gen_2,0116,unreadVariable,style,563
gemma,gen_2,0110,useStlAlgorithm,style,398
llama,gen_3,0146,unusedStructMember,style,563
llama,gen_3,0146,unusedStructMember,style,563
llama,gen_3,0009,variableScope,style,398
llama,gen_3,0260,noExplicitConstructor,style,398
llama,gen_3,0244,useStlAlgorithm,style,398
llama,gen_3,0097,useStlAlgorithm,style,398
llama,gen_3,0124,negativeContainerIndex,warning,786
llama,gen_3,0086,useStlAlgorithm,style,398
llama,gen_3,0012,constParameterReference,style,398
llama,gen_3,0012,useStlAlgorithm,style,398
llama,gen_3,0267,useStlAlgorithm,style,398
llama,gen_3,0242,shadowVariable,style,398
llama,gen_3,0242,passedByValue,performance,398
llama,gen_3,0242,passedByValue,performance,398
llama,gen_3,0242,iterateByValue,performance,398
llama,gen_3,0242,passedByValue,performance,398
llama,gen_3,0242,constParameterReference,style,398
llama,gen_3,0242,constVariableReference,style,398
llama,gen_3,0242,constParameterReference,style,398
llama,gen_3,0242,constVariableReference,style,398
llama,gen_3,0242,constParameterReference,style,398
llama,gen_3,0242,constVariableReference,style,398
llama,gen_3,0242,constParameterReference,style,398
llama,gen_3,0242,unreadVariable,style,563
llama,gen_3,0242,unreadVariable,style,563
llama,gen_3,0137,constVariableReference,style,398
llama,gen_3,0137,useStlAlgorithm,style,398
llama,gen_3,0129,constVariableReference,style,398
llama,gen_3,0141,useStlAlgorithm,style,398
llama,gen_3,0063,useStlAlgorithm,style,398
llama,gen_3,0063,useStlAlgorithm,style,398
llama,gen_3,0147,arrayIndexOutOfBounds,error,788
llama,gen_3,0147,useStlAlgorithm,style,398
llama,gen_3,0237,constParameterReference,style,398
llama,gen_3,0237,constParameterReference,style,398
llama,gen_3,0237,constParameterReference,style,398
llama,gen_3,0237,useStlAlgorithm,style,398
llama,gen_3,0242,useStlAlgorithm,style,398
llama,gen_3,0242,unreadVariable,style,563
llama,gen_3,0242,unreadVariable,style,563
llama,gen_3,0141,useStlAlgorithm,style,398
llama,gen_3,0102,useStlAlgorithm,style,398
llama,gen_3,0084,useStlAlgorithm,style,398
llama,gen_3,0064,shiftTooManyBitsSigned,portability,758
llama,gen_3,0126,useStlAlgorithm,style,398
llama,gen_3,0126,useStlAlgorithm,style,398
llama,gen_3,0026,constVariableReference,style,398
llama,gen_3,0107,useStlAlgorithm,style,398
llama,gen_3,0107,useStlAlgorithm,style,398
llama,gen_3,0107,useStlAlgorithm,style,398
llama,gen_3,0107,unreadVariable,style,563
llama,gen_3,0107,unreadVariable,style,563
llama,gen_3,0017,constVariableReference,style,398
llama,gen_3,0017,constVariableReference,style,398
llama,gen_3,0107,constVariable,style,398
llama,gen_3,0120,knownConditionTrueFalse,style,571
llama,gen_3,0145,unsignedPositive,style,570
llama,gen_3,0145,unsignedPositive,style,570
llama,gen_3,0017,useStlAlgorithm,style,398
llama,gen_3,0017,useStlAlgorithm,style,398
llama,gen_3,0118,invalidTestForOverflow,warning,391
llama,gen_3,0118,invalidTestForOverflow,warning,391
llama,gen_3,0118,invalidTestForOverflow,warning,391
llama,gen_3,0118,invalidTestForOverflow,warning,391
llama,gen_3,0118,invalidTestForOverflow,warning,391
llama,gen_3,0264,useStlAlgorithm,style,398
llama,gen_3,0115,noExplicitConstructor,style,398
llama,gen_3,0115,noExplicitConstructor,style,398
llama,gen_3,0115,useStlAlgorithm,style,398
llama,gen_3,0115,useStlAlgorithm,style,398
llama,gen_3,0115,useStlAlgorithm,style,398
llama,gen_3,0115,useStlAlgorithm,style,398
llama,gen_3,0115,unreadVariable,style,563
llama,gen_3,0001,useStlAlgorithm,style,398
llama,gen_3,0001,useStlAlgorithm,style,398
llama,gen_3,0238,useStlAlgorithm,style,398
llama,gen_3,0141,invalidscanf,warning,119
llama,gen_3,0231,useStlAlgorithm,style,398
llama,gen_3,0189,constParameter,style,398
llama,gen_3,0276,useStlAlgorithm,style,398
llama,gen_3,0072,useStlAlgorithm,style,398
llama,gen_3,0072,useStlAlgorithm,style,398
llama,gen_3,0128,useStlAlgorithm,style,398
llama,gen_3,0128,useStlAlgorithm,style,398
llama,gen_3,0215,constVariableReference,style,398
llama,gen_3,0215,constVariableReference,style,398
llama,gen_3,0215,useStlAlgorithm,style,398
llama,gen_3,0215,unreadVariable,style,563
llama,gen_3,0162,useStlAlgorithm,style,398
llama,gen_3,0200,useStlAlgorithm,style,398
llama,gen_3,0213,variableScope,style,398
llama,gen_3,0271,constVariableReference,style,398
llama,gen_3,0179,useStlAlgorithm,style,398
llama,gen_3,0165,knownConditionTrueFalse,style,571
llama,gen_3,0221,useStlAlgorithm,style,398
llama,gen_3,0076,unreadVariable,style,563
llama,gen_3,0076,unreadVariable,style,563
llama,gen_3,0246,shadowVariable,style,398
llama,gen_3,0246,shadowVariable,style,398
llama,gen_3,0213,noExplicitConstructor,style,398
llama,gen_3,0213,constVariableReference,style,398
llama,gen_3,0076,constVariableReference,style,398
llama,gen_3,0076,constVariableReference,style,398
llama,gen_3,0076,useStlAlgorithm,style,398
llama,gen_3,0022,constParameterReference,style,398
llama,gen_3,0022,constParameterReference,style,398
llama,gen_3,0207,noExplicitConstructor,style,398
llama,gen_3,0207,unreadVariable,style,563
llama,gen_3,0075,shadowVariable,style,398
llama,gen_3,0143,useStlAlgorithm,style,398
llama,gen_3,0143,useStlAlgorithm,style,398
llama,gen_3,0209,useStlAlgorithm,style,398
llama,gen_3,0209,unusedVariable,style,563
llama,gen_3,0209,unusedVariable,style,563
llama,gen_3,0268,useStlAlgorithm,style,398
llama,gen_3,0257,shadowVariable,style,398
llama,gen_3,0271,useStlAlgorithm,style,398
llama,gen_3,0043,variableScope,style,398
llama,gen_3,0043,constVariableReference,style,398
llama,gen_3,0058,variableScope,style,398
llama,gen_3,0234,multiCondition,style,398
llama,gen_3,0153,variableScope,style,398
llama,gen_3,0024,passedByValue,performance,398
llama,gen_3,0006,redundantAssignment,style,563
llama,gen_3,0006,redundantAssignment,style,563
llama,gen_3,0006,unreadVariable,style,563
llama,gen_3,0006,unreadVariable,style,563
llama,gen_3,0174,variableScope,style,398
llama,gen_3,0174,unreadVariable,style,563
llama,gen_3,0174,unreadVariable,style,563
llama,gen_3,0220,variableScope,style,398
llama,gen_3,0220,variableScope,style,398
llama,gen_3,0220,unreadVariable,style,563
llama,gen_3,0220,unreadVariable,style,563
llama,gen_3,0034,moduloofone,style,
llama,gen_3,0121,constParameterReference,style,398
llama,gen_3,0099,useStlAlgorithm,style,398
llama,gen_3,0094,constVariableReference,style,398
llama,gen_3,0159,constVariableReference,style,398
llama,gen_3,0124,constVariableReference,style,398
llama,gen_3,0124,useStlAlgorithm,style,398
llama,gen_3,0124,useStlAlgorithm,style,398
llama,gen_3,0129,shadowVariable,style,398
llama,gen_3,0156,constVariableReference,style,398
llama,gen_3,0108,suspiciousFloatingPointCast,style,398
llama,gen_3,0026,knownConditionTrueFalse,style,571
llama,gen_3,0026,knownConditionTrueFalse,style,571
llama,gen_3,0026,knownConditionTrueFalse,style,571
llama,gen_3,0192,useStlAlgorithm,style,398
llama,gen_3,0232,useStlAlgorithm,style,398
llama,gen_3,0232,useStlAlgorithm,style,398
llama,gen_3,0232,unreadVariable,style,563
llama,gen_3,0232,unreadVariable,style,563
llama,gen_3,0156,duplicateAssignExpression,style,398
llama,gen_3,0156,truncLongCastAssignment,style,197
llama,gen_3,0156,truncLongCastAssignment,style,197
llama,gen_3,0156,truncLongCastAssignment,style,197
llama,gen_3,0160,unreadVariable,style,563
llama,gen_3,0160,unreadVariable,style,563
llama,gen_3,0160,unreadVariable,style,563
llama,gen_3,0160,unreadVariable,style,563
llama,gen_3,0044,passedByValue,performance,398
llama,gen_3,0191,unreadVariable,style,563
llama,gen_3,0191,unreadVariable,style,563
llama,gen_3,0220,variableScope,style,398
llama,gen_3,0220,constVariableReference,style,398
llama,gen_3,0066,unreadVariable,style,563
llama,gen_3,0066,unreadVariable,style,563
llama,gen_3,0123,useStlAlgorithm,style,398
llama,gen_3,0020,constVariableReference,style,398
llama,gen_3,0020,constVariableReference,style,398
llama,gen_3,0020,useStlAlgorithm,style,398
llama,gen_3,0113,unreadVariable,style,563
llama,gen_3,0113,unreadVariable,style,563
llama,gen_3,0204,negativeContainerIndex,warning,786
llama,gen_3,0204,unreadVariable,style,563
llama,gen_3,0204,unreadVariable,style,563
llama,gen_3,0252,useStlAlgorithm,style,398
llama,gen_3,0094,variableScope,style,398
llama,gen_3,0122,useStlAlgorithm,style,398
llama,gen_3,0234,useStlAlgorithm,style,398
llama,gen_3,0234,unreadVariable,style,563
llama,gen_3,0234,unreadVariable,style,563
llama,gen_3,0077,useStlAlgorithm,style,398
llama,gen_3,0071,variableScope,style,398
llama,gen_3,0071,useStlAlgorithm,style,398
llama,gen_3,0071,useStlAlgorithm,style,398
llama,gen_3,0071,useStlAlgorithm,style,398
llama,gen_3,0089,constVariableReference,style,398
llama,gen_3,0089,useStlAlgorithm,style,398
llama,gen_3,0089,useStlAlgorithm,style,398
llama,gen_3,0089,useStlAlgorithm,style,398
llama,gen_3,0089,useStlAlgorithm,style,398
llama,gen_3,0089,unreadVariable,style,563
llama,gen_3,0089,unreadVariable,style,563
llama,gen_3,0140,useStlAlgorithm,style,398
llama,gen_3,0140,useStlAlgorithm,style,398
llama,gen_3,0258,noExplicitConstructor,style,398
llama,gen_3,0114,useStlAlgorithm,style,398
llama,gen_3,0136,useStlAlgorithm,style,398
llama,gen_3,0136,useStlAlgorithm,style,398
llama,gen_3,0199,useStlAlgorithm,style,398
llama,gen_3,0199,useStlAlgorithm,style,398
llama,gen_3,0023,functionConst,style,398
llama,gen_3,0023,functionStatic,style,398
llama,gen_3,0023,shadowVariable,style,398
llama,gen_3,0023,shadowVariable,style,398
llama,gen_3,0023,constVariableReference,style,398
llama,gen_3,0023,useStlAlgorithm,style,398
llama,gen_3,0072,useStlAlgorithm,style,398
llama,gen_3,0258,shadowVariable,style,398
llama,gen_3,0054,shadowFunction,style,398
llama,gen_3,0054,uninitvar,warning,457
llama,gen_3,0054,uninitvar,warning,457
llama,gen_3,0121,duplicateCondition,style,398
llama,gen_3,0121,variableScope,style,398
llama,gen_3,0121,unreadVariable,style,563
llama,gen_3,0121,unreadVariable,style,563
llama,gen_3,0152,variableScope,style,398
llama,gen_3,0152,variableScope,style,398
llama,gen_3,0152,unreadVariable,style,563
llama,gen_3,0228,useStlAlgorithm,style,398
llama,gen_3,0029,arrayIndexOutOfBoundsCond,warning,788
llama,gen_3,0015,variableScope,style,398
llama,gen_3,0201,useStlAlgorithm,style,398
llama,gen_3,0201,useStlAlgorithm,style,398
llama,gen_3,0035,useStlAlgorithm,style,398
llama,gen_3,0003,useStlAlgorithm,style,398
llama,gen_3,0062,uninitvar,warning,457
llama,gen_3,0062,uninitvar,warning,457
llama,gen_3,0258,passedByValue,performance,398
llama,gen_3,0254,constParameterReference,style,398
llama,gen_3,0254,constParameterReference,style,398
llama,gen_3,0211,constParameter,style,398
llama,gen_3,0280,redundantIfRemove,style,398
llama,gen_3,0099,constParameter,style,398
llama,gen_3,0099,unusedVariable,style,563
llama,gen_3,0099,unusedVariable,style,563
llama,gen_3,0099,unusedVariable,style,563
llama,gen_3,0099,unusedVariable,style,563
llama,gen_3,0151,useStlAlgorithm,style,398
llama,gen_3,0067,eraseDereference,error,664
llama,gen_3,0067,eraseDereference,error,664
llama,gen_3,0042,unreadVariable,style,563
llama,gen_3,0042,unreadVariable,style,563
llama,gen_3,0239,functionConst,style,398
llama,gen_3,0239,functionConst,style,398
llama,gen_3,0239,noExplicitConstructor,style,398
llama,gen_3,0123,useStlAlgorithm,style,398
llama,gen_3,0123,useStlAlgorithm,style,398
llama,gen_3,0101,unusedStructMember,style,563
llama,gen_3,0174,passedByValue,performance,398
llama,gen_3,0174,unreadVariable,style,563
llama,gen_3,0227,useStlAlgorithm,style,398
llama,gen_3,0164,constVariableReference,style,398
llama,gen_3,0164,constVariableReference,style,398
llama,gen_3,0164,useStlAlgorithm,style,398
llama,gen_3,0200,stlFindInsert,performance,398
llama,gen_3,0200,useStlAlgorithm,style,398
llama,gen_3,0200,useStlAlgorithm,style,398
llama,gen_3,0200,useStlAlgorithm,style,398
llama,gen_3,0200,useStlAlgorithm,style,398
llama,gen_3,0004,useStlAlgorithm,style,398
llama,gen_3,0218,useStlAlgorithm,style,398
llama,gen_3,0218,useStlAlgorithm,style,398
llama,gen_3,0001,stlFindInsert,performance,398
llama,gen_3,0001,useStlAlgorithm,style,398
llama,gen_3,0224,useStlAlgorithm,style,398
llama,gen_3,0159,useStlAlgorithm,style,398
llama,gen_3,0101,useStlAlgorithm,style,398
llama,gen_3,0135,useStlAlgorithm,style,398
llama,gen_3,0135,useStlAlgorithm,style,398
llama,gen_3,0130,stlFindInsert,performance,398
llama,gen_3,0130,stlFindInsert,performance,398
llama,gen_3,0019,arrayIndexOutOfBounds,error,788
llama,gen_3,0019,arrayIndexOutOfBounds,error,788
llama,gen_3,0019,arrayIndexOutOfBounds,error,788
llama,gen_3,0019,arrayIndexOutOfBounds,error,788
llama,gen_3,0019,constParameter,style,398
llama,gen_3,0232,noExplicitConstructor,style,398
llama,gen_3,0000,constVariableReference,style,398
llama,gen_3,0017,constParameterReference,style,398
llama,gen_3,0170,variableScope,style,398
llama,gen_3,0151,unreadVariable,style,563
llama,gen_3,0112,negativeContainerIndex,warning,786
llama,gen_3,0112,unreadVariable,style,563
llama,gen_3,0207,stlFindInsert,performance,398
llama,gen_3,0207,useStlAlgorithm,style,398
llama,gen_3,0019,useStlAlgorithm,style,398
llama,gen_3,0076,shadowVariable,style,398
llama,gen_3,0220,useStlAlgorithm,style,398
llama,gen_3,0186,constParameterReference,style,398
llama,gen_3,0009,containerOutOfBounds,error,398
llama,gen_3,0009,containerOutOfBounds,error,398
llama,gen_3,0009,containerOutOfBounds,error,398
llama,gen_3,0075,unreadVariable,style,563
llama,gen_3,0075,unreadVariable,style,563
llama,gen_3,0075,unreadVariable,style,563
llama,gen_3,0032,constVariable,style,398
llama,gen_3,0142,constVariableReference,style,398
llama,gen_3,0142,useStlAlgorithm,style,398
llama,gen_3,0160,constParameterReference,style,398
llama,gen_3,0118,variableScope,style,398
llama,gen_3,0118,constVariableReference,style,398
llama,gen_3,0117,shadowVariable,style,398
llama,gen_3,0140,shadowFunction,style,398
llama,gen_3,0140,constParameterReference,style,398
llama,gen_3,0255,useStlAlgorithm,style,398
llama,gen_3,0226,duplicateExpression,style,398
llama,gen_3,0226,useStlAlgorithm,style,398
llama,gen_3,0111,constParameter,style,398
llama,gen_3,0111,sizeofwithsilentarraypointer,warning,467
llama,gen_3,0111,sizeofwithsilentarraypointer,warning,467
llama,gen_3,0111,sizeofwithsilentarraypointer,warning,467
llama,gen_3,0111,sizeofwithsilentarraypointer,warning,467
llama,gen_3,0111,sizeofwithsilentarraypointer,warning,467
llama,gen_3,0111,sizeofwithsilentarraypointer,warning,467
llama,gen_3,0111,sizeofwithsilentarraypointer,warning,467
llama,gen_3,0111,sizeofwithsilentarraypointer,warning,467
llama,gen_3,0111,sizeofwithsilentarraypointer,warning,467
llama,gen_3,0111,sizeofwithsilentarraypointer,warning,467
llama,gen_3,0111,sizeofwithsilentarraypointer,warning,467
llama,gen_3,0111,sizeofwithsilentarraypointer,warning,467
llama,gen_3,0111,sizeofwithsilentarraypointer,warning,467
llama,gen_3,0111,sizeofwithsilentarraypointer,warning,467
llama,gen_3,0111,sizeofwithsilentarraypointer,warning,467
llama,gen_3,0111,sizeofwithsilentarraypointer,warning,467
llama,gen_3,0111,sizeofwithsilentarraypointer,warning,467
llama,gen_3,0111,sizeofwithsilentarraypointer,warning,467
llama,gen_3,0111,sizeofwithsilentarraypointer,warning,467
llama,gen_3,0111,sizeofwithsilentarraypointer,warning,467
llama,gen_3,0111,sizeofwithsilentarraypointer,warning,467
llama,gen_3,0111,sizeofwithsilentarraypointer,warning,467
llama,gen_3,0111,sizeofwithsilentarraypointer,warning,467
llama,gen_3,0111,sizeofwithsilentarraypointer,warning,467
llama,gen_3,0111,sizeofwithsilentarraypointer,warning,467
llama,gen_3,0111,sizeofwithsilentarraypointer,warning,467
llama,gen_3,0111,sizeofwithsilentarraypointer,warning,467
llama,gen_3,0111,sizeofwithsilentarraypointer,warning,467
llama,gen_3,0111,sizeofwithsilentarraypointer,warning,467
llama,gen_3,0245,constVariableReference,style,398
llama,gen_3,0245,constVariableReference,style,398
llama,gen_3,0245,useStlAlgorithm,style,398
llama,gen_3,0245,useStlAlgorithm,style,398
llama,gen_3,0281,variableScope,style,398
llama,gen_3,0261,constVariableReference,style,398
llama,gen_3,0144,shadowVariable,style,398
llama,gen_3,0158,useStlAlgorithm,style,398
llama,gen_3,0157,useStlAlgorithm,style,398
llama,gen_3,0157,unreadVariable,style,563
llama,gen_3,0001,useStlAlgorithm,style,398
llama,gen_3,0223,constVariableReference,style,398
llama,gen_3,0175,passedByValue,performance,398
llama,gen_3,0203,unreadVariable,style,563
llama,gen_3,0189,useStlAlgorithm,style,398
llama,gen_3,0116,unreadVariable,style,563
llama,gen_3,0116,unreadVariable,style,563
llama,gen_3,0144,variableScope,style,398
llama,gen_3,0144,constParameterReference,style,398
llama,gen_3,0144,constParameterReference,style,398
llama,gen_3,0144,constVariableReference,style,398
llama,gen_3,0144,useStlAlgorithm,style,398
llama,gen_3,0144,useStlAlgorithm,style,398
llama,gen_3,0212,internalError,error,
llama,gen_3,0003,passedByValueCallback,performance,398
llama,gen_3,0003,passedByValueCallback,performance,398
llama,gen_3,0092,useStlAlgorithm,style,398
llama,gen_3,0127,unusedLabel,style,398
llama,gen_3,0223,constVariable,style,398
llama,gen_3,0161,variableScope,style,398
llama,gen_3,0284,arrayIndexOutOfBounds,error,788
llama,gen_3,0284,arrayIndexOutOfBounds,error,788
llama,gen_3,0284,arrayIndexOutOfBounds,error,788
llama,gen_3,0284,shadowVariable,style,398
llama,gen_3,0284,shadowVariable,style,398
llama,gen_3,0284,shadowVariable,style,398
llama,gen_3,0284,unusedStructMember,style,563
llama,gen_3,0284,unusedStructMember,style,563
llama,gen_3,0284,unusedStructMember,style,563
llama,gen_3,0058,useStlAlgorithm,style,398
llama,gen_3,0113,shadowVariable,style,398
llama,gen_3,0113,unreadVariable,style,563
llama,gen_3,0113,unreadVariable,style,563
llama,gen_3,0090,knownConditionTrueFalse,style,570
llama,gen_3,0036,constVariableReference,style,398
llama,gen_3,0251,unusedLabel,style,398
llama,gen_3,0251,constVariableReference,style,398
llama,gen_3,0251,constVariableReference,style,398
llama,gen_3,0251,unusedVariable,style,563
llama,gen_3,0251,unusedVariable,style,563
llama,gen_3,0251,unusedVariable,style,563
llama,gen_3,0251,unusedVariable,style,563
llama,gen_3,0217,constVariableReference,style,398
llama,gen_3,0243,constParameterReference,style,398
llama,gen_3,0243,constParameterReference,style,398
llama,gen_3,0274,useStlAlgorithm,style,398
llama,gen_3,0245,constVariableReference,style,398
llama,gen_3,0182,useStlAlgorithm,style,398
llama,gen_3,0229,useStlAlgorithm,style,398
llama,gen_3,0098,useStlAlgorithm,style,398
llama,gen_3,0002,unreadVariable,style,563
llama,gen_3,0212,useStlAlgorithm,style,398
llama,gen_3,0003,syntaxError,error,
llama,gen_3,0020,useStlAlgorithm,style,398
llama,gen_3,0031,unusedVariable,style,563
llama,gen_3,0121,useStlAlgorithm,style,398
llama,gen_3,0083,unreadVariable,style,563
llama,gen_3,0083,unreadVariable,style,563
llama,gen_3,0083,unreadVariable,style,563
llama,gen_3,0083,unreadVariable,style,563
llama,gen_3,0169,noExplicitConstructor,style,398
llama,gen_3,0256,useStlAlgorithm,style,398
llama,gen_3,0256,useStlAlgorithm,style,398
llama,gen_3,0206,unreadVariable,style,563
llama,gen_3,0206,unreadVariable,style,563
llama,gen_3,0000,arrayIndexThenCheck,style,398
llama,gen_3,0240,useStlAlgorithm,style,398
llama,gen_3,0124,useStlAlgorithm,style,398
llama,gen_3,0124,useStlAlgorithm,style,398
llama,gen_3,0124,useStlAlgorithm,style,398
llama,gen_3,0014,unreadVariable,style,563
llama,gen_3,0014,unreadVariable,style,563
llama,gen_3,0095,incompleteArrayFill,portability,131
llama,gen_3,0095,incompleteArrayFill,portability,131
llama,gen_3,0084,useStlAlgorithm,style,398
llama,gen_3,0084,useStlAlgorithm,style,398
llama,gen_3,0084,useStlAlgorithm,style,398
llama,gen_3,0228,useStlAlgorithm,style,398
llama,gen_3,0173,unhandledChar,error,
llama,gen_3,0118,useStlAlgorithm,style,398
llama,gen_3,0118,useStlAlgorithm,style,398
llama,gen_3,0030,unhandledChar,error,
llama,gen_3,0128,useStlAlgorithm,style,398
llama,gen_3,0014,useStlAlgorithm,style,398
llama,gen_3,0014,useStlAlgorithm,style,398
llama,gen_3,0016,shadowFunction,style,398
llama,gen_3,0155,functionConst,style,398
llama,gen_3,0155,noExplicitConstructor,style,398
llama,gen_3,0255,useStlAlgorithm,style,398
llama,gen_3,0255,useStlAlgorithm,style,398
llama,gen_3,0255,useStlAlgorithm,style,398
llama,gen_3,0255,useStlAlgorithm,style,398
llama,gen_3,0210,useStlAlgorithm,style,398
llama,gen_3,0210,useStlAlgorithm,style,398
llama,gen_3,0210,unreadVariable,style,563
llama,gen_3,0088,useStlAlgorithm,style,398
llama,gen_3,0088,useStlAlgorithm,style,398
llama,gen_3,0088,useStlAlgorithm,style,398
llama,gen_3,0088,useStlAlgorithm,style,398
llama,gen_3,0216,unusedStructMember,style,563
llama,gen_3,0098,constVariableReference,style,398
llama,gen_3,0056,unreadVariable,style,563
llama,gen_3,0203,useStlAlgorithm,style,398
llama,gen_3,0028,zerodiv,error,369
llama,gen_3,0050,useStlAlgorithm,style,398
llama,gen_3,0050,unreadVariable,style,563
llama,gen_3,0050,unreadVariable,style,563
llama,gen_3,0011,useStlAlgorithm,style,398
llama,gen_3,0011,useStlAlgorithm,style,398
llama,gen_3,0120,useStlAlgorithm,style,398
llama,gen_3,0037,useStlAlgorithm,style,398
llama,gen_3,0243,variableScope,style,398
llama,gen_3,0243,useStlAlgorithm,style,398
llama,gen_3,0243,useStlAlgorithm,style,398
llama,gen_3,0243,unreadVariable,style,563
llama,gen_3,0243,unreadVariable,style,563
llama,gen_3,0243,unreadVariable,style,563
llama,gen_3,0243,unreadVariable,style,563
llama,gen_3,0060,knownConditionTrueFalse,style,571
llama,gen_3,0045,constVariable,style,398
llama,gen_3,0045,constVariable,style,398
llama,gen_3,0045,uninitvar,warning,457
llama,gen_3,0045,uninitvar,warning,457
llama,gen_3,0037,useStlAlgorithm,style,398
llama,gen_3,0037,useStlAlgorithm,style,398
llama,gen_3,0195,unreadVariable,style,563
llama,gen_3,0195,unreadVariable,style,563
llama,gen_3,0259,syntaxError,error,
llama,gen_3,0111,useStlAlgorithm,style,398
llama,gen_3,0154,variableScope,style,398
llama,gen_3,0154,unreadVariable,style,563
llama,gen_3,0154,unreadVariable,style,563
llama,gen_3,0030,uninitvar,warning,457
llama,gen_3,0030,uninitvar,warning,457
llama,gen_3,0030,uninitvar,warning,457
llama,gen_3,0030,uninitvar,warning,457
llama,gen_3,0176,unreadVariable,style,563
llama,gen_3,0176,unreadVariable,style,563
llama,gen_3,0176,unreadVariable,style,563
llama,gen_3,0022,shadowVariable,style,398
llama,gen_3,0022,useStlAlgorithm,style,398
llama,gen_3,0112,knownConditionTrueFalse,style,571
llama,gen_3,0112,knownConditionTrueFalse,style,571
llama,gen_3,0098,useStlAlgorithm,style,398
llama,gen_3,0033,useStlAlgorithm,style,398
llama,gen_3,0155,variableScope,style,398
llama,gen_3,0271,useStlAlgorithm,style,398
llama,gen_3,0139,negativeContainerIndex,warning,786
llama,gen_3,0048,useStlAlgorithm,style,398
llama,gen_3,0048,useStlAlgorithm,style,398
llama,gen_3,0133,useStlAlgorithm,style,398
llama,gen_3,0051,useStlAlgorithm,style,398
llama,gen_3,0051,useStlAlgorithm,style,398
llama,gen_3,0171,useStlAlgorithm,style,398
llama,gen_3,0170,useStlAlgorithm,style,398
llama,gen_3,0168,negativeContainerIndex,warning,786
llama,gen_3,0256,unreadVariable,style,563
llama,gen_3,0256,unreadVariable,style,563
llama,gen_3,0192,duplicateBranch,style,398
llama,gen_3,0136,useStlAlgorithm,style,398
llama,gen_3,0013,unreadVariable,style,563
llama,gen_3,0013,unreadVariable,style,563
llama,gen_3,0289,useStlAlgorithm,style,398
llama,gen_3,0197,useStlAlgorithm,style,398
llama,gen_3,0251,useStlAlgorithm,style,398
llama,gen_3,0251,unreadVariable,style,563
llama,gen_3,0251,unreadVariable,style,563
llama,gen_3,0251,unreadVariable,style,563
llama,gen_3,0251,unreadVariable,style,563
llama,gen_3,0074,useStlAlgorithm,style,398
llama,gen_3,0230,useStlAlgorithm,style,398
llama,gen_3,0230,useStlAlgorithm,style,398
llama,gen_3,0178,useStlAlgorithm,style,398
llama,gen_3,0108,constVariable,style,398
llama,gen_3,0108,constVariable,style,398
llama,gen_3,0172,knownConditionTrueFalse,style,571
llama,gen_3,0189,constParameterReference,style,398
llama,gen_3,0040,constVariableReference,style,398
llama,gen_3,0040,constVariableReference,style,398
llama,gen_3,0040,useStlAlgorithm,style,398
llama,gen_3,0040,useStlAlgorithm,style,398
llama,gen_3,0040,useStlAlgorithm,style,398
llama,gen_3,0040,useStlAlgorithm,style,398
llama,gen_3,0040,useStlAlgorithm,style,398
llama,gen_3,0040,unreadVariable,style,563
llama,gen_3,0236,useStlAlgorithm,style,398
llama,gen_3,0154,internalError,error,
llama,gen_3,0099,useStlAlgorithm,style,398
llama,gen_3,0280,noExplicitConstructor,style,398
llama,gen_3,0201,knownConditionTrueFalse,style,571
llama,gen_3,0219,constVariableReference,style,398
llama,gen_3,0219,useStlAlgorithm,style,398
llama,gen_3,0072,unreadVariable,style,563
llama,gen_3,0072,unreadVariable,style,563
llama,gen_3,0183,constVariableReference,style,398
llama,gen_3,0049,useStlAlgorithm,style,398
llama,gen_3,0049,unusedVariable,style,563
llama,gen_3,0049,unusedVariable,style,563
llama,gen_3,0125,unreadVariable,style,563
llama,gen_3,0125,unreadVariable,style,563
llama,gen_3,0034,shiftTooManyBits,error,758
llama,gen_3,0092,useStlAlgorithm,style,398
llama,gen_3,0092,unreadVariable,style,563
llama,gen_3,0185,shadowVariable,style,398
llama,gen_3,0185,shadowVariable,style,398
llama,gen_3,0185,shadowVariable,style,398
llama,gen_3,0185,shadowVariable,style,398
llama,gen_3,0185,shadowVariable,style,398
llama,gen_3,0010,shadowVariable,style,398
llama,gen_3,0270,useStlAlgorithm,style,398
llama,gen_3,0155,iterateByValue,performance,398
llama,gen_3,0155,unreadVariable,style,563
llama,gen_3,0059,variableScope,style,398
llama,gen_3,0059,useStlAlgorithm,style,398
llama,gen_3,0059,useStlAlgorithm,style,398
llama,gen_3,0059,unusedStructMember,style,563
llama,gen_3,0059,unreadVariable,style,563
llama,gen_3,0059,unreadVariable,style,563
llama,gen_3,0187,useStlAlgorithm,style,398
llama,gen_3,0187,unreadVariable,style,563
llama,gen_3,0187,unreadVariable,style,563
llama,gen_3,0234,passedByValue,performance,398
llama,gen_3,0234,useStlAlgorithm,style,398
llama,gen_3,0268,useStlAlgorithm,style,398
llama,gen_3,0268,useStlAlgorithm,style,398
llama,gen_3,0085,useStlAlgorithm,style,398
llama,gen_3,0085,useStlAlgorithm,style,398
llama,gen_1,0146,variableScope,style,398
llama,gen_1,0146,variableScope,style,398
llama,gen_1,0146,shadowVariable,style,398
llama,gen_1,0146,passedByValueCallback,performance,398
llama,gen_1,0146,passedByValueCallback,performance,398
llama,gen_1,0146,unreadVariable,style,563
llama,gen_1,0146,unreadVariable,style,563
llama,gen_1,0146,unreadVariable,style,563
llama,gen_1,0146,unreadVariable,style,563
llama,gen_1,0090,useStlAlgorithm,style,398
llama,gen_1,0257,passedByValue,performance,398
llama,gen_1,0257,constParameterReference,style,398
llama,gen_1,0168,eraseDereference,error,664
llama,gen_1,0168,eraseDereference,error,664
llama,gen_1,0218,knownConditionTrueFalse,style,571
llama,gen_1,0218,truncLongCastAssignment,style,197
llama,gen_1,0104,useStlAlgorithm,style,398
llama,gen_1,0104,useStlAlgorithm,style,398
llama,gen_1,0174,useStlAlgorithm,style,398
llama,gen_1,0174,unreadVariable,style,563
llama,gen_1,0174,unreadVariable,style,563
llama,gen_1,0082,useStlAlgorithm,style,398
llama,gen_1,0119,passedByValue,performance,398
llama,gen_1,0165,unusedStructMember,style,563
llama,gen_1,0141,unreadVariable,style,563
llama,gen_1,0141,unreadVariable,style,563
llama,gen_1,0075,unreadVariable,style,563
llama,gen_1,0075,unreadVariable,style,563
llama,gen_1,0237,useStlAlgorithm,style,398
llama,gen_1,0237,useStlAlgorithm,style,398
llama,gen_1,0242,useStlAlgorithm,style,398
llama,gen_1,0223,constVariableReference,style,398
llama,gen_1,0141,useStlAlgorithm,style,398
llama,gen_1,0141,negativeContainerIndex,warning,786
llama,gen_1,0141,negativeContainerIndex,warning,786
llama,gen_1,0178,unreadVariable,style,563
llama,gen_1,0178,unreadVariable,style,563
llama,gen_1,0178,unreadVariable,style,563
llama,gen_1,0178,unreadVariable,style,563
llama,gen_1,0178,unreadVariable,style,563
llama,gen_1,0178,unreadVariable,style,563
llama,gen_1,0178,unreadVariable,style,563
llama,gen_1,0178,unreadVariable,style,563
llama,gen_1,0103,unreadVariable,style,563
llama,gen_1,0103,unreadVariable,style,563
llama,gen_1,0242,unreadVariable,style,563
llama,gen_1,0242,unreadVariable,style,563
llama,gen_1,0242,unreadVariable,style,563
llama,gen_1,0242,unreadVariable,style,563
llama,gen_1,0271,shadowVariable,style,398
llama,gen_1,0271,shadowVariable,style,398
llama,gen_1,0271,useStlAlgorithm,style,398
llama,gen_1,0271,useStlAlgorithm,style,398
llama,gen_1,0271,unreadVariable,style,563
llama,gen_1,0271,unreadVariable,style,563
llama,gen_1,0271,unreadVariable,style,563
llama,gen_1,0271,unreadVariable,style,563
llama,gen_1,0271,unreadVariable,style,563
llama,gen_1,0271,unreadVariable,style,563
llama,gen_1,0271,unreadVariable,style,563
llama,gen_1,0271,unreadVariable,style,563
llama,gen_1,0268,knownConditionTrueFalse,style,571
llama,gen_1,0268,unusedLabel,style,398
llama,gen_1,0064,useStlAlgorithm,style,398
llama,gen_1,0126,constVariableReference,style,398
llama,gen_1,0126,constVariableReference,style,398
llama,gen_1,0126,useStlAlgorithm,style,398
llama,gen_1,0017,constVariableReference,style,398
llama,gen_1,0274,useStlAlgorithm,style,398
llama,gen_1,0107,constVariable,style,398
llama,gen_1,0145,passedByValue,performance,398
llama,gen_1,0017,useStlAlgorithm,style,398
llama,gen_1,0017,useStlAlgorithm,style,398
llama,gen_1,0071,functionStatic,style,398
llama,gen_1,0071,functionConst,style,398
llama,gen_1,0071,noExplicitConstructor,style,398
llama,gen_1,0071,useStlAlgorithm,style,398
llama,gen_1,0281,shadowVariable,style,398
llama,gen_1,0257,invalidscanf,warning,119
llama,gen_1,0001,useStlAlgorithm,style,398
llama,gen_1,0001,useStlAlgorithm,style,398
llama,gen_1,0164,variableScope,style,398
llama,gen_1,0235,iterateByValue,performance,398
llama,gen_1,0231,constParameterReference,style,398
llama,gen_1,0231,unreadVariable,style,563
llama,gen_1,0180,constVariableReference,style,398
llama,gen_1,0184,duplicateBranch,style,398
llama,gen_1,0129,noExplicitConstructor,style,398
llama,gen_1,0129,useStlAlgorithm,style,398
llama,gen_1,0105,redundantContinue,style,561
llama,gen_1,0072,shadowVariable,style,398
llama,gen_1,0162,useStlAlgorithm,style,398
llama,gen_1,0041,knownConditionTrueFalse,style,571
llama,gen_1,0200,unreadVariable,style,563
llama,gen_1,0155,unreadVariable,style,563
llama,gen_1,0155,unreadVariable,style,563
llama,gen_1,0223,constParameterReference,style,398
llama,gen_1,0161,unusedStructMember,style,563
llama,gen_1,0161,unusedStructMember,style,563
llama,gen_1,0168,useStlAlgorithm,style,398
llama,gen_1,0230,useStlAlgorithm,style,398
llama,gen_1,0230,useStlAlgorithm,style,398
llama,gen_1,0165,constVariableReference,style,398
llama,gen_1,0248,invalidscanf,warning,119
llama,gen_1,0248,constVariable,style,398
llama,gen_1,0248,constVariable,style,398
llama,gen_1,0055,useStlAlgorithm,style,398
llama,gen_1,0055,useStlAlgorithm,style,398
llama,gen_1,0055,unreadVariable,style,563
llama,gen_1,0055,unreadVariable,style,563
llama,gen_1,0068,constVariableReference,style,398
llama,gen_1,0132,useStlAlgorithm,style,398
llama,gen_1,0123,arrayIndexThenCheck,style,398
llama,gen_1,0213,unreadVariable,style,563
llama,gen_1,0076,useStlAlgorithm,style,398
llama,gen_1,0076,unreadVariable,style,563
llama,gen_1,0022,useStlAlgorithm,style,398
llama,gen_1,0022,useStlAlgorithm,style,398
llama,gen_1,0184,negativeContainerIndex,warning,786
llama,gen_1,0062,passedByValue,performance,398
llama,gen_1,0062,unreadVariable,style,563
llama,gen_1,0062,unreadVariable,style,563
llama,gen_1,0161,constParameterReference,style,398
llama,gen_1,0161,useStlAlgorithm,style,398
llama,gen_1,0126,useStlAlgorithm,style,398
llama,gen_1,0075,useStlAlgorithm,style,398
llama,gen_1,0233,useStlAlgorithm,style,398
llama,gen_1,0186,constVariableReference,style,398
llama,gen_1,0186,useStlAlgorithm,style,398
llama,gen_1,0069,constVariableReference,style,398
llama,gen_1,0052,unusedVariable,style,563
llama,gen_1,0153,variableScope,style,398
llama,gen_1,0054,noExplicitConstructor,style,398
llama,gen_1,0024,variableScope,style,398
llama,gen_1,0024,unreadVariable,style,563
llama,gen_1,0024,unreadVariable,style,563
llama,gen_1,0024,unreadVariable,style,563
llama,gen_1,0024,unreadVariable,style,563
llama,gen_1,0024,unreadVariable,style,563
llama,gen_1,0024,unreadVariable,style,563
llama,gen_1,0024,unreadVariable,style,563
llama,gen_1,0176,variableScope,style,398
llama,gen_1,0176,variableScope,style,398
llama,gen_1,0004,constParameter,style,398
llama,gen_1,0205,useStlAlgorithm,style,398
llama,gen_1,0205,useStlAlgorithm,style,398
llama,gen_1,0174,invalidscanf,warning,119
llama,gen_1,0241,useStlAlgorithm,style,398
llama,gen_1,0242,uninitMemberVar,warning,398
llama,gen_1,0242,uninitMemberVar,warning,398
llama,gen_1,0220,useStlAlgorithm,style,398
llama,gen_1,0220,useStlAlgorithm,style,398
llama,gen_1,0220,useStlAlgorithm,style,398
llama,gen_1,0261,constParameterCallback,style,398
llama,gen_1,0261,constParameterCallback,style,398
llama,gen_1,0261,constVariableReference,style,398
llama,gen_1,0099,useStlAlgorithm,style,398
llama,gen_1,0085,shadowVariable,style,398
llama,gen_1,0085,shadowVariable,style,398
llama,gen_1,0094,useStlAlgorithm,style,398
llama,gen_1,0159,unreadVariable,style,563
llama,gen_1,0159,unreadVariable,style,563
llama,gen_1,0124,noExplicitConstructor,style,398
llama,gen_1,0124,useStlAlgorithm,style,398
llama,gen_1,0124,useStlAlgorithm,style,398
llama,gen_1,0064,useStlAlgorithm,style,398
llama,gen_1,0129,unreadVariable,style,563
llama,gen_1,0264,shiftTooManyBits,error,758
llama,gen_1,0088,constParameterReference,style,398
llama,gen_1,0160,constVariableReference,style,398
llama,gen_1,0239,unreadVariable,style,563
llama,gen_1,0239,unreadVariable,style,563
llama,gen_1,0197,unreadVariable,style,563
llama,gen_1,0197,unreadVariable,style,563
llama,gen_1,0019,multiCondition,style,398
llama,gen_1,0191,useStlAlgorithm,style,398
llama,gen_1,0066,constParameter,style,398
llama,gen_1,0125,constVariable,style,398
llama,gen_1,0125,constVariable,style,398
llama,gen_1,0290,constVariableReference,style,398
llama,gen_1,0290,stlFindInsert,performance,398
llama,gen_1,0290,useStlAlgorithm,style,398
llama,gen_1,0252,useStlAlgorithm,style,398
llama,gen_1,0230,useStlAlgorithm,style,398
llama,gen_1,0165,negativeIndex,error,786
llama,gen_1,0165,passedByValue,performance,398
llama,gen_1,0165,iterateByValue,performance,398
llama,gen_1,0165,useStlAlgorithm,style,398
llama,gen_1,0165,useStlAlgorithm,style,398
llama,gen_1,0165,unusedStructMember,style,563
llama,gen_1,0165,unusedStructMember,style,563
llama,gen_1,0150,useStlAlgorithm,style,398
llama,gen_1,0201,variableScope,style,398
llama,gen_1,0083,constVariable,style,398
llama,gen_1,0094,uninitvar,warning,457
llama,gen_1,0249,negativeIndex,warning,786
llama,gen_1,0287,constVariableReference,style,398
llama,gen_1,0279,noExplicitConstructor,style,398
llama,gen_1,0234,useStlAlgorithm,style,398
llama,gen_1,0118,noExplicitConstructor,style,398
llama,gen_1,0118,constParameterReference,style,398
llama,gen_1,0071,constVariableReference,style,398
llama,gen_1,0071,useStlAlgorithm,style,398
llama,gen_1,0071,unusedStructMember,style,563
llama,gen_1,0176,constVariable,style,398
llama,gen_1,0089,constVariableReference,style,398
llama,gen_1,0089,constVariableReference,style,398
llama,gen_1,0089,useStlAlgorithm,style,398
llama,gen_1,0089,unreadVariable,style,563
llama,gen_1,0140,useStlAlgorithm,style,398
llama,gen_1,0102,useStlAlgorithm,style,398
llama,gen_1,0114,shadowVariable,style,398
llama,gen_1,0114,shadowVariable,style,398
llama,gen_1,0214,useStlAlgorithm,style,398
llama,gen_1,0214,useStlAlgorithm,style,398
llama,gen_1,0198,duplicateBranch,style,398
llama,gen_1,0198,passedByValue,performance,398
llama,gen_1,0198,useStlAlgorithm,style,398
llama,gen_1,0198,useStlAlgorithm,style,398
llama,gen_1,0023,knownConditionTrueFalse,style,570
llama,gen_1,0023,duplicateBranch,style,398
llama,gen_1,0023,useStlAlgorithm,style,398
llama,gen_1,0191,stlFindInsert,performance,398
llama,gen_1,0072,arrayIndexOutOfBounds,error,788
llama,gen_1,0258,useStlAlgorithm,style,398
llama,gen_1,0211,compareBoolExpressionWithInt,warning,398
llama,gen_1,0211,knownConditionTrueFalse,style,571
llama,gen_1,0211,useStlAlgorithm,style,398
llama,gen_1,0211,uninitvar,warning,457
llama,gen_1,0029,knownConditionTrueFalse,style,571
llama,gen_1,0029,useStlAlgorithm,style,398
llama,gen_1,0029,variableScope,style,398
llama,gen_1,0029,variableScope,style,398
llama,gen_1,0007,functionConst,style,398
llama,gen_1,0007,passedByValue,performance,398
llama,gen_1,0007,iterateByValue,performance,398
llama,gen_1,0279,redundantIfRemove,style,398
llama,gen_1,0279,useStlAlgorithm,style,398
llama,gen_1,0279,useStlAlgorithm,style,398
llama,gen_1,0261,iterateByValue,performance,398
llama,gen_1,0003,useStlAlgorithm,style,398
llama,gen_1,0035,constVariableReference,style,398
llama,gen_1,0062,noExplicitConstructor,style,398
llama,gen_1,0059,shadowVariable,style,398
llama,gen_1,0053,constVariable,style,398
llama,gen_1,0053,constVariable,style,398
llama,gen_1,0053,constVariable,style,398
llama,gen_1,0053,constVariable,style,398
llama,gen_1,0053,constVariable,style,398
llama,gen_1,0053,constVariable,style,398
llama,gen_1,0053,constVariable,style,398
llama,gen_1,0053,constVariable,style,398
llama,gen_1,0053,constVariable,style,398
llama,gen_1,0025,shadowVariable,style,398
llama,gen_1,0025,shadowVariable,style,398
llama,gen_1,0025,unreadVariable,style,563
llama,gen_1,0101,unusedVariable,style,563
llama,gen_1,0099,constParameterReference,style,398
llama,gen_1,0099,constParameterReference,style,398
llama,gen_1,0051,useStlAlgorithm,style,398
llama,gen_1,0051,useStlAlgorithm,style,398
llama,gen_1,0151,functionConst,style,398
llama,gen_1,0151,functionConst,style,398
llama,gen_1,0067,constParameterReference,style,398
llama,gen_1,0067,constParameterReference,style,398
llama,gen_1,0067,constVariableReference,style,398
llama,gen_1,0069,useStlAlgorithm,style,398
llama,gen_1,0086,useStlAlgorithm,style,398
llama,gen_1,0086,useStlAlgorithm,style,398
llama,gen_1,0101,variableScope,style,398
llama,gen_1,0186,useStlAlgorithm,style,398
llama,gen_1,0036,unreadVariable,style,563
llama,gen_1,0036,unreadVariable,style,563
llama,gen_1,0270,useStlAlgorithm,style,398
llama,gen_1,0270,useStlAlgorithm,style,398
llama,gen_1,0174,knownConditionTrueFalse,style,571
llama,gen_1,0064,unreadVariable,style,563
llama,gen_1,0227,shadowVariable,style,398
llama,gen_1,0227,shadowVariable,style,398
llama,gen_1,0227,useStlAlgorithm,style,398
llama,gen_1,0227,unreadVariable,style,563
llama,gen_1,0008,useStlAlgorithm,style,398
llama,gen_1,0008,useStlAlgorithm,style,398
llama,gen_1,0231,constVariableReference,style,398
llama,gen_1,0231,useStlAlgorithm,style,398
llama,gen_1,0231,unusedStructMember,style,563
llama,gen_1,0267,unreadVariable,style,563
llama,gen_1,0222,useStlAlgorithm,style,398
llama,gen_1,0222,useStlAlgorithm,style,398
llama,gen_1,0004,useStlAlgorithm,style,398
llama,gen_1,0138,noExplicitConstructor,style,398
llama,gen_1,0138,useStlAlgorithm,style,398
llama,gen_1,0153,useStlAlgorithm,style,398
llama,gen_1,0218,useStlAlgorithm,style,398
llama,gen_1,0164,useStlAlgorithm,style,398
llama,gen_1,0283,shadowVariable,style,398
llama,gen_1,0283,shadowVariable,style,398
llama,gen_1,0226,constVariable,style,398
llama,gen_1,0207,useStlAlgorithm,style,398
llama,gen_1,0207,useStlAlgorithm,style,398
llama,gen_1,0002,negativeIndex,error,786
llama,gen_1,0002,passedByValue,performance,398
llama,gen_1,0159,unreadVariable,style,563
llama,gen_1,0101,negativeContainerIndex,warning,786
llama,gen_1,0144,useStlAlgorithm,style,398
llama,gen_1,0144,useStlAlgorithm,style,398
llama,gen_1,0232,useStlAlgorithm,style,398
llama,gen_1,0232,useStlAlgorithm,style,398
llama,gen_1,0000,constVariableReference,style,398
llama,gen_1,0000,constVariableReference,style,398
llama,gen_1,0000,useStlAlgorithm,style,398
llama,gen_1,0044,truncLongCastAssignment,style,197
llama,gen_1,0017,constParameterReference,style,398
llama,gen_1,0028,duplicateAssignExpression,style,398
llama,gen_1,0028,duplicateAssignExpression,style,398
llama,gen_1,0028,unreadVariable,style,563
llama,gen_1,0028,unreadVariable,style,563
llama,gen_1,0243,useStlAlgorithm,style,398
llama,gen_1,0243,useStlAlgorithm,style,398
llama,gen_1,0196,arrayIndexOutOfBounds,error,788
llama,gen_1,0070,knownConditionTrueFalse,style,570
llama,gen_1,0070,knownConditionTrueFalse,style,570
llama,gen_1,0131,invalidscanf,warning,119
llama,gen_1,0112,uninitvar,warning,457
llama,gen_1,0112,uninitvar,warning,457
llama,gen_1,0219,variableScope,style,398
llama,gen_1,0219,constParameterReference,style,398
llama,gen_1,0219,constParameterReference,style,398
llama,gen_1,0219,constVariableReference,style,398
llama,gen_1,0219,unreadVariable,style,563
llama,gen_1,0219,unreadVariable,style,563
llama,gen_1,0207,useStlAlgorithm,style,398
llama,gen_1,0019,noExplicitConstructor,style,398
llama,gen_1,0076,constVariableReference,style,398
llama,gen_1,0009,useStlAlgorithm,style,398
llama,gen_1,0075,unreadVariable,style,563
llama,gen_1,0075,unreadVariable,style,563
llama,gen_1,0152,knownConditionTrueFalse,style,571
llama,gen_1,0120,useStlAlgorithm,style,398
llama,gen_1,0258,useStlAlgorithm,style,398
llama,gen_1,0258,useStlAlgorithm,style,398
llama,gen_1,0258,useStlAlgorithm,style,398
llama,gen_1,0258,useStlAlgorithm,style,398
llama,gen_1,0142,useStlAlgorithm,style,398
llama,gen_1,0118,useStlAlgorithm,style,398
llama,gen_1,0118,useStlAlgorithm,style,398
llama,gen_1,0118,useStlAlgorithm,style,398
llama,gen_1,0253,invalidScanfArgType_int,warning,686
llama,gen_1,0253,invalidPrintfArgType_sint,warning,686
llama,gen_1,0145,noExplicitConstructor,style,398
llama,gen_1,0145,useStlAlgorithm,style,398
llama,gen_1,0255,useStlAlgorithm,style,398
llama,gen_1,0255,useStlAlgorithm,style,398
llama,gen_1,0226,useStlAlgorithm,style,398
llama,gen_1,0190,useStlAlgorithm,style,398
llama,gen_1,0162,unreadVariable,style,563
llama,gen_1,0162,unreadVariable,style,563
llama,gen_1,0162,unreadVariable,style,563
llama,gen_1,0162,unreadVariable,style,563
llama,gen_1,0144,shadowVariable,style,398
llama,gen_1,0259,useStlAlgorithm,style,398
llama,gen_1,0259,useStlAlgorithm,style,398
llama,gen_1,0208,constParameterReference,style,398
llama,gen_1,0084,useStlAlgorithm,style,398
llama,gen_1,0001,syntaxError,error,
llama,gen_1,0223,constParameterReference,style,398
llama,gen_1,0223,constParameterReference,style,398
llama,gen_1,0223,constVariable,style,398
llama,gen_1,0223,constVariable,style,398
llama,gen_1,0175,passedByValue,performance,398
llama,gen_1,0195,unusedStructMember,style,563
llama,gen_1,0195,unusedStructMember,style,563
llama,gen_1,0173,useStlAlgorithm,style,398
llama,gen_1,0173,useStlAlgorithm,style,398
llama,gen_1,0173,useStlAlgorithm,style,398
llama,gen_1,0173,useStlAlgorithm,style,398
llama,gen_1,0254,shadowVariable,style,398
llama,gen_1,0254,shadowVariable,style,398
llama,gen_1,0189,useStlAlgorithm,style,398
llama,gen_1,0016,useStlAlgorithm,style,398
llama,gen_1,0260,useStlAlgorithm,style,398
llama,gen_1,0260,unusedStructMember,style,563
llama,gen_1,0260,unreadVariable,style,563
llama,gen_1,0116,noExplicitConstructor,style,398
llama,gen_1,0136,useStlAlgorithm,style,398
llama,gen_1,0136,useStlAlgorithm,style,398
llama,gen_1,0003,syntaxError,error,
llama,gen_1,0211,duplicateCondition,style,398
llama,gen_1,0211,redundantInitialization,style,563
llama,gen_1,0139,useStlAlgorithm,style,398
llama,gen_1,0141,useStlAlgorithm,style,398
llama,gen_1,0117,variableScope,style,398
llama,gen_1,0117,variableScope,style,398
llama,gen_1,0117,unreadVariable,style,563
llama,gen_1,0117,unreadVariable,style,563
llama,gen_1,0251,unusedVariable,style,563
llama,gen_1,0124,useStlAlgorithm,style,398
llama,gen_1,0269,constVariableReference,style,398
llama,gen_1,0269,constVariableReference,style,398
llama,gen_1,0029,variableScope,style,398
llama,gen_1,0099,useStlAlgorithm,style,398
llama,gen_1,0245,variableScope,style,398
llama,gen_1,0245,variableScope,style,398
llama,gen_1,0182,useStlAlgorithm,style,398
llama,gen_1,0182,unreadVariable,style,563
llama,gen_1,0182,unreadVariable,style,563
llama,gen_1,0259,noExplicitConstructor,style,398
llama,gen_1,0259,constVariableReference,style,398
llama,gen_1,0229,useStlAlgorithm,style,398
llama,gen_1,0229,useStlAlgorithm,style,398
llama,gen_1,0250,constParameterReference,style,398
llama,gen_1,0250,useStlAlgorithm,style,398
llama,gen_1,0157,redundantAssignment,style,563
llama,gen_1,0020,useStlAlgorithm,style,398
llama,gen_1,0031,shadowVariable,style,398
llama,gen_1,0169,constVariableReference,style,398
llama,gen_1,0169,constVariableReference,style,398
llama,gen_1,0169,useStlAlgorithm,style,398
llama,gen_1,0143,useStlAlgorithm,style,398
llama,gen_1,0113,useStlAlgorithm,style,398
llama,gen_1,0133,variableScope,style,398
llama,gen_1,0133,variableScope,style,398
llama,gen_1,0133,unreadVariable,style,563
llama,gen_1,0133,unreadVariable,style,563
llama,gen_1,0133,unreadVariable,style,563
llama,gen_1,0133,unreadVariable,style,563
llama,gen_1,0255,constParameterReference,style,398
llama,gen_1,0255,constVariableReference,style,398
llama,gen_1,0255,useStlAlgorithm,style,398
llama,gen_1,0255,useStlAlgorithm,style,398
llama,gen_1,0255,useStlAlgorithm,style,398
llama,gen_1,0124,useStlAlgorithm,style,398
llama,gen_1,0038,useStlAlgorithm,style,398
llama,gen_1,0038,useStlAlgorithm,style,398
llama,gen_1,0038,useStlAlgorithm,style,398
llama,gen_1,0038,unreadVariable,style,563
llama,gen_1,0084,unreadVariable,style,563
llama,gen_1,0084,unreadVariable,style,563
llama,gen_1,0084,unreadVariable,style,563
llama,gen_1,0084,unreadVariable,style,563
llama,gen_1,0228,syntaxError,error,
llama,gen_1,0128,shadowVariable,style,398
llama,gen_1,0128,useStlAlgorithm,style,398
llama,gen_1,0198,useStlAlgorithm,style,398
llama,gen_1,0109,constVariableReference,style,398
llama,gen_1,0109,useStlAlgorithm,style,398
llama,gen_1,0155,variableScope,style,398
llama,gen_1,0008,useStlAlgorithm,style,398
llama,gen_1,0205,shadowVariable,style,398
llama,gen_1,0088,useStlAlgorithm,style,398
llama,gen_1,0088,useStlAlgorithm,style,398
llama,gen_1,0088,useStlAlgorithm,style,398
llama,gen_1,0006,negativeContainerIndex,warning,786
llama,gen_1,0006,negativeContainerIndex,warning,786
llama,gen_1,0006,unreadVariable,style,563
llama,gen_1,0006,unreadVariable,style,563
llama,gen_1,0006,unreadVariable,style,563
llama,gen_1,0006,unreadVariable,style,563
llama,gen_1,0006,unreadVariable,style,563
llama,gen_1,0006,unreadVariable,style,563
llama,gen_1,0102,constVariable,style,398
llama,gen_1,0102,constVariable,style,398
llama,gen_1,0050,invalidscanf,warning,119
llama,gen_1,0011,constVariableReference,style,398
llama,gen_1,0120,useStlAlgorithm,style,398
llama,gen_1,0073,useStlAlgorithm,style,398
llama,gen_1,0060,knownConditionTrueFalse,style,571
llama,gen_1,0045,uninitvar,warning,457
llama,gen_1,0045,uninitvar,warning,457
llama,gen_1,0037,constParameterReference,style,398
llama,gen_1,0037,useStlAlgorithm,style,398
llama,gen_1,0037,useStlAlgorithm,style,398
llama,gen_1,0091,constParameterReference,style,398
llama,gen_1,0091,constParameterReference,style,398
llama,gen_1,0091,constParameterReference,style,398
llama,gen_1,0091,constParameterReference,style,398
llama,gen_1,0091,constParameterReference,style,398
llama,gen_1,0091,constParameterReference,style,398
llama,gen_1,0110,containerOutOfBounds,warning,398
llama,gen_1,0122,constVariableReference,style,398
llama,gen_1,0122,constVariableReference,style,398
llama,gen_1,0122,constVariableReference,style,398
llama,gen_1,0122,constVariableReference,style,398
llama,gen_1,0195,unreadVariable,style,563
llama,gen_1,0284,uninitvar,warning,457
llama,gen_1,0284,uninitvar,warning,457
llama,gen_1,0284,uninitvar,warning,457
llama,gen_1,0284,uninitvar,warning,457
llama,gen_1,0245,useStlAlgorithm,style,398
llama,gen_1,0245,useStlAlgorithm,style,398
llama,gen_1,0245,unusedStructMember,style,563
llama,gen_1,0245,unusedStructMember,style,563
llama,gen_1,0030,knownConditionTrueFalse,style,571
llama,gen_1,0176,constParameterReference,style,398
llama,gen_1,0022,shadowVariable,style,398
llama,gen_1,0022,useStlAlgorithm,style,398
llama,gen_1,0022,useStlAlgorithm,style,398
llama,gen_1,0022,useStlAlgorithm,style,398
llama,gen_1,0022,unreadVariable,style,563
llama,gen_1,0022,unreadVariable,style,563
llama,gen_1,0280,memsetValueOutOfRange,warning,686
llama,gen_1,0280,constVariableReference,style,398
llama,gen_1,0065,knownConditionTrueFalse,style,571
llama,gen_1,0270,knownConditionTrueFalse,style,571
llama,gen_1,0147,integerOverflow,error,190
llama,gen_1,0112,knownConditionTrueFalse,style,571
llama,gen_1,0112,knownConditionTrueFalse,style,571
llama,gen_1,0204,unreadVariable,style,563
llama,gen_1,0241,knownConditionTrueFalse,style,570
llama,gen_1,0098,clarifyCondition,style,398
llama,gen_1,0098,useStlAlgorithm,style,398
llama,gen_1,0166,constParameterReference,style,398
llama,gen_1,0006,useStlAlgorithm,style,398
llama,gen_1,0048,useStlAlgorithm,style,398
llama,gen_1,0172,unusedStructMember,style,563
llama,gen_1,0236,constVariable,style,398
llama,gen_1,0236,constVariable,style,398
llama,gen_1,0051,useStlAlgorithm,style,398
llama,gen_1,0168,constVariableReference,style,398
llama,gen_1,0238,knownConditionTrueFalse,style,571
llama,gen_1,0256,shadowVariable,style,398
llama,gen_1,0192,duplicateBranch,style,398
llama,gen_1,0254,unreadVariable,style,563
llama,gen_1,0074,useStlAlgorithm,style,398
llama,gen_1,0074,useStlAlgorithm,style,398
llama,gen_1,0230,knownConditionTrueFalse,style,571
llama,gen_1,0230,useStlAlgorithm,style,398
llama,gen_1,0230,useStlAlgorithm,style,398
llama,gen_1,0230,useStlAlgorithm,style,398
llama,gen_1,0230,useStlAlgorithm,style,398
llama,gen_1,0178,useStlAlgorithm,style,398
llama,gen_1,0045,useStlAlgorithm,style,398
llama,gen_1,0172,negativeIndex,warning,786
llama,gen_1,0172,negativeIndex,warning,786
llama,gen_1,0189,variableScope,style,398
llama,gen_1,0189,unreadVariable,style,563
llama,gen_1,0189,unusedVariable,style,563
llama,gen_1,0137,unreadVariable,style,563
llama,gen_1,0061,useStlAlgorithm,style,398
llama,gen_1,0262,constVariableReference,style,398
llama,gen_1,0262,unreadVariable,style,563
llama,gen_1,0262,unreadVariable,style,563
llama,gen_1,0040,variableScope,style,398
llama,gen_1,0040,constVariableReference,style,398
llama,gen_1,0040,useStlAlgorithm,style,398
llama,gen_1,0040,unreadVariable,style,563
llama,gen_1,0040,unreadVariable,style,563
llama,gen_1,0040,unreadVariable,style,563
llama,gen_1,0040,unreadVariable,style,563
llama,gen_1,0236,useStlAlgorithm,style,398
llama,gen_1,0154,compareValueOutOfTypeRangeError,style,398
llama,gen_1,0280,noExplicitConstructor,style,398
llama,gen_1,0280,constVariableReference,style,398
llama,gen_1,0120,shiftTooManyBits,error,758
llama,gen_1,0061,shadowVariable,style,398
llama,gen_1,0183,constVariableReference,style,398
llama,gen_1,0260,constStatement,warning,398
llama,gen_1,0049,constVariableReference,style,398
llama,gen_1,0034,unusedVariable,style,563
llama,gen_1,0067,constVariableReference,style,398
llama,gen_1,0067,constVariableReference,style,398
llama,gen_1,0067,useStlAlgorithm,style,398
llama,gen_1,0012,useStlAlgorithm,style,398
llama,gen_1,0010,useStlAlgorithm,style,398
llama,gen_1,0161,useStlAlgorithm,style,398
llama,gen_1,0266,constVariableReference,style,398
llama,gen_1,0266,useStlAlgorithm,style,398
llama,gen_1,0149,variableScope,style,398
llama,gen_1,0149,unreadVariable,style,563
llama,gen_1,0149,unreadVariable,style,563
llama,gen_1,0187,unreadVariable,style,563
llama,gen_1,0187,unreadVariable,style,563
llama,gen_1,0257,redundantInitialization,style,563
llama,gen_1,0257,redundantAssignment,style,563
llama,gen_1,0268,invalidscanf,warning,119
llama,gen_2,0237,arrayIndexOutOfBounds,error,788
llama,gen_2,0237,arrayIndexOutOfBounds,error,788
llama,gen_2,0211,useStlAlgorithm,style,398
llama,gen_2,0246,useStlAlgorithm,style,398
llama,gen_2,0246,useStlAlgorithm,style,398
llama,gen_2,0122,constParameterReference,style,398
llama,gen_2,0005,shadowVariable,style,398
llama,gen_2,0097,unreadVariable,style,563
llama,gen_2,0097,unreadVariable,style,563
llama,gen_2,0094,syntaxError,error,
llama,gen_2,0197,unreadVariable,style,563
llama,gen_2,0197,unreadVariable,style,563
llama,gen_2,0197,unreadVariable,style,563
llama,gen_2,0233,unreadVariable,style,563
llama,gen_2,0233,unreadVariable,style,563
llama,gen_2,0233,unreadVariable,style,563
llama,gen_2,0233,unreadVariable,style,563
llama,gen_2,0162,unreadVariable,style,563
llama,gen_2,0096,useStlAlgorithm,style,398
llama,gen_2,0118,useStlAlgorithm,style,398
llama,gen_2,0118,useStlAlgorithm,style,398
llama,gen_2,0118,negativeContainerIndex,warning,786
llama,gen_2,0248,useStlAlgorithm,style,398
llama,gen_2,0114,useStlAlgorithm,style,398
llama,gen_2,0114,negativeContainerIndex,warning,786
llama,gen_2,0009,stlFindInsert,performance,398
llama,gen_2,0009,stlFindInsert,performance,398
llama,gen_2,0009,stlFindInsert,performance,398
llama,gen_2,0248,containerOutOfBounds,error,398
llama,gen_2,0233,oppositeInnerCondition,warning,398
llama,gen_2,0233,knownConditionTrueFalse,style,570
llama,gen_2,0211,useStlAlgorithm,style,398
llama,gen_2,0147,useStlAlgorithm,style,398
llama,gen_2,0092,variableScope,style,398
llama,gen_2,0092,constVariableReference,style,398
llama,gen_2,0092,constVariableReference,style,398
llama,gen_2,0092,useStlAlgorithm,style,398
llama,gen_2,0092,unusedStructMember,style,563
llama,gen_2,0237,useStlAlgorithm,style,398
llama,gen_2,0018,useStlAlgorithm,style,398
llama,gen_2,0150,floatConversionOverflow,error,190
llama,gen_2,0089,constParameterReference,style,398
llama,gen_2,0089,constParameterReference,style,398
llama,gen_2,0186,useStlAlgorithm,style,398
llama,gen_2,0269,passedByValue,performance,398
llama,gen_2,0162,unreadVariable,style,563
llama,gen_2,0162,unreadVariable,style,563
llama,gen_2,0162,unreadVariable,style,563
llama,gen_2,0162,unreadVariable,style,563
llama,gen_2,0024,constVariableReference,style,398
llama,gen_2,0054,uselessCallsSubstr,performance,398
llama,gen_2,0226,useStlAlgorithm,style,398
llama,gen_2,0180,constVariableReference,style,398
llama,gen_2,0157,useStlAlgorithm,style,398
llama,gen_2,0188,variableScope,style,398
llama,gen_2,0188,variableScope,style,398
llama,gen_2,0159,useStlAlgorithm,style,398
llama,gen_2,0255,variableScope,style,398
llama,gen_2,0255,variableScope,style,398
llama,gen_2,0225,useStlAlgorithm,style,398
llama,gen_2,0115,noExplicitConstructor,style,398
llama,gen_2,0001,useStlAlgorithm,style,398
llama,gen_2,0001,useStlAlgorithm,style,398
llama,gen_2,0001,useStlAlgorithm,style,398
llama,gen_2,0001,useStlAlgorithm,style,398
llama,gen_2,0001,useStlAlgorithm,style,398
llama,gen_2,0001,useStlAlgorithm,style,398
llama,gen_2,0027,unusedStructMember,style,563
llama,gen_2,0108,useStlAlgorithm,style,398
llama,gen_2,0108,useStlAlgorithm,style,398
llama,gen_2,0072,useStlAlgorithm,style,398
llama,gen_2,0215,useStlAlgorithm,style,398
llama,gen_2,0215,negativeContainerIndex,warning,786
llama,gen_2,0215,negativeContainerIndex,warning,786
llama,gen_2,0215,unusedStructMember,style,563
llama,gen_2,0215,unusedStructMember,style,563
llama,gen_2,0172,variableScope,style,398
llama,gen_2,0223,unreadVariable,style,563
llama,gen_2,0223,unreadVariable,style,563
llama,gen_2,0221,useStlAlgorithm,style,398
llama,gen_2,0189,constParameterReference,style,398
llama,gen_2,0189,constVariable,style,398
llama,gen_2,0189,constVariable,style,398
llama,gen_2,0189,negativeContainerIndex,warning,786
llama,gen_2,0159,useStlAlgorithm,style,398
llama,gen_2,0159,unreadVariable,style,563
llama,gen_2,0159,unreadVariable,style,563
llama,gen_2,0159,unreadVariable,style,563
llama,gen_2,0167,useStlAlgorithm,style,398
llama,gen_2,0167,useStlAlgorithm,style,398
llama,gen_2,0247,passedByValue,performance,398
llama,gen_2,0196,useStlAlgorithm,style,398
llama,gen_2,0035,derefInvalidIteratorRedundantCheck,warning,825
llama,gen_2,0035,derefInvalidIteratorRedundantCheck,warning,825
llama,gen_2,0075,useStlAlgorithm,style,398
llama,gen_2,0256,floatConversionOverflow,error,190
llama,gen_2,0256,floatConversionOverflow,error,190
llama,gen_2,0256,floatConversionOverflow,error,190
llama,gen_2,0256,floatConversionOverflow,error,190
llama,gen_2,0256,floatConversionOverflow,error,190
llama,gen_2,0152,arrayIndexOutOfBounds,error,788
llama,gen_2,0152,constVariableReference,style,398
llama,gen_2,0152,constVariableReference,style,398
llama,gen_2,0152,constVariableReference,style,398
llama,gen_2,0152,useStlAlgorithm,style,398
llama,gen_2,0233,useStlAlgorithm,style,398
llama,gen_2,0092,unusedVariable,style,563
llama,gen_2,0202,noExplicitConstructor,style,398
llama,gen_2,0202,variableScope,style,398
llama,gen_2,0202,variableScope,style,398
llama,gen_2,0202,useStlAlgorithm,style,398
llama,gen_2,0087,useStlAlgorithm,style,398
llama,gen_2,0061,negativeContainerIndex,warning,786
llama,gen_2,0078,shadowVariable,style,398
llama,gen_2,0153,variableScope,style,398
llama,gen_2,0158,useStlAlgorithm,style,398
llama,gen_2,0146,useStlAlgorithm,style,398
llama,gen_2,0054,negativeIndex,error,786
llama,gen_2,0024,useStlAlgorithm,style,398
llama,gen_2,0079,useStlAlgorithm,style,398
llama,gen_2,0039,useStlAlgorithm,style,398
llama,gen_2,0039,useStlAlgorithm,style,398
llama,gen_2,0090,passedByValue,performance,398
llama,gen_2,0090,passedByValue,performance,398
llama,gen_2,0090,useStlAlgorithm,style,398
llama,gen_2,0220,variableScope,style,398
llama,gen_2,0220,variableScope,style,398
llama,gen_2,0220,unreadVariable,style,563
llama,gen_2,0220,unreadVariable,style,563
llama,gen_2,0121,constParameterReference,style,398
llama,gen_2,0112,useStlAlgorithm,style,398
llama,gen_2,0112,useStlAlgorithm,style,398
llama,gen_2,0112,negativeContainerIndex,warning,786
llama,gen_2,0059,useStlAlgorithm,style,398
llama,gen_2,0064,useStlAlgorithm,style,398
llama,gen_2,0261,shadowVariable,style,398
llama,gen_2,0261,useStlAlgorithm,style,398
llama,gen_2,0141,negativeIndex,error,786
llama,gen_2,0026,knownConditionTrueFalse,style,571
llama,gen_2,0026,knownConditionTrueFalse,style,571
llama,gen_2,0026,knownConditionTrueFalse,style,571
llama,gen_2,0240,unreadVariable,style,563
llama,gen_2,0240,unreadVariable,style,563
llama,gen_2,0192,useStlAlgorithm,style,398
llama,gen_2,0247,useStlAlgorithm,style,398
llama,gen_2,0160,constVariableReference,style,398
llama,gen_2,0160,constVariableReference,style,398
llama,gen_2,0033,shadowFunction,style,398
llama,gen_2,0033,constParameterReference,style,398
llama,gen_2,0033,constParameterReference,style,398
llama,gen_2,0150,variableScope,style,398
llama,gen_2,0150,variableScope,style,398
llama,gen_2,0066,noExplicitConstructor,style,398
llama,gen_2,0066,duplicateExpression,style,398
llama,gen_2,0098,useStlAlgorithm,style,398
llama,gen_2,0127,truncLongCastAssignment,style,197
llama,gen_2,0127,truncLongCastAssignment,style,197
llama,gen_2,0036,useStlAlgorithm,style,398
llama,gen_2,0234,constParameterReference,style,398
llama,gen_2,0194,useStlAlgorithm,style,398
llama,gen_2,0194,negativeContainerIndex,warning,786
llama,gen_2,0194,negativeContainerIndex,warning,786
llama,gen_2,0194,negativeContainerIndex,warning,786
llama,gen_2,0279,passedByValue,performance,398
llama,gen_2,0279,passedByValue,performance,398
llama,gen_2,0011,constParameterReference,style,398
llama,gen_2,0011,useStlAlgorithm,style,398
llama,gen_2,0077,arrayIndexThenCheck,style,398
llama,gen_2,0077,useStlAlgorithm,style,398
llama,gen_2,0089,constVariableReference,style,398
llama,gen_2,0140,useStlAlgorithm,style,398
llama,gen_2,0211,constVariableReference,style,398
llama,gen_2,0057,duplicateBranch,style,398
llama,gen_2,0136,useStlAlgorithm,style,398
llama,gen_2,0008,useStlAlgorithm,style,398
llama,gen_2,0005,constParameterReference,style,398
llama,gen_2,0005,unreadVariable,style,563
llama,gen_2,0005,unreadVariable,style,563
llama,gen_2,0215,variableScope,style,398
llama,gen_2,0215,constParameterReference,style,398
llama,gen_2,0215,constParameterReference,style,398
llama,gen_2,0215,constVariableReference,style,398
llama,gen_2,0215,constVariableReference,style,398
llama,gen_2,0215,constVariableReference,style,398
llama,gen_2,0215,useStlAlgorithm,style,398
llama,gen_2,0215,useStlAlgorithm,style,398
llama,gen_2,0215,useStlAlgorithm,style,398
llama,gen_2,0023,stlFindInsert,performance,398
llama,gen_2,0023,stlFindInsert,performance,398
llama,gen_2,0258,duplicateConditionalAssign,style,398
llama,gen_2,0258,duplicateExpression,style,398
llama,gen_2,0258,duplicateExpression,style,398
llama,gen_2,0258,redundantAssignment,style,563
llama,gen_2,0258,useStlAlgorithm,style,398
llama,gen_2,0243,useStlAlgorithm,style,398
llama,gen_2,0243,unreadVariable,style,563
llama,gen_2,0243,unreadVariable,style,563
llama,gen_2,0019,useStlAlgorithm,style,398
llama,gen_2,0235,useStlAlgorithm,style,398
llama,gen_2,0060,constVariableReference,style,398
llama,gen_2,0060,constVariableReference,style,398
llama,gen_2,0013,knownConditionTrueFalse,style,571
llama,gen_2,0071,useStlAlgorithm,style,398
llama,gen_2,0243,redundantIfRemove,style,398
llama,gen_2,0243,useStlAlgorithm,style,398
llama,gen_2,0192,useStlAlgorithm,style,398
llama,gen_2,0151,uninitMemberVar,warning,398
llama,gen_2,0151,uninitMemberVar,warning,398
llama,gen_2,0151,uninitMemberVar,warning,398
llama,gen_2,0095,noExplicitConstructor,style,398
llama,gen_2,0095,noExplicitConstructor,style,398
llama,gen_2,0095,unreadVariable,style,563
llama,gen_2,0095,unreadVariable,style,563
llama,gen_2,0177,constParameterReference,style,398
llama,gen_2,0261,initializerList,style,398
llama,gen_2,0261,noExplicitConstructor,style,398
llama,gen_2,0261,shadowFunction,style,398
llama,gen_2,0261,unusedStructMember,style,563
llama,gen_2,0261,unusedStructMember,style,563
llama,gen_2,0115,unreadVariable,style,563
llama,gen_2,0115,unreadVariable,style,563
llama,gen_2,0104,useStlAlgorithm,style,398
llama,gen_2,0003,useStlAlgorithm,style,398
llama,gen_2,0051,constVariableReference,style,398
llama,gen_2,0051,useStlAlgorithm,style,398
llama,gen_2,0051,useStlAlgorithm,style,398
llama,gen_2,0051,useStlAlgorithm,style,398
llama,gen_2,0051,integerOverflow,error,190
llama,gen_2,0051,unreadVariable,style,563
llama,gen_2,0051,unreadVariable,style,563
llama,gen_2,0031,variableScope,style,398
llama,gen_2,0053,uninitvar,warning,457
llama,gen_2,0053,uninitvar,warning,457
llama,gen_2,0060,knownConditionTrueFalse,style,571
llama,gen_2,0060,unreadVariable,style,563
llama,gen_2,0060,unreadVariable,style,563
llama,gen_2,0247,constParameterReference,style,398
llama,gen_2,0157,shadowVariable,style,398
llama,gen_2,0157,shadowVariable,style,398
llama,gen_2,0157,constParameter,style,398
llama,gen_2,0157,moduloofone,style,
llama,gen_2,0157,moduloofone,style,
llama,gen_2,0229,useStlAlgorithm,style,398
llama,gen_2,0017,noExplicitConstructor,style,398
llama,gen_2,0160,unreadVariable,style,563
llama,gen_2,0160,unreadVariable,style,563
llama,gen_2,0160,unreadVariable,style,563
llama,gen_2,0135,negativeIndex,error,786
llama,gen_2,0135,unreadVariable,style,563
llama,gen_2,0123,useStlAlgorithm,style,398
llama,gen_2,0123,useStlAlgorithm,style,398
llama,gen_2,0123,useStlAlgorithm,style,398
llama,gen_2,0123,useStlAlgorithm,style,398
llama,gen_2,0123,useStlAlgorithm,style,398
llama,gen_2,0123,useStlAlgorithm,style,398
llama,gen_2,0123,useStlAlgorithm,style,398
llama,gen_2,0123,useStlAlgorithm,style,398
llama,gen_2,0014,useStlAlgorithm,style,398
llama,gen_2,0216,functionStatic,style,398
llama,gen_2,0216,noExplicitConstructor,style,398
llama,gen_2,0216,shadowVariable,style,398
llama,gen_2,0216,shadowVariable,style,398
llama,gen_2,0216,shadowVariable,style,398
llama,gen_2,0216,shadowVariable,style,398
llama,gen_2,0008,useStlAlgorithm,style,398
llama,gen_2,0008,useStlAlgorithm,style,398
llama,gen_2,0007,constVariableReference,style,398
llama,gen_2,0007,constVariableReference,style,398
llama,gen_2,0007,constVariableReference,style,398
llama,gen_2,0007,useStlAlgorithm,style,398
llama,gen_2,0007,floatConversionOverflow,error,190
llama,gen_2,0093,constVariableReference,style,398
llama,gen_2,0093,useStlAlgorithm,style,398
llama,gen_2,0004,useStlAlgorithm,style,398
llama,gen_2,0052,useStlAlgorithm,style,398
llama,gen_2,0205,knownConditionTrueFalse,style,571
llama,gen_2,0001,stlFindInsert,performance,398
llama,gen_2,0029,functionConst,style,398
llama,gen_2,0029,passedByValue,performance,398
llama,gen_2,0029,constParameter,style,398
llama,gen_2,0029,constVariable,style,398
llama,gen_2,0029,constVariable,style,398
llama,gen_2,0029,uninitvar,warning,457
llama,gen_2,0029,uninitvar,warning,457
llama,gen_2,0029,uninitvar,warning,457
llama,gen_2,0029,uninitvar,warning,457
llama,gen_2,0031,constVariableReference,style,398
llama,gen_2,0031,constVariableReference,style,398
llama,gen_2,0002,passedByValue,performance,398
llama,gen_2,0002,passedByValue,performance,398
llama,gen_2,0002,passedByValue,performance,398
llama,gen_2,0015,constParameter,style,398
llama,gen_2,0250,useStlAlgorithm,style,398
llama,gen_2,0250,useStlAlgorithm,style,398
llama,gen_2,0250,unusedVariable,style,563
llama,gen_2,0132,shadowVariable,style,398
llama,gen_2,0132,unreadVariable,style,563
llama,gen_2,0067,variableScope,style,398
llama,gen_2,0067,zerodiv,error,369
llama,gen_2,0067,useStlAlgorithm,style,398
llama,gen_2,0067,unreadVariable,style,563
llama,gen_2,0181,unreadVariable,style,563
llama,gen_2,0181,unreadVariable,style,563
llama,gen_2,0023,useStlAlgorithm,style,398
llama,gen_2,0023,useStlAlgorithm,style,398
llama,gen_2,0128,redundantAssignment,style,563
llama,gen_2,0179,useStlAlgorithm,style,398
llama,gen_2,0179,unreadVariable,style,563
llama,gen_2,0179,unreadVariable,style,563
llama,gen_2,0230,duplicateConditionalAssign,style,398
llama,gen_2,0153,noExplicitConstructor,style,398
llama,gen_2,0153,noExplicitConstructor,style,398
llama,gen_2,0153,passedByValue,performance,398
llama,gen_2,0153,constVariableReference,style,398
llama,gen_2,0153,unusedStructMember,style,563
llama,gen_2,0153,unreadVariable,style,563
llama,gen_2,0195,duplicateBranch,style,398
llama,gen_2,0000,iterateByValue,performance,398
llama,gen_2,0000,mismatchingContainers,error,664
llama,gen_2,0000,mismatchingContainers,error,664
llama,gen_2,0028,shadowFunction,style,398
llama,gen_2,0228,stlFindInsert,performance,398
llama,gen_2,0023,unreadVariable,style,563
llama,gen_2,0023,unreadVariable,style,563
llama,gen_2,0023,unreadVariable,style,563
llama,gen_2,0023,unreadVariable,style,563
llama,gen_2,0112,uninitvar,warning,457
llama,gen_2,0097,shadowVariable,style,398
llama,gen_2,0219,constVariableReference,style,398
llama,gen_2,0207,useStlAlgorithm,style,398
llama,gen_2,0186,useStlAlgorithm,style,398
llama,gen_2,0009,useStlAlgorithm,style,398
llama,gen_2,0032,constVariable,style,398
llama,gen_2,0064,knownConditionTrueFalse,style,570
llama,gen_2,0091,shadowVariable,style,398
llama,gen_2,0142,useStlAlgorithm,style,398
llama,gen_2,0116,iterateByValue,performance,398
llama,gen_2,0116,iterateByValue,performance,398
llama,gen_2,0116,uselessCallsSubstr,performance,398
llama,gen_2,0116,uselessCallsSubstr,performance,398
llama,gen_2,0061,variableScope,style,398
llama,gen_2,0061,variableScope,style,398
llama,gen_2,0061,variableScope,style,398
llama,gen_2,0046,useStlAlgorithm,style,398
llama,gen_2,0046,useStlAlgorithm,style,398
llama,gen_2,0111,invalidLifetime,error,562
llama,gen_2,0111,initializerList,style,398
llama,gen_2,0111,initializerList,style,398
llama,gen_2,0123,unreadVariable,style,563
llama,gen_2,0163,shadowVariable,style,398
llama,gen_2,0163,unreadVariable,style,563
llama,gen_2,0163,unreadVariable,style,563
llama,gen_2,0163,unusedVariable,style,563
llama,gen_2,0163,unreadVariable,style,563
llama,gen_2,0163,unusedVariable,style,563
llama,gen_2,0163,unusedVariable,style,563
llama,gen_2,0163,unreadVariable,style,563
llama,gen_2,0196,constVariableReference,style,398
llama,gen_2,0196,constVariableReference,style,398
llama,gen_2,0196,useStlAlgorithm,style,398
llama,gen_2,0196,useStlAlgorithm,style,398
llama,gen_2,0196,unusedStructMember,style,563
llama,gen_2,0196,unreadVariable,style,563
llama,gen_2,0157,duplicateExpression,style,398
llama,gen_2,0157,useStlAlgorithm,style,398
llama,gen_2,0184,shadowVariable,style,398
llama,gen_2,0184,shadowVariable,style,398
llama,gen_2,0184,useStlAlgorithm,style,398
llama,gen_2,0184,unreadVariable,style,563
llama,gen_2,0187,constVariableReference,style,398
llama,gen_2,0000,iterateByValue,performance,398
llama,gen_2,0139,useStlAlgorithm,style,398
llama,gen_2,0224,useStlAlgorithm,style,398
llama,gen_2,0168,duplicateBranch,style,398
llama,gen_2,0168,duplicateBranch,style,398
llama,gen_2,0168,duplicateBranch,style,398
llama,gen_2,0168,constParameterReference,style,398
llama,gen_2,0168,constVariableReference,style,398
llama,gen_2,0168,constVariableReference,style,398
llama,gen_2,0168,constVariableReference,style,398
llama,gen_2,0168,constVariableReference,style,398
llama,gen_2,0087,useStlAlgorithm,style,398
llama,gen_2,0001,useStlAlgorithm,style,398
llama,gen_2,0154,shadowArgument,style,398
llama,gen_2,0154,shadowArgument,style,398
llama,gen_2,0154,shadowArgument,style,398
llama,gen_2,0175,knownConditionTrueFalse,style,570
llama,gen_2,0175,knownConditionTrueFalse,style,570
llama,gen_2,0210,useStlAlgorithm,style,398
llama,gen_2,0034,useStlAlgorithm,style,398
llama,gen_2,0034,useStlAlgorithm,style,398
llama,gen_2,0080,constParameter,style,398
llama,gen_2,0003,passedByValueCallback,performance,398
llama,gen_2,0003,passedByValueCallback,performance,398
llama,gen_2,0003,useStlAlgorithm,style,398
llama,gen_2,0003,useStlAlgorithm,style,398
llama,gen_2,0201,variableScope,style,398
llama,gen_2,0201,constVariableReference,style,398
llama,gen_2,0201,constVariableReference,style,398
llama,gen_2,0201,useStlAlgorithm,style,398
llama,gen_2,0201,unreadVariable,style,563
llama,gen_2,0201,unreadVariable,style,563
llama,gen_2,0018,clarifyCalculation,style,783
llama,gen_2,0018,unreadVariable,style,563
llama,gen_2,0148,useStlAlgorithm,style,398
llama,gen_2,0148,unreadVariable,style,563
llama,gen_2,0148,unreadVariable,style,563
llama,gen_2,0056,useStlAlgorithm,style,398
llama,gen_2,0200,useStlAlgorithm,style,398
llama,gen_2,0200,useStlAlgorithm,style,398
llama,gen_2,0200,useStlAlgorithm,style,398
llama,gen_2,0244,shadowVariable,style,398
llama,gen_2,0244,shadowVariable,style,398
llama,gen_2,0244,useStlAlgorithm,style,398
llama,gen_2,0245,useStlAlgorithm,style,398
llama,gen_2,0229,shiftTooManyBitsSigned,portability,758
llama,gen_2,0230,noExplicitConstructor,style,398
llama,gen_2,0230,unreadVariable,style,563
llama,gen_2,0230,unreadVariable,style,563
llama,gen_2,0230,unreadVariable,style,563
llama,gen_2,0230,unreadVariable,style,563
llama,gen_2,0184,functionConst,style,398
llama,gen_2,0184,noExplicitConstructor,style,398
llama,gen_2,0184,unreadVariable,style,563
llama,gen_2,0184,unreadVariable,style,563
llama,gen_2,0048,unreadVariable,style,563
llama,gen_2,0048,unreadVariable,style,563
llama,gen_2,0135,noExplicitConstructor,style,398
llama,gen_2,0135,useStlAlgorithm,style,398
llama,gen_2,0135,useStlAlgorithm,style,398
llama,gen_2,0083,useStlAlgorithm,style,398
llama,gen_2,0083,useStlAlgorithm,style,398
llama,gen_2,0083,negativeContainerIndex,warning,786
llama,gen_2,0237,passedByValueCallback,performance,398
llama,gen_2,0237,passedByValueCallback,performance,398
llama,gen_2,0237,useStlAlgorithm,style,398
llama,gen_2,0206,useStlAlgorithm,style,398
llama,gen_2,0021,unreadVariable,style,563
llama,gen_2,0069,shadowVariable,style,398
llama,gen_2,0124,passedByValue,performance,398
llama,gen_2,0124,passedByValue,performance,398
llama,gen_2,0124,passedByValue,performance,398
llama,gen_2,0124,useStlAlgorithm,style,398
llama,gen_2,0124,useStlAlgorithm,style,398
llama,gen_2,0060,uninitvar,warning,457
llama,gen_2,0060,uninitvar,warning,457
llama,gen_2,0102,useStlAlgorithm,style,398
llama,gen_2,0252,useStlAlgorithm,style,398
llama,gen_2,0068,useStlAlgorithm,style,398
llama,gen_2,0124,useStlAlgorithm,style,398
llama,gen_2,0124,useStlAlgorithm,style,398
llama,gen_2,0124,useStlAlgorithm,style,398
llama,gen_2,0179,useStlAlgorithm,style,398
llama,gen_2,0179,negativeContainerIndex,warning,786
llama,gen_2,0116,variableScope,style,398
llama,gen_2,0070,unreadVariable,style,563
llama,gen_2,0128,shadowVariable,style,398
llama,gen_2,0198,useStlAlgorithm,style,398
llama,gen_2,0014,useStlAlgorithm,style,398
llama,gen_2,0014,useStlAlgorithm,style,398
llama,gen_2,0166,useStlAlgorithm,style,398
llama,gen_2,0254,knownConditionTrueFalse,style,570
llama,gen_2,0132,unreadVariable,style,563
llama,gen_2,0132,unreadVariable,style,563
llama,gen_2,0132,unreadVariable,style,563
llama,gen_2,0132,unreadVariable,style,563
llama,gen_2,0073,noExplicitConstructor,style,398
llama,gen_2,0073,noExplicitConstructor,style,398
llama,gen_2,0073,useStlAlgorithm,style,398
llama,gen_2,0073,unreadVariable,style,563
llama,gen_2,0073,unreadVariable,style,563
llama,gen_2,0088,constVariableReference,style,398
llama,gen_2,0088,useStlAlgorithm,style,398
llama,gen_2,0006,syntaxError,error,
llama,gen_2,0256,variableScope,style,398
llama,gen_2,0030,duplicateConditionalAssign,style,398
llama,gen_2,0180,unreadVariable,style,563
llama,gen_2,0180,unreadVariable,style,563
llama,gen_2,0073,constVariableReference,style,398
llama,gen_2,0073,useStlAlgorithm,style,398
llama,gen_2,0218,knownConditionTrueFalse,style,571
llama,gen_2,0218,knownConditionTrueFalse,style,571
llama,gen_2,0218,variableScope,style,398
llama,gen_2,0218,unreadVariable,style,563
llama,gen_2,0130,constVariableReference,style,398
llama,gen_2,0130,useStlAlgorithm,style,398
llama,gen_2,0130,useStlAlgorithm,style,398
llama,gen_2,0220,variableScope,style,398
llama,gen_2,0220,variableScope,style,398
llama,gen_2,0220,variableScope,style,398
llama,gen_2,0160,passedByValue,performance,398
llama,gen_2,0160,passedByValue,performance,398
llama,gen_2,0160,useStlAlgorithm,style,398
llama,gen_2,0160,useStlAlgorithm,style,398
llama,gen_2,0097,constParameterReference,style,398
llama,gen_2,0097,useStlAlgorithm,style,398
llama,gen_2,0110,containerOutOfBounds,error,398
llama,gen_2,0110,unusedVariable,style,563
llama,gen_2,0242,useStlAlgorithm,style,398
llama,gen_2,0242,useStlAlgorithm,style,398
llama,gen_2,0242,useStlAlgorithm,style,398
llama,gen_2,0242,useStlAlgorithm,style,398
llama,gen_2,0242,useStlAlgorithm,style,398
llama,gen_2,0242,useStlAlgorithm,style,398
llama,gen_2,0242,useStlAlgorithm,style,398
llama,gen_2,0242,useStlAlgorithm,style,398
llama,gen_2,0242,useStlAlgorithm,style,398
llama,gen_2,0082,useStlAlgorithm,style,398
llama,gen_2,0022,useStlAlgorithm,style,398
llama,gen_2,0022,useStlAlgorithm,style,398
llama,gen_2,0236,knownConditionTrueFalse,style,570
llama,gen_2,0236,passedByValue,performance,398
llama,gen_2,0241,useStlAlgorithm,style,398
llama,gen_2,0098,useStlAlgorithm,style,398
llama,gen_2,0139,negativeIndex,error,786
llama,gen_2,0101,useStlAlgorithm,style,398
llama,gen_2,0168,arrayIndexThenCheck,style,398
llama,gen_2,0193,duplicateBranch,style,398
llama,gen_2,0193,duplicateBranch,style,398
llama,gen_2,0193,constVariableReference,style,398
llama,gen_2,0193,constVariableReference,style,398
llama,gen_2,0193,stlFindInsert,performance,398
llama,gen_2,0193,stlFindInsert,performance,398
llama,gen_2,0051,useStlAlgorithm,style,398
llama,gen_2,0142,useStlAlgorithm,style,398
llama,gen_2,0142,unreadVariable,style,563
llama,gen_2,0142,unreadVariable,style,563
llama,gen_2,0142,unreadVariable,style,563
llama,gen_2,0142,unreadVariable,style,563
llama,gen_2,0109,uninitvar,warning,457
llama,gen_2,0109,uninitvar,warning,457
llama,gen_2,0240,useStlAlgorithm,style,398
llama,gen_2,0170,invalidContainerLoop,error,664
llama,gen_2,0170,invalidContainerLoop,error,664
llama,gen_2,0170,invalidContainerLoop,error,664
llama,gen_2,0232,useStlAlgorithm,style,398
llama,gen_2,0232,useStlAlgorithm,style,398
llama,gen_2,0232,unreadVariable,style,563
llama,gen_2,0232,unusedVariable,style,563
llama,gen_2,0102,variableScope,style,398
llama,gen_2,0102,variableScope,style,398
llama,gen_2,0102,unreadVariable,style,563
llama,gen_2,0102,unreadVariable,style,563
llama,gen_2,0148,unreadVariable,style,563
llama,gen_2,0148,unreadVariable,style,563
llama,gen_2,0120,unreadVariable,style,563
llama,gen_2,0120,unreadVariable,style,563
llama,gen_2,0120,unreadVariable,style,563
llama,gen_2,0120,unreadVariable,style,563
llama,gen_2,0044,uninitvar,warning,457
llama,gen_2,0044,uninitvar,warning,457
llama,gen_2,0080,unreadVariable,style,563
llama,gen_2,0080,unreadVariable,style,563
llama,gen_2,0080,unreadVariable,style,563
llama,gen_2,0040,invalidContainer,error,664
llama,gen_2,0036,useStlAlgorithm,style,398
llama,gen_2,0036,useStlAlgorithm,style,398
llama,gen_2,0280,variableScope,style,398
llama,gen_2,0149,useStlAlgorithm,style,398
llama,gen_2,0070,incompleteArrayFill,portability,131
llama,gen_2,0070,constVariableReference,style,398
llama,gen_2,0039,shadowVariable,style,398
llama,gen_2,0039,useStlAlgorithm,style,398
llama,gen_2,0121,constVariableReference,style,398
llama,gen_2,0042,truncLongCastAssignment,style,197
llama,gen_2,0086,unreadVariable,style,563
llama,gen_2,0086,unreadVariable,style,563
llama,gen_2,0183,constVariableReference,style,398
llama,gen_2,0183,constVariableReference,style,398
llama,gen_2,0183,useStlAlgorithm,style,398
llama,gen_2,0183,useStlAlgorithm,style,398
llama,gen_2,0231,passedByValue,performance,398
llama,gen_2,0231,useStlAlgorithm,style,398
llama,gen_2,0231,useStlAlgorithm,style,398
llama,gen_2,0216,syntaxError,error,
llama,gen_2,0049,iterateByValue,performance,398
llama,gen_2,0049,unreadVariable,style,563
llama,gen_2,0049,unreadVariable,style,563
llama,gen_2,0067,shadowVariable,style,398
llama,gen_2,0235,unreadVariable,style,563
llama,gen_2,0235,unreadVariable,style,563
llama,gen_2,0034,shiftTooManyBits,error,758
llama,gen_2,0092,useStlAlgorithm,style,398
llama,gen_2,0110,unusedVariable,style,563
llama,gen_2,0185,shadowVariable,style,398
llama,gen_2,0185,shadowVariable,style,398
llama,gen_2,0185,useStlAlgorithm,style,398
llama,gen_2,0214,constVariable,style,398
llama,gen_2,0062,constParameterReference,style,398
llama,gen_2,0249,unreadVariable,style,563
llama,gen_2,0249,unreadVariable,style,563
llama,gen_2,0249,unreadVariable,style,563
llama,gen_2,0249,unreadVariable,style,563
llama,gen_2,0249,unreadVariable,style,563
llama,gen_2,0249,unreadVariable,style,563
llama,gen_2,0045,multiCondition,style,398
llama,gen_2,0045,multiCondition,style,398
llama,gen_2,0045,multiCondition,style,398
llama,gen_2,0045,multiCondition,style,398
llama,gen_2,0187,useStlAlgorithm,style,398
llama,gen_2,0147,useStlAlgorithm,style,398
llama,gen_2,0147,unreadVariable,style,563
llama,gen_2,0041,shadowVariable,style,398
llama,gen_2,0173,iterateByValue,performance,398
llama,gen_2,0022,useStlAlgorithm,style,398
llama,gen_2,0268,invalidscanf,warning,119
