sample_id,model,generation,problem_key,cppcheck_cwes,sanitizer_cwes,cppcheck_only,sanitizer_only,both,static_confirmed_dynamically
gemma/gen_1/00000/0006_1149_E._Election_Promises,gemma,gen_1,1149_E_Election_Promises,CWE-571,,CWE-571,,,False
gemma/gen_1/00000/0007_1189_D1._Add_on_a_Tree,gemma,gen_1,1189_D1_Add_on_a_Tree,CWE-398,,CWE-398,,,False
gemma/gen_1/00000/0008_1208_D._Restore_Permutation,gemma,gen_1,1208_D_Restore_Permutation,CWE-398,,CWE-398,,,False
gemma/gen_1/00000/0009_1227_D1._Optimal_Subsequences__Easy_Version_,gemma,gen_1,1227_D1_Optimal_Subsequences__Easy_Version_,CWE-398,,CWE-398,,,False
gemma/gen_1/00000/0010_1269_E._K_Integers,gemma,gen_1,1269_E_K_Integers,CWE-398,,CWE-398,,,False
gemma/gen_1/00000/0011_1291_E._Prefix_Enlightenment,gemma,gen_1,1291_E_Prefix_Enlightenment,CWE-398,,CWE-398,,,False
gemma/gen_1/00000/0013_1334_D._Minimum_Euler_Cycle,gemma,gen_1,1334_D_Minimum_Euler_Cycle,CWE-398,,CWE-398,,,False
gemma/gen_1/00000/0015_1398_A._Bad_Triangle,gemma,gen_1,1398_A_Bad_Triangle,CWE-398,,CWE-398,,,False
gemma/gen_1/00000/0016_1421_B._Putting_Bricks_in_the_Wall,gemma,gen_1,1421_B_Putting_Bricks_in_the_Wall,CWE-563,,CWE-563,,,False
gemma/gen_1/00000/0017_143_A._Help_Vasilisa_the_Wise_2,gemma,gen_1,143_A_Help_Vasilisa_the_Wise_2,CWE-563,,CWE-563,,,False
gemma/gen_1/00000/0020_1513_C._Add_One,gemma,gen_1,1513_C_Add_One,CWE-398,,CWE-398,,,False
gemma/gen_1/00000/0021_1540_C1._Converging_Array__Easy_Version_,gemma,gen_1,1540_C1_Converging_Array__Easy_Version_,CWE-398|CWE-457,,CWE-398|CWE-457,,,False
gemma/gen_1/00000/0025_260_B._Ancient_Prophesy,gemma,gen_1,260_B_Ancient_Prophesy,CWE-398,,CWE-398,,,False
gemma/gen_1/00000/0027_309_B._Context_Advertising,gemma,gen_1,309_B_Context_Advertising,CWE-398|CWE-563,,CWE-398|CWE-563,,,False
gemma/gen_1/00000/0028_331_E2._Deja_Vu,gemma,gen_1,331_E2_Deja_Vu,CWE-398,,CWE-398,,,False
gemma/gen_1/00000/0029_354_E._Lucky_Number_Representation,gemma,gen_1,354_E_Lucky_Number_Representation,CWE-398,,CWE-398,,,False
gemma/gen_1/00000/0033_44_B._Cola,gemma,gen_1,44_B_Cola,,CWE-190,,CWE-190,,False
gemma/gen_1/00000/0033_44_B._Cola.cpp,gemma,gen_1,44_B_Cola,,CWE-190,,CWE-190,,False
gemma/gen_1/00000/0034_494_D._Birthday,gemma,gen_1,494_D_Birthday,CWE-398|CWE-563,,CWE-398|CWE-563,,,False
gemma/gen_1/00000/0035_519_B._A_and_B_and_Compilation_Errors,gemma,gen_1,519_B_A_and_B_and_Compilation_Errors,CWE-398,,CWE-398,,,False
gemma/gen_1/00000/0036_545_C._Woodcutters,gemma,gen_1,545_C_Woodcutters,,CWE-190,,CWE-190,,False
gemma/gen_1/00000/0036_545_C._Woodcutters.cpp,gemma,gen_1,545_C_Woodcutters,,CWE-190,,CWE-190,,False
gemma/gen_1/00000/0037_571_E._Geometric_Progressions,gemma,gen_1,571_E_Geometric_Progressions,CWE-570,,CWE-570,,,False
gemma/gen_1/00000/0038_593_C._Beautiful_Function,gemma,gen_1,593_C_Beautiful_Function,CWE-563,,CWE-563,,,False
gemma/gen_1/00000/0039_615_A._Bulbs,gemma,gen_1,615_A_Bulbs,CWE-398,CWE-190,CWE-398,CWE-190,,False
gemma/gen_1/00000/0039_615_A._Bulbs.cpp,gemma,gen_1,615_A_Bulbs,,CWE-190,,CWE-190,,False
gemma/gen_1/00000/0040_663_A._Rebus,gemma,gen_1,663_A_Rebus,CWE-398,,CWE-398,,,False
gemma/gen_1/00000/0041_687_D._Dividing_Kingdom_II,gemma,gen_1,687_D_Dividing_Kingdom_II,CWE-398,,CWE-398,,,False
gemma/gen_1/00000/0045_7_B._Memory_Manager,gemma,gen_1,7_B_Memory_Manager,CWE-398|CWE-563,,CWE-398|CWE-563,,,False
gemma/gen_1/00000/0047_846_E._Chemistry_in_Berland,gemma,gen_1,846_E_Chemistry_in_Berland,CWE-398|CWE-563,,CWE-398|CWE-563,,,False
gemma/gen_1/00000/0048_868_A._Bark_to_Unlock,gemma,gen_1,868_A_Bark_to_Unlock,,CWE-190,,CWE-190,,False
gemma/gen_1/00000/0048_868_A._Bark_to_Unlock.cpp,gemma,gen_1,868_A_Bark_to_Unlock,,CWE-190,,CWE-190,,False
gemma/gen_1/00000/0052_p02744_Panasonic_Programming_Contest_2020_-_String_Equivalence,gemma,gen_1,p02744_Panasonic_Programming_Contest_2020_-_String_Equivalence,CWE-398,,CWE-398,,,False
gemma/gen_1/00000/0054_p03013_AtCoder_Beginner_Contest_129_-_Typical_Stairs,gemma,gen_1,p03013_AtCoder_Beginner_Contest_129_-_Typical_Stairs,CWE-398|CWE-571,,CWE-398|CWE-571,,,False
gemma/gen_1/00000/0055_p03153_KEYENCE_Programming_Contest_2019_-_Connecting_Cities,gemma,gen_1,p03153_KEYENCE_Programming_Contest_2019_-_Connecting_Cities,CWE-398|CWE-563,,CWE-398|CWE-563,,,False
gemma/gen_1/00000/0056_p03297_AtCoder_Grand_Contest_026_-_rng_10s,gemma,gen_1,p03297_AtCoder_Grand_Contest_026_-_rng_10s,CWE-398|CWE-571,,CWE-398|CWE-571,,,False
gemma/gen_1/00000/0062_p00167_Bubble_Sort,gemma,gen_1,p00167_Bubble_Sort,CWE-398,,CWE-398,,,False
gemma/gen_1/00000/0063_p00323_Metal_Recycling,gemma,gen_1,p00323_Metal_Recycling,CWE-398|CWE-563,,CWE-398|CWE-563,,,False
gemma/gen_1/00000/0065_p00680_KND_Factory,gemma,gen_1,p00680_KND_Factory,CWE-398|CWE-563,,CWE-398|CWE-563,,,False
gemma/gen_1/00000/0067_p00953_Animal_Companion_in_Maze,gemma,gen_1,p00953_Animal_Companion_in_Maze,CWE-398,,CWE-398,,,False
gemma/gen_1/00000/0068_p01086_Short_Phrase,gemma,gen_1,p01086_Short_Phrase,CWE-398|CWE-563,,CWE-398|CWE-563,,,False
gemma/gen_1/00000/0069_p01222_Walk_under_a_Scorching_Sun,gemma,gen_1,p01222_Walk_under_a_Scorching_Sun,CWE-563,,CWE-563,,,False
gemma/gen_1/00000/0073_p01838_Optimal_Tournament,gemma,gen_1,p01838_Optimal_Tournament,CWE-398,,CWE-398,,,False
gemma/gen_1/00000/0074_p01974_Pigeonhole_principle,gemma,gen_1,p01974_Pigeonhole_principle,CWE-398,,CWE-398,,,False
gemma/gen_1/00000/0075_p02120_Cluster_Network,gemma,gen_1,p02120_Cluster_Network,CWE-398,,CWE-398,,,False
gemma/gen_1/00000/0077_p02408_Finding_Missing_Cards,gemma,gen_1,p02408_Finding_Missing_Cards,CWE-398,,CWE-398,,,False
gemma/gen_1/00000/0079_1043_A._Elections,gemma,gen_1,1043_A_Elections,CWE-398,,CWE-398,,,False
gemma/gen_1/00000/0080_1065_F._Up_and_Down_the_Tree,gemma,gen_1,1065_F_Up_and_Down_the_Tree,CWE-398|CWE-563,,CWE-398|CWE-563,,,False
gemma/gen_1/00000/0081_1088_D._Ehab_and_another_another_xor_problem,gemma,gen_1,1088_D_Ehab_and_another_another_xor_problem,CWE-563,,CWE-563,,,False
gemma/gen_1/00000/0082_1107_D._Compression,gemma,gen_1,1107_D_Compression,CWE-563,CWE-122,CWE-563,CWE-122,,False
gemma/gen_1/00000/0082_1107_D._Compression.cpp,gemma,gen_1,1107_D_Compression,,CWE-122,,CWE-122,,False
gemma/gen_1/00000/0085_1195_D2._Submarine_in_the_Rybinsk_Sea__hard_edition_,gemma,gen_1,1195_D2_Submarine_in_the_Rybinsk_Sea__hard_edition_,CWE-398,,CWE-398,,,False
gemma/gen_1/00000/0087_1253_F._Cheap_Robot,gemma,gen_1,1253_F_Cheap_Robot,CWE-398|CWE-563,,CWE-398|CWE-563,,,False
gemma/gen_1/00000/0088_1277_E._Two_Fairs,gemma,gen_1,1277_E_Two_Fairs,CWE-571,,CWE-571,,,False
gemma/gen_1/00000/0090_133_D._Piet,gemma,gen_1,133_D_Piet,CWE-398|CWE-563,,CWE-398|CWE-563,,,False
gemma/gen_1/00000/0093_1424_N._BubbleSquare_Tokens,gemma,gen_1,1424_N_BubbleSquare_Tokens,CWE-563,,CWE-563,,,False
gemma/gen_1/00000/0095_1470_E._Strange_Permutation,gemma,gen_1,1470_E_Strange_Permutation,CWE-398|CWE-570|CWE-571,,CWE-398|CWE-570|CWE-571,,,False
gemma/gen_1/00000/0097_1547_C._Pair_Programming,gemma,gen_1,1547_C_Pair_Programming,CWE-398|CWE-563,,CWE-398|CWE-563,,,False
gemma/gen_1/00000/0100_219_A._k-String,gemma,gen_1,219_A_k-String,CWE-563,,CWE-563,,,False
gemma/gen_1/00000/0101_242_C._King_s_Path,gemma,gen_1,242_C_King_s_Path,CWE-398,,CWE-398,,,False
gemma/gen_1/00000/0104_361_C._Levko_and_Array_Recovery,gemma,gen_1,361_C_Levko_and_Array_Recovery,CWE-398|CWE-457,,CWE-398|CWE-457,,,False
gemma/gen_1/00000/0106_405_E._Graph_Cutting,gemma,gen_1,405_E_Graph_Cutting,CWE-398,,CWE-398,,,False
gemma/gen_1/00000/0110_500_C._New_Year_Book_Reading,gemma,gen_1,500_C_New_Year_Book_Reading,CWE-398,,CWE-398,,,False
gemma/gen_1/00000/0111_526_A._King_of_Thieves,gemma,gen_1,526_A_King_of_Thieves,CWE-398,,CWE-398,,,False
gemma/gen_1/00000/0112_551_B._ZgukistringZ,gemma,gen_1,551_B_ZgukistringZ,CWE-563,CWE-190,CWE-563,CWE-190,,False
gemma/gen_1/00000/0112_551_B._ZgukistringZ.cpp,gemma,gen_1,551_B_ZgukistringZ,,CWE-190,,CWE-190,,False
gemma/gen_1/00000/0113_578_C._Weakness_and_Poorness,gemma,gen_1,578_C_Weakness_and_Poorness,CWE-398|CWE-563,,CWE-398|CWE-563,,,False
gemma/gen_1/00000/0114_5_A._Chat_Server_s_Outgoing_Traffic,gemma,gen_1,5_A_Chat_Server_s_Outgoing_Traffic,CWE-563,,CWE-563,,,False
gemma/gen_1/00000/0115_621_D._Rat_Kwesh_and_Cheese,gemma,gen_1,621_D_Rat_Kwesh_and_Cheese,CWE-563,,CWE-563,,,False
gemma/gen_1/00000/0118_716_D._Complete_The_Graph,gemma,gen_1,716_D_Complete_The_Graph,CWE-398|CWE-563,,CWE-398|CWE-563,,,False
gemma/gen_1/00000/0119_760_F._Bacterial_Melee,gemma,gen_1,760_F_Bacterial_Melee,CWE-398,,CWE-398,,,False
gemma/gen_1/00000/0120_784_B._Kids__Riddle,gemma,gen_1,784_B_Kids__Riddle,CWE-398|CWE-563,,CWE-398|CWE-563,,,False
gemma/gen_1/00000/0124_875_D._High_Cry,gemma,gen_1,875_D_High_Cry,CWE-398,,CWE-398,,,False
gemma/gen_1/00000/0126_920_E._Connected_Components_,gemma,gen_1,920_E_Connected_Components_,CWE-398,,CWE-398,,,False
gemma/gen_1/00000/0129_996_F._Game,gemma,gen_1,996_F_Game,CWE-398,,CWE-398,,,False
gemma/gen_1/00000/0131_p02781_AtCoder_Beginner_Contest_154_-_Almost_Everywhere_Zero,gemma,gen_1,p02781_AtCoder_Beginner_Contest_154_-_Almost_Everywhere_Zero,CWE-398,,CWE-398,,,False
gemma/gen_1/00000/0133_p03194_CADDi_2018_for_Beginners_-_Product_and_GCD,gemma,gen_1,p03194_CADDi_2018_for_Beginners_-_Product_and_GCD,CWE-570,,CWE-570,,,False
gemma/gen_1/00000/0134_p03343_AtCoder_Regular_Contest_098_-_Range_Minimum_Queries,gemma,gen_1,p03343_AtCoder_Regular_Contest_098_-_Range_Minimum_Queries,CWE-563,,CWE-563,,,False
gemma/gen_1/00000/0135_p03503_AtCoder_Beginner_Contest_080_-_Shopping_Street,gemma,gen_1,p03503_AtCoder_Beginner_Contest_080_-_Shopping_Street,CWE-398,,CWE-398,,,False
gemma/gen_1/00000/0140_p00365_Age_Difference,gemma,gen_1,p00365_Age_Difference,CWE-398|CWE-563|CWE-570|CWE-571,,CWE-398|CWE-563|CWE-570|CWE-571,,,False
gemma/gen_1/00000/0141_p00573_Commuter_Pass,gemma,gen_1,p00573_Commuter_Pass,CWE-398|CWE-563,,CWE-398|CWE-563,,,False
gemma/gen_1/00000/0142_p00720_Earth_Observation_with_a_Mobile_Robot_Team,gemma,gen_1,p00720_Earth_Observation_with_a_Mobile_Robot_Team,CWE-563,,CWE-563,,,False
gemma/gen_1/00000/0144_p00991_Grid,gemma,gen_1,p00991_Grid,CWE-563,,CWE-563,,,False
gemma/gen_1/00000/0145_p01123_Let_s_Move_Tiles_,gemma,gen_1,p01123_Let_s_Move_Tiles_,CWE-398,,CWE-398,,,False
gemma/gen_1/00000/0146_p01262_Adaptive_Time_Slicing_Quantization,gemma,gen_1,p01262_Adaptive_Time_Slicing_Quantization,CWE-398|CWE-563,,CWE-398|CWE-563,,,False
gemma/gen_1/00000/0147_p01576_Exciting_Bicycle,gemma,gen_1,p01576_Exciting_Bicycle,CWE-563,,CWE-563,,,False
gemma/gen_1/00000/0149_p02157_Shuffle_2,gemma,gen_1,p02157_Shuffle_2,CWE-570,,CWE-570,,,False
gemma/gen_1/00000/0151_1012_B._Chemical_table,gemma,gen_1,1012_B_Chemical_table,CWE-398,,CWE-398,,,False
gemma/gen_1/00000/0152_1081_D._Maximum_Distance,gemma,gen_1,1081_D_Maximum_Distance,CWE-398,,CWE-398,,,False
gemma/gen_1/00000/0153_1100_D._Dasha_and_Chess,gemma,gen_1,1100_D_Dasha_and_Chess,CWE-398,,CWE-398,,,False
gemma/gen_1/00000/0155_1208_A._XORinacci,gemma,gen_1,1208_A_XORinacci,CWE-457,,CWE-457,,,False
gemma/gen_1/00000/0157_124_D._Squares,gemma,gen_1,124_D_Squares,CWE-398|CWE-563,CWE-476,CWE-398|CWE-563,CWE-476,,False
gemma/gen_1/00000/0157_124_D._Squares.cpp,gemma,gen_1,124_D_Squares,,CWE-476,,CWE-476,,False
gemma/gen_1/00000/0164_1397_C._Multiples_of_Length,gemma,gen_1,1397_C_Multiples_of_Length,,CWE-122,,CWE-122,,False
gemma/gen_1/00000/0164_1397_C._Multiples_of_Length.cpp,gemma,gen_1,1397_C_Multiples_of_Length,,CWE-122,,CWE-122,,False
gemma/gen_1/00000/0169_167_C._Wizards_and_Numbers,gemma,gen_1,167_C_Wizards_and_Numbers,CWE-369|CWE-570|CWE-571,,CWE-369|CWE-570|CWE-571,,,False
gemma/gen_1/00000/0170_209_B._Pixels,gemma,gen_1,209_B_Pixels,CWE-563,CWE-190,CWE-563,CWE-190,,False
gemma/gen_1/00000/0170_209_B._Pixels.cpp,gemma,gen_1,209_B_Pixels,,CWE-190,,CWE-190,,False
gemma/gen_1/00000/0172_25_D._Roads_not_only_in_Berland,gemma,gen_1,25_D_Roads_not_only_in_Berland,CWE-398,,CWE-398,,,False
gemma/gen_1/00000/0173_331_D2._Escaping_on_Beaveractor,gemma,gen_1,331_D2_Escaping_on_Beaveractor,CWE-398|CWE-570,,CWE-398|CWE-570,,,False
gemma/gen_1/00000/0175_378_C._Maze,gemma,gen_1,378_C_Maze,CWE-563,,CWE-563,,,False
gemma/gen_1/00000/0177_425_A._Sereja_and_Swaps,gemma,gen_1,425_A_Sereja_and_Swaps,CWE-398,CWE-190,CWE-398,CWE-190,,False
gemma/gen_1/00000/0177_425_A._Sereja_and_Swaps.cpp,gemma,gen_1,425_A_Sereja_and_Swaps,,CWE-190,,CWE-190,,False
gemma/gen_1/00000/0178_449_D._Jzzhu_and_Numbers,gemma,gen_1,449_D_Jzzhu_and_Numbers,CWE-398,CWE-190,CWE-398,CWE-190,,False
gemma/gen_1/00000/0178_449_D._Jzzhu_and_Numbers.cpp,gemma,gen_1,449_D_Jzzhu_and_Numbers,,CWE-190,,CWE-190,,False
gemma/gen_1/00000/0179_518_E._Arthur_and_Questions,gemma,gen_1,518_E_Arthur_and_Questions,CWE-398,,CWE-398,,,False
gemma/gen_1/00000/0180_544_E._Remembering_Strings,gemma,gen_1,544_E_Remembering_Strings,,CWE-190,,CWE-190,,False
gemma/gen_1/00000/0180_544_E._Remembering_Strings.cpp,gemma,gen_1,544_E_Remembering_Strings,,CWE-190,,CWE-190,,False
gemma/gen_1/00000/0181_571_B._Minimization,gemma,gen_1,571_B_Minimization,,CWE-190,,CWE-190,,False
gemma/gen_1/00000/0181_571_B._Minimization.cpp,gemma,gen_1,571_B_Minimization,,CWE-190,,CWE-190,,False
gemma/gen_1/00000/0182_592_E._BCPC,gemma,gen_1,592_E_BCPC,,CWE-190,,CWE-190,,False
gemma/gen_1/00000/0182_592_E._BCPC.cpp,gemma,gen_1,592_E_BCPC,,CWE-190,,CWE-190,,False
gemma/gen_1/00000/0183_633_H._Fibonacci-ish_II,gemma,gen_1,633_H_Fibonacci-ish_II,CWE-398,,CWE-398,,,False
gemma/gen_1/00000/0184_662_C._Binary_Table,gemma,gen_1,662_C_Binary_Table,CWE-398,,CWE-398,,,False
gemma/gen_1/00000/0185_687_A._NP-Hard_Problem,gemma,gen_1,687_A_NP-Hard_Problem,CWE-398|CWE-563,CWE-190,CWE-398|CWE-563,CWE-190,,False
gemma/gen_1/00000/0185_687_A._NP-Hard_Problem.cpp,gemma,gen_1,687_A_NP-Hard_Problem,,CWE-190,,CWE-190,,False
gemma/gen_1/00000/0186_709_E._Centroids,gemma,gen_1,709_E_Centroids,CWE-398|CWE-563,,CWE-398|CWE-563,,,False
gemma/gen_1/00000/0187_730_G._Car_Repair_Shop,gemma,gen_1,730_G_Car_Repair_Shop,CWE-398,,CWE-398,,,False
gemma/gen_1/00000/0188_754_B._Ilya_and_tic-tac-toe_game,gemma,gen_1,754_B_Ilya_and_tic-tac-toe_game,CWE-398,,CWE-398,,,False
gemma/gen_1/00000/0190_79_D._Password,gemma,gen_1,79_D_Password,CWE-398,CWE-190,CWE-398,CWE-190,,False
gemma/gen_1/00000/0190_79_D._Password.cpp,gemma,gen_1,79_D_Password,,CWE-190,,CWE-190,,False
gemma/gen_1/00000/0192_846_B._Math_Show,gemma,gen_1,846_B_Math_Show,CWE-563,CWE-190,CWE-563,CWE-190,,False
gemma/gen_1/00000/0192_846_B._Math_Show.cpp,gemma,gen_1,846_B_Math_Show,,CWE-190,,CWE-190,,False
gemma/gen_1/00000/0193_867_D._Gotta_Go_Fast,gemma,gen_1,867_D_Gotta_Go_Fast,CWE-563,,CWE-563,,,False
gemma/gen_1/00000/0194_893_A._Chess_For_Three,gemma,gen_1,893_A_Chess_For_Three,CWE-563,,CWE-563,,,False
gemma/gen_1/00000/0196_962_F._Simple_Cycles_Edges,gemma,gen_1,962_F_Simple_Cycles_Edges,CWE-398,,CWE-398,,,False
gemma/gen_1/00000/0198_p02610_AIsing_Programming_Contest_2020_-_Camel_Train,gemma,gen_1,p02610_AIsing_Programming_Contest_2020_-_Camel_Train,CWE-398,,CWE-398,,,False
gemma/gen_1/00000/0200_p02876_AtCoder_Grand_Contest_040_-_Balance_Beam,gemma,gen_1,p02876_AtCoder_Grand_Contest_040_-_Balance_Beam,CWE-398|CWE-563,,CWE-398|CWE-563,,,False
gemma/gen_1/00000/0201_p03010_diverta_2019_Programming_Contest_2_-_Diverta_City,gemma,gen_1,p03010_diverta_2019_Programming_Contest_2_-_Diverta_City,CWE-563,,CWE-563,,,False
gemma/gen_1/00000/0203_p03294_AtCoder_Beginner_Contest_103_-_Modulo_Summation,gemma,gen_1,p03294_AtCoder_Beginner_Contest_103_-_Modulo_Summation,CWE-398,,CWE-398,,,False
gemma/gen_1/00000/0211_p00676_KND_is_So_Sexy,gemma,gen_1,p00676_KND_is_So_Sexy,CWE-398|CWE-563|CWE-628,,CWE-398|CWE-563|CWE-628,,,False
gemma/gen_1/00000/0212_p00819_Unreliable_Message,gemma,gen_1,p00819_Unreliable_Message,CWE-398,,CWE-398,,,False
gemma/gen_1/00000/0214_p01219_Private_Teacher,gemma,gen_1,p01219_Private_Teacher,CWE-398,,CWE-398,,,False
gemma/gen_1/00000/0217_p02117_Picnic,gemma,gen_1,p02117_Picnic,CWE-571,,CWE-571,,,False
gemma/gen_1/00000/0218_p02257_Prime_Numbers,gemma,gen_1,p02257_Prime_Numbers,CWE-398,,CWE-398,,,False
gemma/gen_1/00000/0221_1030_E._Vasya_and_Good_Sequences,gemma,gen_1,1030_E_Vasya_and_Good_Sequences,CWE-398,,CWE-398,,,False
gemma/gen_1/00000/0222_1053_C._Putting_Boxes_Together,gemma,gen_1,1053_C_Putting_Boxes_Together,CWE-786,,CWE-786,,,False
gemma/gen_1/00000/0223_1075_D._Intersecting_Subtrees,gemma,gen_1,1075_D_Intersecting_Subtrees,CWE-398,,CWE-398,,,False
gemma/gen_1/00000/0225_1144_B._Parity_Alternated_Deletions,gemma,gen_1,1144_B_Parity_Alternated_Deletions,CWE-398,,CWE-398,,,False
gemma/gen_1/00000/0230_1244_C._The_Football_Season,gemma,gen_1,1244_C_The_Football_Season,CWE-398|CWE-563|CWE-571,,CWE-398|CWE-563|CWE-571,,,False
gemma/gen_1/00000/0231_1264_A._Beautiful_Regional_Contest,gemma,gen_1,1264_A_Beautiful_Regional_Contest,CWE-398|CWE-563|CWE-571,,CWE-398|CWE-563|CWE-571,,,False
gemma/gen_1/00000/0233_1304_E._1-Trees_and_Queries,gemma,gen_1,1304_E_1-Trees_and_Queries,CWE-398,,CWE-398,,,False
gemma/gen_1/00000/0234_1348_F._Phoenix_and_Memory,gemma,gen_1,1348_F_Phoenix_and_Memory,CWE-398,,CWE-398,,,False
gemma/gen_1/00000/0235_1391_C._Cyclic_Permutations_,gemma,gen_1,1391_C_Cyclic_Permutations_,CWE-563,,CWE-563,,,False
gemma/gen_1/00000/0236_1413_F._Roads_and_Ramen,gemma,gen_1,1413_F_Roads_and_Ramen,CWE-398,,CWE-398,,,False
gemma/gen_1/00000/0238_147_B._Smile_House,gemma,gen_1,147_B_Smile_House,CWE-398|CWE-563,,CWE-398|CWE-563,,,False
gemma/gen_1/00001/0000_152_E._Garden,gemma,gen_1,152_E_Garden,CWE-398,CWE-190,CWE-398,CWE-190,,False
gemma/gen_1/00001/0000_152_E._Garden.cpp,gemma,gen_1,152_E_Garden,,CWE-190,,CWE-190,,False
gemma/gen_1/00001/0004_277_C._Game,gemma,gen_1,277_C_Game,CWE-563,CWE-190,CWE-563,CWE-190,,False
gemma/gen_1/00001/0004_277_C._Game.cpp,gemma,gen_1,277_C_Game,,CWE-190,,CWE-190,,False
gemma/gen_1/00001/0006_323_C._Two_permutations,gemma,gen_1,323_C_Two_permutations,CWE-398,,CWE-398,,,False
gemma/gen_1/00001/0007_348_A._Mafia,gemma,gen_1,348_A_Mafia,CWE-398,,CWE-398,,,False
gemma/gen_1/00001/0008_371_B._Fox_Dividing_Cheese,gemma,gen_1,371_B_Fox_Dividing_Cheese,CWE-398,,CWE-398,,,False
gemma/gen_1/00001/0010_415_E._Mashmokh_and_Reverse_Operation,gemma,gen_1,415_E_Mashmokh_and_Reverse_Operation,CWE-398,CWE-122,CWE-398,CWE-122,,False
gemma/gen_1/00001/0010_415_E._Mashmokh_and_Reverse_Operation.cpp,gemma,gen_1,415_E_Mashmokh_and_Reverse_Operation,,CWE-122,,CWE-122,,False
gemma/gen_1/00001/0011_442_C._Artem_and_Array_,gemma,gen_1,442_C_Artem_and_Array_,CWE-398,,CWE-398,,,False
gemma/gen_1/00001/0013_488_C._Fight_the_Monster,gemma,gen_1,488_C_Fight_the_Monster,CWE-571,,CWE-571,,,False
gemma/gen_1/00001/0016_586_F._Lizard_Era__Beginning,gemma,gen_1,586_F_Lizard_Era__Beginning,CWE-398|CWE-563,,CWE-398|CWE-563,,,False
gemma/gen_1/00001/0017_609_B._The_Best_Gift,gemma,gen_1,609_B_The_Best_Gift,CWE-398,,CWE-398,,,False
gemma/gen_1/00001/0020_67_E._Save_the_City_,gemma,gen_1,67_E_Save_the_City_,CWE-398,,CWE-398,,,False
gemma/gen_1/00001/0025_814_C._An_impassioned_circulation_of_affection,gemma,gen_1,814_C_An_impassioned_circulation_of_affection,,CWE-190,,CWE-190,,False
gemma/gen_1/00001/0025_814_C._An_impassioned_circulation_of_affection.cpp,gemma,gen_1,814_C_An_impassioned_circulation_of_affection,,CWE-190,,CWE-190,,False
gemma/gen_1/00001/0026_83_C._Track,gemma,gen_1,83_C_Track,CWE-398|CWE-563,,CWE-398|CWE-563,,,False
gemma/gen_1/00001/0028_909_D._Colorful_Points,gemma,gen_1,909_D_Colorful_Points,CWE-398,,CWE-398,,,False
gemma/gen_1/00001/0030_958_E2._Guard_Duty__medium_,gemma,gen_1,958_E2_Guard_Duty__medium_,CWE-398,,CWE-398,,,False
gemma/gen_1/00001/0031_985_A._Chess_Placing,gemma,gen_1,985_A_Chess_Placing,CWE-398,,CWE-398,,,False
gemma/gen_1/00001/0032_p02574_AtCoder_Beginner_Contest_177_-_Coprime,gemma,gen_1,p02574_AtCoder_Beginner_Contest_177_-_Coprime,CWE-398,,CWE-398,,,False
gemma/gen_1/00001/0036_p03107_AtCoder_Beginner_Contest_120_-_Unification,gemma,gen_1,p03107_AtCoder_Beginner_Contest_120_-_Unification,CWE-563,,CWE-563,,,False
gemma/gen_1/00001/0043_p00447_Searching_Constellation,gemma,gen_1,p00447_Searching_Constellation,CWE-398,,CWE-398,,,False
gemma/gen_1/00001/0053_p02211_Apple_Adventure,gemma,gen_1,p02211_Apple_Adventure,CWE-398,,CWE-398,,,False
gemma/gen_1/00001/0054_p02365_Minimum-Cost_Arborescence,gemma,gen_1,p02365_Minimum-Cost_Arborescence,CWE-398|CWE-563,,CWE-398|CWE-563,,,False
gemma/gen_1/00001/0055_1003_D._Coins_and_Queries,gemma,gen_1,1003_D_Coins_and_Queries,CWE-563,,CWE-563,,,False
gemma/gen_1/00001/0056_1027_E._Inverse_Coloring,gemma,gen_1,1027_E_Inverse_Coloring,CWE-398,,CWE-398,,,False
gemma/gen_1/00001/0058_1070_C._Cloud_Computing,gemma,gen_1,1070_C_Cloud_Computing,CWE-398,,CWE-398,,,False
gemma/gen_1/00001/0061_1158_F._Density_of_subarrays,gemma,gen_1,1158_F_Density_of_subarrays,CWE-398,CWE-190,CWE-398,CWE-190,,False
gemma/gen_1/00001/0061_1158_F._Density_of_subarrays.cpp,gemma,gen_1,1158_F_Density_of_subarrays,,CWE-190,,CWE-190,,False
gemma/gen_1/00001/0063_1199_E._Matching_vs_Independent_Set,gemma,gen_1,1199_E_Matching_vs_Independent_Set,CWE-398,,CWE-398,,,False
gemma/gen_1/00001/0066_1257_G._Divisor_Set,gemma,gen_1,1257_G_Divisor_Set,CWE-398,,CWE-398,,,False
gemma/gen_1/00001/0071_1366_A._Shovels_and_Swords,gemma,gen_1,1366_A_Shovels_and_Swords,CWE-563,,CWE-563,,,False
gemma/gen_1/00001/0073_1428_D._Bouncing_Boomerangs,gemma,gen_1,1428_D_Bouncing_Boomerangs,CWE-398|CWE-571,CWE-122,CWE-398|CWE-571,CWE-122,,False
gemma/gen_1/00001/0073_1428_D._Bouncing_Boomerangs.cpp,gemma,gen_1,1428_D_Bouncing_Boomerangs,,CWE-122,,CWE-122,,False
gemma/gen_1/00001/0078_157_A._Game_Outcome,gemma,gen_1,157_A_Game_Outcome,CWE-398,,CWE-398,,,False
gemma/gen_1/00001/0079_178_A1._Educational_Game,gemma,gen_1,178_A1_Educational_Game,CWE-398|CWE-563,,CWE-398|CWE-563,,,False
gemma/gen_1/00001/0080_19_B._Checkout_Assistant,gemma,gen_1,19_B_Checkout_Assistant,CWE-398|CWE-563,,CWE-398|CWE-563,,,False
gemma/gen_1/00001/0081_223_C._Partial_Sums,gemma,gen_1,223_C_Partial_Sums,CWE-398,CWE-190,CWE-398,CWE-190,,False
gemma/gen_1/00001/0081_223_C._Partial_Sums.cpp,gemma,gen_1,223_C_Partial_Sums,,CWE-190,,CWE-190,,False
gemma/gen_1/00001/0083_272_B._Dima_and_Sequence,gemma,gen_1,272_B_Dima_and_Sequence,CWE-398,,CWE-398,,,False
gemma/gen_1/00001/0085_319_B._Psychos_in_a_Line,gemma,gen_1,319_B_Psychos_in_a_Line,CWE-563,,CWE-563,,,False
gemma/gen_1/00001/0087_366_D._Dima_and_Trap_Graph,gemma,gen_1,366_D_Dima_and_Trap_Graph,CWE-398,,CWE-398,,,False
gemma/gen_1/00001/0088_38_C._Blinds,gemma,gen_1,38_C_Blinds,CWE-398,,CWE-398,,,False
gemma/gen_1/00001/0090_438_A._The_Child_and_Toy,gemma,gen_1,438_A_The_Child_and_Toy,CWE-398,,CWE-398,,,False
gemma/gen_1/00001/0093_556_C._Case_of_Matryoshkas,gemma,gen_1,556_C_Case_of_Matryoshkas,CWE-398,,CWE-398,,,False
gemma/gen_1/00001/0094_604_A._Uncowed_Forces,gemma,gen_1,604_A_Uncowed_Forces,CWE-398,,CWE-398,,,False
gemma/gen_1/00001/0095_626_D._Jerry_s_Protest,gemma,gen_1,626_D_Jerry_s_Protest,CWE-398|CWE-563,,CWE-398|CWE-563,,,False
gemma/gen_1/00001/0097_675_E._Trains_and_Statistic,gemma,gen_1,675_E_Trains_and_Statistic,CWE-398,,CWE-398,,,False
gemma/gen_1/00001/0098_699_F._Limak_and_Shooting_Points,gemma,gen_1,699_F_Limak_and_Shooting_Points,,CWE-190,,CWE-190,,False
gemma/gen_1/00001/0098_699_F._Limak_and_Shooting_Points.cpp,gemma,gen_1,699_F_Limak_and_Shooting_Points,,CWE-190,,CWE-190,,False
gemma/gen_1/00001/0101_765_D._Artsem_and_Saunders,gemma,gen_1,765_D_Artsem_and_Saunders,CWE-398,,CWE-398,,,False
gemma/gen_1/00001/0102_789_A._Anastasia_and_pebbles,gemma,gen_1,789_A_Anastasia_and_pebbles,CWE-398,,CWE-398,,,False
gemma/gen_1/00001/0103_80_C._Heroes,gemma,gen_1,80_C_Heroes,CWE-398,,CWE-398,,,False
gemma/gen_1/00001/0106_87_B._Vasya_and_Types,gemma,gen_1,87_B_Vasya_and_Types,CWE-398,,CWE-398,,,False
gemma/gen_1/00001/0107_903_D._Almost_Difference,gemma,gen_1,903_D_Almost_Difference,CWE-398,,CWE-398,,,False
gemma/gen_1/00001/0108_925_E._May_Holidays,gemma,gen_1,925_E_May_Holidays,CWE-398,,CWE-398,,,False
gemma/gen_1/00001/0110_9_E._Interesting_Graph_and_Apples,gemma,gen_1,9_E_Interesting_Graph_and_Apples,CWE-398|CWE-563|CWE-571,,CWE-398|CWE-563|CWE-571,,,False
gemma/gen_1/00001/0114_p02943_AtCoder_Grand_Contest_037_-_Reversing_and_Concatenating,gemma,gen_1,p02943_AtCoder_Grand_Contest_037_-_Reversing_and_Concatenating,CWE-563,,CWE-563,,,False
gemma/gen_1/00001/0118_p03694_AtCoder_Beginner_Contest_064_-_Traveling_AtCoDeer_Problem,gemma,gen_1,p03694_AtCoder_Beginner_Contest_064_-_Traveling_AtCoDeer_Problem,CWE-398,,CWE-398,,,False
gemma/gen_1/00001/0119_p03849_AtCoder_Regular_Contest_066_-_Xor_Sum,gemma,gen_1,p03849_AtCoder_Regular_Contest_066_-_Xor_Sum,CWE-398|CWE-563,,CWE-398|CWE-563,,,False
gemma/gen_1/00001/0123_p00395_Maze_and_Items,gemma,gen_1,p00395_Maze_and_Items,CWE-398|CWE-563,,CWE-398|CWE-563,,,False
gemma/gen_1/00001/0125_p00748_Pollock_s_conjecture,gemma,gen_1,p00748_Pollock_s_conjecture,CWE-398|CWE-570,,CWE-398|CWE-570,,,False
gemma/gen_1/00001/0130_p01458_Kth_Sentence,gemma,gen_1,p01458_Kth_Sentence,CWE-398,,CWE-398,,,False
gemma/gen_1/00001/0131_p01609_One,gemma,gen_1,p01609_One,CWE-563|CWE-570,,CWE-563|CWE-570,,,False
gemma/gen_1/00001/0134_p02042_ABSum,gemma,gen_1,p02042_ABSum,CWE-398,,CWE-398,,,False
gemma/gen_1/00001/0135_p02185_Many_Decimal_Integers,gemma,gen_1,p02185_Many_Decimal_Integers,CWE-398,,CWE-398,,,False
gemma/gen_1/00001/0138_1011_A._Stages,gemma,gen_1,1011_A_Stages,CWE-398,,CWE-398,,,False
gemma/gen_1/00001/0142_10_B._Cinema_Cashier,gemma,gen_1,10_B_Cinema_Cashier,CWE-563,,CWE-563,,,False
gemma/gen_1/00001/0144_1148_C._Crazy_Diamond,gemma,gen_1,1148_C_Crazy_Diamond,CWE-398,,CWE-398,,,False
gemma/gen_1/00001/0146_1187_G._Gang_Up,gemma,gen_1,1187_G_Gang_Up,CWE-398|CWE-563,CWE-190,CWE-398|CWE-563,CWE-190,,False
gemma/gen_1/00001/0146_1187_G._Gang_Up.cpp,gemma,gen_1,1187_G_Gang_Up,,CWE-190,,CWE-190,,False
gemma/gen_1/00001/0149_1249_D1._Too_Many_Segments__easy_version_,gemma,gen_1,1249_D1_Too_Many_Segments__easy_version_,CWE-398,,CWE-398,,,False
gemma/gen_1/00001/0151_1290_A._Mind_Control,gemma,gen_1,1290_A_Mind_Control,CWE-563,,CWE-563,,,False
gemma/gen_1/00001/0152_1310_B._Double_Elimination,gemma,gen_1,1310_B_Double_Elimination,CWE-563,,CWE-563,,,False
gemma/gen_1/00001/0153_1332_G._No_Monotone_Triples,gemma,gen_1,1332_G_No_Monotone_Triples,CWE-398,,CWE-398,,,False
gemma/gen_1/00001/0156_141_C._Queue,gemma,gen_1,141_C_Queue,CWE-398,,CWE-398,,,False
gemma/gen_1/00001/0158_1463_B._Find_The_Array,gemma,gen_1,1463_B_Find_The_Array,CWE-398,,CWE-398,,,False
gemma/gen_1/00001/0159_148_B._Escape,gemma,gen_1,148_B_Escape,CWE-563,,CWE-563,,,False
gemma/gen_1/00001/0160_1511_F._Chainword,gemma,gen_1,1511_F_Chainword,CWE-570,,CWE-570,,,False
gemma/gen_1/00001/0162_166_A._Rank_List,gemma,gen_1,166_A_Rank_List,CWE-398|CWE-563,,CWE-398|CWE-563,,,False
gemma/gen_1/00001/0165_233_C._Cycles,gemma,gen_1,233_C_Cycles,CWE-570,,CWE-570,,,False
gemma/gen_1/00001/0167_305_A._Strange_Addition,gemma,gen_1,305_A_Strange_Addition,CWE-398,CWE-190,CWE-398,CWE-190,,False
gemma/gen_1/00001/0167_305_A._Strange_Addition.cpp,gemma,gen_1,305_A_Strange_Addition,,CWE-190,,CWE-190,,False
gemma/gen_1/00001/0168_331_A2._Oh_Sweet_Beaverette,gemma,gen_1,331_A2_Oh_Sweet_Beaverette,CWE-398,,CWE-398,,,False
gemma/gen_1/00001/0169_352_E._Jeff_and_Brackets,gemma,gen_1,352_E_Jeff_and_Brackets,,CWE-190,,CWE-190,,False
gemma/gen_1/00001/0169_352_E._Jeff_and_Brackets.cpp,gemma,gen_1,352_E_Jeff_and_Brackets,,CWE-190,,CWE-190,,False
gemma/gen_1/00001/0171_399_C._Cards,gemma,gen_1,399_C_Cards,CWE-570,CWE-190,CWE-570,CWE-190,,False
gemma/gen_1/00001/0171_399_C._Cards.cpp,gemma,gen_1,399_C_Cards,,CWE-190,,CWE-190,,False
gemma/gen_1/00001/0172_421_D._Bug_in_Code,gemma,gen_1,421_D_Bug_in_Code,CWE-398,,CWE-398,,,False
gemma/gen_1/00001/0174_46_C._Hamsters_and_Tigers,gemma,gen_1,46_C_Hamsters_and_Tigers,CWE-398|CWE-563,,CWE-398|CWE-563,,,False
gemma/gen_1/00001/0176_516_C._Drazil_and_Park,gemma,gen_1,516_C_Drazil_and_Park,CWE-398,,CWE-398,,,False
gemma/gen_1/00001/0177_543_C._Remembering_Strings,gemma,gen_1,543_C_Remembering_Strings,,CWE-190,,CWE-190,,False
gemma/gen_1/00001/0177_543_C._Remembering_Strings.cpp,gemma,gen_1,543_C_Remembering_Strings,,CWE-190,,CWE-190,,False
gemma/gen_1/00001/0178_56_E._Domino_Principle,gemma,gen_1,56_E_Domino_Principle,CWE-398,,CWE-398,,,False
gemma/gen_1/00001/0182_685_D._Kay_and_Eternity,gemma,gen_1,685_D_Kay_and_Eternity,CWE-398,,CWE-398,,,False
gemma/gen_1/00001/0183_708_C._Centroids,gemma,gen_1,708_C_Centroids,CWE-563,,CWE-563,,,False
gemma/gen_1/00001/0186_799_D._Field_expansion,gemma,gen_1,799_D_Field_expansion,CWE-563,CWE-190,CWE-563,CWE-190,,False
gemma/gen_1/00001/0186_799_D._Field_expansion.cpp,gemma,gen_1,799_D_Field_expansion,,CWE-190,,CWE-190,,False
gemma/gen_1/00001/0187_819_D._Mister_B_and_Astronomers,gemma,gen_1,819_D_Mister_B_and_Astronomers,CWE-398|CWE-571,,CWE-398|CWE-571,,,False
gemma/gen_1/00001/0188_865_D._Buy_Low_Sell_High,gemma,gen_1,865_D_Buy_Low_Sell_High,,CWE-190,,CWE-190,,False
gemma/gen_1/00001/0188_865_D._Buy_Low_Sell_High.cpp,gemma,gen_1,865_D_Buy_Low_Sell_High,,CWE-190,,CWE-190,,False
gemma/gen_1/00001/0190_913_G._Power_Substring,gemma,gen_1,913_G_Power_Substring,,CWE-190,,CWE-190,,False
gemma/gen_1/00001/0190_913_G._Power_Substring.cpp,gemma,gen_1,913_G_Power_Substring,,CWE-190,,CWE-190,,False
gemma/gen_1/00001/0191_936_A._Save_Energy_,gemma,gen_1,936_A_Save_Energy_,CWE-563,,CWE-563,,,False
gemma/gen_1/00001/0193_989_E._A_Trance_of_Nightfall,gemma,gen_1,989_E_A_Trance_of_Nightfall,CWE-398|CWE-563,,CWE-398|CWE-563,,,False
gemma/gen_1/00001/0196_p02868_NIKKEI_Programming_Contest_2019-2_-_Shortest_Path_on_a_Line,gemma,gen_1,p02868_NIKKEI_Programming_Contest_2019-2_-_Shortest_Path_on_a_Line,CWE-398,,CWE-398,,,False
gemma/gen_1/00001/0198_p03143_NIKKEI_Programming_Contest_2019_-_Weights_on_Vertices_and_Edges,gemma,gen_1,p03143_NIKKEI_Programming_Contest_2019_-_Weights_on_Vertices_and_Edges,CWE-398,,CWE-398,,,False
gemma/gen_1/00001/0202_p03932_square869120Contest__3_-_Souvenirs,gemma,gen_1,p03932_square869120Contest__3_-_Souvenirs,CWE-398,,CWE-398,,,False
gemma/gen_1/00001/0204_p00156_Moats_around_the_Castle,gemma,gen_1,p00156_Moats_around_the_Castle,CWE-398|CWE-563,,CWE-398|CWE-563,,,False
gemma/gen_1/00001/0208_p00812_Equals_are_Equals,gemma,gen_1,p00812_Equals_are_Equals,CWE-398,,CWE-398,,,False
gemma/gen_1/00001/0209_p00943_Routing_a_Marathon_Race,gemma,gen_1,p00943_Routing_a_Marathon_Race,CWE-398,,CWE-398,,,False
gemma/gen_1/00001/0210_p01076_Graph_Making,gemma,gen_1,p01076_Graph_Making,CWE-563|CWE-570,,CWE-563|CWE-570,,,False
gemma/gen_1/00001/0213_p01684_Venn_Diagram,gemma,gen_1,p01684_Venn_Diagram,CWE-563,,CWE-563,,,False
gemma/gen_1/00001/0215_p01963_Separate_String,gemma,gen_1,p01963_Separate_String,CWE-398,,CWE-398,,,False
gemma/gen_1/00001/0216_p02110_Settler,gemma,gen_1,p02110_Settler,CWE-398,,CWE-398,,,False
gemma/gen_1/00001/0222_1084_C._The_Fair_Nut_and_String,gemma,gen_1,1084_C_The_Fair_Nut_and_String,CWE-398,CWE-190,CWE-398,CWE-190,,False
gemma/gen_1/00001/0222_1084_C._The_Fair_Nut_and_String.cpp,gemma,gen_1,1084_C_The_Fair_Nut_and_String,,CWE-190,,CWE-190,,False
gemma/gen_1/00001/0224_1131_E._String_Multiplication,gemma,gen_1,1131_E_String_Multiplication,,CWE-121,,CWE-121,,False
gemma/gen_1/00001/0224_1131_E._String_Multiplication.cpp,gemma,gen_1,1131_E_String_Multiplication,,CWE-121,,CWE-121,,False
gemma/gen_1/00001/0226_1191_C._Tokitsukaze_and_Discard_Items,gemma,gen_1,1191_C_Tokitsukaze_and_Discard_Items,CWE-398,,CWE-398,,,False
gemma/gen_1/00001/0227_120_C._Winnie-the-Pooh_and_honey,gemma,gen_1,120_C_Winnie-the-Pooh_and_honey,CWE-398,,CWE-398,,,False
gemma/gen_1/00001/0229_1251_E1._Voting__Easy_Version_,gemma,gen_1,1251_E1_Voting__Easy_Version_,CWE-398|CWE-563,,CWE-398|CWE-563,,,False
gemma/gen_1/00001/0232_1315_D._Recommendations,gemma,gen_1,1315_D_Recommendations,,CWE-190,,CWE-190,,False
gemma/gen_1/00001/0232_1315_D._Recommendations.cpp,gemma,gen_1,1315_D_Recommendations,,CWE-190,,CWE-190,,False
gemma/gen_1/00001/0234_1359_D._Yet_Another_Yet_Another_Task,gemma,gen_1,1359_D_Yet_Another_Yet_Another_Task,CWE-398,,CWE-398,,,False
gemma/gen_1/00001/0236_1423_H._Virus,gemma,gen_1,1423_H_Virus,CWE-398,,CWE-398,,,False
gemma/gen_1/00001/0237_1443_A._Kids_Seating,gemma,gen_1,1443_A_Kids_Seating,,CWE-122,,CWE-122,,False
gemma/gen_1/00001/0237_1443_A._Kids_Seating.cpp,gemma,gen_1,1443_A_Kids_Seating,,CWE-122,,CWE-122,,False
gemma/gen_1/00001/0238_1468_J._Road_Reform,gemma,gen_1,1468_J_Road_Reform,CWE-398,,CWE-398,,,False
gemma/gen_1/00001/0239_1493_C._K-beautiful_Strings,gemma,gen_1,1493_C_K-beautiful_Strings,CWE-398|CWE-563,,CWE-398|CWE-563,,,False
gemma/gen_1/00001/0240_1515_I._Phoenix_and_Diamonds,gemma,gen_1,1515_I_Phoenix_and_Diamonds,CWE-398,,CWE-398,,,False
gemma/gen_1/00001/0242_191_A._Dynasty_Puzzles,gemma,gen_1,191_A_Dynasty_Puzzles,,CWE-190,,CWE-190,,False
gemma/gen_1/00001/0242_191_A._Dynasty_Puzzles.cpp,gemma,gen_1,191_A_Dynasty_Puzzles,,CWE-190,,CWE-190,,False
gemma/gen_1/00001/0247_312_D._Cats_Transport,gemma,gen_1,312_D_Cats_Transport,CWE-398,,CWE-398,,,False
gemma/gen_1/00001/0251_42_A._Guilty___to_the_kitchen_,gemma,gen_1,42_A_Guilty___to_the_kitchen_,CWE-398,,CWE-398,,,False
gemma/gen_1/00001/0254_521_C._Pluses_everywhere,gemma,gen_1,521_C_Pluses_everywhere,CWE-398,,CWE-398,,,False
gemma/gen_1/00001/0255_548_E._Mike_and_Foam,gemma,gen_1,548_E_Mike_and_Foam,CWE-398,,CWE-398,,,False
gemma/gen_1/00001/0263_757_D._Felicity_s_Big_Secret_Revealed,gemma,gen_1,757_D_Felicity_s_Big_Secret_Revealed,CWE-398,,CWE-398,,,False
gemma/gen_1/00002/0000_825_E._Minimal_Labels,gemma,gen_1,825_E_Minimal_Labels,CWE-398,,CWE-398,,,False
gemma/gen_1/00002/0001_848_C._Goodbye_Souvenir,gemma,gen_1,848_C_Goodbye_Souvenir,CWE-398,,CWE-398,,,False
gemma/gen_1/00002/0003_896_E._Welcome_home__Chtholly,gemma,gen_1,896_E_Welcome_home__Chtholly,CWE-398,,CWE-398,,,False
gemma/gen_1/00002/0004_918_A._Eleven,gemma,gen_1,918_A_Eleven,CWE-398,,CWE-398,,,False
gemma/gen_1/00002/0005_940_A._Points_on_the_line,gemma,gen_1,940_A_Points_on_the_line,,CWE-190,,CWE-190,,False
gemma/gen_1/00002/0005_940_A._Points_on_the_line.cpp,gemma,gen_1,940_A_Points_on_the_line,,CWE-190,,CWE-190,,False
gemma/gen_1/00002/0006_967_D._Resource_Distribution,gemma,gen_1,967_D_Resource_Distribution,CWE-398,,CWE-398,,,False
gemma/gen_1/00002/0007_993_D._Compute_Power,gemma,gen_1,993_D_Compute_Power,CWE-398|CWE-563,CWE-190,CWE-398|CWE-563,CWE-190,,False
gemma/gen_1/00002/0007_993_D._Compute_Power.cpp,gemma,gen_1,993_D_Compute_Power,,CWE-190,,CWE-190,,False
gemma/gen_1/00002/0008_p02630_AtCoder_Beginner_Contest_171_-_Replacing,gemma,gen_1,p02630_AtCoder_Beginner_Contest_171_-_Replacing,CWE-398,,CWE-398,,,False
gemma/gen_1/00002/0009_p02761_AtCoder_Beginner_Contest_157_-_Guess_The_Number,gemma,gen_1,p02761_AtCoder_Beginner_Contest_157_-_Guess_The_Number,CWE-398,,CWE-398,,,False
gemma/gen_1/00002/0011_p03031_AtCoder_Beginner_Contest_128_-_Switches,gemma,gen_1,p03031_AtCoder_Beginner_Contest_128_-_Switches,CWE-398,,CWE-398,,,False
gemma/gen_1/00002/0014_p03474_AtCoder_Beginner_Contest_084_-_Postal_Code,gemma,gen_1,p03474_AtCoder_Beginner_Contest_084_-_Postal_Code,CWE-398,,CWE-398,,,False
gemma/gen_1/00002/0016_p03794_Mujin_Programming_Challenge_2017_-_Oriented_Tree,gemma,gen_1,p03794_Mujin_Programming_Challenge_2017_-_Oriented_Tree,CWE-398|CWE-563|CWE-570|CWE-571,,CWE-398|CWE-563|CWE-570|CWE-571,,,False
gemma/gen_1/00002/0017_p03963_AtCoder_Beginner_Contest_046_-_Painting_Balls_with_AtCoDeer,gemma,gen_1,p03963_AtCoder_Beginner_Contest_046_-_Painting_Balls_with_AtCoDeer,CWE-197,,CWE-197,,,False
gemma/gen_1/00002/0028_p01856_Typhoon,gemma,gen_1,p01856_Typhoon,CWE-563,,CWE-563,,,False
gemma/gen_1/00002/0029_p01991_Namo.._Cut,gemma,gen_1,p01991_Namo_Cut,CWE-398|CWE-563,,CWE-398|CWE-563,,,False
gemma/gen_1/00002/0031_p02278_Minimum_Cost_Sort,gemma,gen_1,p02278_Minimum_Cost_Sort,CWE-398,,CWE-398,,,False
gemma/gen_1/00002/0032_p02425_Bit_Flag,gemma,gen_1,p02425_Bit_Flag,CWE-758,,CWE-758,,,False
gemma/gen_1/00002/0037_1097_B._Petr_and_a_Combination_Lock,gemma,gen_1,1097_B_Petr_and_a_Combination_Lock,CWE-398,,CWE-398,,,False
gemma/gen_1/00002/0040_121_C._Lucky_Permutation,gemma,gen_1,121_C_Lucky_Permutation,CWE-398,,CWE-398,,,False
gemma/gen_1/00002/0042_1286_A._Garland,gemma,gen_1,1286_A_Garland,CWE-398,,CWE-398,,,False
gemma/gen_1/00002/0043_1305_B._Kuroni_and_Simple_Strings,gemma,gen_1,1305_B_Kuroni_and_Simple_Strings,CWE-398,,CWE-398,,,False
gemma/gen_1/00002/0044_1329_D._Dreamoon_Likes_Strings,gemma,gen_1,1329_D_Dreamoon_Likes_Strings,CWE-398,,CWE-398,,,False
gemma/gen_1/00002/0048_1433_C._Dominant_Piranha,gemma,gen_1,1433_C_Dominant_Piranha,CWE-563,,CWE-563,,,False
gemma/gen_1/00002/0050_1508_C._Complete_the_MST,gemma,gen_1,1508_C_Complete_the_MST,CWE-398,,CWE-398,,,False
gemma/gen_1/00002/0051_1534_D._Lost_Tree,gemma,gen_1,1534_D_Lost_Tree,CWE-398|CWE-563,,CWE-398|CWE-563,,,False
gemma/gen_1/00002/0053_204_D._Little_Elephant_and_Retro_Strings,gemma,gen_1,204_D_Little_Elephant_and_Retro_Strings,CWE-398,CWE-190,CWE-398,CWE-190,,False
gemma/gen_1/00002/0053_204_D._Little_Elephant_and_Retro_Strings.cpp,gemma,gen_1,204_D_Little_Elephant_and_Retro_Strings,,CWE-190,,CWE-190,,False
gemma/gen_1/00002/0056_278_B._New_Problem,gemma,gen_1,278_B_New_Problem,CWE-398,,CWE-398,,,False
gemma/gen_1/00002/0057_300_A._Array,gemma,gen_1,300_A_Array,CWE-398|CWE-563,,CWE-398|CWE-563,,,False
gemma/gen_1/00002/0058_325_D._Reclamation,gemma,gen_1,325_D_Reclamation,CWE-398,,CWE-398,,,False
gemma/gen_1/00002/0059_348_E._Pilgrims,gemma,gen_1,348_E_Pilgrims,CWE-398,,CWE-398,,,False
gemma/gen_1/00002/0061_393_C._Blocked_Points,gemma,gen_1,393_C_Blocked_Points,,CWE-190,,CWE-190,,False
gemma/gen_1/00002/0061_393_C._Blocked_Points.cpp,gemma,gen_1,393_C_Blocked_Points,,CWE-190,,CWE-190,,False
gemma/gen_1/00002/0062_416_D._Population_Size,gemma,gen_1,416_D_Population_Size,CWE-563,,CWE-563,,,False
gemma/gen_1/00002/0063_443_B._Kolya_and_Tandem_Repeat,gemma,gen_1,443_B_Kolya_and_Tandem_Repeat,CWE-563,CWE-190,CWE-563,CWE-190,,False
gemma/gen_1/00002/0063_443_B._Kolya_and_Tandem_Repeat.cpp,gemma,gen_1,443_B_Kolya_and_Tandem_Repeat,,CWE-190,,CWE-190,,False
gemma/gen_1/00002/0064_465_C._No_to_Palindromes_,gemma,gen_1,465_C_No_to_Palindromes_,CWE-398,,CWE-398,,,False
gemma/gen_1/00002/0068_566_C._Logistical_Questions,gemma,gen_1,566_C_Logistical_Questions,CWE-398|CWE-563,,CWE-398|CWE-563,,,False
gemma/gen_1/00002/0069_587_D._Duff_in_Mafia,gemma,gen_1,587_D_Duff_in_Mafia,CWE-398|CWE-563,,CWE-398|CWE-563,,,False
gemma/gen_1/00002/0075_725_C._Hidden_Word,gemma,gen_1,725_C_Hidden_Word,CWE-563|CWE-570,,CWE-563|CWE-570,,,False
gemma/gen_1/00002/0076_747_C._Servers,gemma,gen_1,747_C_Servers,CWE-398,,CWE-398,,,False
gemma/gen_1/00002/0077_76_F._Tourist,gemma,gen_1,76_F_Tourist,CWE-398,,CWE-398,,,False
gemma/gen_1/00002/0079_860_C._Tests_Renumeration,gemma,gen_1,860_C_Tests_Renumeration,CWE-398,,CWE-398,,,False
gemma/gen_1/00002/0080_887_B._Cubes_for_Masha,gemma,gen_1,887_B_Cubes_for_Masha,CWE-563,,CWE-563,,,False
gemma/gen_1/00002/0085_p02838_AtCoder_Beginner_Contest_147_-_Xor_Sum_4,gemma,gen_1,p02838_AtCoder_Beginner_Contest_147_-_Xor_Sum_4,CWE-398,,CWE-398,,,False
gemma/gen_1/00002/0086_p03111_AtCoder_Beginner_Contest_119_-_Synthetic_Kadomatsu,gemma,gen_1,p03111_AtCoder_Beginner_Contest_119_-_Synthetic_Kadomatsu,CWE-571,,CWE-571,,,False
gemma/gen_1/00002/0087_p03258_AtCoder_Grand_Contest_027_-_ABBreviate,gemma,gen_1,p03258_AtCoder_Grand_Contest_027_-_ABBreviate,CWE-398,,CWE-398,,,False
gemma/gen_1/00002/0092_p04052_AtCoder_Grand_Contest_001_-_Wide_Swap,gemma,gen_1,p04052_AtCoder_Grand_Contest_001_-_Wide_Swap,CWE-398,,CWE-398,,,False
gemma/gen_1/00002/0096_p00918_Dragon_s_Cruller,gemma,gen_1,p00918_Dragon_s_Cruller,CWE-398|CWE-457,,CWE-398|CWE-457,,,False
gemma/gen_1/00002/0097_p01051_Squid_Ink,gemma,gen_1,p01051_Squid_Ink,CWE-398|CWE-457,,CWE-398|CWE-457,,,False
gemma/gen_1/00002/0099_p01650_Stack_Maze,gemma,gen_1,p01650_Stack_Maze,CWE-398,,CWE-398,,,False
gemma/gen_1/00002/0102_p02216_Array_Game,gemma,gen_1,p02216_Array_Game,CWE-398,,CWE-398,,,False
gemma/gen_1/00002/0108_110_B._Lucky_String,gemma,gen_1,110_B_Lucky_String,CWE-398,,CWE-398,,,False
gemma/gen_1/00002/0109_1139_E._Maximize_Mex,gemma,gen_1,1139_E_Maximize_Mex,CWE-398,,CWE-398,,,False
gemma/gen_1/00002/0112_1215_B._The_Number_of_Products,gemma,gen_1,1215_B_The_Number_of_Products,,CWE-190,,CWE-190,,False
gemma/gen_1/00002/0112_1215_B._The_Number_of_Products.cpp,gemma,gen_1,1215_B_The_Number_of_Products,,CWE-190,,CWE-190,,False
gemma/gen_1/00002/0114_1256_E._Yet_Another_Division_Into_Teams,gemma,gen_1,1256_E_Yet_Another_Division_Into_Teams,CWE-398,,CWE-398,,,False
gemma/gen_1/00002/0115_127_E._E-reader_Display,gemma,gen_1,127_E_E-reader_Display,,CWE-190,,CWE-190,,False
gemma/gen_1/00002/0115_127_E._E-reader_Display.cpp,gemma,gen_1,127_E_E-reader_Display,,CWE-190,,CWE-190,,False
gemma/gen_1/00002/0117_1323_F._Reality_Show,gemma,gen_1,1323_F_Reality_Show,CWE-398|CWE-563,CWE-190,CWE-398|CWE-563,CWE-190,,False
gemma/gen_1/00002/0117_1323_F._Reality_Show.cpp,gemma,gen_1,1323_F_Reality_Show,,CWE-190,,CWE-190,,False
gemma/gen_1/00002/0118_1342_E._Placing_Rooks,gemma,gen_1,1342_E_Placing_Rooks,CWE-570,CWE-190,CWE-570,CWE-190,,False
gemma/gen_1/00002/0118_1342_E._Placing_Rooks.cpp,gemma,gen_1,1342_E_Placing_Rooks,,CWE-190,,CWE-190,,False
gemma/gen_1/00002/0119_1364_E._X-OR,gemma,gen_1,1364_E_X-OR,CWE-563,,CWE-563,,,False
gemma/gen_1/00002/0120_1384_F._Rearrange,gemma,gen_1,1384_F_Rearrange,CWE-398,,CWE-398,,,False
gemma/gen_1/00002/0122_1450_D._Rating_Compression,gemma,gen_1,1450_D_Rating_Compression,CWE-398,,CWE-398,,,False
gemma/gen_1/00002/0123_1474_B._Different_Divisors,gemma,gen_1,1474_B_Different_Divisors,CWE-398,,CWE-398,,,False
gemma/gen_1/00002/0125_1523_D._Love-Hate,gemma,gen_1,1523_D_Love-Hate,CWE-398,CWE-190,CWE-398,CWE-190,,False
gemma/gen_1/00002/0125_1523_D._Love-Hate.cpp,gemma,gen_1,1523_D_Love-Hate,,CWE-190,,CWE-190,,False
gemma/gen_1/00002/0126_155_C._Hometask,gemma,gen_1,155_C_Hometask,CWE-398,CWE-121|CWE-190,CWE-398,CWE-121|CWE-190,,False
gemma/gen_1/00002/0126_155_C._Hometask.cpp,gemma,gen_1,155_C_Hometask,,CWE-121|CWE-190,,CWE-121|CWE-190,,False
gemma/gen_1/00002/0132_294_A._Shaass_and_Oskols,gemma,gen_1,294_A_Shaass_and_Oskols,CWE-398,,CWE-398,,,False
gemma/gen_1/00002/0135_365_A._Good_Number,gemma,gen_1,365_A_Good_Number,CWE-398,,CWE-398,,,False
gemma/gen_1/00002/0136_388_E._Fox_and_Meteor_Shower,gemma,gen_1,388_E_Fox_and_Meteor_Shower,CWE-398,,CWE-398,,,False
gemma/gen_1/00002/0138_436_D._Pudding_Monsters,gemma,gen_1,436_D_Pudding_Monsters,CWE-398,,CWE-398,,,False
gemma/gen_1/00002/0139_459_E._Pashmak_and_Graph,gemma,gen_1,459_E_Pashmak_and_Graph,CWE-398,,CWE-398,,,False
gemma/gen_1/00002/0140_529_C._Rooks_and_Rectangles,gemma,gen_1,529_C_Rooks_and_Rectangles,CWE-398,,CWE-398,,,False
gemma/gen_1/00002/0141_554_E._Love_Triangles,gemma,gen_1,554_E_Love_Triangles,,CWE-190,,CWE-190,,False
gemma/gen_1/00002/0141_554_E._Love_Triangles.cpp,gemma,gen_1,554_E_Love_Triangles,,CWE-190,,CWE-190,,False
gemma/gen_1/00002/0142_580_D._Kefa_and_Dishes,gemma,gen_1,580_D_Kefa_and_Dishes,CWE-398,,CWE-398,,,False
gemma/gen_1/00002/0143_602_C._The_Two_Routes,gemma,gen_1,602_C_The_Two_Routes,CWE-398,,CWE-398,,,False
gemma/gen_1/00002/0145_673_C._Bear_and_Colors,gemma,gen_1,673_C_Bear_and_Colors,CWE-398|CWE-786,,CWE-398|CWE-786,,,False
gemma/gen_1/00002/0146_719_E._Sasha_and_Array,gemma,gen_1,719_E_Sasha_and_Array,CWE-398,CWE-122,CWE-398,CWE-122,,False
gemma/gen_1/00002/0146_719_E._Sasha_and_Array.cpp,gemma,gen_1,719_E_Sasha_and_Array,,CWE-122,,CWE-122,,False
gemma/gen_1/00002/0147_740_B._Alyona_and_flowers,gemma,gen_1,740_B_Alyona_and_flowers,,CWE-190,,CWE-190,,False
gemma/gen_1/00002/0147_740_B._Alyona_and_flowers.cpp,gemma,gen_1,740_B_Alyona_and_flowers,,CWE-190,,CWE-190,,False
gemma/gen_1/00002/0150_808_G._Anthem_of_Berland,gemma,gen_1,808_G_Anthem_of_Berland,,CWE-190,,CWE-190,,False
gemma/gen_1/00002/0150_808_G._Anthem_of_Berland.cpp,gemma,gen_1,808_G_Anthem_of_Berland,,CWE-190,,CWE-190,,False
gemma/gen_1/00002/0155_924_C._Riverside_Curio,gemma,gen_1,924_C_Riverside_Curio,CWE-398,,CWE-398,,,False
gemma/gen_1/00002/0158_p02539_ACL_Beginner_Contest_-_Heights_and_Pairs,gemma,gen_1,p02539_ACL_Beginner_Contest_-_Heights_and_Pairs,CWE-398,,CWE-398,,,False
gemma/gen_1/00002/0161_p03072_AtCoder_Beginner_Contest_124_-_Great_Ocean_View,gemma,gen_1,p03072_AtCoder_Beginner_Contest_124_-_Great_Ocean_View,CWE-398,,CWE-398,,,False
gemma/gen_1/00002/0162_p03214_Dwango_Programming_Contest_V_-_Thumbnail,gemma,gen_1,p03214_Dwango_Programming_Contest_V_-_Thumbnail,CWE-398,,CWE-398,,,False
gemma/gen_1/00002/0166_p03839_AtCoder_Grand_Contest_008_-_Contiguous_Repainting,gemma,gen_1,p03839_AtCoder_Grand_Contest_008_-_Contiguous_Repainting,CWE-398,,CWE-398,,,False
gemma/gen_1/00002/0167_p04006_AtCoder_Grand_Contest_004_-_Colorful_Slimes,gemma,gen_1,p04006_AtCoder_Grand_Contest_004_-_Colorful_Slimes,CWE-398|CWE-563|CWE-571,,CWE-398|CWE-563|CWE-571,,,False
gemma/gen_1/00002/0169_p00224_Bicycle_Diet,gemma,gen_1,p00224_Bicycle_Diet,CWE-197|CWE-398,,CWE-197|CWE-398,,,False
gemma/gen_1/00002/0170_p00386_Gathering,gemma,gen_1,p00386_Gathering,CWE-398,,CWE-398,,,False
gemma/gen_1/00002/0176_p01280_Galaxy_Wide_Web_Service,gemma,gen_1,p01280_Galaxy_Wide_Web_Service,CWE-398,,CWE-398,,,False
gemma/gen_1/00002/0181_p02033_Arrow,gemma,gen_1,p02033_Arrow,CWE-398,,CWE-398,,,False
gemma/gen_1/00002/0186_1025_B._Weakened_Common_Divisor,gemma,gen_1,1025_B_Weakened_Common_Divisor,CWE-398,,CWE-398,,,False
gemma/gen_1/00002/0188_1068_D._Array_Without_Local_Maximums_,gemma,gen_1,1068_D_Array_Without_Local_Maximums_,CWE-571,,CWE-571,,,False
gemma/gen_1/00002/0190_1214_H._Tiles_Placement,gemma,gen_1,1214_H_Tiles_Placement,CWE-563,,CWE-563,,,False
gemma/gen_1/00002/0191_1238_B._Kill__Em_All,gemma,gen_1,1238_B_Kill__Em_All,CWE-398,,CWE-398,,,False
gemma/gen_1/00002/0192_12_B._Correct_Solution_,gemma,gen_1,12_B_Correct_Solution_,CWE-398,,CWE-398,,,False
gemma/gen_1/00002/0193_1323_D._Present,gemma,gen_1,1323_D_Present,CWE-398,,CWE-398,,,False
gemma/gen_1/00002/0196_1384_D._GameGame,gemma,gen_1,1384_D_GameGame,CWE-398,,CWE-398,,,False
gemma/gen_1/00002/0197_1406_A._Subset_Mex,gemma,gen_1,1406_A_Subset_Mex,,CWE-190,,CWE-190,,False
gemma/gen_1/00002/0197_1406_A._Subset_Mex.cpp,gemma,gen_1,1406_A_Subset_Mex,,CWE-190,,CWE-190,,False
gemma/gen_1/00002/0199_1450_B._Balls_of_Steel,gemma,gen_1,1450_B_Balls_of_Steel,CWE-398,,CWE-398,,,False
gemma/gen_1/00002/0200_1473_G._Tiles,gemma,gen_1,1473_G_Tiles,CWE-398|CWE-571,,CWE-398|CWE-571,,,False
gemma/gen_1/00002/0202_155_A._I_love__username_,gemma,gen_1,155_A_I_love__username_,CWE-398,,CWE-398,,,False
gemma/gen_1/00002/0203_177_C1._Party,gemma,gen_1,177_C1_Party,CWE-398,,CWE-398,,,False
gemma/gen_1/00002/0206_270_B._Multithreading,gemma,gen_1,270_B_Multithreading,CWE-398,,CWE-398,,,False
gemma/gen_1/00002/0208_317_B._Ants,gemma,gen_1,317_B_Ants,CWE-563,,CWE-563,,,False
gemma/gen_1/00002/0209_341_B._Bubble_Sort_Graph,gemma,gen_1,341_B_Bubble_Sort_Graph,CWE-398,CWE-190,CWE-398,CWE-190,,False
gemma/gen_1/00002/0209_341_B._Bubble_Sort_Graph.cpp,gemma,gen_1,341_B_Bubble_Sort_Graph,,CWE-190,,CWE-190,,False
gemma/gen_1/00002/0210_364_D._Ghd,gemma,gen_1,364_D_Ghd,CWE-398,,CWE-398,,,False
gemma/gen_1/00002/0211_388_C._Fox_and_Card_Game,gemma,gen_1,388_C_Fox_and_Card_Game,CWE-398|CWE-786,,CWE-398|CWE-786,,,False
gemma/gen_1/00002/0213_436_B._Om_Nom_and_Spiders,gemma,gen_1,436_B_Om_Nom_and_Spiders,CWE-571,,CWE-571,,,False
gemma/gen_1/00002/0214_459_C._Pashmak_and_Buses,gemma,gen_1,459_C_Pashmak_and_Buses,,CWE-190,,CWE-190,,False
gemma/gen_1/00002/0214_459_C._Pashmak_and_Buses.cpp,gemma,gen_1,459_C_Pashmak_and_Buses,,CWE-190,,CWE-190,,False
gemma/gen_1/00002/0218_624_D._Array_GCD,gemma,gen_1,624_D_Array_GCD,CWE-398,,CWE-398,,,False
gemma/gen_1/00002/0219_673_A._Bear_and_Game,gemma,gen_1,673_A_Bear_and_Game,CWE-563,,CWE-563,,,False
gemma/gen_1/00002/0220_698_B._Fix_a_Tree,gemma,gen_1,698_B_Fix_a_Tree,CWE-398|CWE-563,,CWE-398|CWE-563,,,False
gemma/gen_1/00002/0222_73_F._Plane_of_Tanks,gemma,gen_1,73_F_Plane_of_Tanks,CWE-563,,CWE-563,,,False
gemma/gen_1/00002/0228_901_D._Weighting_a_Tree,gemma,gen_1,901_D_Weighting_a_Tree,CWE-398,,CWE-398,,,False
gemma/gen_1/00002/0230_979_E._Kuro_and_Topological_Parity,gemma,gen_1,979_E_Kuro_and_Topological_Parity,CWE-571,,CWE-571,,,False
gemma/gen_1/00002/0231_999_F._Cards_and_Joy,gemma,gen_1,999_F_Cards_and_Joy,CWE-398|CWE-786,,CWE-398|CWE-786,,,False
gemma/gen_1/00002/0233_p02668_NOMURA_Programming_Competition_2020_-_Sorting_Game,gemma,gen_1,p02668_NOMURA_Programming_Competition_2020_-_Sorting_Game,CWE-570,,CWE-570,,,False
gemma/gen_1/00002/0237_p03519_CODE_FESTIVAL_2017_Elimination_Tournament_Round_1__Parallel__-_Paired_Parentheses,gemma,gen_1,p03519_CODE_FESTIVAL_2017_Elimination_Tournament_Round_1__Parallel__-_Paired_Parentheses,CWE-398|CWE-563,,CWE-398|CWE-563,,,False
gemma/gen_1/00002/0238_p03684_AtCoder_Regular_Contest_076_-_Built_,gemma,gen_1,p03684_AtCoder_Regular_Contest_076_-_Built_,CWE-398,,CWE-398,,,False
gemma/gen_1/00002/0239_p03837_AtCoder_Beginner_Contest_051_-_Candidates_of_No_Shortest_Paths,gemma,gen_1,p03837_AtCoder_Beginner_Contest_051_-_Candidates_of_No_Shortest_Paths,CWE-398,,CWE-398,,,False
gemma/gen_2/00000_2/0001_1037_E._Trips,gemma,gen_2,1037_E_Trips,CWE-563,,CWE-563,,,False
gemma/gen_2/00000_2/0005_1149_E._Election_Promises,gemma,gen_2,1149_E_Election_Promises,CWE-571,,CWE-571,,,False
gemma/gen_2/00000_2/0006_1189_D1._Add_on_a_Tree,gemma,gen_2,1189_D1_Add_on_a_Tree,CWE-398,,CWE-398,,,False
gemma/gen_2/00000_2/0007_1208_D._Restore_Permutation,gemma,gen_2,1208_D_Restore_Permutation,CWE-398,,CWE-398,,,False
gemma/gen_2/00000_2/0008_1227_D1._Optimal_Subsequences__Easy_Version_,gemma,gen_2,1227_D1_Optimal_Subsequences__Easy_Version_,CWE-398,,CWE-398,,,False
gemma/gen_2/00000_2/0009_1269_E._K_Integers,gemma,gen_2,1269_E_K_Integers,CWE-398,,CWE-398,,,False
gemma/gen_2/00000_2/0010_1291_E._Prefix_Enlightenment,gemma,gen_2,1291_E_Prefix_Enlightenment,CWE-398,,CWE-398,,,False
gemma/gen_2/00000_2/0012_1334_D._Minimum_Euler_Cycle,gemma,gen_2,1334_D_Minimum_Euler_Cycle,CWE-398,,CWE-398,,,False
gemma/gen_2/00000_2/0013_1354_F._Summoning_Minions,gemma,gen_2,1354_F_Summoning_Minions,CWE-563,,CWE-563,,,False
gemma/gen_2/00000_2/0015_1398_A._Bad_Triangle,gemma,gen_2,1398_A_Bad_Triangle,CWE-398,,CWE-398,,,False
gemma/gen_2/00000_2/0016_1466_F._Euclid_s_nightmare,gemma,gen_2,1466_F_Euclid_s_nightmare,CWE-398,,CWE-398,,,False
gemma/gen_2/00000_2/0017_1513_C._Add_One,gemma,gen_2,1513_C_Add_One,CWE-398,,CWE-398,,,False
gemma/gen_2/00000_2/0021_260_B._Ancient_Prophesy,gemma,gen_2,260_B_Ancient_Prophesy,CWE-398,,CWE-398,,,False
gemma/gen_2/00000_2/0022_354_E._Lucky_Number_Representation,gemma,gen_2,354_E_Lucky_Number_Representation,CWE-398,,CWE-398,,,False
gemma/gen_2/00000_2/0027_519_B._A_and_B_and_Compilation_Errors,gemma,gen_2,519_B_A_and_B_and_Compilation_Errors,CWE-398,,CWE-398,,,False
gemma/gen_2/00000_2/0028_571_E._Geometric_Progressions,gemma,gen_2,571_E_Geometric_Progressions,CWE-570,,CWE-570,,,False
gemma/gen_2/00000_2/0029_615_A._Bulbs,gemma,gen_2,615_A_Bulbs,CWE-398,CWE-190,CWE-398,CWE-190,,False
gemma/gen_2/00000_2/0029_615_A._Bulbs.cpp,gemma,gen_2,615_A_Bulbs,,CWE-190,,CWE-190,,False
gemma/gen_2/00000_2/0031_687_D._Dividing_Kingdom_II,gemma,gen_2,687_D_Dividing_Kingdom_II,CWE-398,,CWE-398,,,False
gemma/gen_2/00000_2/0033_730_J._Bottles,gemma,gen_2,730_J_Bottles,CWE-398,,CWE-398,,,False
gemma/gen_2/00000_2/0035_776_A._A_Serial_Killer,gemma,gen_2,776_A_A_Serial_Killer,CWE-398,,CWE-398,,,False
gemma/gen_2/00000_2/0036_7_B._Memory_Manager,gemma,gen_2,7_B_Memory_Manager,CWE-398,CWE-190,CWE-398,CWE-190,,False
gemma/gen_2/00000_2/0036_7_B._Memory_Manager.cpp,gemma,gen_2,7_B_Memory_Manager,,CWE-190,,CWE-190,,False
gemma/gen_2/00000_2/0038_846_E._Chemistry_in_Berland,gemma,gen_2,846_E_Chemistry_in_Berland,CWE-398|CWE-563|CWE-571,,CWE-398|CWE-563|CWE-571,,,False
gemma/gen_2/00000_2/0039_868_A._Bark_to_Unlock,gemma,gen_2,868_A_Bark_to_Unlock,,CWE-190,,CWE-190,,False
gemma/gen_2/00000_2/0039_868_A._Bark_to_Unlock.cpp,gemma,gen_2,868_A_Bark_to_Unlock,,CWE-190,,CWE-190,,False
gemma/gen_2/00000_2/0041_915_A._Garden,gemma,gen_2,915_A_Garden,CWE-398,,CWE-398,,,False
gemma/gen_2/00000_2/0044_p02744_Panasonic_Programming_Contest_2020_-_String_Equivalence,gemma,gen_2,p02744_Panasonic_Programming_Contest_2020_-_String_Equivalence,CWE-398|CWE-563,,CWE-398|CWE-563,,,False
gemma/gen_2/00000_2/0046_p03013_AtCoder_Beginner_Contest_129_-_Typical_Stairs,gemma,gen_2,p03013_AtCoder_Beginner_Contest_129_-_Typical_Stairs,CWE-398|CWE-571,,CWE-398|CWE-571,,,False
gemma/gen_2/00000_2/0053_p00167_Bubble_Sort,gemma,gen_2,p00167_Bubble_Sort,CWE-398,,CWE-398,,,False
gemma/gen_2/00000_2/0055_p00822_Weather_Forecast,gemma,gen_2,p00822_Weather_Forecast,CWE-563,,CWE-563,,,False
gemma/gen_2/00000_2/0057_p01086_Short_Phrase,gemma,gen_2,p01086_Short_Phrase,CWE-398|CWE-563,,CWE-398|CWE-563,,,False
gemma/gen_2/00000_2/0058_p02408_Finding_Missing_Cards,gemma,gen_2,p02408_Finding_Missing_Cards,CWE-398,,CWE-398,,,False
gemma/gen_2/00000_2/0060_1043_A._Elections,gemma,gen_2,1043_A_Elections,CWE-398,,CWE-398,,,False
gemma/gen_2/00000_2/0061_1065_F._Up_and_Down_the_Tree,gemma,gen_2,1065_F_Up_and_Down_the_Tree,CWE-398,,CWE-398,,,False
gemma/gen_2/00000_2/0062_1088_D._Ehab_and_another_another_xor_problem,gemma,gen_2,1088_D_Ehab_and_another_another_xor_problem,CWE-398,,CWE-398,,,False
gemma/gen_2/00000_2/0064_1136_D._Nastya_Is_Buying_Lunch,gemma,gen_2,1136_D_Nastya_Is_Buying_Lunch,CWE-398,,CWE-398,,,False
gemma/gen_2/00000_2/0067_1195_D2._Submarine_in_the_Rybinsk_Sea__hard_edition_,gemma,gen_2,1195_D2_Submarine_in_the_Rybinsk_Sea__hard_edition_,CWE-398,,CWE-398,,,False
gemma/gen_2/00000_2/0068_1236_A._Stones,gemma,gen_2,1236_A_Stones,CWE-398|CWE-563,,CWE-398|CWE-563,,,False
gemma/gen_2/00000_2/0069_1253_F._Cheap_Robot,gemma,gen_2,1253_F_Cheap_Robot,CWE-398,,CWE-398,,,False
gemma/gen_2/00000_2/0071_133_D._Piet,gemma,gen_2,133_D_Piet,CWE-398|CWE-563,,CWE-398|CWE-563,,,False
gemma/gen_2/00000_2/0074_1424_N._BubbleSquare_Tokens,gemma,gen_2,1424_N_BubbleSquare_Tokens,CWE-563,,CWE-563,,,False
gemma/gen_2/00000_2/0079_219_A._k-String,gemma,gen_2,219_A_k-String,CWE-563,,CWE-563,,,False
gemma/gen_2/00000_2/0080_242_C._King_s_Path,gemma,gen_2,242_C_King_s_Path,CWE-398,,CWE-398,,,False
gemma/gen_2/00000_2/0083_316_B2._EKG,gemma,gen_2,316_B2_EKG,CWE-398,,CWE-398,,,False
gemma/gen_2/00000_2/0085_361_C._Levko_and_Array_Recovery,gemma,gen_2,361_C_Levko_and_Array_Recovery,CWE-563,,CWE-563,,,False
gemma/gen_2/00000_2/0091_500_C._New_Year_Book_Reading,gemma,gen_2,500_C_New_Year_Book_Reading,CWE-398,,CWE-398,,,False
gemma/gen_2/00000_2/0092_526_A._King_of_Thieves,gemma,gen_2,526_A_King_of_Thieves,CWE-398,,CWE-398,,,False
gemma/gen_2/00000_2/0093_551_B._ZgukistringZ,gemma,gen_2,551_B_ZgukistringZ,CWE-571,CWE-190,CWE-571,CWE-190,,False
gemma/gen_2/00000_2/0093_551_B._ZgukistringZ.cpp,gemma,gen_2,551_B_ZgukistringZ,,CWE-190,,CWE-190,,False
gemma/gen_2/00000_2/0094_578_C._Weakness_and_Poorness,gemma,gen_2,578_C_Weakness_and_Poorness,CWE-398,,CWE-398,,,False
gemma/gen_2/00000_2/0095_5_A._Chat_Server_s_Outgoing_Traffic,gemma,gen_2,5_A_Chat_Server_s_Outgoing_Traffic,CWE-563,,CWE-563,,,False
gemma/gen_2/00000_2/0096_621_D._Rat_Kwesh_and_Cheese,gemma,gen_2,621_D_Rat_Kwesh_and_Cheese,CWE-563,,CWE-563,,,False
gemma/gen_2/00000_2/0097_643_B._Bear_and_Two_Paths,gemma,gen_2,643_B_Bear_and_Two_Paths,CWE-563,,CWE-563,,,False
gemma/gen_2/00000_2/0100_716_D._Complete_The_Graph,gemma,gen_2,716_D_Complete_The_Graph,CWE-398|CWE-563,,CWE-398|CWE-563,,,False
gemma/gen_2/00000_2/0101_737_A._Road_to_Cinema,gemma,gen_2,737_A_Road_to_Cinema,CWE-398,CWE-190,CWE-398,CWE-190,,False
gemma/gen_2/00000_2/0101_737_A._Road_to_Cinema.cpp,gemma,gen_2,737_A_Road_to_Cinema,,CWE-190,,CWE-190,,False
gemma/gen_2/00000_2/0102_760_F._Bacterial_Melee,gemma,gen_2,760_F_Bacterial_Melee,CWE-398,,CWE-398,,,False
gemma/gen_2/00000_2/0106_875_D._High_Cry,gemma,gen_2,875_D_High_Cry,CWE-398,,CWE-398,,,False
gemma/gen_2/00000_2/0108_920_E._Connected_Components_,gemma,gen_2,920_E_Connected_Components_,CWE-398,,CWE-398,,,False
gemma/gen_2/00000_2/0113_p02781_AtCoder_Beginner_Contest_154_-_Almost_Everywhere_Zero,gemma,gen_2,p02781_AtCoder_Beginner_Contest_154_-_Almost_Everywhere_Zero,CWE-398,,CWE-398,,,False
gemma/gen_2/00000_2/0114_p02916_AtCoder_Beginner_Contest_140_-_Buffet,gemma,gen_2,p02916_AtCoder_Beginner_Contest_140_-_Buffet,CWE-398|CWE-563,,CWE-398|CWE-563,,,False
gemma/gen_2/00000_2/0115_p03194_CADDi_2018_for_Beginners_-_Product_and_GCD,gemma,gen_2,p03194_CADDi_2018_for_Beginners_-_Product_and_GCD,CWE-570,,CWE-570,,,False
gemma/gen_2/00000_2/0116_p03343_AtCoder_Regular_Contest_098_-_Range_Minimum_Queries,gemma,gen_2,p03343_AtCoder_Regular_Contest_098_-_Range_Minimum_Queries,CWE-563,,CWE-563,,,False
gemma/gen_2/00000_2/0117_p03503_AtCoder_Beginner_Contest_080_-_Shopping_Street,gemma,gen_2,p03503_AtCoder_Beginner_Contest_080_-_Shopping_Street,CWE-398,,CWE-398,,,False
gemma/gen_2/00000_2/0120_p03986_AtCoder_Grand_Contest_005_-_STring,gemma,gen_2,p03986_AtCoder_Grand_Contest_005_-_STring,CWE-563,,CWE-563,,,False
gemma/gen_2/00000_2/0121_p00074_Videotape,gemma,gen_2,p00074_Videotape,CWE-563,,CWE-563,,,False
gemma/gen_2/00000_2/0123_p00573_Commuter_Pass,gemma,gen_2,p00573_Commuter_Pass,CWE-398|CWE-563,,CWE-398|CWE-563,,,False
gemma/gen_2/00000_2/0125_p00860_The_Morning_after_Halloween,gemma,gen_2,p00860_The_Morning_after_Halloween,CWE-563,,CWE-563,,,False
gemma/gen_2/00000_2/0127_p01262_Adaptive_Time_Slicing_Quantization,gemma,gen_2,p01262_Adaptive_Time_Slicing_Quantization,CWE-398,,CWE-398,,,False
gemma/gen_2/00000_2/0129_p01576_Exciting_Bicycle,gemma,gen_2,p01576_Exciting_Bicycle,CWE-563|CWE-786,,CWE-563|CWE-786,,,False
gemma/gen_2/00000_2/0131_p02014_Rough_Sorting,gemma,gen_2,p02014_Rough_Sorting,CWE-398,,CWE-398,,,False
gemma/gen_2/00000_2/0132_p02157_Shuffle_2,gemma,gen_2,p02157_Shuffle_2,CWE-563,,CWE-563,,,False
gemma/gen_2/00000_2/0135_1037_B._Reach_Median,gemma,gen_2,1037_B_Reach_Median,CWE-398|CWE-563,,CWE-398|CWE-563,,,False
gemma/gen_2/00000_2/0136_1081_D._Maximum_Distance,gemma,gen_2,1081_D_Maximum_Distance,CWE-398,,CWE-398,,,False
gemma/gen_2/00000_2/0137_1100_D._Dasha_and_Chess,gemma,gen_2,1100_D_Dasha_and_Chess,CWE-398,,CWE-398,,,False
gemma/gen_2/00000_2/0138_1129_A2._Toy_Train,gemma,gen_2,1129_A2_Toy_Train,CWE-398|CWE-563,,CWE-398|CWE-563,,,False
gemma/gen_2/00000_2/0139_1149_B._Three_Religions,gemma,gen_2,1149_B_Three_Religions,CWE-563,,CWE-563,,,False
gemma/gen_2/00000_2/0141_1208_A._XORinacci,gemma,gen_2,1208_A_XORinacci,CWE-457,,CWE-457,,,False
gemma/gen_2/00000_2/0142_1227_A._Math_Problem,gemma,gen_2,1227_A_Math_Problem,CWE-398|CWE-570,,CWE-398|CWE-570,,,False
gemma/gen_2/00000_2/0143_124_D._Squares,gemma,gen_2,124_D_Squares,CWE-398,CWE-476,CWE-398,CWE-476,,False
gemma/gen_2/00000_2/0143_124_D._Squares.cpp,gemma,gen_2,124_D_Squares,,CWE-476,,CWE-476,,False
gemma/gen_2/00000_2/0151_1420_D._Rescue_Nibel_,gemma,gen_2,1420_D_Rescue_Nibel_,CWE-398,,CWE-398,,,False
gemma/gen_2/00000_2/0156_167_C._Wizards_and_Numbers,gemma,gen_2,167_C_Wizards_and_Numbers,CWE-369|CWE-571,,CWE-369|CWE-571,,,False
gemma/gen_2/00000_2/0157_209_B._Pixels,gemma,gen_2,209_B_Pixels,,CWE-190,,CWE-190,,False
gemma/gen_2/00000_2/0157_209_B._Pixels.cpp,gemma,gen_2,209_B_Pixels,,CWE-190,,CWE-190,,False
gemma/gen_2/00000_2/0159_25_D._Roads_not_only_in_Berland,gemma,gen_2,25_D_Roads_not_only_in_Berland,CWE-398,,CWE-398,,,False
gemma/gen_2/00000_2/0160_283_D._Cows_and_Cool_Sequences,gemma,gen_2,283_D_Cows_and_Cool_Sequences,,CWE-190,,CWE-190,,False
gemma/gen_2/00000_2/0160_283_D._Cows_and_Cool_Sequences.cpp,gemma,gen_2,283_D_Cows_and_Cool_Sequences,,CWE-190,,CWE-190,,False
gemma/gen_2/00000_2/0164_425_A._Sereja_and_Swaps,gemma,gen_2,425_A_Sereja_and_Swaps,,CWE-190,,CWE-190,,False
gemma/gen_2/00000_2/0164_425_A._Sereja_and_Swaps.cpp,gemma,gen_2,425_A_Sereja_and_Swaps,,CWE-190,,CWE-190,,False
gemma/gen_2/00000_2/0165_449_D._Jzzhu_and_Numbers,gemma,gen_2,449_D_Jzzhu_and_Numbers,CWE-398,CWE-190,CWE-398,CWE-190,,False
gemma/gen_2/00000_2/0165_449_D._Jzzhu_and_Numbers.cpp,gemma,gen_2,449_D_Jzzhu_and_Numbers,,CWE-190,,CWE-190,,False
gemma/gen_2/00000_2/0166_544_E._Remembering_Strings,gemma,gen_2,544_E_Remembering_Strings,,CWE-190,,CWE-190,,False
gemma/gen_2/00000_2/0166_544_E._Remembering_Strings.cpp,gemma,gen_2,544_E_Remembering_Strings,,CWE-190,,CWE-190,,False
gemma/gen_2/00000_2/0168_592_E._BCPC,gemma,gen_2,592_E_BCPC,,CWE-190,,CWE-190,,False
gemma/gen_2/00000_2/0168_592_E._BCPC.cpp,gemma,gen_2,592_E_BCPC,,CWE-190,,CWE-190,,False
gemma/gen_2/00000_2/0169_614_C._Peter_and_Snow_Blower,gemma,gen_2,614_C_Peter_and_Snow_Blower,CWE-563,CWE-190,CWE-563,CWE-190,,False
gemma/gen_2/00000_2/0169_614_C._Peter_and_Snow_Blower.cpp,gemma,gen_2,614_C_Peter_and_Snow_Blower,,CWE-190,,CWE-190,,False
gemma/gen_2/00000_2/0170_633_H._Fibonacci-ish_II,gemma,gen_2,633_H_Fibonacci-ish_II,CWE-398,,CWE-398,,,False
gemma/gen_2/00000_2/0171_662_C._Binary_Table,gemma,gen_2,662_C_Binary_Table,CWE-398,,CWE-398,,,False
gemma/gen_2/00000_2/0172_687_A._NP-Hard_Problem,gemma,gen_2,687_A_NP-Hard_Problem,CWE-563,CWE-190,CWE-563,CWE-190,,False
gemma/gen_2/00000_2/0172_687_A._NP-Hard_Problem.cpp,gemma,gen_2,687_A_NP-Hard_Problem,,CWE-190,,CWE-190,,False
gemma/gen_2/00000_2/0173_709_E._Centroids,gemma,gen_2,709_E_Centroids,CWE-398|CWE-563,,CWE-398|CWE-563,,,False
gemma/gen_2/00000_2/0174_730_G._Car_Repair_Shop,gemma,gen_2,730_G_Car_Repair_Shop,CWE-398|CWE-563,,CWE-398|CWE-563,,,False
gemma/gen_2/00000_2/0175_754_B._Ilya_and_tic-tac-toe_game,gemma,gen_2,754_B_Ilya_and_tic-tac-toe_game,CWE-398,,CWE-398,,,False
gemma/gen_2/00000_2/0177_79_D._Password,gemma,gen_2,79_D_Password,CWE-398,CWE-190,CWE-398,CWE-190,,False
gemma/gen_2/00000_2/0177_79_D._Password.cpp,gemma,gen_2,79_D_Password,,CWE-190,,CWE-190,,False
gemma/gen_2/00000_2/0179_846_B._Math_Show,gemma,gen_2,846_B_Math_Show,CWE-398|CWE-563,CWE-190,CWE-398|CWE-563,CWE-190,,False
gemma/gen_2/00000_2/0179_846_B._Math_Show.cpp,gemma,gen_2,846_B_Math_Show,,CWE-190,,CWE-190,,False
gemma/gen_2/00000_2/0180_867_D._Gotta_Go_Fast,gemma,gen_2,867_D_Gotta_Go_Fast,CWE-398|CWE-563,,CWE-398|CWE-563,,,False
gemma/gen_2/00000_2/0181_893_A._Chess_For_Three,gemma,gen_2,893_A_Chess_For_Three,CWE-563,,CWE-563,,,False
gemma/gen_2/00000_2/0183_962_F._Simple_Cycles_Edges,gemma,gen_2,962_F_Simple_Cycles_Edges,CWE-398,,CWE-398,,,False
gemma/gen_2/00000_2/0185_p02610_AIsing_Programming_Contest_2020_-_Camel_Train,gemma,gen_2,p02610_AIsing_Programming_Contest_2020_-_Camel_Train,CWE-398,,CWE-398,,,False
gemma/gen_2/00000_2/0187_p02876_AtCoder_Grand_Contest_040_-_Balance_Beam,gemma,gen_2,p02876_AtCoder_Grand_Contest_040_-_Balance_Beam,CWE-398|CWE-563,,CWE-398|CWE-563,,,False
gemma/gen_2/00000_2/0188_p03010_diverta_2019_Programming_Contest_2_-_Diverta_City,gemma,gen_2,p03010_diverta_2019_Programming_Contest_2_-_Diverta_City,CWE-563,,CWE-563,,,False
gemma/gen_2/00000_2/0190_p03294_AtCoder_Beginner_Contest_103_-_Modulo_Summation,gemma,gen_2,p03294_AtCoder_Beginner_Contest_103_-_Modulo_Summation,CWE-398,,CWE-398,,,False
gemma/gen_2/00000_2/0191_p03452_AtCoder_Regular_Contest_090_-_People_on_a_Line,gemma,gen_2,p03452_AtCoder_Regular_Contest_090_-_People_on_a_Line,CWE-563,,CWE-563,,,False
gemma/gen_2/00000_2/0195_p00676_KND_is_So_Sexy,gemma,gen_2,p00676_KND_is_So_Sexy,CWE-398|CWE-563,,CWE-398|CWE-563,,,False
gemma/gen_2/00000_2/0196_p00819_Unreliable_Message,gemma,gen_2,p00819_Unreliable_Message,CWE-398,,CWE-398,,,False
gemma/gen_2/00000_2/0199_p01219_Private_Teacher,gemma,gen_2,p01219_Private_Teacher,CWE-398,,CWE-398,,,False
gemma/gen_2/00000_2/0200_p01353_Rabbit_Plays_Games_,gemma,gen_2,p01353_Rabbit_Plays_Games_,CWE-563,,CWE-563,,,False
gemma/gen_2/00000_2/0201_p01535_Markup_language_has_Declined,gemma,gen_2,p01535_Markup_language_has_Declined,CWE-398|CWE-563,,CWE-398|CWE-563,,,False
gemma/gen_2/00000_2/0202_p01691_Disappear_Drive,gemma,gen_2,p01691_Disappear_Drive,CWE-398,,CWE-398,,,False
gemma/gen_2/00000_2/0204_p02117_Picnic,gemma,gen_2,p02117_Picnic,CWE-571,,CWE-571,,,False
gemma/gen_2/00000_2/0205_p02257_Prime_Numbers,gemma,gen_2,p02257_Prime_Numbers,CWE-398,,CWE-398,,,False
gemma/gen_2/00000_2/0208_1030_E._Vasya_and_Good_Sequences,gemma,gen_2,1030_E_Vasya_and_Good_Sequences,CWE-398,,CWE-398,,,False
gemma/gen_2/00000_2/0210_1075_D._Intersecting_Subtrees,gemma,gen_2,1075_D_Intersecting_Subtrees,CWE-398,,CWE-398,,,False
gemma/gen_2/00000_2/0212_1144_B._Parity_Alternated_Deletions,gemma,gen_2,1144_B_Parity_Alternated_Deletions,CWE-398|CWE-571,,CWE-398|CWE-571,,,False
gemma/gen_2/00000_2/0213_1165_A._Remainder,gemma,gen_2,1165_A_Remainder,CWE-398,CWE-190,CWE-398,CWE-190,,False
gemma/gen_2/00000_2/0213_1165_A._Remainder.cpp,gemma,gen_2,1165_A_Remainder,,CWE-190,,CWE-190,,False
gemma/gen_2/00000_2/0215_1202_C._You_Are_Given_a_WASD-string...,gemma,gen_2,1202_C_You_Are_Given_a_WASD-string,CWE-398,,CWE-398,,,False
gemma/gen_2/00000_2/0220_1304_E._1-Trees_and_Queries,gemma,gen_2,1304_E_1-Trees_and_Queries,CWE-398,,CWE-398,,,False
gemma/gen_2/00000_2/0221_1328_F._Make_k_Equal,gemma,gen_2,1328_F_Make_k_Equal,CWE-398,,CWE-398,,,False
gemma/gen_2/00000_2/0222_1348_F._Phoenix_and_Memory,gemma,gen_2,1348_F_Phoenix_and_Memory,CWE-398,,CWE-398,,,False
gemma/gen_2/00000_2/0223_1369_D._TediousLee,gemma,gen_2,1369_D_TediousLee,CWE-398,CWE-190,CWE-398,CWE-190,,False
gemma/gen_2/00000_2/0223_1369_D._TediousLee.cpp,gemma,gen_2,1369_D_TediousLee,,CWE-190,,CWE-190,,False
gemma/gen_2/00000_2/0225_1413_F._Roads_and_Ramen,gemma,gen_2,1413_F_Roads_and_Ramen,CWE-398,,CWE-398,,,False
gemma/gen_2/00000_2/0226_1455_F._String_and_Operations,gemma,gen_2,1455_F_String_and_Operations,CWE-190|CWE-758,,CWE-190|CWE-758,,,False
gemma/gen_2/00000_2/0227_147_B._Smile_House,gemma,gen_2,147_B_Smile_House,CWE-398,,CWE-398,,,False
gemma/gen_2/00001_2/0000_152_E._Garden,gemma,gen_2,152_E_Garden,CWE-398|CWE-571,CWE-190,CWE-398|CWE-571,CWE-190,,False
gemma/gen_2/00001_2/0000_152_E._Garden.cpp,gemma,gen_2,152_E_Garden,,CWE-190,,CWE-190,,False
gemma/gen_2/00001_2/0005_277_C._Game,gemma,gen_2,277_C_Game,CWE-563,CWE-190,CWE-563,CWE-190,,False
gemma/gen_2/00001_2/0005_277_C._Game.cpp,gemma,gen_2,277_C_Game,,CWE-190,,CWE-190,,False
gemma/gen_2/00001_2/0006_29_E._Quarrel,gemma,gen_2,29_E_Quarrel,CWE-398|CWE-563,,CWE-398|CWE-563,,,False
gemma/gen_2/00001_2/0007_323_C._Two_permutations,gemma,gen_2,323_C_Two_permutations,CWE-398,,CWE-398,,,False
gemma/gen_2/00001_2/0010_415_E._Mashmokh_and_Reverse_Operation,gemma,gen_2,415_E_Mashmokh_and_Reverse_Operation,CWE-398|CWE-563,,CWE-398|CWE-563,,,False
gemma/gen_2/00001_2/0011_442_C._Artem_and_Array_,gemma,gen_2,442_C_Artem_and_Array_,CWE-398,,CWE-398,,,False
gemma/gen_2/00001_2/0016_586_F._Lizard_Era__Beginning,gemma,gen_2,586_F_Lizard_Era__Beginning,CWE-398,,CWE-398,,,False
gemma/gen_2/00001_2/0017_609_B._The_Best_Gift,gemma,gen_2,609_B_The_Best_Gift,CWE-398,,CWE-398,,,False
gemma/gen_2/00001_2/0020_67_E._Save_the_City_,gemma,gen_2,67_E_Save_the_City_,CWE-398,,CWE-398,,,False
gemma/gen_2/00001_2/0024_76_B._Mice,gemma,gen_2,76_B_Mice,CWE-398,,CWE-398,,,False
gemma/gen_2/00001_2/0025_793_F._Julia_the_snail,gemma,gen_2,793_F_Julia_the_snail,CWE-398,,CWE-398,,,False
gemma/gen_2/00001_2/0026_814_C._An_impassioned_circulation_of_affection,gemma,gen_2,814_C_An_impassioned_circulation_of_affection,,CWE-190,,CWE-190,,False
gemma/gen_2/00001_2/0026_814_C._An_impassioned_circulation_of_affection.cpp,gemma,gen_2,814_C_An_impassioned_circulation_of_affection,,CWE-190,,CWE-190,,False
gemma/gen_2/00001_2/0027_83_C._Track,gemma,gen_2,83_C_Track,CWE-398|CWE-563,,CWE-398|CWE-563,,,False
gemma/gen_2/00001_2/0030_909_D._Colorful_Points,gemma,gen_2,909_D_Colorful_Points,CWE-398,,CWE-398,,,False
gemma/gen_2/00001_2/0032_958_E2._Guard_Duty__medium_,gemma,gen_2,958_E2_Guard_Duty__medium_,CWE-398|CWE-563,,CWE-398|CWE-563,,,False
gemma/gen_2/00001_2/0033_985_A._Chess_Placing,gemma,gen_2,985_A_Chess_Placing,CWE-398,,CWE-398,,,False
gemma/gen_2/00001_2/0034_p02574_AtCoder_Beginner_Contest_177_-_Coprime,gemma,gen_2,p02574_AtCoder_Beginner_Contest_177_-_Coprime,CWE-398,,CWE-398,,,False
gemma/gen_2/00001_2/0038_p03107_AtCoder_Beginner_Contest_120_-_Unification,gemma,gen_2,p03107_AtCoder_Beginner_Contest_120_-_Unification,CWE-563,,CWE-563,,,False
gemma/gen_2/00001_2/0042_p03725_AtCoder_Grand_Contest_014_-_Closed_Rooms,gemma,gen_2,p03725_AtCoder_Grand_Contest_014_-_Closed_Rooms,CWE-398|CWE-563,,CWE-398|CWE-563,,,False
gemma/gen_2/00001_2/0044_p04048_AtCoder_Grand_Contest_001_-_Mysterious_Light,gemma,gen_2,p04048_AtCoder_Grand_Contest_001_-_Mysterious_Light,CWE-563,,CWE-563,,,False
gemma/gen_2/00001_2/0047_p00447_Searching_Constellation,gemma,gen_2,p00447_Searching_Constellation,CWE-398,,CWE-398,,,False
gemma/gen_2/00001_2/0052_p01179_Cousin_s_Aunt,gemma,gen_2,p01179_Cousin_s_Aunt,CWE-398,,CWE-398,,,False
gemma/gen_2/00001_2/0054_p01484_Icy_Composer,gemma,gen_2,p01484_Icy_Composer,CWE-398,,CWE-398,,,False
gemma/gen_2/00001_2/0056_p01797_Kimagure_Cleaner,gemma,gen_2,p01797_Kimagure_Cleaner,CWE-398,,CWE-398,,,False
gemma/gen_2/00001_2/0058_p02069_Universal_and_Existential_Quantifiers,gemma,gen_2,p02069_Universal_and_Existential_Quantifiers,CWE-563,,CWE-563,,,False
gemma/gen_2/00001_2/0059_p02211_Apple_Adventure,gemma,gen_2,p02211_Apple_Adventure,CWE-398,,CWE-398,,,False
gemma/gen_2/00001_2/0060_p02365_Minimum-Cost_Arborescence,gemma,gen_2,p02365_Minimum-Cost_Arborescence,CWE-398|CWE-563,,CWE-398|CWE-563,,,False
gemma/gen_2/00001_2/0061_1003_D._Coins_and_Queries,gemma,gen_2,1003_D_Coins_and_Queries,CWE-563,,CWE-563,,,False
gemma/gen_2/00001_2/0063_1046_D._Interstellar_battle,gemma,gen_2,1046_D_Interstellar_battle,CWE-563,,CWE-563,,,False
gemma/gen_2/00001_2/0064_1070_C._Cloud_Computing,gemma,gen_2,1070_C_Cloud_Computing,CWE-398|CWE-563,,CWE-398|CWE-563,,,False
gemma/gen_2/00001_2/0066_1110_E._Magic_Stones,gemma,gen_2,1110_E_Magic_Stones,CWE-398,,CWE-398,,,False
gemma/gen_2/00001_2/0068_1158_F._Density_of_subarrays,gemma,gen_2,1158_F_Density_of_subarrays,CWE-398|CWE-563,CWE-190,CWE-398|CWE-563,CWE-190,,False
gemma/gen_2/00001_2/0068_1158_F._Density_of_subarrays.cpp,gemma,gen_2,1158_F_Density_of_subarrays,,CWE-190,,CWE-190,,False
gemma/gen_2/00001_2/0072_1257_G._Divisor_Set,gemma,gen_2,1257_G_Divisor_Set,CWE-398,,CWE-398,,,False
gemma/gen_2/00001_2/0077_1366_A._Shovels_and_Swords,gemma,gen_2,1366_A_Shovels_and_Swords,CWE-563,,CWE-563,,,False
gemma/gen_2/00001_2/0079_1428_D._Bouncing_Boomerangs,gemma,gen_2,1428_D_Bouncing_Boomerangs,CWE-563,,CWE-563,,,False
gemma/gen_2/00001_2/0083_157_A._Game_Outcome,gemma,gen_2,157_A_Game_Outcome,CWE-398,,CWE-398,,,False
gemma/gen_2/00001_2/0086_223_C._Partial_Sums,gemma,gen_2,223_C_Partial_Sums,,CWE-190,,CWE-190,,False
gemma/gen_2/00001_2/0086_223_C._Partial_Sums.cpp,gemma,gen_2,223_C_Partial_Sums,,CWE-190,,CWE-190,,False
gemma/gen_2/00001_2/0087_248_A._Cupboards,gemma,gen_2,248_A_Cupboards,CWE-398,,CWE-398,,,False
gemma/gen_2/00001_2/0088_272_B._Dima_and_Sequence,gemma,gen_2,272_B_Dima_and_Sequence,CWE-398,,CWE-398,,,False
gemma/gen_2/00001_2/0090_319_B._Psychos_in_a_Line,gemma,gen_2,319_B_Psychos_in_a_Line,CWE-563,,CWE-563,,,False
gemma/gen_2/00001_2/0091_343_B._Alternating_Current,gemma,gen_2,343_B_Alternating_Current,CWE-398,,CWE-398,,,False
gemma/gen_2/00001_2/0092_366_D._Dima_and_Trap_Graph,gemma,gen_2,366_D_Dima_and_Trap_Graph,CWE-398,,CWE-398,,,False
gemma/gen_2/00001_2/0093_38_C._Blinds,gemma,gen_2,38_C_Blinds,CWE-398,,CWE-398,,,False
gemma/gen_2/00001_2/0095_438_A._The_Child_and_Toy,gemma,gen_2,438_A_The_Child_and_Toy,CWE-398,,CWE-398,,,False
gemma/gen_2/00001_2/0096_45_H._Road_Problem,gemma,gen_2,45_H_Road_Problem,CWE-398,,CWE-398,,,False
gemma/gen_2/00001_2/0099_556_C._Case_of_Matryoshkas,gemma,gen_2,556_C_Case_of_Matryoshkas,CWE-398,,CWE-398,,,False
gemma/gen_2/00001_2/0100_604_A._Uncowed_Forces,gemma,gen_2,604_A_Uncowed_Forces,CWE-398,,CWE-398,,,False
gemma/gen_2/00001_2/0101_650_B._Image_Preview,gemma,gen_2,650_B_Image_Preview,CWE-563,,CWE-563,,,False
gemma/gen_2/00001_2/0105_789_A._Anastasia_and_pebbles,gemma,gen_2,789_A_Anastasia_and_pebbles,CWE-398,,CWE-398,,,False
gemma/gen_2/00001_2/0108_87_B._Vasya_and_Types,gemma,gen_2,87_B_Vasya_and_Types,CWE-398,,CWE-398,,,False
gemma/gen_2/00001_2/0109_903_D._Almost_Difference,gemma,gen_2,903_D_Almost_Difference,CWE-398,,CWE-398,,,False
gemma/gen_2/00001_2/0110_925_E._May_Holidays,gemma,gen_2,925_E_May_Holidays,CWE-398,,CWE-398,,,False
gemma/gen_2/00001_2/0112_980_E._The_Number_Games,gemma,gen_2,980_E_The_Number_Games,CWE-398,CWE-190,CWE-398,CWE-190,,False
gemma/gen_2/00001_2/0112_980_E._The_Number_Games.cpp,gemma,gen_2,980_E_The_Number_Games,,CWE-190,,CWE-190,,False
gemma/gen_2/00001_2/0113_9_E._Interesting_Graph_and_Apples,gemma,gen_2,9_E_Interesting_Graph_and_Apples,CWE-398,,CWE-398,,,False
gemma/gen_2/00001_2/0116_p02807_Dwango_Programming_Contest_6th_-_Fusing_Slimes,gemma,gen_2,p02807_Dwango_Programming_Contest_6th_-_Fusing_Slimes,CWE-398,,CWE-398,,,False
gemma/gen_2/00001_2/0125_p00395_Maze_and_Items,gemma,gen_2,p00395_Maze_and_Items,CWE-398,,CWE-398,,,False
gemma/gen_2/00001_2/0127_p00748_Pollock_s_conjecture,gemma,gen_2,p00748_Pollock_s_conjecture,CWE-398,,CWE-398,,,False
gemma/gen_2/00001_2/0128_p00886_Towns_along_a_Highway,gemma,gen_2,p00886_Towns_along_a_Highway,CWE-563,,CWE-563,,,False
gemma/gen_2/00001_2/0132_p01458_Kth_Sentence,gemma,gen_2,p01458_Kth_Sentence,CWE-398,,CWE-398,,,False
gemma/gen_2/00001_2/0133_p01609_One,gemma,gen_2,p01609_One,CWE-563|CWE-571,,CWE-563|CWE-571,,,False
gemma/gen_2/00001_2/0136_p02042_ABSum,gemma,gen_2,p02042_ABSum,CWE-563,,CWE-563,,,False
gemma/gen_2/00001_2/0137_p02185_Many_Decimal_Integers,gemma,gen_2,p02185_Many_Decimal_Integers,CWE-398,,CWE-398,,,False
gemma/gen_2/00001_2/0139_p02472_Addition_of_Big_Integers,gemma,gen_2,p02472_Addition_of_Big_Integers,CWE-563,,CWE-563,,,False
gemma/gen_2/00001_2/0140_1011_A._Stages,gemma,gen_2,1011_A_Stages,CWE-398,,CWE-398,,,False
gemma/gen_2/00001_2/0141_1036_B._Diagonal_Walking_v.2,gemma,gen_2,1036_B_Diagonal_Walking_v2,CWE-398|CWE-563,,CWE-398|CWE-563,,,False
gemma/gen_2/00001_2/0145_1121_A._Technogoblet_of_Fire,gemma,gen_2,1121_A_Technogoblet_of_Fire,CWE-563|CWE-571,CWE-122,CWE-563|CWE-571,CWE-122,,False
gemma/gen_2/00001_2/0145_1121_A._Technogoblet_of_Fire.cpp,gemma,gen_2,1121_A_Technogoblet_of_Fire,,CWE-122,,CWE-122,,False
gemma/gen_2/00001_2/0146_1148_C._Crazy_Diamond,gemma,gen_2,1148_C_Crazy_Diamond,CWE-398,,CWE-398,,,False
gemma/gen_2/00001_2/0147_1169_E._And_Reachability,gemma,gen_2,1169_E_And_Reachability,CWE-398,,CWE-398,,,False
gemma/gen_2/00001_2/0148_1187_G._Gang_Up,gemma,gen_2,1187_G_Gang_Up,CWE-398|CWE-563,CWE-190,CWE-398|CWE-563,CWE-190,,False
gemma/gen_2/00001_2/0148_1187_G._Gang_Up.cpp,gemma,gen_2,1187_G_Gang_Up,,CWE-190,,CWE-190,,False
gemma/gen_2/00001_2/0150_1225_B1._TV_Subscriptions__Easy_Version_,gemma,gen_2,1225_B1_TV_Subscriptions__Easy_Version_,CWE-398,,CWE-398,,,False
gemma/gen_2/00001_2/0151_1249_D1._Too_Many_Segments__easy_version_,gemma,gen_2,1249_D1_Too_Many_Segments__easy_version_,CWE-398,,CWE-398,,,False
gemma/gen_2/00001_2/0152_1267_L._Lexicography,gemma,gen_2,1267_L_Lexicography,CWE-563|CWE-570,,CWE-563|CWE-570,,,False
gemma/gen_2/00001_2/0153_1290_A._Mind_Control,gemma,gen_2,1290_A_Mind_Control,CWE-563,,CWE-563,,,False
gemma/gen_2/00001_2/0154_1332_G._No_Monotone_Triples,gemma,gen_2,1332_G_No_Monotone_Triples,CWE-398,,CWE-398,,,False
gemma/gen_2/00001_2/0155_1353_C._Board_Moves,gemma,gen_2,1353_C_Board_Moves,CWE-398,,CWE-398,,,False
gemma/gen_2/00001_2/0159_148_B._Escape,gemma,gen_2,148_B_Escape,CWE-563,,CWE-563,,,False
gemma/gen_2/00001_2/0160_1539_D._PriceFixed,gemma,gen_2,1539_D_PriceFixed,CWE-563,,CWE-563,,,False
gemma/gen_2/00001_2/0163_207_D9._The_Beaver_s_Problem_-_3,gemma,gen_2,207_D9_The_Beaver_s_Problem_-_3,CWE-398,,CWE-398,,,False
gemma/gen_2/00001_2/0168_331_A2._Oh_Sweet_Beaverette,gemma,gen_2,331_A2_Oh_Sweet_Beaverette,CWE-571,,CWE-571,,,False
gemma/gen_2/00001_2/0169_352_E._Jeff_and_Brackets,gemma,gen_2,352_E_Jeff_and_Brackets,CWE-563,CWE-190,CWE-563,CWE-190,,False
gemma/gen_2/00001_2/0169_352_E._Jeff_and_Brackets.cpp,gemma,gen_2,352_E_Jeff_and_Brackets,,CWE-190,,CWE-190,,False
gemma/gen_2/00001_2/0171_421_D._Bug_in_Code,gemma,gen_2,421_D_Bug_in_Code,CWE-398,,CWE-398,,,False
gemma/gen_2/00001_2/0172_448_B._Suffix_Structures,gemma,gen_2,448_B_Suffix_Structures,CWE-563,,CWE-563,,,False
gemma/gen_2/00001_2/0173_46_C._Hamsters_and_Tigers,gemma,gen_2,46_C_Hamsters_and_Tigers,CWE-398|CWE-563,,CWE-398|CWE-563,,,False
gemma/gen_2/00001_2/0176_543_C._Remembering_Strings,gemma,gen_2,543_C_Remembering_Strings,,CWE-190,,CWE-190,,False
gemma/gen_2/00001_2/0176_543_C._Remembering_Strings.cpp,gemma,gen_2,543_C_Remembering_Strings,,CWE-190,,CWE-190,,False
gemma/gen_2/00001_2/0177_56_E._Domino_Principle,gemma,gen_2,56_E_Domino_Principle,CWE-563,,CWE-563,,,False
gemma/gen_2/00001_2/0181_685_D._Kay_and_Eternity,gemma,gen_2,685_D_Kay_and_Eternity,CWE-398,,CWE-398,,,False
gemma/gen_2/00001_2/0182_708_C._Centroids,gemma,gen_2,708_C_Centroids,CWE-398,,CWE-398,,,False
gemma/gen_2/00001_2/0184_799_D._Field_expansion,gemma,gen_2,799_D_Field_expansion,CWE-563,CWE-190,CWE-563,CWE-190,,False
gemma/gen_2/00001_2/0184_799_D._Field_expansion.cpp,gemma,gen_2,799_D_Field_expansion,,CWE-190,,CWE-190,,False
gemma/gen_2/00001_2/0186_865_D._Buy_Low_Sell_High,gemma,gen_2,865_D_Buy_Low_Sell_High,CWE-563,CWE-190,CWE-563,CWE-190,,False
gemma/gen_2/00001_2/0186_865_D._Buy_Low_Sell_High.cpp,gemma,gen_2,865_D_Buy_Low_Sell_High,,CWE-190,,CWE-190,,False
gemma/gen_2/00001_2/0187_913_G._Power_Substring,gemma,gen_2,913_G_Power_Substring,,CWE-190,,CWE-190,,False
gemma/gen_2/00001_2/0187_913_G._Power_Substring.cpp,gemma,gen_2,913_G_Power_Substring,,CWE-190,,CWE-190,,False
gemma/gen_2/00001_2/0188_936_A._Save_Energy_,gemma,gen_2,936_A_Save_Energy_,CWE-563,,CWE-563,,,False
gemma/gen_2/00001_2/0192_p02868_NIKKEI_Programming_Contest_2019-2_-_Shortest_Path_on_a_Line,gemma,gen_2,p02868_NIKKEI_Programming_Contest_2019-2_-_Shortest_Path_on_a_Line,CWE-398,,CWE-398,,,False
gemma/gen_2/00001_2/0194_p03143_NIKKEI_Programming_Contest_2019_-_Weights_on_Vertices_and_Edges,gemma,gen_2,p03143_NIKKEI_Programming_Contest_2019_-_Weights_on_Vertices_and_Edges,CWE-398,,CWE-398,,,False
gemma/gen_2/00001_2/0199_p00025_Hit_and_Blow,gemma,gen_2,p00025_Hit_and_Blow,CWE-398,,CWE-398,,,False
gemma/gen_2/00001_2/0201_p00313_Secret_Investigation,gemma,gen_2,p00313_Secret_Investigation,CWE-398,,CWE-398,,,False
gemma/gen_2/00001_2/0204_p00812_Equals_are_Equals,gemma,gen_2,p00812_Equals_are_Equals,CWE-563,,CWE-563,,,False
gemma/gen_2/00001_2/0205_p00943_Routing_a_Marathon_Race,gemma,gen_2,p00943_Routing_a_Marathon_Race,CWE-398|CWE-563,,CWE-398|CWE-563,,,False
gemma/gen_2/00001_2/0206_p01076_Graph_Making,gemma,gen_2,p01076_Graph_Making,CWE-563,,CWE-563,,,False
gemma/gen_2/00001_2/0207_p01210_Speed,gemma,gen_2,p01210_Speed,CWE-398,,CWE-398,,,False
gemma/gen_2/00001_2/0208_p01346_Ropeway,gemma,gen_2,p01346_Ropeway,CWE-398|CWE-563|CWE-571,,CWE-398|CWE-563|CWE-571,,,False
gemma/gen_2/00001_2/0210_p01684_Venn_Diagram,gemma,gen_2,p01684_Venn_Diagram,CWE-563,,CWE-563,,,False
gemma/gen_2/00001_2/0212_p01963_Separate_String,gemma,gen_2,p01963_Separate_String,CWE-398,,CWE-398,,,False
gemma/gen_2/00001_2/0216_1016_C._Vasya_And_The_Mushrooms,gemma,gen_2,1016_C_Vasya_And_The_Mushrooms,CWE-563,,CWE-563,,,False
gemma/gen_2/00001_2/0218_1062_D._Fun_with_Integers,gemma,gen_2,1062_D_Fun_with_Integers,CWE-563,,CWE-563,,,False
gemma/gen_2/00001_2/0219_1084_C._The_Fair_Nut_and_String,gemma,gen_2,1084_C_The_Fair_Nut_and_String,CWE-398,CWE-190,CWE-398,CWE-190,,False
gemma/gen_2/00001_2/0219_1084_C._The_Fair_Nut_and_String.cpp,gemma,gen_2,1084_C_The_Fair_Nut_and_String,,CWE-190,,CWE-190,,False
gemma/gen_2/00001_2/0221_1131_E._String_Multiplication,gemma,gen_2,1131_E_String_Multiplication,CWE-563,,CWE-563,,,False
gemma/gen_2/00001_2/0223_1191_C._Tokitsukaze_and_Discard_Items,gemma,gen_2,1191_C_Tokitsukaze_and_Discard_Items,CWE-398,,CWE-398,,,False
gemma/gen_2/00001_2/0224_120_C._Winnie-the-Pooh_and_honey,gemma,gen_2,120_C_Winnie-the-Pooh_and_honey,CWE-398,,CWE-398,,,False
gemma/gen_2/00001_2/0226_1251_E1._Voting__Easy_Version_,gemma,gen_2,1251_E1_Voting__Easy_Version_,CWE-398|CWE-563,,CWE-398|CWE-563,,,False
gemma/gen_2/00001_2/0229_1315_D._Recommendations,gemma,gen_2,1315_D_Recommendations,CWE-563,CWE-190,CWE-563,CWE-190,,False
gemma/gen_2/00001_2/0229_1315_D._Recommendations.cpp,gemma,gen_2,1315_D_Recommendations,,CWE-190,,CWE-190,,False
gemma/gen_2/00001_2/0230_1336_F._Journey,gemma,gen_2,1336_F_Journey,CWE-398|CWE-563,,CWE-398|CWE-563,,,False
gemma/gen_2/00001_2/0231_1359_D._Yet_Another_Yet_Another_Task,gemma,gen_2,1359_D_Yet_Another_Yet_Another_Task,CWE-398,,CWE-398,,,False
gemma/gen_2/00001_2/0233_139_D._Digits_Permutations,gemma,gen_2,139_D_Digits_Permutations,CWE-563,,CWE-563,,,False
gemma/gen_2/00001_2/0234_1423_H._Virus,gemma,gen_2,1423_H_Virus,CWE-398,,CWE-398,,,False
gemma/gen_2/00001_2/0236_1468_J._Road_Reform,gemma,gen_2,1468_J_Road_Reform,CWE-398,,CWE-398,,,False
gemma/gen_2/00001_2/0237_1493_C._K-beautiful_Strings,gemma,gen_2,1493_C_K-beautiful_Strings,CWE-398,,CWE-398,,,False
gemma/gen_2/00001_2/0239_1543_B._Customising_the_Track,gemma,gen_2,1543_B_Customising_the_Track,CWE-398|CWE-563,,CWE-398|CWE-563,,,False
gemma/gen_2/00001_2/0241_191_A._Dynasty_Puzzles,gemma,gen_2,191_A_Dynasty_Puzzles,,CWE-190,,CWE-190,,False
gemma/gen_2/00001_2/0241_191_A._Dynasty_Puzzles.cpp,gemma,gen_2,191_A_Dynasty_Puzzles,,CWE-190,,CWE-190,,False
gemma/gen_2/00001_2/0247_358_B._Dima_and_Text_Messages,gemma,gen_2,358_B_Dima_and_Text_Messages,CWE-398,,CWE-398,,,False
gemma/gen_2/00001_2/0250_42_A._Guilty___to_the_kitchen_,gemma,gen_2,42_A_Guilty___to_the_kitchen_,CWE-398,,CWE-398,,,False
gemma/gen_2/00001_2/0254_521_C._Pluses_everywhere,gemma,gen_2,521_C_Pluses_everywhere,CWE-398,,CWE-398,,,False
gemma/gen_2/00001_2/0255_548_E._Mike_and_Foam,gemma,gen_2,548_E_Mike_and_Foam,CWE-398,,CWE-398,,,False
gemma/gen_2/00001_2/0257_618_B._Guess_the_Permutation,gemma,gen_2,618_B_Guess_the_Permutation,CWE-563,,CWE-563,,,False
gemma/gen_2/00001_2/0259_666_B._World_Tour,gemma,gen_2,666_B_World_Tour,CWE-398,,CWE-398,,,False
gemma/gen_2/00001_2/0261_712_D._Memory_and_Scores,gemma,gen_2,712_D_Memory_and_Scores,CWE-398|CWE-563|CWE-570,CWE-122|CWE-190|CWE-476,CWE-398|CWE-563|CWE-570,CWE-122|CWE-190|CWE-476,,False
gemma/gen_2/00001_2/0261_712_D._Memory_and_Scores.cpp,gemma,gen_2,712_D_Memory_and_Scores,,CWE-122|CWE-190|CWE-476,,CWE-122|CWE-190|CWE-476,,False
gemma/gen_2/00001_2/0262_757_D._Felicity_s_Big_Secret_Revealed,gemma,gen_2,757_D_Felicity_s_Big_Secret_Revealed,CWE-398,,CWE-398,,,False
gemma/gen_2/00002_2/0000_825_E._Minimal_Labels,gemma,gen_2,825_E_Minimal_Labels,CWE-398|CWE-563|CWE-570,,CWE-398|CWE-563|CWE-570,,,False
gemma/gen_2/00002_2/0001_848_C._Goodbye_Souvenir,gemma,gen_2,848_C_Goodbye_Souvenir,CWE-398,,CWE-398,,,False
gemma/gen_2/00002_2/0002_870_A._Search_for_Pretty_Integers,gemma,gen_2,870_A_Search_for_Pretty_Integers,CWE-398,,CWE-398,,,False
gemma/gen_2/00002_2/0003_896_E._Welcome_home__Chtholly,gemma,gen_2,896_E_Welcome_home__Chtholly,CWE-398,,CWE-398,,,False
gemma/gen_2/00002_2/0004_918_A._Eleven,gemma,gen_2,918_A_Eleven,CWE-398,,CWE-398,,,False
gemma/gen_2/00002_2/0005_940_A._Points_on_the_line,gemma,gen_2,940_A_Points_on_the_line,,CWE-190,,CWE-190,,False
gemma/gen_2/00002_2/0005_940_A._Points_on_the_line.cpp,gemma,gen_2,940_A_Points_on_the_line,,CWE-190,,CWE-190,,False
gemma/gen_2/00002_2/0006_p02630_AtCoder_Beginner_Contest_171_-_Replacing,gemma,gen_2,p02630_AtCoder_Beginner_Contest_171_-_Replacing,CWE-398,,CWE-398,,,False
gemma/gen_2/00002_2/0007_p02761_AtCoder_Beginner_Contest_157_-_Guess_The_Number,gemma,gen_2,p02761_AtCoder_Beginner_Contest_157_-_Guess_The_Number,CWE-398,,CWE-398,,,False
gemma/gen_2/00002_2/0009_p03031_AtCoder_Beginner_Contest_128_-_Switches,gemma,gen_2,p03031_AtCoder_Beginner_Contest_128_-_Switches,CWE-398,,CWE-398,,,False
gemma/gen_2/00002_2/0012_p03474_AtCoder_Beginner_Contest_084_-_Postal_Code,gemma,gen_2,p03474_AtCoder_Beginner_Contest_084_-_Postal_Code,CWE-398,,CWE-398,,,False
gemma/gen_2/00002_2/0014_p03794_Mujin_Programming_Challenge_2017_-_Oriented_Tree,gemma,gen_2,p03794_Mujin_Programming_Challenge_2017_-_Oriented_Tree,CWE-398,,CWE-398,,,False
gemma/gen_2/00002_2/0015_p03963_AtCoder_Beginner_Contest_046_-_Painting_Balls_with_AtCoDeer,gemma,gen_2,p03963_AtCoder_Beginner_Contest_046_-_Painting_Balls_with_AtCoDeer,CWE-197,,CWE-197,,,False
gemma/gen_2/00002_2/0027_p01991_Namo.._Cut,gemma,gen_2,p01991_Namo_Cut,CWE-398|CWE-758,,CWE-398|CWE-758,,,False
gemma/gen_2/00002_2/0029_p02278_Minimum_Cost_Sort,gemma,gen_2,p02278_Minimum_Cost_Sort,CWE-398,,CWE-398,,,False
gemma/gen_2/00002_2/0033_1076_B._Divisor_Subtraction,gemma,gen_2,1076_B_Divisor_Subtraction,,CWE-190,,CWE-190,,False
gemma/gen_2/00002_2/0033_1076_B._Divisor_Subtraction.cpp,gemma,gen_2,1076_B_Divisor_Subtraction,,CWE-190,,CWE-190,,False
gemma/gen_2/00002_2/0034_1097_B._Petr_and_a_Combination_Lock,gemma,gen_2,1097_B_Petr_and_a_Combination_Lock,CWE-398,,CWE-398,,,False
gemma/gen_2/00002_2/0035_1144_F._Graph_Without_Long_Directed_Paths,gemma,gen_2,1144_F_Graph_Without_Long_Directed_Paths,CWE-398|CWE-571,,CWE-398|CWE-571,,,False
gemma/gen_2/00002_2/0037_1184_D1._Parallel_Universes__Easy_,gemma,gen_2,1184_D1_Parallel_Universes__Easy_,CWE-398,,CWE-398,,,False
gemma/gen_2/00002_2/0039_121_C._Lucky_Permutation,gemma,gen_2,121_C_Lucky_Permutation,CWE-398,,CWE-398,,,False
gemma/gen_2/00002_2/0042_1286_A._Garland,gemma,gen_2,1286_A_Garland,CWE-398,,CWE-398,,,False
gemma/gen_2/00002_2/0043_1305_B._Kuroni_and_Simple_Strings,gemma,gen_2,1305_B_Kuroni_and_Simple_Strings,CWE-563,,CWE-563,,,False
gemma/gen_2/00002_2/0044_1329_D._Dreamoon_Likes_Strings,gemma,gen_2,1329_D_Dreamoon_Likes_Strings,CWE-398,,CWE-398,,,False
gemma/gen_2/00002_2/0045_1349_D._Slime_and_Biscuits,gemma,gen_2,1349_D_Slime_and_Biscuits,CWE-398,,CWE-398,,,False
gemma/gen_2/00002_2/0048_1416_D._Graph_and_Queries,gemma,gen_2,1416_D_Graph_and_Queries,CWE-398,,CWE-398,,,False
gemma/gen_2/00002_2/0050_1458_B._Glass_Half_Spilled,gemma,gen_2,1458_B_Glass_Half_Spilled,CWE-398|CWE-563|CWE-570,,CWE-398|CWE-563|CWE-570,,,False
gemma/gen_2/00002_2/0053_1534_D._Lost_Tree,gemma,gen_2,1534_D_Lost_Tree,CWE-563,,CWE-563,,,False
gemma/gen_2/00002_2/0055_204_D._Little_Elephant_and_Retro_Strings,gemma,gen_2,204_D_Little_Elephant_and_Retro_Strings,CWE-398,,CWE-398,,,False
gemma/gen_2/00002_2/0058_278_B._New_Problem,gemma,gen_2,278_B_New_Problem,CWE-398,,CWE-398,,,False
gemma/gen_2/00002_2/0059_300_A._Array,gemma,gen_2,300_A_Array,CWE-398,,CWE-398,,,False
gemma/gen_2/00002_2/0060_325_D._Reclamation,gemma,gen_2,325_D_Reclamation,CWE-398,,CWE-398,,,False
gemma/gen_2/00002_2/0061_348_E._Pilgrims,gemma,gen_2,348_E_Pilgrims,CWE-398,,CWE-398,,,False
gemma/gen_2/00002_2/0063_393_C._Blocked_Points,gemma,gen_2,393_C_Blocked_Points,,CWE-190,,CWE-190,,False
gemma/gen_2/00002_2/0063_393_C._Blocked_Points.cpp,gemma,gen_2,393_C_Blocked_Points,,CWE-190,,CWE-190,,False
gemma/gen_2/00002_2/0064_443_B._Kolya_and_Tandem_Repeat,gemma,gen_2,443_B_Kolya_and_Tandem_Repeat,CWE-563,CWE-190,CWE-563,CWE-190,,False
gemma/gen_2/00002_2/0064_443_B._Kolya_and_Tandem_Repeat.cpp,gemma,gen_2,443_B_Kolya_and_Tandem_Repeat,,CWE-190,,CWE-190,,False
gemma/gen_2/00002_2/0065_465_C._No_to_Palindromes_,gemma,gen_2,465_C_No_to_Palindromes_,CWE-398,,CWE-398,,,False
gemma/gen_2/00002_2/0068_566_C._Logistical_Questions,gemma,gen_2,566_C_Logistical_Questions,CWE-398|CWE-563,,CWE-398|CWE-563,,,False
gemma/gen_2/00002_2/0069_587_D._Duff_in_Mafia,gemma,gen_2,587_D_Duff_in_Mafia,CWE-398,CWE-476,CWE-398,CWE-476,,False
gemma/gen_2/00002_2/0069_587_D._Duff_in_Mafia.cpp,gemma,gen_2,587_D_Duff_in_Mafia,,CWE-476,,CWE-476,,False
gemma/gen_2/00002_2/0074_703_C._Chris_and_Road,gemma,gen_2,703_C_Chris_and_Road,CWE-398|CWE-563,,CWE-398|CWE-563,,,False
gemma/gen_2/00002_2/0075_747_C._Servers,gemma,gen_2,747_C_Servers,CWE-398|CWE-563,CWE-122,CWE-398|CWE-563,CWE-122,,False
gemma/gen_2/00002_2/0075_747_C._Servers.cpp,gemma,gen_2,747_C_Servers,,CWE-122,,CWE-122,,False
gemma/gen_2/00002_2/0076_76_F._Tourist,gemma,gen_2,76_F_Tourist,CWE-398,,CWE-398,,,False
gemma/gen_2/00002_2/0078_815_B._Karen_and_Test,gemma,gen_2,815_B_Karen_and_Test,CWE-563|CWE-570,,CWE-563|CWE-570,,,False
gemma/gen_2/00002_2/0079_860_C._Tests_Renumeration,gemma,gen_2,860_C_Tests_Renumeration,CWE-398,,CWE-398,,,False
gemma/gen_2/00002_2/0084_p02838_AtCoder_Beginner_Contest_147_-_Xor_Sum_4,gemma,gen_2,p02838_AtCoder_Beginner_Contest_147_-_Xor_Sum_4,CWE-398,,CWE-398,,,False
gemma/gen_2/00002_2/0087_p03258_AtCoder_Grand_Contest_027_-_ABBreviate,gemma,gen_2,p03258_AtCoder_Grand_Contest_027_-_ABBreviate,CWE-398,,CWE-398,,,False
gemma/gen_2/00002_2/0096_p00786_BUT_We_Need_a_Diagram,gemma,gen_2,p00786_BUT_We_Need_a_Diagram,CWE-398|CWE-563,,CWE-398|CWE-563,,,False
gemma/gen_2/00002_2/0097_p00918_Dragon_s_Cruller,gemma,gen_2,p00918_Dragon_s_Cruller,CWE-398|CWE-457,,CWE-398|CWE-457,,,False
gemma/gen_2/00002_2/0098_p01051_Squid_Ink,gemma,gen_2,p01051_Squid_Ink,CWE-398|CWE-457,,CWE-398|CWE-457,,,False
gemma/gen_2/00002_2/0101_p01488_TransferTrain,gemma,gen_2,p01488_TransferTrain,CWE-398,,CWE-398,,,False
gemma/gen_2/00002_2/0105_p02216_Array_Game,gemma,gen_2,p02216_Array_Game,CWE-398,,CWE-398,,,False
gemma/gen_2/00002_2/0107_1000_C._Covered_Points_Count,gemma,gen_2,1000_C_Covered_Points_Count,CWE-398,,CWE-398,,,False
gemma/gen_2/00002_2/0111_110_B._Lucky_String,gemma,gen_2,110_B_Lucky_String,CWE-398,,CWE-398,,,False
gemma/gen_2/00002_2/0115_1215_B._The_Number_of_Products,gemma,gen_2,1215_B_The_Number_of_Products,,CWE-190,,CWE-190,,False
gemma/gen_2/00002_2/0115_1215_B._The_Number_of_Products.cpp,gemma,gen_2,1215_B_The_Number_of_Products,,CWE-190,,CWE-190,,False
gemma/gen_2/00002_2/0119_1323_F._Reality_Show,gemma,gen_2,1323_F_Reality_Show,CWE-398,CWE-190,CWE-398,CWE-190,,False
gemma/gen_2/00002_2/0119_1323_F._Reality_Show.cpp,gemma,gen_2,1323_F_Reality_Show,,CWE-190,,CWE-190,,False
gemma/gen_2/00002_2/0120_1342_E._Placing_Rooks,gemma,gen_2,1342_E_Placing_Rooks,,CWE-190,,CWE-190,,False
gemma/gen_2/00002_2/0120_1342_E._Placing_Rooks.cpp,gemma,gen_2,1342_E_Placing_Rooks,,CWE-190,,CWE-190,,False
gemma/gen_2/00002_2/0121_1364_E._X-OR,gemma,gen_2,1364_E_X-OR,CWE-563,,CWE-563,,,False
gemma/gen_2/00002_2/0122_1384_F._Rearrange,gemma,gen_2,1384_F_Rearrange,CWE-398|CWE-563,,CWE-398|CWE-563,,,False
gemma/gen_2/00002_2/0124_1450_D._Rating_Compression,gemma,gen_2,1450_D_Rating_Compression,CWE-398,,CWE-398,,,False
gemma/gen_2/00002_2/0125_1474_B._Different_Divisors,gemma,gen_2,1474_B_Different_Divisors,CWE-398,,CWE-398,,,False
gemma/gen_2/00002_2/0127_1523_D._Love-Hate,gemma,gen_2,1523_D_Love-Hate,CWE-398,CWE-190,CWE-398,CWE-190,,False
gemma/gen_2/00002_2/0127_1523_D._Love-Hate.cpp,gemma,gen_2,1523_D_Love-Hate,,CWE-190,,CWE-190,,False
gemma/gen_2/00002_2/0128_155_C._Hometask,gemma,gen_2,155_C_Hometask,CWE-398,CWE-121|CWE-190,CWE-398,CWE-121|CWE-190,,False
gemma/gen_2/00002_2/0128_155_C._Hometask.cpp,gemma,gen_2,155_C_Hometask,,CWE-121|CWE-190,,CWE-121|CWE-190,,False
gemma/gen_2/00002_2/0133_294_A._Shaass_and_Oskols,gemma,gen_2,294_A_Shaass_and_Oskols,CWE-398,,CWE-398,,,False
gemma/gen_2/00002_2/0136_365_A._Good_Number,gemma,gen_2,365_A_Good_Number,CWE-398,,CWE-398,,,False
gemma/gen_2/00002_2/0139_436_D._Pudding_Monsters,gemma,gen_2,436_D_Pudding_Monsters,CWE-398,,CWE-398,,,False
gemma/gen_2/00002_2/0141_529_C._Rooks_and_Rectangles,gemma,gen_2,529_C_Rooks_and_Rectangles,CWE-398,,CWE-398,,,False
gemma/gen_2/00002_2/0142_554_E._Love_Triangles,gemma,gen_2,554_E_Love_Triangles,,CWE-190,,CWE-190,,False
gemma/gen_2/00002_2/0142_554_E._Love_Triangles.cpp,gemma,gen_2,554_E_Love_Triangles,,CWE-190,,CWE-190,,False
gemma/gen_2/00002_2/0144_602_C._The_Two_Routes,gemma,gen_2,602_C_The_Two_Routes,CWE-398,,CWE-398,,,False
gemma/gen_2/00002_2/0146_673_C._Bear_and_Colors,gemma,gen_2,673_C_Bear_and_Colors,CWE-398|CWE-786,,CWE-398|CWE-786,,,False
gemma/gen_2/00002_2/0147_698_D._Limak_and_Shooting_Points,gemma,gen_2,698_D_Limak_and_Shooting_Points,CWE-563,,CWE-563,,,False
gemma/gen_2/00002_2/0148_719_E._Sasha_and_Array,gemma,gen_2,719_E_Sasha_and_Array,CWE-398,CWE-122,CWE-398,CWE-122,,False
gemma/gen_2/00002_2/0148_719_E._Sasha_and_Array.cpp,gemma,gen_2,719_E_Sasha_and_Array,,CWE-122,,CWE-122,,False
gemma/gen_2/00002_2/0149_740_B._Alyona_and_flowers,gemma,gen_2,740_B_Alyona_and_flowers,,CWE-190,,CWE-190,,False
gemma/gen_2/00002_2/0149_740_B._Alyona_and_flowers.cpp,gemma,gen_2,740_B_Alyona_and_flowers,,CWE-190,,CWE-190,,False
gemma/gen_2/00002_2/0150_764_A._Taymyr_is_calling_you,gemma,gen_2,764_A_Taymyr_is_calling_you,CWE-563,,CWE-563,,,False
gemma/gen_2/00002_2/0151_808_G._Anthem_of_Berland,gemma,gen_2,808_G_Anthem_of_Berland,CWE-398,,CWE-398,,,False
gemma/gen_2/00002_2/0154_878_D._Magic_Breeding,gemma,gen_2,878_D_Magic_Breeding,CWE-570,,CWE-570,,,False
gemma/gen_2/00002_2/0156_924_C._Riverside_Curio,gemma,gen_2,924_C_Riverside_Curio,CWE-398,,CWE-398,,,False
gemma/gen_2/00002_2/0158_99_B._Help_Chef_Gerasim,gemma,gen_2,99_B_Help_Chef_Gerasim,CWE-398|CWE-563,,CWE-398|CWE-563,,,False
gemma/gen_2/00002_2/0159_p02539_ACL_Beginner_Contest_-_Heights_and_Pairs,gemma,gen_2,p02539_ACL_Beginner_Contest_-_Heights_and_Pairs,CWE-398|CWE-563,,CWE-398|CWE-563,,,False
gemma/gen_2/00002_2/0161_p03072_AtCoder_Beginner_Contest_124_-_Great_Ocean_View,gemma,gen_2,p03072_AtCoder_Beginner_Contest_124_-_Great_Ocean_View,CWE-398,,CWE-398,,,False
gemma/gen_2/00002_2/0162_p03214_Dwango_Programming_Contest_V_-_Thumbnail,gemma,gen_2,p03214_Dwango_Programming_Contest_V_-_Thumbnail,CWE-398,,CWE-398,,,False
gemma/gen_2/00002_2/0166_p03839_AtCoder_Grand_Contest_008_-_Contiguous_Repainting,gemma,gen_2,p03839_AtCoder_Grand_Contest_008_-_Contiguous_Repainting,CWE-398,,CWE-398,,,False
gemma/gen_2/00002_2/0169_p00386_Gathering,gemma,gen_2,p00386_Gathering,CWE-398,,CWE-398,,,False
gemma/gen_2/00002_2/0174_p01280_Galaxy_Wide_Web_Service,gemma,gen_2,p01280_Galaxy_Wide_Web_Service,CWE-398,,CWE-398,,,False
gemma/gen_2/00002_2/0179_p02033_Arrow,gemma,gen_2,p02033_Arrow,CWE-398,,CWE-398,,,False
gemma/gen_2/00002_2/0183_1025_B._Weakened_Common_Divisor,gemma,gen_2,1025_B_Weakened_Common_Divisor,CWE-398,,CWE-398,,,False
gemma/gen_2/00002_2/0184_1045_D._Interstellar_battle,gemma,gen_2,1045_D_Interstellar_battle,CWE-398|CWE-563,,CWE-398|CWE-563,,,False
gemma/gen_2/00002_2/0185_1068_D._Array_Without_Local_Maximums_,gemma,gen_2,1068_D_Array_Without_Local_Maximums_,CWE-571,,CWE-571,,,False
gemma/gen_2/00002_2/0186_1090_C._New_Year_Presents,gemma,gen_2,1090_C_New_Year_Presents,CWE-398,,CWE-398,,,False
gemma/gen_2/00002_2/0187_1109_F._Sasha_and_Algorithm_of_Silence_s_Sounds,gemma,gen_2,1109_F_Sasha_and_Algorithm_of_Silence_s_Sounds,CWE-398,,CWE-398,,,False
gemma/gen_2/00002_2/0188_1139_C._Edgy_Trees,gemma,gen_2,1139_C_Edgy_Trees,CWE-398|CWE-563,,CWE-398|CWE-563,,,False
gemma/gen_2/00002_2/0191_1198_A._MP3,gemma,gen_2,1198_A_MP3,CWE-398,,CWE-398,,,False
gemma/gen_2/00002_2/0192_1214_H._Tiles_Placement,gemma,gen_2,1214_H_Tiles_Placement,CWE-563,,CWE-563,,,False
gemma/gen_2/00002_2/0193_1238_B._Kill__Em_All,gemma,gen_2,1238_B_Kill__Em_All,CWE-398,,CWE-398,,,False
gemma/gen_2/00002_2/0194_1256_C._Platforms_Jumping,gemma,gen_2,1256_C_Platforms_Jumping,CWE-571,,CWE-571,,,False
gemma/gen_2/00002_2/0196_12_B._Correct_Solution_,gemma,gen_2,12_B_Correct_Solution_,CWE-398,,CWE-398,,,False
gemma/gen_2/00002_2/0197_1323_D._Present,gemma,gen_2,1323_D_Present,CWE-398,,CWE-398,,,False
gemma/gen_2/00002_2/0200_1384_D._GameGame,gemma,gen_2,1384_D_GameGame,CWE-398,,CWE-398,,,False
gemma/gen_2/00002_2/0201_1406_A._Subset_Mex,gemma,gen_2,1406_A_Subset_Mex,,CWE-190,,CWE-190,,False
gemma/gen_2/00002_2/0201_1406_A._Subset_Mex.cpp,gemma,gen_2,1406_A_Subset_Mex,,CWE-190,,CWE-190,,False
gemma/gen_2/00002_2/0203_1450_B._Balls_of_Steel,gemma,gen_2,1450_B_Balls_of_Steel,CWE-398,,CWE-398,,,False
gemma/gen_2/00002_2/0204_1473_G._Tiles,gemma,gen_2,1473_G_Tiles,CWE-398|CWE-563,,CWE-398|CWE-563,,,False
gemma/gen_2/00002_2/0206_155_A._I_love__username_,gemma,gen_2,155_A_I_love__username_,CWE-398,,CWE-398,,,False
gemma/gen_2/00002_2/0207_177_C1._Party,gemma,gen_2,177_C1_Party,CWE-398,,CWE-398,,,False
gemma/gen_2/00002_2/0211_270_B._Multithreading,gemma,gen_2,270_B_Multithreading,CWE-398,,CWE-398,,,False
gemma/gen_2/00002_2/0214_341_B._Bubble_Sort_Graph,gemma,gen_2,341_B_Bubble_Sort_Graph,CWE-398,CWE-190,CWE-398,CWE-190,,False
gemma/gen_2/00002_2/0214_341_B._Bubble_Sort_Graph.cpp,gemma,gen_2,341_B_Bubble_Sort_Graph,,CWE-190,,CWE-190,,False
gemma/gen_2/00002_2/0215_364_D._Ghd,gemma,gen_2,364_D_Ghd,CWE-398,,CWE-398,,,False
gemma/gen_2/00002_2/0216_388_C._Fox_and_Card_Game,gemma,gen_2,388_C_Fox_and_Card_Game,CWE-398|CWE-786,CWE-122,CWE-398|CWE-786,CWE-122,,False
gemma/gen_2/00002_2/0216_388_C._Fox_and_Card_Game.cpp,gemma,gen_2,388_C_Fox_and_Card_Game,,CWE-122,,CWE-122,,False
gemma/gen_2/00002_2/0219_459_C._Pashmak_and_Buses,gemma,gen_2,459_C_Pashmak_and_Buses,,CWE-190,,CWE-190,,False
gemma/gen_2/00002_2/0219_459_C._Pashmak_and_Buses.cpp,gemma,gen_2,459_C_Pashmak_and_Buses,,CWE-190,,CWE-190,,False
gemma/gen_2/00002_2/0220_480_B._Long_Jumps,gemma,gen_2,480_B_Long_Jumps,CWE-398,,CWE-398,,,False
gemma/gen_2/00002_2/0221_505_B._Mr._Kitayuta_s_Colorful_Graph,gemma,gen_2,505_B_Mr_Kitayuta_s_Colorful_Graph,CWE-398|CWE-563,,CWE-398|CWE-563,,,False
gemma/gen_2/00002_2/0222_554_C._Kyoya_and_Colored_Balls,gemma,gen_2,554_C_Kyoya_and_Colored_Balls,CWE-398,,CWE-398,,,False
gemma/gen_2/00002_2/0225_624_D._Array_GCD,gemma,gen_2,624_D_Array_GCD,CWE-398,,CWE-398,,,False
gemma/gen_2/00002_2/0227_719_B._Anatoly_and_Cockroaches,gemma,gen_2,719_B_Anatoly_and_Cockroaches,CWE-563,,CWE-563,,,False
gemma/gen_2/00002_2/0231_833_A._The_Meaningless_Game,gemma,gen_2,833_A_The_Meaningless_Game,CWE-563,,CWE-563,,,False
gemma/gen_2/00002_2/0234_901_D._Weighting_a_Tree,gemma,gen_2,901_D_Weighting_a_Tree,CWE-398|CWE-563,,CWE-398|CWE-563,,,False
gemma/gen_2/00002_2/0235_924_A._Mystical_Mosaic,gemma,gen_2,924_A_Mystical_Mosaic,CWE-398,,CWE-398,,,False
gemma/gen_2/00002_2/0236_979_E._Kuro_and_Topological_Parity,gemma,gen_2,979_E_Kuro_and_Topological_Parity,CWE-571,,CWE-571,,,False
gemma/gen_2/00002_2/0237_999_F._Cards_and_Joy,gemma,gen_2,999_F_Cards_and_Joy,CWE-398|CWE-786,,CWE-398|CWE-786,,,False
gemma/gen_2/00002_2/0241_p03069_Tenka1_Programmer_Beginner_Contest_2019_-_Stones,gemma,gen_2,p03069_Tenka1_Programmer_Beginner_Contest_2019_-_Stones,CWE-398,,CWE-398,,,False
gemma/gen_2/00002_2/0243_p03361_AtCoder_Beginner_Contest_096_-_Grid_Repainting_2,gemma,gen_2,p03361_AtCoder_Beginner_Contest_096_-_Grid_Repainting_2,CWE-563|CWE-571,,CWE-563|CWE-571,,,False
gemma/gen_2/00002_2/0246_p03837_AtCoder_Beginner_Contest_051_-_Candidates_of_No_Shortest_Paths,gemma,gen_2,p03837_AtCoder_Beginner_Contest_051_-_Candidates_of_No_Shortest_Paths,CWE-398,,CWE-398,,,False
gemma/gen_3/00000_3/0000_1037_E._Trips,gemma,gen_3,1037_E_Trips,CWE-398,,CWE-398,,,False
gemma/gen_3/00000_3/0001_1081_G._Mergesort_Strikes_Back,gemma,gen_3,1081_G_Mergesort_Strikes_Back,CWE-563,,CWE-563,,,False
gemma/gen_3/00000_3/0004_1149_E._Election_Promises,gemma,gen_3,1149_E_Election_Promises,CWE-571,,CWE-571,,,False
gemma/gen_3/00000_3/0005_1189_D1._Add_on_a_Tree,gemma,gen_3,1189_D1_Add_on_a_Tree,CWE-398,,CWE-398,,,False
gemma/gen_3/00000_3/0006_1208_D._Restore_Permutation,gemma,gen_3,1208_D_Restore_Permutation,CWE-398,,CWE-398,,,False
gemma/gen_3/00000_3/0007_1227_D1._Optimal_Subsequences__Easy_Version_,gemma,gen_3,1227_D1_Optimal_Subsequences__Easy_Version_,CWE-398,,CWE-398,,,False
gemma/gen_3/00000_3/0008_1269_E._K_Integers,gemma,gen_3,1269_E_K_Integers,CWE-398,,CWE-398,,,False
gemma/gen_3/00000_3/0010_1311_F._Moving_Points,gemma,gen_3,1311_F_Moving_Points,CWE-563,,CWE-563,,,False
gemma/gen_3/00000_3/0011_1334_D._Minimum_Euler_Cycle,gemma,gen_3,1334_D_Minimum_Euler_Cycle,CWE-398,,CWE-398,,,False
gemma/gen_3/00000_3/0012_1354_F._Summoning_Minions,gemma,gen_3,1354_F_Summoning_Minions,CWE-398,,CWE-398,,,False
gemma/gen_3/00000_3/0014_1398_A._Bad_Triangle,gemma,gen_3,1398_A_Bad_Triangle,CWE-398,,CWE-398,,,False
gemma/gen_3/00000_3/0015_1421_B._Putting_Bricks_in_the_Wall,gemma,gen_3,1421_B_Putting_Bricks_in_the_Wall,CWE-398,,CWE-398,,,False
gemma/gen_3/00000_3/0016_143_A._Help_Vasilisa_the_Wise_2,gemma,gen_3,143_A_Help_Vasilisa_the_Wise_2,CWE-563,,CWE-563,,,False
gemma/gen_3/00000_3/0019_1513_C._Add_One,gemma,gen_3,1513_C_Add_One,CWE-398,,CWE-398,,,False
gemma/gen_3/00000_3/0020_1540_C1._Converging_Array__Easy_Version_,gemma,gen_3,1540_C1_Converging_Array__Easy_Version_,CWE-563|CWE-570,,CWE-563|CWE-570,,,False
gemma/gen_3/00000_3/0023_235_D._Graph_Game,gemma,gen_3,235_D_Graph_Game,CWE-398|CWE-563|CWE-570,,CWE-398|CWE-563|CWE-570,,,False
gemma/gen_3/00000_3/0024_260_B._Ancient_Prophesy,gemma,gen_3,260_B_Ancient_Prophesy,CWE-398,,CWE-398,,,False
gemma/gen_3/00000_3/0027_354_E._Lucky_Number_Representation,gemma,gen_3,354_E_Lucky_Number_Representation,CWE-398,,CWE-398,,,False
gemma/gen_3/00000_3/0031_44_B._Cola,gemma,gen_3,44_B_Cola,,CWE-122|CWE-190,,CWE-122|CWE-190,,False
gemma/gen_3/00000_3/0031_44_B._Cola.cpp,gemma,gen_3,44_B_Cola,,CWE-122|CWE-190,,CWE-122|CWE-190,,False
gemma/gen_3/00000_3/0032_519_B._A_and_B_and_Compilation_Errors,gemma,gen_3,519_B_A_and_B_and_Compilation_Errors,CWE-398,,CWE-398,,,False
gemma/gen_3/00000_3/0033_545_C._Woodcutters,gemma,gen_3,545_C_Woodcutters,,CWE-190,,CWE-190,,False
gemma/gen_3/00000_3/0033_545_C._Woodcutters.cpp,gemma,gen_3,545_C_Woodcutters,,CWE-190,,CWE-190,,False
gemma/gen_3/00000_3/0035_593_C._Beautiful_Function,gemma,gen_3,593_C_Beautiful_Function,CWE-563,,CWE-563,,,False
gemma/gen_3/00000_3/0036_615_A._Bulbs,gemma,gen_3,615_A_Bulbs,CWE-398,CWE-190,CWE-398,CWE-190,,False
gemma/gen_3/00000_3/0036_615_A._Bulbs.cpp,gemma,gen_3,615_A_Bulbs,,CWE-190,,CWE-190,,False
gemma/gen_3/00000_3/0038_663_A._Rebus,gemma,gen_3,663_A_Rebus,CWE-398|CWE-563,,CWE-398|CWE-563,,,False
gemma/gen_3/00000_3/0043_7_B._Memory_Manager,gemma,gen_3,7_B_Memory_Manager,CWE-398,,CWE-398,,,False
gemma/gen_3/00000_3/0045_868_A._Bark_to_Unlock,gemma,gen_3,868_A_Bark_to_Unlock,,CWE-190,,CWE-190,,False
gemma/gen_3/00000_3/0045_868_A._Bark_to_Unlock.cpp,gemma,gen_3,868_A_Bark_to_Unlock,,CWE-190,,CWE-190,,False
gemma/gen_3/00000_3/0049_963_B._Destruction_of_a_Tree,gemma,gen_3,963_B_Destruction_of_a_Tree,CWE-398,,CWE-398,,,False
gemma/gen_3/00000_3/0050_990_E._Post_Lamps,gemma,gen_3,990_E_Post_Lamps,CWE-398,,CWE-398,,,False
gemma/gen_3/00000_3/0052_p02744_Panasonic_Programming_Contest_2020_-_String_Equivalence,gemma,gen_3,p02744_Panasonic_Programming_Contest_2020_-_String_Equivalence,CWE-398,,CWE-398,,,False
gemma/gen_3/00000_3/0054_p03013_AtCoder_Beginner_Contest_129_-_Typical_Stairs,gemma,gen_3,p03013_AtCoder_Beginner_Contest_129_-_Typical_Stairs,CWE-398|CWE-571,,CWE-398|CWE-571,,,False
gemma/gen_3/00000_3/0061_p00167_Bubble_Sort,gemma,gen_3,p00167_Bubble_Sort,CWE-398,,CWE-398,,,False
gemma/gen_3/00000_3/0063_p00680_KND_Factory,gemma,gen_3,p00680_KND_Factory,CWE-398,,CWE-398,,,False
gemma/gen_3/00000_3/0064_p00822_Weather_Forecast,gemma,gen_3,p00822_Weather_Forecast,CWE-563,,CWE-563,,,False
gemma/gen_3/00000_3/0066_p01086_Short_Phrase,gemma,gen_3,p01086_Short_Phrase,CWE-398|CWE-563,,CWE-398|CWE-563,,,False
gemma/gen_3/00000_3/0071_p01838_Optimal_Tournament,gemma,gen_3,p01838_Optimal_Tournament,CWE-398,,CWE-398,,,False
gemma/gen_3/00000_3/0072_p01974_Pigeonhole_principle,gemma,gen_3,p01974_Pigeonhole_principle,CWE-398,,CWE-398,,,False
gemma/gen_3/00000_3/0073_p02120_Cluster_Network,gemma,gen_3,p02120_Cluster_Network,CWE-398,,CWE-398,,,False
gemma/gen_3/00000_3/0075_p02408_Finding_Missing_Cards,gemma,gen_3,p02408_Finding_Missing_Cards,CWE-398,,CWE-398,,,False
gemma/gen_3/00000_3/0077_1043_A._Elections,gemma,gen_3,1043_A_Elections,CWE-398,,CWE-398,,,False
gemma/gen_3/00000_3/0079_1155_A._Reverse_a_Substring,gemma,gen_3,1155_A_Reverse_a_Substring,CWE-570,,CWE-570,,,False
gemma/gen_3/00000_3/0081_1195_D2._Submarine_in_the_Rybinsk_Sea__hard_edition_,gemma,gen_3,1195_D2_Submarine_in_the_Rybinsk_Sea__hard_edition_,CWE-398,,CWE-398,,,False
gemma/gen_3/00000_3/0082_1236_A._Stones,gemma,gen_3,1236_A_Stones,CWE-398|CWE-563,,CWE-398|CWE-563,,,False
gemma/gen_3/00000_3/0083_1253_F._Cheap_Robot,gemma,gen_3,1253_F_Cheap_Robot,CWE-398,,CWE-398,,,False
gemma/gen_3/00000_3/0084_1277_E._Two_Fairs,gemma,gen_3,1277_E_Two_Fairs,CWE-398,,CWE-398,,,False
gemma/gen_3/00000_3/0090_1470_E._Strange_Permutation,gemma,gen_3,1470_E_Strange_Permutation,CWE-398,,CWE-398,,,False
gemma/gen_3/00000_3/0094_174_E._Ancient_Berland_Hieroglyphs,gemma,gen_3,174_E_Ancient_Berland_Hieroglyphs,CWE-563,,CWE-563,,,False
gemma/gen_3/00000_3/0096_219_A._k-String,gemma,gen_3,219_A_k-String,CWE-563,,CWE-563,,,False
gemma/gen_3/00000_3/0097_242_C._King_s_Path,gemma,gen_3,242_C_King_s_Path,CWE-398,,CWE-398,,,False
gemma/gen_3/00000_3/0100_316_B2._EKG,gemma,gen_3,316_B2_EKG,CWE-398|CWE-563,,CWE-398|CWE-563,,,False
gemma/gen_3/00000_3/0102_361_C._Levko_and_Array_Recovery,gemma,gen_3,361_C_Levko_and_Array_Recovery,CWE-398,,CWE-398,,,False
gemma/gen_3/00000_3/0104_405_E._Graph_Cutting,gemma,gen_3,405_E_Graph_Cutting,CWE-398,,CWE-398,,,False
gemma/gen_3/00000_3/0108_500_C._New_Year_Book_Reading,gemma,gen_3,500_C_New_Year_Book_Reading,CWE-398,,CWE-398,,,False
gemma/gen_3/00000_3/0109_526_A._King_of_Thieves,gemma,gen_3,526_A_King_of_Thieves,CWE-398,,CWE-398,,,False
gemma/gen_3/00000_3/0110_551_B._ZgukistringZ,gemma,gen_3,551_B_ZgukistringZ,,CWE-190,,CWE-190,,False
gemma/gen_3/00000_3/0110_551_B._ZgukistringZ.cpp,gemma,gen_3,551_B_ZgukistringZ,,CWE-190,,CWE-190,,False
gemma/gen_3/00000_3/0111_5_A._Chat_Server_s_Outgoing_Traffic,gemma,gen_3,5_A_Chat_Server_s_Outgoing_Traffic,CWE-563,,CWE-563,,,False
gemma/gen_3/00000_3/0112_621_D._Rat_Kwesh_and_Cheese,gemma,gen_3,621_D_Rat_Kwesh_and_Cheese,CWE-563,,CWE-563,,,False
gemma/gen_3/00000_3/0116_716_D._Complete_The_Graph,gemma,gen_3,716_D_Complete_The_Graph,CWE-398|CWE-570,,CWE-398|CWE-570,,,False
gemma/gen_3/00000_3/0117_760_F._Bacterial_Melee,gemma,gen_3,760_F_Bacterial_Melee,CWE-398,,CWE-398,,,False
gemma/gen_3/00000_3/0121_851_B._Arpa_and_an_exam_about_geometry,gemma,gen_3,851_B_Arpa_and_an_exam_about_geometry,CWE-563,,CWE-563,,,False
gemma/gen_3/00000_3/0122_875_D._High_Cry,gemma,gen_3,875_D_High_Cry,CWE-398,,CWE-398,,,False
gemma/gen_3/00000_3/0124_920_E._Connected_Components_,gemma,gen_3,920_E_Connected_Components_,CWE-398,,CWE-398,,,False
gemma/gen_3/00000_3/0129_p02781_AtCoder_Beginner_Contest_154_-_Almost_Everywhere_Zero,gemma,gen_3,p02781_AtCoder_Beginner_Contest_154_-_Almost_Everywhere_Zero,CWE-398|CWE-563|CWE-571,,CWE-398|CWE-563|CWE-571,,,False
gemma/gen_3/00000_3/0131_p03052_diverta_2019_Programming_Contest_-_Edge_Ordering,gemma,gen_3,p03052_diverta_2019_Programming_Contest_-_Edge_Ordering,CWE-398,,CWE-398,,,False
gemma/gen_3/00000_3/0133_p03343_AtCoder_Regular_Contest_098_-_Range_Minimum_Queries,gemma,gen_3,p03343_AtCoder_Regular_Contest_098_-_Range_Minimum_Queries,CWE-563,,CWE-563,,,False
gemma/gen_3/00000_3/0134_p03503_AtCoder_Beginner_Contest_080_-_Shopping_Street,gemma,gen_3,p03503_AtCoder_Beginner_Contest_080_-_Shopping_Street,CWE-398,,CWE-398,,,False
gemma/gen_3/00000_3/0139_p00573_Commuter_Pass,gemma,gen_3,p00573_Commuter_Pass,CWE-398|CWE-563,,CWE-398|CWE-563,,,False
gemma/gen_3/00000_3/0140_p00720_Earth_Observation_with_a_Mobile_Robot_Team,gemma,gen_3,p00720_Earth_Observation_with_a_Mobile_Robot_Team,CWE-398,,CWE-398,,,False
gemma/gen_3/00000_3/0142_p01123_Let_s_Move_Tiles_,gemma,gen_3,p01123_Let_s_Move_Tiles_,CWE-398,,CWE-398,,,False
gemma/gen_3/00000_3/0143_p01262_Adaptive_Time_Slicing_Quantization,gemma,gen_3,p01262_Adaptive_Time_Slicing_Quantization,CWE-398|CWE-563,,CWE-398|CWE-563,,,False
gemma/gen_3/00000_3/0144_p01576_Exciting_Bicycle,gemma,gen_3,p01576_Exciting_Bicycle,CWE-563,,CWE-563,,,False
gemma/gen_3/00000_3/0146_p01878_Destiny_Draw,gemma,gen_3,p01878_Destiny_Draw,CWE-398,,CWE-398,,,False
gemma/gen_3/00000_3/0147_p02014_Rough_Sorting,gemma,gen_3,p02014_Rough_Sorting,CWE-563|CWE-570,,CWE-563|CWE-570,,,False
gemma/gen_3/00000_3/0148_p02157_Shuffle_2,gemma,gen_3,p02157_Shuffle_2,CWE-563,,CWE-563,,,False
gemma/gen_3/00000_3/0151_1012_B._Chemical_table,gemma,gen_3,1012_B_Chemical_table,CWE-563,CWE-190,CWE-563,CWE-190,,False
gemma/gen_3/00000_3/0151_1012_B._Chemical_table.cpp,gemma,gen_3,1012_B_Chemical_table,,CWE-190,,CWE-190,,False
gemma/gen_3/00000_3/0152_1081_D._Maximum_Distance,gemma,gen_3,1081_D_Maximum_Distance,CWE-398|CWE-563,,CWE-398|CWE-563,,,False
gemma/gen_3/00000_3/0153_1100_D._Dasha_and_Chess,gemma,gen_3,1100_D_Dasha_and_Chess,CWE-398,,CWE-398,,,False
gemma/gen_3/00000_3/0154_1129_A2._Toy_Train,gemma,gen_3,1129_A2_Toy_Train,CWE-398,,CWE-398,,,False
gemma/gen_3/00000_3/0156_1189_A._Keanu_Reeves,gemma,gen_3,1189_A_Keanu_Reeves,CWE-398,,CWE-398,,,False
gemma/gen_3/00000_3/0157_1208_A._XORinacci,gemma,gen_3,1208_A_XORinacci,CWE-457,,CWE-457,,,False
gemma/gen_3/00000_3/0158_1227_A._Math_Problem,gemma,gen_3,1227_A_Math_Problem,CWE-398,,CWE-398,,,False
gemma/gen_3/00000_3/0159_124_D._Squares,gemma,gen_3,124_D_Squares,CWE-398,CWE-476,CWE-398,CWE-476,,False
gemma/gen_3/00000_3/0159_124_D._Squares.cpp,gemma,gen_3,124_D_Squares,,CWE-476,,CWE-476,,False
gemma/gen_3/00000_3/0167_1420_D._Rescue_Nibel_,gemma,gen_3,1420_D_Rescue_Nibel_,CWE-398,,CWE-398,,,False
gemma/gen_3/00000_3/0169_1490_D._Permutation_Transformation,gemma,gen_3,1490_D_Permutation_Transformation,CWE-398,,CWE-398,,,False
gemma/gen_3/00000_3/0172_209_B._Pixels,gemma,gen_3,209_B_Pixels,,CWE-190,,CWE-190,,False
gemma/gen_3/00000_3/0172_209_B._Pixels.cpp,gemma,gen_3,209_B_Pixels,,CWE-190,,CWE-190,,False
gemma/gen_3/00000_3/0174_25_D._Roads_not_only_in_Berland,gemma,gen_3,25_D_Roads_not_only_in_Berland,CWE-398,,CWE-398,,,False
gemma/gen_3/00000_3/0175_331_D2._Escaping_on_Beaveractor,gemma,gen_3,331_D2_Escaping_on_Beaveractor,CWE-563,,CWE-563,,,False
gemma/gen_3/00000_3/0179_425_A._Sereja_and_Swaps,gemma,gen_3,425_A_Sereja_and_Swaps,CWE-398,CWE-190,CWE-398,CWE-190,,False
gemma/gen_3/00000_3/0179_425_A._Sereja_and_Swaps.cpp,gemma,gen_3,425_A_Sereja_and_Swaps,,CWE-190,,CWE-190,,False
gemma/gen_3/00000_3/0180_449_D._Jzzhu_and_Numbers,gemma,gen_3,449_D_Jzzhu_and_Numbers,,CWE-190,,CWE-190,,False
gemma/gen_3/00000_3/0180_449_D._Jzzhu_and_Numbers.cpp,gemma,gen_3,449_D_Jzzhu_and_Numbers,,CWE-190,,CWE-190,,False
gemma/gen_3/00000_3/0181_494_A._Treasure,gemma,gen_3,494_A_Treasure,CWE-398,,CWE-398,,,False
gemma/gen_3/00000_3/0182_544_E._Remembering_Strings,gemma,gen_3,544_E_Remembering_Strings,,CWE-190,,CWE-190,,False
gemma/gen_3/00000_3/0182_544_E._Remembering_Strings.cpp,gemma,gen_3,544_E_Remembering_Strings,,CWE-190,,CWE-190,,False
gemma/gen_3/00000_3/0183_571_B._Minimization,gemma,gen_3,571_B_Minimization,,CWE-190,,CWE-190,,False
gemma/gen_3/00000_3/0183_571_B._Minimization.cpp,gemma,gen_3,571_B_Minimization,,CWE-190,,CWE-190,,False
gemma/gen_3/00000_3/0184_592_E._BCPC,gemma,gen_3,592_E_BCPC,,CWE-190,,CWE-190,,False
gemma/gen_3/00000_3/0184_592_E._BCPC.cpp,gemma,gen_3,592_E_BCPC,,CWE-190,,CWE-190,,False
gemma/gen_3/00000_3/0185_614_C._Peter_and_Snow_Blower,gemma,gen_3,614_C_Peter_and_Snow_Blower,CWE-563,,CWE-563,,,False
gemma/gen_3/00000_3/0186_633_H._Fibonacci-ish_II,gemma,gen_3,633_H_Fibonacci-ish_II,CWE-398,,CWE-398,,,False
gemma/gen_3/00000_3/0188_709_E._Centroids,gemma,gen_3,709_E_Centroids,CWE-398|CWE-563,,CWE-398|CWE-563,,,False
gemma/gen_3/00000_3/0189_754_B._Ilya_and_tic-tac-toe_game,gemma,gen_3,754_B_Ilya_and_tic-tac-toe_game,CWE-398,,CWE-398,,,False
gemma/gen_3/00000_3/0191_79_D._Password,gemma,gen_3,79_D_Password,CWE-398,CWE-190,CWE-398,CWE-190,,False
gemma/gen_3/00000_3/0191_79_D._Password.cpp,gemma,gen_3,79_D_Password,,CWE-190,,CWE-190,,False
gemma/gen_3/00000_3/0193_846_B._Math_Show,gemma,gen_3,846_B_Math_Show,CWE-398|CWE-563,CWE-190,CWE-398|CWE-563,CWE-190,,False
gemma/gen_3/00000_3/0193_846_B._Math_Show.cpp,gemma,gen_3,846_B_Math_Show,,CWE-190,,CWE-190,,False
gemma/gen_3/00000_3/0194_867_D._Gotta_Go_Fast,gemma,gen_3,867_D_Gotta_Go_Fast,CWE-563,,CWE-563,,,False
gemma/gen_3/00000_3/0195_893_A._Chess_For_Three,gemma,gen_3,893_A_Chess_For_Three,CWE-398|CWE-563,,CWE-398|CWE-563,,,False
gemma/gen_3/00000_3/0197_937_D._Sleepy_Game,gemma,gen_3,937_D_Sleepy_Game,CWE-563,,CWE-563,,,False
gemma/gen_3/00000_3/0198_962_F._Simple_Cycles_Edges,gemma,gen_3,962_F_Simple_Cycles_Edges,CWE-398,,CWE-398,,,False
gemma/gen_3/00000_3/0200_p02610_AIsing_Programming_Contest_2020_-_Camel_Train,gemma,gen_3,p02610_AIsing_Programming_Contest_2020_-_Camel_Train,CWE-398,,CWE-398,,,False
gemma/gen_3/00000_3/0202_p02876_AtCoder_Grand_Contest_040_-_Balance_Beam,gemma,gen_3,p02876_AtCoder_Grand_Contest_040_-_Balance_Beam,CWE-398|CWE-563,,CWE-398|CWE-563,,,False
gemma/gen_3/00000_3/0205_p03294_AtCoder_Beginner_Contest_103_-_Modulo_Summation,gemma,gen_3,p03294_AtCoder_Beginner_Contest_103_-_Modulo_Summation,CWE-398,,CWE-398,,,False
gemma/gen_3/00000_3/0206_p03452_AtCoder_Regular_Contest_090_-_People_on_a_Line,gemma,gen_3,p03452_AtCoder_Regular_Contest_090_-_People_on_a_Line,CWE-563|CWE-570,,CWE-563|CWE-570,,,False
gemma/gen_3/00000_3/0212_p00676_KND_is_So_Sexy,gemma,gen_3,p00676_KND_is_So_Sexy,CWE-398|CWE-563|CWE-628,,CWE-398|CWE-563|CWE-628,,,False
gemma/gen_3/00000_3/0213_p00819_Unreliable_Message,gemma,gen_3,p00819_Unreliable_Message,CWE-398,,CWE-398,,,False
gemma/gen_3/00000_3/0214_p00950_Infallibly_Crack_Perplexing_Cryptarithm,gemma,gen_3,p00950_Infallibly_Crack_Perplexing_Cryptarithm,CWE-398,,CWE-398,,,False
gemma/gen_3/00000_3/0215_p01083_RedBlue,gemma,gen_3,p01083_RedBlue,CWE-398|CWE-563,,CWE-398|CWE-563,,,False
gemma/gen_3/00000_3/0216_p01219_Private_Teacher,gemma,gen_3,p01219_Private_Teacher,CWE-398|CWE-563,,CWE-398|CWE-563,,,False
gemma/gen_3/00000_3/0217_p01691_Disappear_Drive,gemma,gen_3,p01691_Disappear_Drive,CWE-398,,CWE-398,,,False
gemma/gen_3/00000_3/0219_p01970_The_Diversity_of_Prime_Factorization,gemma,gen_3,p01970_The_Diversity_of_Prime_Factorization,CWE-398,,CWE-398,,,False
gemma/gen_3/00000_3/0220_p02117_Picnic,gemma,gen_3,p02117_Picnic,CWE-758,,CWE-758,,,False
gemma/gen_3/00000_3/0221_p02257_Prime_Numbers,gemma,gen_3,p02257_Prime_Numbers,CWE-398,,CWE-398,,,False
gemma/gen_3/00000_3/0224_1030_E._Vasya_and_Good_Sequences,gemma,gen_3,1030_E_Vasya_and_Good_Sequences,CWE-398,,CWE-398,,,False
gemma/gen_3/00000_3/0226_1144_B._Parity_Alternated_Deletions,gemma,gen_3,1144_B_Parity_Alternated_Deletions,CWE-398,,CWE-398,,,False
gemma/gen_3/00000_3/0227_1165_A._Remainder,gemma,gen_3,1165_A_Remainder,CWE-398,CWE-190,CWE-398,CWE-190,,False
gemma/gen_3/00000_3/0227_1165_A._Remainder.cpp,gemma,gen_3,1165_A_Remainder,,CWE-190,,CWE-190,,False
gemma/gen_3/00000_3/0229_1202_C._You_Are_Given_a_WASD-string...,gemma,gen_3,1202_C_You_Are_Given_a_WASD-string,CWE-398,,CWE-398,,,False
gemma/gen_3/00000_3/0235_1328_F._Make_k_Equal,gemma,gen_3,1328_F_Make_k_Equal,CWE-398,,CWE-398,,,False
gemma/gen_3/00000_3/0236_1348_F._Phoenix_and_Memory,gemma,gen_3,1348_F_Phoenix_and_Memory,CWE-398,,CWE-398,,,False
gemma/gen_3/00000_3/0237_1369_D._TediousLee,gemma,gen_3,1369_D_TediousLee,CWE-398|CWE-563,,CWE-398|CWE-563,,,False
gemma/gen_3/00000_3/0238_1413_F._Roads_and_Ramen,gemma,gen_3,1413_F_Roads_and_Ramen,CWE-398,,CWE-398,,,False
gemma/gen_3/00000_3/0239_1455_F._String_and_Operations,gemma,gen_3,1455_F_String_and_Operations,CWE-190|CWE-758,,CWE-190|CWE-758,,,False
gemma/gen_3/00000_3/0240_147_B._Smile_House,gemma,gen_3,147_B_Smile_House,CWE-398,,CWE-398,,,False
gemma/gen_3/00000_3/0241_1506_F._Triangular_Paths,gemma,gen_3,1506_F_Triangular_Paths,CWE-563,,CWE-563,,,False
gemma/gen_3/00001_3/0000_152_E._Garden,gemma,gen_3,152_E_Garden,CWE-398,CWE-190,CWE-398,CWE-190,,False
gemma/gen_3/00001_3/0000_152_E._Garden.cpp,gemma,gen_3,152_E_Garden,,CWE-190,,CWE-190,,False
gemma/gen_3/00001_3/0004_277_C._Game,gemma,gen_3,277_C_Game,CWE-563,CWE-190,CWE-563,CWE-190,,False
gemma/gen_3/00001_3/0004_277_C._Game.cpp,gemma,gen_3,277_C_Game,,CWE-190,,CWE-190,,False
gemma/gen_3/00001_3/0007_348_A._Mafia,gemma,gen_3,348_A_Mafia,CWE-398,,CWE-398,,,False
gemma/gen_3/00001_3/0010_415_E._Mashmokh_and_Reverse_Operation,gemma,gen_3,415_E_Mashmokh_and_Reverse_Operation,CWE-398,CWE-122,CWE-398,CWE-122,,False
gemma/gen_3/00001_3/0010_415_E._Mashmokh_and_Reverse_Operation.cpp,gemma,gen_3,415_E_Mashmokh_and_Reverse_Operation,,CWE-122,,CWE-122,,False
gemma/gen_3/00001_3/0012_512_B._Fox_And_Jumping,gemma,gen_3,512_B_Fox_And_Jumping,,CWE-190,,CWE-190,,False
gemma/gen_3/00001_3/0012_512_B._Fox_And_Jumping.cpp,gemma,gen_3,512_B_Fox_And_Jumping,,CWE-190,,CWE-190,,False
gemma/gen_3/00001_3/0015_586_F._Lizard_Era__Beginning,gemma,gen_3,586_F_Lizard_Era__Beginning,CWE-563,,CWE-563,,,False
gemma/gen_3/00001_3/0016_609_B._The_Best_Gift,gemma,gen_3,609_B_The_Best_Gift,CWE-398,,CWE-398,,,False
gemma/gen_3/00001_3/0019_67_E._Save_the_City_,gemma,gen_3,67_E_Save_the_City_,CWE-398,,CWE-398,,,False
gemma/gen_3/00001_3/0021_724_F._Uniformly_Branched_Trees,gemma,gen_3,724_F_Uniformly_Branched_Trees,CWE-570,,CWE-570,,,False
gemma/gen_3/00001_3/0022_746_F._Music_in_Car,gemma,gen_3,746_F_Music_in_Car,CWE-563,,CWE-563,,,False
gemma/gen_3/00001_3/0025_814_C._An_impassioned_circulation_of_affection,gemma,gen_3,814_C_An_impassioned_circulation_of_affection,,CWE-190,,CWE-190,,False
gemma/gen_3/00001_3/0025_814_C._An_impassioned_circulation_of_affection.cpp,gemma,gen_3,814_C_An_impassioned_circulation_of_affection,,CWE-190,,CWE-190,,False
gemma/gen_3/00001_3/0026_83_C._Track,gemma,gen_3,83_C_Track,CWE-398|CWE-563,,CWE-398|CWE-563,,,False
gemma/gen_3/00001_3/0030_958_E2._Guard_Duty__medium_,gemma,gen_3,958_E2_Guard_Duty__medium_,CWE-398|CWE-563,,CWE-398|CWE-563,,,False
gemma/gen_3/00001_3/0031_985_A._Chess_Placing,gemma,gen_3,985_A_Chess_Placing,CWE-398,,CWE-398,,,False
gemma/gen_3/00001_3/0032_p02574_AtCoder_Beginner_Contest_177_-_Coprime,gemma,gen_3,p02574_AtCoder_Beginner_Contest_177_-_Coprime,CWE-398,,CWE-398,,,False
gemma/gen_3/00001_3/0034_p02834_AtCoder_Beginner_Contest_148_-_Playing_Tag_on_Tree,gemma,gen_3,p02834_AtCoder_Beginner_Contest_148_-_Playing_Tag_on_Tree,CWE-563,,CWE-563,,,False
gemma/gen_3/00001_3/0041_p04048_AtCoder_Grand_Contest_001_-_Mysterious_Light,gemma,gen_3,p04048_AtCoder_Grand_Contest_001_-_Mysterious_Light,CWE-563,,CWE-563,,,False
gemma/gen_3/00001_3/0044_p00447_Searching_Constellation,gemma,gen_3,p00447_Searching_Constellation,CWE-398,,CWE-398,,,False
gemma/gen_3/00001_3/0046_p00781_Lattice_Practices,gemma,gen_3,p00781_Lattice_Practices,CWE-563,,CWE-563,,,False
gemma/gen_3/00001_3/0054_p02069_Universal_and_Existential_Quantifiers,gemma,gen_3,p02069_Universal_and_Existential_Quantifiers,CWE-398|CWE-563,,CWE-398|CWE-563,,,False
gemma/gen_3/00001_3/0055_p02211_Apple_Adventure,gemma,gen_3,p02211_Apple_Adventure,CWE-398,,CWE-398,,,False
gemma/gen_3/00001_3/0056_p02365_Minimum-Cost_Arborescence,gemma,gen_3,p02365_Minimum-Cost_Arborescence,CWE-398|CWE-563,,CWE-398|CWE-563,,,False
gemma/gen_3/00001_3/0058_1027_E._Inverse_Coloring,gemma,gen_3,1027_E_Inverse_Coloring,CWE-398,,CWE-398,,,False
gemma/gen_3/00001_3/0060_1070_C._Cloud_Computing,gemma,gen_3,1070_C_Cloud_Computing,CWE-398,,CWE-398,,,False
gemma/gen_3/00001_3/0063_1140_B._Good_String,gemma,gen_3,1140_B_Good_String,CWE-563,,CWE-563,,,False
gemma/gen_3/00001_3/0064_1158_F._Density_of_subarrays,gemma,gen_3,1158_F_Density_of_subarrays,CWE-398,CWE-190,CWE-398,CWE-190,,False
gemma/gen_3/00001_3/0064_1158_F._Density_of_subarrays.cpp,gemma,gen_3,1158_F_Density_of_subarrays,,CWE-190,,CWE-190,,False
gemma/gen_3/00001_3/0066_1199_E._Matching_vs_Independent_Set,gemma,gen_3,1199_E_Matching_vs_Independent_Set,CWE-398,,CWE-398,,,False
gemma/gen_3/00001_3/0067_1216_D._Swords,gemma,gen_3,1216_D_Swords,CWE-398,,CWE-398,,,False
gemma/gen_3/00001_3/0072_1344_A._Hilbert_s_Hotel,gemma,gen_3,1344_A_Hilbert_s_Hotel,CWE-398,,CWE-398,,,False
gemma/gen_3/00001_3/0073_1366_A._Shovels_and_Swords,gemma,gen_3,1366_A_Shovels_and_Swords,CWE-563,,CWE-563,,,False
gemma/gen_3/00001_3/0074_1386_A._Colors,gemma,gen_3,1386_A_Colors,CWE-398|CWE-563,,CWE-398|CWE-563,,,False
gemma/gen_3/00001_3/0079_1525_D._Armchairs,gemma,gen_3,1525_D_Armchairs,CWE-398,,CWE-398,,,False
gemma/gen_3/00001_3/0080_157_A._Game_Outcome,gemma,gen_3,157_A_Game_Outcome,CWE-398,,CWE-398,,,False
gemma/gen_3/00001_3/0082_223_C._Partial_Sums,gemma,gen_3,223_C_Partial_Sums,CWE-398,CWE-190,CWE-398,CWE-190,,False
gemma/gen_3/00001_3/0082_223_C._Partial_Sums.cpp,gemma,gen_3,223_C_Partial_Sums,,CWE-190,,CWE-190,,False
gemma/gen_3/00001_3/0083_248_A._Cupboards,gemma,gen_3,248_A_Cupboards,CWE-398,,CWE-398,,,False
gemma/gen_3/00001_3/0084_272_B._Dima_and_Sequence,gemma,gen_3,272_B_Dima_and_Sequence,CWE-398,,CWE-398,,,False
gemma/gen_3/00001_3/0088_366_D._Dima_and_Trap_Graph,gemma,gen_3,366_D_Dima_and_Trap_Graph,CWE-398|CWE-563,,CWE-398|CWE-563,,,False
gemma/gen_3/00001_3/0089_38_C._Blinds,gemma,gen_3,38_C_Blinds,CWE-398,,CWE-398,,,False
gemma/gen_3/00001_3/0090_40_B._Repaintings,gemma,gen_3,40_B_Repaintings,CWE-398,,CWE-398,,,False
gemma/gen_3/00001_3/0091_438_A._The_Child_and_Toy,gemma,gen_3,438_A_The_Child_and_Toy,CWE-398,,CWE-398,,,False
gemma/gen_3/00001_3/0094_556_C._Case_of_Matryoshkas,gemma,gen_3,556_C_Case_of_Matryoshkas,CWE-398,,CWE-398,,,False
gemma/gen_3/00001_3/0096_626_D._Jerry_s_Protest,gemma,gen_3,626_D_Jerry_s_Protest,CWE-398|CWE-563|CWE-571,,CWE-398|CWE-563|CWE-571,,,False
gemma/gen_3/00001_3/0097_650_B._Image_Preview,gemma,gen_3,650_B_Image_Preview,CWE-398,,CWE-398,,,False
gemma/gen_3/00001_3/0101_789_A._Anastasia_and_pebbles,gemma,gen_3,789_A_Anastasia_and_pebbles,CWE-398,,CWE-398,,,False
gemma/gen_3/00001_3/0102_80_C._Heroes,gemma,gen_3,80_C_Heroes,CWE-398|CWE-563,,CWE-398|CWE-563,,,False
gemma/gen_3/00001_3/0105_903_D._Almost_Difference,gemma,gen_3,903_D_Almost_Difference,CWE-398,,CWE-398,,,False
gemma/gen_3/00001_3/0106_925_E._May_Holidays,gemma,gen_3,925_E_May_Holidays,CWE-398,,CWE-398,,,False
gemma/gen_3/00001_3/0108_980_E._The_Number_Games,gemma,gen_3,980_E_The_Number_Games,CWE-398,,CWE-398,,,False
gemma/gen_3/00001_3/0109_9_E._Interesting_Graph_and_Apples,gemma,gen_3,9_E_Interesting_Graph_and_Apples,CWE-398|CWE-563,,CWE-398|CWE-563,,,False
gemma/gen_3/00001_3/0112_p02807_Dwango_Programming_Contest_6th_-_Fusing_Slimes,gemma,gen_3,p02807_Dwango_Programming_Contest_6th_-_Fusing_Slimes,CWE-398|CWE-563,,CWE-398|CWE-563,,,False
gemma/gen_3/00001_3/0113_p02943_AtCoder_Grand_Contest_037_-_Reversing_and_Concatenating,gemma,gen_3,p02943_AtCoder_Grand_Contest_037_-_Reversing_and_Concatenating,CWE-570,,CWE-570,,,False
gemma/gen_3/00001_3/0117_p03694_AtCoder_Beginner_Contest_064_-_Traveling_AtCoDeer_Problem,gemma,gen_3,p03694_AtCoder_Beginner_Contest_064_-_Traveling_AtCoDeer_Problem,CWE-398,,CWE-398,,,False
gemma/gen_3/00001_3/0122_p00395_Maze_and_Items,gemma,gen_3,p00395_Maze_and_Items,CWE-398|CWE-563,,CWE-398|CWE-563,,,False
gemma/gen_3/00001_3/0124_p00748_Pollock_s_conjecture,gemma,gen_3,p00748_Pollock_s_conjecture,CWE-398,,CWE-398,,,False
gemma/gen_3/00001_3/0129_p01458_Kth_Sentence,gemma,gen_3,p01458_Kth_Sentence,CWE-398,,CWE-398,,,False
gemma/gen_3/00001_3/0133_p02185_Many_Decimal_Integers,gemma,gen_3,p02185_Many_Decimal_Integers,CWE-398,,CWE-398,,,False
gemma/gen_3/00001_3/0136_1011_A._Stages,gemma,gen_3,1011_A_Stages,CWE-398,,CWE-398,,,False
gemma/gen_3/00001_3/0141_1148_C._Crazy_Diamond,gemma,gen_3,1148_C_Crazy_Diamond,CWE-398,,CWE-398,,,False
gemma/gen_3/00001_3/0142_1169_E._And_Reachability,gemma,gen_3,1169_E_And_Reachability,CWE-398,,CWE-398,,,False
gemma/gen_3/00001_3/0143_1187_G._Gang_Up,gemma,gen_3,1187_G_Gang_Up,CWE-563,CWE-122|CWE-190,CWE-563,CWE-122|CWE-190,,False
gemma/gen_3/00001_3/0143_1187_G._Gang_Up.cpp,gemma,gen_3,1187_G_Gang_Up,,CWE-122|CWE-190,,CWE-122|CWE-190,,False
gemma/gen_3/00001_3/0145_1225_B1._TV_Subscriptions__Easy_Version_,gemma,gen_3,1225_B1_TV_Subscriptions__Easy_Version_,CWE-398,,CWE-398,,,False
gemma/gen_3/00001_3/0146_1249_D1._Too_Many_Segments__easy_version_,gemma,gen_3,1249_D1_Too_Many_Segments__easy_version_,CWE-398,,CWE-398,,,False
gemma/gen_3/00001_3/0148_1290_A._Mind_Control,gemma,gen_3,1290_A_Mind_Control,CWE-398|CWE-563,,CWE-398|CWE-563,,,False
gemma/gen_3/00001_3/0149_1310_B._Double_Elimination,gemma,gen_3,1310_B_Double_Elimination,CWE-563,,CWE-563,,,False
gemma/gen_3/00001_3/0150_1332_G._No_Monotone_Triples,gemma,gen_3,1332_G_No_Monotone_Triples,CWE-398|CWE-563,,CWE-398|CWE-563,,,False
gemma/gen_3/00001_3/0151_1353_C._Board_Moves,gemma,gen_3,1353_C_Board_Moves,,CWE-190,,CWE-190,,False
gemma/gen_3/00001_3/0151_1353_C._Board_Moves.cpp,gemma,gen_3,1353_C_Board_Moves,,CWE-190,,CWE-190,,False
gemma/gen_3/00001_3/0154_141_C._Queue,gemma,gen_3,141_C_Queue,CWE-398,,CWE-398,,,False
gemma/gen_3/00001_3/0156_1463_B._Find_The_Array,gemma,gen_3,1463_B_Find_The_Array,CWE-398,,CWE-398,,,False
gemma/gen_3/00001_3/0157_148_B._Escape,gemma,gen_3,148_B_Escape,CWE-563,,CWE-563,,,False
gemma/gen_3/00001_3/0159_1539_D._PriceFixed,gemma,gen_3,1539_D_PriceFixed,CWE-563,,CWE-563,,,False
gemma/gen_3/00001_3/0161_187_B._AlgoRace,gemma,gen_3,187_B_AlgoRace,,CWE-122|CWE-190,,CWE-122|CWE-190,,False
gemma/gen_3/00001_3/0161_187_B._AlgoRace.cpp,gemma,gen_3,187_B_AlgoRace,,CWE-122|CWE-190,,CWE-122|CWE-190,,False
gemma/gen_3/00001_3/0164_259_B._Little_Elephant_and_Magic_Square,gemma,gen_3,259_B_Little_Elephant_and_Magic_Square,CWE-563,,CWE-563,,,False
gemma/gen_3/00001_3/0167_331_A2._Oh_Sweet_Beaverette,gemma,gen_3,331_A2_Oh_Sweet_Beaverette,CWE-398,,CWE-398,,,False
gemma/gen_3/00001_3/0168_352_E._Jeff_and_Brackets,gemma,gen_3,352_E_Jeff_and_Brackets,CWE-563,CWE-190,CWE-563,CWE-190,,False
gemma/gen_3/00001_3/0168_352_E._Jeff_and_Brackets.cpp,gemma,gen_3,352_E_Jeff_and_Brackets,,CWE-190,,CWE-190,,False
gemma/gen_3/00001_3/0170_421_D._Bug_in_Code,gemma,gen_3,421_D_Bug_in_Code,CWE-398,,CWE-398,,,False
gemma/gen_3/00001_3/0173_516_C._Drazil_and_Park,gemma,gen_3,516_C_Drazil_and_Park,CWE-398,,CWE-398,,,False
gemma/gen_3/00001_3/0174_543_C._Remembering_Strings,gemma,gen_3,543_C_Remembering_Strings,,CWE-190,,CWE-190,,False
gemma/gen_3/00001_3/0174_543_C._Remembering_Strings.cpp,gemma,gen_3,543_C_Remembering_Strings,,CWE-190,,CWE-190,,False
gemma/gen_3/00001_3/0175_56_E._Domino_Principle,gemma,gen_3,56_E_Domino_Principle,CWE-398,,CWE-398,,,False
gemma/gen_3/00001_3/0179_685_D._Kay_and_Eternity,gemma,gen_3,685_D_Kay_and_Eternity,CWE-398,,CWE-398,,,False
gemma/gen_3/00001_3/0180_708_C._Centroids,gemma,gen_3,708_C_Centroids,CWE-398|CWE-563,,CWE-398|CWE-563,,,False
gemma/gen_3/00001_3/0182_799_D._Field_expansion,gemma,gen_3,799_D_Field_expansion,CWE-563,CWE-190,CWE-563,CWE-190,,False
gemma/gen_3/00001_3/0182_799_D._Field_expansion.cpp,gemma,gen_3,799_D_Field_expansion,,CWE-190,,CWE-190,,False
gemma/gen_3/00001_3/0184_865_D._Buy_Low_Sell_High,gemma,gen_3,865_D_Buy_Low_Sell_High,,CWE-190,,CWE-190,,False
gemma/gen_3/00001_3/0184_865_D._Buy_Low_Sell_High.cpp,gemma,gen_3,865_D_Buy_Low_Sell_High,,CWE-190,,CWE-190,,False
gemma/gen_3/00001_3/0185_891_D._Sloth,gemma,gen_3,891_D_Sloth,CWE-398,,CWE-398,,,False
gemma/gen_3/00001_3/0186_913_G._Power_Substring,gemma,gen_3,913_G_Power_Substring,,CWE-190,,CWE-190,,False
gemma/gen_3/00001_3/0186_913_G._Power_Substring.cpp,gemma,gen_3,913_G_Power_Substring,,CWE-190,,CWE-190,,False
gemma/gen_3/00001_3/0189_989_E._A_Trance_of_Nightfall,gemma,gen_3,989_E_A_Trance_of_Nightfall,CWE-563,,CWE-563,,,False
gemma/gen_3/00001_3/0190_p02603_M-SOLUTIONS_Programming_Contest_2020_-_Road_to_Millionaire,gemma,gen_3,p02603_M-SOLUTIONS_Programming_Contest_2020_-_Road_to_Millionaire,CWE-398,,CWE-398,,,False
gemma/gen_3/00001_3/0192_p02868_NIKKEI_Programming_Contest_2019-2_-_Shortest_Path_on_a_Line,gemma,gen_3,p02868_NIKKEI_Programming_Contest_2019-2_-_Shortest_Path_on_a_Line,CWE-398,,CWE-398,,,False
gemma/gen_3/00001_3/0194_p03143_NIKKEI_Programming_Contest_2019_-_Weights_on_Vertices_and_Edges,gemma,gen_3,p03143_NIKKEI_Programming_Contest_2019_-_Weights_on_Vertices_and_Edges,CWE-398|CWE-563,,CWE-398|CWE-563,,,False
gemma/gen_3/00001_3/0196_p03443_AtCoder_Petrozavodsk_Contest_001_-_Colorful_Doors,gemma,gen_3,p03443_AtCoder_Petrozavodsk_Contest_001_-_Colorful_Doors,CWE-563,,CWE-563,,,False
gemma/gen_3/00001_3/0199_p03932_square869120Contest__3_-_Souvenirs,gemma,gen_3,p03932_square869120Contest__3_-_Souvenirs,CWE-398,,CWE-398,,,False
gemma/gen_3/00001_3/0200_p00025_Hit_and_Blow,gemma,gen_3,p00025_Hit_and_Blow,CWE-398,,CWE-398,,,False
gemma/gen_3/00001_3/0201_p00156_Moats_around_the_Castle,gemma,gen_3,p00156_Moats_around_the_Castle,CWE-398,,CWE-398,,,False
gemma/gen_3/00001_3/0206_p00943_Routing_a_Marathon_Race,gemma,gen_3,p00943_Routing_a_Marathon_Race,CWE-398,,CWE-398,,,False
gemma/gen_3/00001_3/0207_p01076_Graph_Making,gemma,gen_3,p01076_Graph_Making,CWE-563,,CWE-563,,,False
gemma/gen_3/00001_3/0210_p01684_Venn_Diagram,gemma,gen_3,p01684_Venn_Diagram,CWE-563,,CWE-563,,,False
gemma/gen_3/00001_3/0212_p01963_Separate_String,gemma,gen_3,p01963_Separate_String,CWE-398,,CWE-398,,,False
gemma/gen_3/00001_3/0213_p02110_Settler,gemma,gen_3,p02110_Settler,CWE-398,,CWE-398,,,False
gemma/gen_3/00001_3/0218_1062_D._Fun_with_Integers,gemma,gen_3,1062_D_Fun_with_Integers,CWE-563,CWE-190,CWE-563,CWE-190,,False
gemma/gen_3/00001_3/0218_1062_D._Fun_with_Integers.cpp,gemma,gen_3,1062_D_Fun_with_Integers,,CWE-190,,CWE-190,,False
gemma/gen_3/00001_3/0219_1084_C._The_Fair_Nut_and_String,gemma,gen_3,1084_C_The_Fair_Nut_and_String,CWE-398,CWE-190,CWE-398,CWE-190,,False
gemma/gen_3/00001_3/0219_1084_C._The_Fair_Nut_and_String.cpp,gemma,gen_3,1084_C_The_Fair_Nut_and_String,,CWE-190,,CWE-190,,False
gemma/gen_3/00001_3/0220_1103_E._Radix_sum,gemma,gen_3,1103_E_Radix_sum,CWE-570,CWE-369,CWE-570,CWE-369,,False
gemma/gen_3/00001_3/0220_1103_E._Radix_sum.cpp,gemma,gen_3,1103_E_Radix_sum,,CWE-369,,CWE-369,,False
gemma/gen_3/00001_3/0221_1131_E._String_Multiplication,gemma,gen_3,1131_E_String_Multiplication,,CWE-121,,CWE-121,,False
gemma/gen_3/00001_3/0221_1131_E._String_Multiplication.cpp,gemma,gen_3,1131_E_String_Multiplication,,CWE-121,,CWE-121,,False
gemma/gen_3/00001_3/0223_1173_E2._Nauuo_and_Pictures__hard_version_,gemma,gen_3,1173_E2_Nauuo_and_Pictures__hard_version_,CWE-398,,CWE-398,,,False
gemma/gen_3/00001_3/0224_1191_C._Tokitsukaze_and_Discard_Items,gemma,gen_3,1191_C_Tokitsukaze_and_Discard_Items,CWE-398,,CWE-398,,,False
gemma/gen_3/00001_3/0225_120_C._Winnie-the-Pooh_and_honey,gemma,gen_3,120_C_Winnie-the-Pooh_and_honey,CWE-398,,CWE-398,,,False
gemma/gen_3/00001_3/0227_1251_E1._Voting__Easy_Version_,gemma,gen_3,1251_E1_Voting__Easy_Version_,CWE-398,,CWE-398,,,False
gemma/gen_3/00001_3/0229_1315_D._Recommendations,gemma,gen_3,1315_D_Recommendations,CWE-563,CWE-190,CWE-563,CWE-190,,False
gemma/gen_3/00001_3/0229_1315_D._Recommendations.cpp,gemma,gen_3,1315_D_Recommendations,,CWE-190,,CWE-190,,False
gemma/gen_3/00001_3/0231_1359_D._Yet_Another_Yet_Another_Task,gemma,gen_3,1359_D_Yet_Another_Yet_Another_Task,CWE-398,,CWE-398,,,False
gemma/gen_3/00001_3/0236_1543_B._Customising_the_Track,gemma,gen_3,1543_B_Customising_the_Track,CWE-398|CWE-563,,CWE-398|CWE-563,,,False
gemma/gen_3/00001_3/0238_191_A._Dynasty_Puzzles,gemma,gen_3,191_A_Dynasty_Puzzles,,CWE-190,,CWE-190,,False
gemma/gen_3/00001_3/0238_191_A._Dynasty_Puzzles.cpp,gemma,gen_3,191_A_Dynasty_Puzzles,,CWE-190,,CWE-190,,False
gemma/gen_3/00001_3/0241_287_D._Shifting,gemma,gen_3,287_D_Shifting,CWE-563,,CWE-563,,,False
gemma/gen_3/00001_3/0242_312_D._Cats_Transport,gemma,gen_3,312_D_Cats_Transport,CWE-398|CWE-563,,CWE-398|CWE-563,,,False
gemma/gen_3/00001_3/0243_335_B._Palindrome,gemma,gen_3,335_B_Palindrome,CWE-563|CWE-570|CWE-571,CWE-190,CWE-563|CWE-570|CWE-571,CWE-190,,False
gemma/gen_3/00001_3/0243_335_B._Palindrome.cpp,gemma,gen_3,335_B_Palindrome,,CWE-190,,CWE-190,,False
gemma/gen_3/00001_3/0247_42_A._Guilty___to_the_kitchen_,gemma,gen_3,42_A_Guilty___to_the_kitchen_,CWE-398,,CWE-398,,,False
gemma/gen_3/00001_3/0250_521_C._Pluses_everywhere,gemma,gen_3,521_C_Pluses_everywhere,CWE-398,,CWE-398,,,False
gemma/gen_3/00001_3/0251_548_E._Mike_and_Foam,gemma,gen_3,548_E_Mike_and_Foam,CWE-398,,CWE-398,,,False
gemma/gen_3/00001_3/0253_618_B._Guess_the_Permutation,gemma,gen_3,618_B_Guess_the_Permutation,CWE-563,,CWE-563,,,False
gemma/gen_3/00001_3/0254_638_D._Three-dimensional_Turtle_Super_Computer_,gemma,gen_3,638_D_Three-dimensional_Turtle_Super_Computer_,CWE-398,,CWE-398,,,False
gemma/gen_3/00001_3/0258_757_D._Felicity_s_Big_Secret_Revealed,gemma,gen_3,757_D_Felicity_s_Big_Secret_Revealed,CWE-398,,CWE-398,,,False
gemma/gen_3/00002_3/0000_825_E._Minimal_Labels,gemma,gen_3,825_E_Minimal_Labels,CWE-398,,CWE-398,,,False
gemma/gen_3/00002_3/0001_848_C._Goodbye_Souvenir,gemma,gen_3,848_C_Goodbye_Souvenir,CWE-398,,CWE-398,,,False
gemma/gen_3/00002_3/0002_870_A._Search_for_Pretty_Integers,gemma,gen_3,870_A_Search_for_Pretty_Integers,CWE-398,,CWE-398,,,False
gemma/gen_3/00002_3/0003_896_E._Welcome_home__Chtholly,gemma,gen_3,896_E_Welcome_home__Chtholly,CWE-398,,CWE-398,,,False
gemma/gen_3/00002_3/0004_918_A._Eleven,gemma,gen_3,918_A_Eleven,CWE-398,,CWE-398,,,False
gemma/gen_3/00002_3/0005_940_A._Points_on_the_line,gemma,gen_3,940_A_Points_on_the_line,,CWE-190,,CWE-190,,False
gemma/gen_3/00002_3/0005_940_A._Points_on_the_line.cpp,gemma,gen_3,940_A_Points_on_the_line,,CWE-190,,CWE-190,,False
gemma/gen_3/00002_3/0006_967_D._Resource_Distribution,gemma,gen_3,967_D_Resource_Distribution,CWE-563|CWE-571,,CWE-563|CWE-571,,,False
gemma/gen_3/00002_3/0007_993_D._Compute_Power,gemma,gen_3,993_D_Compute_Power,,CWE-190,,CWE-190,,False
gemma/gen_3/00002_3/0007_993_D._Compute_Power.cpp,gemma,gen_3,993_D_Compute_Power,,CWE-190,,CWE-190,,False
gemma/gen_3/00002_3/0008_p02630_AtCoder_Beginner_Contest_171_-_Replacing,gemma,gen_3,p02630_AtCoder_Beginner_Contest_171_-_Replacing,CWE-398,,CWE-398,,,False
gemma/gen_3/00002_3/0009_p02761_AtCoder_Beginner_Contest_157_-_Guess_The_Number,gemma,gen_3,p02761_AtCoder_Beginner_Contest_157_-_Guess_The_Number,CWE-563,,CWE-563,,,False
gemma/gen_3/00002_3/0010_p02896_AtCoder_Grand_Contest_039_-_Min_Product_Sum,gemma,gen_3,p02896_AtCoder_Grand_Contest_039_-_Min_Product_Sum,CWE-563,,CWE-563,,,False
gemma/gen_3/00002_3/0011_p03031_AtCoder_Beginner_Contest_128_-_Switches,gemma,gen_3,p03031_AtCoder_Beginner_Contest_128_-_Switches,CWE-398,,CWE-398,,,False
gemma/gen_3/00002_3/0014_p03474_AtCoder_Beginner_Contest_084_-_Postal_Code,gemma,gen_3,p03474_AtCoder_Beginner_Contest_084_-_Postal_Code,CWE-398,,CWE-398,,,False
gemma/gen_3/00002_3/0016_p03963_AtCoder_Beginner_Contest_046_-_Painting_Balls_with_AtCoDeer,gemma,gen_3,p03963_AtCoder_Beginner_Contest_046_-_Painting_Balls_with_AtCoDeer,CWE-197,,CWE-197,,,False
gemma/gen_3/00002_3/0017_p00054_Sum_of_Nth_decimal_places,gemma,gen_3,p00054_Sum_of_Nth_decimal_places,CWE-398,,CWE-398,,,False
gemma/gen_3/00002_3/0021_p00698_Missing_Numbers,gemma,gen_3,p00698_Missing_Numbers,CWE-398,,CWE-398,,,False
gemma/gen_3/00002_3/0024_p01240_Oil_Company,gemma,gen_3,p01240_Oil_Company,CWE-398,,CWE-398,,,False
gemma/gen_3/00002_3/0028_p01856_Typhoon,gemma,gen_3,p01856_Typhoon,CWE-563,,CWE-563,,,False
gemma/gen_3/00002_3/0029_p01991_Namo.._Cut,gemma,gen_3,p01991_Namo_Cut,CWE-398|CWE-758,,CWE-398|CWE-758,,,False
gemma/gen_3/00002_3/0030_p02137_Special_Chat,gemma,gen_3,p02137_Special_Chat,CWE-563,,CWE-563,,,False
gemma/gen_3/00002_3/0031_p02278_Minimum_Cost_Sort,gemma,gen_3,p02278_Minimum_Cost_Sort,CWE-563,,CWE-563,,,False
gemma/gen_3/00002_3/0032_p02425_Bit_Flag,gemma,gen_3,p02425_Bit_Flag,CWE-758,,CWE-758,,,False
gemma/gen_3/00002_3/0035_1054_B._Appending_Mex,gemma,gen_3,1054_B_Appending_Mex,CWE-563,,CWE-563,,,False
gemma/gen_3/00002_3/0037_1097_B._Petr_and_a_Combination_Lock,gemma,gen_3,1097_B_Petr_and_a_Combination_Lock,CWE-398,,CWE-398,,,False
gemma/gen_3/00002_3/0041_121_C._Lucky_Permutation,gemma,gen_3,121_C_Lucky_Permutation,CWE-398,,CWE-398,,,False
gemma/gen_3/00002_3/0042_1244_G._Running_in_Pairs,gemma,gen_3,1244_G_Running_in_Pairs,CWE-563,,CWE-563,,,False
gemma/gen_3/00002_3/0044_1286_A._Garland,gemma,gen_3,1286_A_Garland,,CWE-122|CWE-476,,CWE-122|CWE-476,,False
gemma/gen_3/00002_3/0044_1286_A._Garland.cpp,gemma,gen_3,1286_A_Garland,,CWE-122|CWE-476,,CWE-122|CWE-476,,False
gemma/gen_3/00002_3/0045_1305_B._Kuroni_and_Simple_Strings,gemma,gen_3,1305_B_Kuroni_and_Simple_Strings,CWE-398,,CWE-398,,,False
gemma/gen_3/00002_3/0047_1349_D._Slime_and_Biscuits,gemma,gen_3,1349_D_Slime_and_Biscuits,CWE-398,,CWE-398,,,False
gemma/gen_3/00002_3/0048_136_B._Ternary_Logic,gemma,gen_3,136_B_Ternary_Logic,CWE-563,,CWE-563,,,False
gemma/gen_3/00002_3/0050_1416_D._Graph_and_Queries,gemma,gen_3,1416_D_Graph_and_Queries,CWE-398,,CWE-398,,,False
gemma/gen_3/00002_3/0052_1458_B._Glass_Half_Spilled,gemma,gen_3,1458_B_Glass_Half_Spilled,CWE-398|CWE-563,CWE-190,CWE-398|CWE-563,CWE-190,,False
gemma/gen_3/00002_3/0052_1458_B._Glass_Half_Spilled.cpp,gemma,gen_3,1458_B_Glass_Half_Spilled,,CWE-190,,CWE-190,,False
gemma/gen_3/00002_3/0055_1534_D._Lost_Tree,gemma,gen_3,1534_D_Lost_Tree,CWE-563,,CWE-563,,,False
gemma/gen_3/00002_3/0057_204_D._Little_Elephant_and_Retro_Strings,gemma,gen_3,204_D_Little_Elephant_and_Retro_Strings,CWE-398,,CWE-398,,,False
gemma/gen_3/00002_3/0060_300_A._Array,gemma,gen_3,300_A_Array,CWE-398,,CWE-398,,,False
gemma/gen_3/00002_3/0061_325_D._Reclamation,gemma,gen_3,325_D_Reclamation,CWE-398|CWE-570,,CWE-398|CWE-570,,,False
gemma/gen_3/00002_3/0062_348_E._Pilgrims,gemma,gen_3,348_E_Pilgrims,CWE-398,,CWE-398,,,False
gemma/gen_3/00002_3/0064_393_C._Blocked_Points,gemma,gen_3,393_C_Blocked_Points,,CWE-190,,CWE-190,,False
gemma/gen_3/00002_3/0064_393_C._Blocked_Points.cpp,gemma,gen_3,393_C_Blocked_Points,,CWE-190,,CWE-190,,False
gemma/gen_3/00002_3/0065_443_B._Kolya_and_Tandem_Repeat,gemma,gen_3,443_B_Kolya_and_Tandem_Repeat,CWE-563,CWE-190,CWE-563,CWE-190,,False
gemma/gen_3/00002_3/0065_443_B._Kolya_and_Tandem_Repeat.cpp,gemma,gen_3,443_B_Kolya_and_Tandem_Repeat,,CWE-190,,CWE-190,,False
gemma/gen_3/00002_3/0066_465_C._No_to_Palindromes_,gemma,gen_3,465_C_No_to_Palindromes_,CWE-398,,CWE-398,,,False
gemma/gen_3/00002_3/0069_566_C._Logistical_Questions,gemma,gen_3,566_C_Logistical_Questions,CWE-398,,CWE-398,,,False
gemma/gen_3/00002_3/0070_587_D._Duff_in_Mafia,gemma,gen_3,587_D_Duff_in_Mafia,CWE-398,CWE-476,CWE-398,CWE-476,,False
gemma/gen_3/00002_3/0070_587_D._Duff_in_Mafia.cpp,gemma,gen_3,587_D_Duff_in_Mafia,,CWE-476,,CWE-476,,False
gemma/gen_3/00002_3/0076_747_C._Servers,gemma,gen_3,747_C_Servers,CWE-398,,CWE-398,,,False
gemma/gen_3/00002_3/0077_76_F._Tourist,gemma,gen_3,76_F_Tourist,CWE-398,,CWE-398,,,False
gemma/gen_3/00002_3/0078_794_C._Naming_Company,gemma,gen_3,794_C_Naming_Company,CWE-398|CWE-786,CWE-122,CWE-398|CWE-786,CWE-122,,False
gemma/gen_3/00002_3/0078_794_C._Naming_Company.cpp,gemma,gen_3,794_C_Naming_Company,,CWE-122,,CWE-122,,False
gemma/gen_3/00002_3/0080_860_C._Tests_Renumeration,gemma,gen_3,860_C_Tests_Renumeration,CWE-398,,CWE-398,,,False
gemma/gen_3/00002_3/0086_p02838_AtCoder_Beginner_Contest_147_-_Xor_Sum_4,gemma,gen_3,p02838_AtCoder_Beginner_Contest_147_-_Xor_Sum_4,CWE-398,,CWE-398,,,False
gemma/gen_3/00002_3/0088_p03258_AtCoder_Grand_Contest_027_-_ABBreviate,gemma,gen_3,p03258_AtCoder_Grand_Contest_027_-_ABBreviate,CWE-398,,CWE-398,,,False
gemma/gen_3/00002_3/0093_p04052_AtCoder_Grand_Contest_001_-_Wide_Swap,gemma,gen_3,p04052_AtCoder_Grand_Contest_001_-_Wide_Swap,CWE-398,,CWE-398,,,False
gemma/gen_3/00002_3/0095_p00264_East_Wind,gemma,gen_3,p00264_East_Wind,CWE-398,,CWE-398,,,False
gemma/gen_3/00002_3/0098_p00786_BUT_We_Need_a_Diagram,gemma,gen_3,p00786_BUT_We_Need_a_Diagram,CWE-398|CWE-563,,CWE-398|CWE-563,,,False
gemma/gen_3/00002_3/0099_p00918_Dragon_s_Cruller,gemma,gen_3,p00918_Dragon_s_Cruller,CWE-398|CWE-457,,CWE-398|CWE-457,,,False
gemma/gen_3/00002_3/0100_p01051_Squid_Ink,gemma,gen_3,p01051_Squid_Ink,CWE-398|CWE-457,,CWE-398|CWE-457,,,False
gemma/gen_3/00002_3/0103_p01801_Wall_Making_Game,gemma,gen_3,p01801_Wall_Making_Game,CWE-398,,CWE-398,,,False
gemma/gen_3/00002_3/0104_p01935_Protect_from_the_enemy_attack,gemma,gen_3,p01935_Protect_from_the_enemy_attack,CWE-398,,CWE-398,,,False
gemma/gen_3/00002_3/0106_p02216_Array_Game,gemma,gen_3,p02216_Array_Game,CWE-398,,CWE-398,,,False
gemma/gen_3/00002_3/0108_1000_C._Covered_Points_Count,gemma,gen_3,1000_C_Covered_Points_Count,CWE-398,,CWE-398,,,False
gemma/gen_3/00002_3/0109_1025_D._Recovering_BST,gemma,gen_3,1025_D_Recovering_BST,CWE-398|CWE-563,,CWE-398|CWE-563,,,False
gemma/gen_3/00002_3/0112_110_B._Lucky_String,gemma,gen_3,110_B_Lucky_String,CWE-398,,CWE-398,,,False
gemma/gen_3/00002_3/0117_1215_B._The_Number_of_Products,gemma,gen_3,1215_B_The_Number_of_Products,,CWE-190,,CWE-190,,False
gemma/gen_3/00002_3/0117_1215_B._The_Number_of_Products.cpp,gemma,gen_3,1215_B_The_Number_of_Products,,CWE-190,,CWE-190,,False
gemma/gen_3/00002_3/0118_1256_E._Yet_Another_Division_Into_Teams,gemma,gen_3,1256_E_Yet_Another_Division_Into_Teams,CWE-398,,CWE-398,,,False
gemma/gen_3/00002_3/0121_1323_F._Reality_Show,gemma,gen_3,1323_F_Reality_Show,CWE-398,CWE-190,CWE-398,CWE-190,,False
gemma/gen_3/00002_3/0121_1323_F._Reality_Show.cpp,gemma,gen_3,1323_F_Reality_Show,,CWE-190,,CWE-190,,False
gemma/gen_3/00002_3/0122_1342_E._Placing_Rooks,gemma,gen_3,1342_E_Placing_Rooks,CWE-563|CWE-570,CWE-190,CWE-563|CWE-570,CWE-190,,False
gemma/gen_3/00002_3/0122_1342_E._Placing_Rooks.cpp,gemma,gen_3,1342_E_Placing_Rooks,,CWE-190,,CWE-190,,False
gemma/gen_3/00002_3/0125_1427_D._Unshuffling_a_Deck,gemma,gen_3,1427_D_Unshuffling_a_Deck,CWE-563,,CWE-563,,,False
gemma/gen_3/00002_3/0126_1450_D._Rating_Compression,gemma,gen_3,1450_D_Rating_Compression,CWE-398,,CWE-398,,,False
gemma/gen_3/00002_3/0127_1474_B._Different_Divisors,gemma,gen_3,1474_B_Different_Divisors,CWE-398,,CWE-398,,,False
gemma/gen_3/00002_3/0128_149_D._Coloring_Brackets,gemma,gen_3,149_D_Coloring_Brackets,CWE-563,,CWE-563,,,False
gemma/gen_3/00002_3/0133_294_A._Shaass_and_Oskols,gemma,gen_3,294_A_Shaass_and_Oskols,CWE-398,,CWE-398,,,False
gemma/gen_3/00002_3/0138_436_D._Pudding_Monsters,gemma,gen_3,436_D_Pudding_Monsters,CWE-398|CWE-563,,CWE-398|CWE-563,,,False
gemma/gen_3/00002_3/0139_459_E._Pashmak_and_Graph,gemma,gen_3,459_E_Pashmak_and_Graph,CWE-398,,CWE-398,,,False
gemma/gen_3/00002_3/0141_529_C._Rooks_and_Rectangles,gemma,gen_3,529_C_Rooks_and_Rectangles,CWE-398,,CWE-398,,,False
gemma/gen_3/00002_3/0142_554_E._Love_Triangles,gemma,gen_3,554_E_Love_Triangles,,CWE-190,,CWE-190,,False
gemma/gen_3/00002_3/0142_554_E._Love_Triangles.cpp,gemma,gen_3,554_E_Love_Triangles,,CWE-190,,CWE-190,,False
gemma/gen_3/00002_3/0143_580_D._Kefa_and_Dishes,gemma,gen_3,580_D_Kefa_and_Dishes,CWE-398,,CWE-398,,,False
gemma/gen_3/00002_3/0144_602_C._The_Two_Routes,gemma,gen_3,602_C_The_Two_Routes,CWE-398|CWE-571,,CWE-398|CWE-571,,,False
gemma/gen_3/00002_3/0146_673_C._Bear_and_Colors,gemma,gen_3,673_C_Bear_and_Colors,CWE-398|CWE-786,,CWE-398|CWE-786,,,False
gemma/gen_3/00002_3/0147_698_D._Limak_and_Shooting_Points,gemma,gen_3,698_D_Limak_and_Shooting_Points,,CWE-190,,CWE-190,,False
gemma/gen_3/00002_3/0147_698_D._Limak_and_Shooting_Points.cpp,gemma,gen_3,698_D_Limak_and_Shooting_Points,,CWE-190,,CWE-190,,False
gemma/gen_3/00002_3/0148_719_E._Sasha_and_Array,gemma,gen_3,719_E_Sasha_and_Array,CWE-398,CWE-122,CWE-398,CWE-122,,False
gemma/gen_3/00002_3/0148_719_E._Sasha_and_Array.cpp,gemma,gen_3,719_E_Sasha_and_Array,,CWE-122,,CWE-122,,False
gemma/gen_3/00002_3/0149_740_B._Alyona_and_flowers,gemma,gen_3,740_B_Alyona_and_flowers,,CWE-190,,CWE-190,,False
gemma/gen_3/00002_3/0149_740_B._Alyona_and_flowers.cpp,gemma,gen_3,740_B_Alyona_and_flowers,,CWE-190,,CWE-190,,False
gemma/gen_3/00002_3/0152_808_G._Anthem_of_Berland,gemma,gen_3,808_G_Anthem_of_Berland,CWE-398,CWE-190,CWE-398,CWE-190,,False
gemma/gen_3/00002_3/0152_808_G._Anthem_of_Berland.cpp,gemma,gen_3,808_G_Anthem_of_Berland,,CWE-190,,CWE-190,,False
gemma/gen_3/00002_3/0155_878_D._Magic_Breeding,gemma,gen_3,878_D_Magic_Breeding,,CWE-122,,CWE-122,,False
gemma/gen_3/00002_3/0155_878_D._Magic_Breeding.cpp,gemma,gen_3,878_D_Magic_Breeding,,CWE-122,,CWE-122,,False
gemma/gen_3/00002_3/0157_924_C._Riverside_Curio,gemma,gen_3,924_C_Riverside_Curio,CWE-398,,CWE-398,,,False
gemma/gen_3/00002_3/0162_p02670_AtCoder_Grand_Contest_044_-_Joker,gemma,gen_3,p02670_AtCoder_Grand_Contest_044_-_Joker,CWE-563,,CWE-563,,,False
gemma/gen_3/00002_3/0163_p02799_Keyence_Programming_Contest_2020_-_Bichromization,gemma,gen_3,p02799_Keyence_Programming_Contest_2020_-_Bichromization,CWE-563,,CWE-563,,,False
gemma/gen_3/00002_3/0165_p03072_AtCoder_Beginner_Contest_124_-_Great_Ocean_View,gemma,gen_3,p03072_AtCoder_Beginner_Contest_124_-_Great_Ocean_View,CWE-398,,CWE-398,,,False
gemma/gen_3/00002_3/0166_p03214_Dwango_Programming_Contest_V_-_Thumbnail,gemma,gen_3,p03214_Dwango_Programming_Contest_V_-_Thumbnail,CWE-398,,CWE-398,,,False
gemma/gen_3/00002_3/0169_p03686_AtCoder_Regular_Contest_076_-_Exhausted_,gemma,gen_3,p03686_AtCoder_Regular_Contest_076_-_Exhausted_,CWE-398,,CWE-398,,,False
gemma/gen_3/00002_3/0170_p03839_AtCoder_Grand_Contest_008_-_Contiguous_Repainting,gemma,gen_3,p03839_AtCoder_Grand_Contest_008_-_Contiguous_Repainting,CWE-398,,CWE-398,,,False
gemma/gen_3/00002_3/0171_p04006_AtCoder_Grand_Contest_004_-_Colorful_Slimes,gemma,gen_3,p04006_AtCoder_Grand_Contest_004_-_Colorful_Slimes,CWE-398|CWE-563,,CWE-398|CWE-563,,,False
gemma/gen_3/00002_3/0173_p00386_Gathering,gemma,gen_3,p00386_Gathering,CWE-398,,CWE-398,,,False
gemma/gen_3/00002_3/0179_p01280_Galaxy_Wide_Web_Service,gemma,gen_3,p01280_Galaxy_Wide_Web_Service,CWE-398,,CWE-398,,,False
gemma/gen_3/00002_3/0184_p02033_Arrow,gemma,gen_3,p02033_Arrow,CWE-398,,CWE-398,,,False
gemma/gen_3/00002_3/0188_1025_B._Weakened_Common_Divisor,gemma,gen_3,1025_B_Weakened_Common_Divisor,CWE-398,,CWE-398,,,False
gemma/gen_3/00002_3/0189_1045_D._Interstellar_battle,gemma,gen_3,1045_D_Interstellar_battle,CWE-563,,CWE-563,,,False
gemma/gen_3/00002_3/0190_1068_D._Array_Without_Local_Maximums_,gemma,gen_3,1068_D_Array_Without_Local_Maximums_,CWE-571,,CWE-571,,,False
gemma/gen_3/00002_3/0191_1090_C._New_Year_Presents,gemma,gen_3,1090_C_New_Year_Presents,CWE-398,,CWE-398,,,False
gemma/gen_3/00002_3/0192_1109_F._Sasha_and_Algorithm_of_Silence_s_Sounds,gemma,gen_3,1109_F_Sasha_and_Algorithm_of_Silence_s_Sounds,CWE-398|CWE-571,,CWE-398|CWE-571,,,False
gemma/gen_3/00002_3/0193_1139_C._Edgy_Trees,gemma,gen_3,1139_C_Edgy_Trees,CWE-398|CWE-563,,CWE-398|CWE-563,,,False
gemma/gen_3/00002_3/0196_1198_A._MP3,gemma,gen_3,1198_A_MP3,CWE-398,,CWE-398,,,False
gemma/gen_3/00002_3/0200_12_B._Correct_Solution_,gemma,gen_3,12_B_Correct_Solution_,CWE-398,,CWE-398,,,False
gemma/gen_3/00002_3/0201_1323_D._Present,gemma,gen_3,1323_D_Present,CWE-398,,CWE-398,,,False
gemma/gen_3/00002_3/0203_1384_D._GameGame,gemma,gen_3,1384_D_GameGame,CWE-398,,CWE-398,,,False
gemma/gen_3/00002_3/0204_1406_A._Subset_Mex,gemma,gen_3,1406_A_Subset_Mex,,CWE-190,,CWE-190,,False
gemma/gen_3/00002_3/0204_1406_A._Subset_Mex.cpp,gemma,gen_3,1406_A_Subset_Mex,,CWE-190,,CWE-190,,False
gemma/gen_3/00002_3/0206_1473_G._Tiles,gemma,gen_3,1473_G_Tiles,CWE-398,,CWE-398,,,False
gemma/gen_3/00002_3/0209_155_A._I_love__username_,gemma,gen_3,155_A_I_love__username_,CWE-398,,CWE-398,,,False
gemma/gen_3/00002_3/0210_177_C1._Party,gemma,gen_3,177_C1_Party,CWE-398,,CWE-398,,,False
gemma/gen_3/00002_3/0216_341_B._Bubble_Sort_Graph,gemma,gen_3,341_B_Bubble_Sort_Graph,CWE-398,CWE-190,CWE-398,CWE-190,,False
gemma/gen_3/00002_3/0216_341_B._Bubble_Sort_Graph.cpp,gemma,gen_3,341_B_Bubble_Sort_Graph,,CWE-190,,CWE-190,,False
gemma/gen_3/00002_3/0217_364_D._Ghd,gemma,gen_3,364_D_Ghd,CWE-398,,CWE-398,,,False
gemma/gen_3/00002_3/0218_388_C._Fox_and_Card_Game,gemma,gen_3,388_C_Fox_and_Card_Game,CWE-398|CWE-786,CWE-122,CWE-398|CWE-786,CWE-122,,False
gemma/gen_3/00002_3/0218_388_C._Fox_and_Card_Game.cpp,gemma,gen_3,388_C_Fox_and_Card_Game,,CWE-122,,CWE-122,,False
gemma/gen_3/00002_3/0221_459_C._Pashmak_and_Buses,gemma,gen_3,459_C_Pashmak_and_Buses,,CWE-190,,CWE-190,,False
gemma/gen_3/00002_3/0221_459_C._Pashmak_and_Buses.cpp,gemma,gen_3,459_C_Pashmak_and_Buses,,CWE-190,,CWE-190,,False
gemma/gen_3/00002_3/0223_505_B._Mr._Kitayuta_s_Colorful_Graph,gemma,gen_3,505_B_Mr_Kitayuta_s_Colorful_Graph,CWE-398|CWE-563,,CWE-398|CWE-563,,,False
gemma/gen_3/00002_3/0224_554_C._Kyoya_and_Colored_Balls,gemma,gen_3,554_C_Kyoya_and_Colored_Balls,CWE-398,,CWE-398,,,False
gemma/gen_3/00002_3/0225_580_B._Kefa_and_Company,gemma,gen_3,580_B_Kefa_and_Company,CWE-398,,CWE-398,,,False
gemma/gen_3/00002_3/0226_602_A._Two_Bases,gemma,gen_3,602_A_Two_Bases,CWE-398,,CWE-398,,,False
gemma/gen_3/00002_3/0227_624_D._Array_GCD,gemma,gen_3,624_D_Array_GCD,CWE-398,,CWE-398,,,False
gemma/gen_3/00002_3/0228_673_A._Bear_and_Game,gemma,gen_3,673_A_Bear_and_Game,CWE-563,,CWE-563,,,False
gemma/gen_3/00002_3/0229_698_B._Fix_a_Tree,gemma,gen_3,698_B_Fix_a_Tree,CWE-398|CWE-563|CWE-570,,CWE-398|CWE-563|CWE-570,,,False
gemma/gen_3/00002_3/0234_833_A._The_Meaningless_Game,gemma,gen_3,833_A_The_Meaningless_Game,CWE-563,,CWE-563,,,False
gemma/gen_3/00002_3/0236_901_D._Weighting_a_Tree,gemma,gen_3,901_D_Weighting_a_Tree,CWE-563,,CWE-563,,,False
gemma/gen_3/00002_3/0237_924_A._Mystical_Mosaic,gemma,gen_3,924_A_Mystical_Mosaic,CWE-563|CWE-571,,CWE-563|CWE-571,,,False
gemma/gen_3/00002_3/0240_999_F._Cards_and_Joy,gemma,gen_3,999_F_Cards_and_Joy,CWE-398,,CWE-398,,,False
gemma/gen_3/00002_3/0241_p02537_ACL_Beginner_Contest_-_Flat_Subsequence,gemma,gen_3,p02537_ACL_Beginner_Contest_-_Flat_Subsequence,CWE-398,,CWE-398,,,False
gemma/gen_3/00002_3/0242_p02668_NOMURA_Programming_Competition_2020_-_Sorting_Game,gemma,gen_3,p02668_NOMURA_Programming_Competition_2020_-_Sorting_Game,CWE-570,,CWE-570,,,False
gemma/gen_3/00002_3/0247_p03361_AtCoder_Beginner_Contest_096_-_Grid_Repainting_2,gemma,gen_3,p03361_AtCoder_Beginner_Contest_096_-_Grid_Repainting_2,CWE-398|CWE-563,,CWE-398|CWE-563,,,False
gemma/gen_3/00002_3/0248_p03519_CODE_FESTIVAL_2017_Elimination_Tournament_Round_1__Parallel__-_Paired_Parentheses,gemma,gen_3,p03519_CODE_FESTIVAL_2017_Elimination_Tournament_Round_1__Parallel__-_Paired_Parentheses,CWE-398,,CWE-398,,,False
gemma/gen_3/00002_3/0249_p03837_AtCoder_Beginner_Contest_051_-_Candidates_of_No_Shortest_Paths,gemma,gen_3,p03837_AtCoder_Beginner_Contest_051_-_Candidates_of_No_Shortest_Paths,CWE-398|CWE-563,,CWE-398|CWE-563,,,False
human/soln1/00000/0000_1012_E._Cycle_sort,human,soln1,1012_E_Cycle_sort,CWE-398,,CWE-398,,,False
human/soln1/00000/0002_1060_A._Phone_Numbers,human,soln1,1060_A_Phone_Numbers,CWE-398,,CWE-398,,,False
human/soln1/00000/0003_1081_G._Mergesort_Strikes_Back,human,soln1,1081_G_Mergesort_Strikes_Back,CWE-398,CWE-125,CWE-398,CWE-125,,False
human/soln1/00000/0003_1081_G._Mergesort_Strikes_Back.cpp,human,soln1,1081_G_Mergesort_Strikes_Back,,CWE-125,,CWE-125,,False
human/soln1/00000/0004_1101_A._Minimum_Integer,human,soln1,1101_A_Minimum_Integer,CWE-398,,CWE-398,,,False
human/soln1/00000/0005_1129_D._Isolation,human,soln1,1129_D_Isolation,CWE-398,,CWE-398,,,False
human/soln1/00000/0008_1208_D._Restore_Permutation,human,soln1,1208_D_Restore_Permutation,CWE-398|CWE-457|CWE-563|CWE-571|CWE-788,,CWE-398|CWE-457|CWE-563|CWE-571|CWE-788,,,False
human/soln1/00000/0009_1227_D1._Optimal_Subsequences__Easy_Version_,human,soln1,1227_D1_Optimal_Subsequences__Easy_Version_,CWE-398,,CWE-398,,,False
human/soln1/00000/0010_1269_E._K_Integers,human,soln1,1269_E_K_Integers,CWE-398,,CWE-398,,,False
human/soln1/00000/0011_1291_E._Prefix_Enlightenment,human,soln1,1291_E_Prefix_Enlightenment,CWE-119,,CWE-119,,,False
human/soln1/00000/0012_1311_F._Moving_Points,human,soln1,1311_F_Moving_Points,CWE-398,,CWE-398,,,False
human/soln1/00000/0014_1354_F._Summoning_Minions,human,soln1,1354_F_Summoning_Minions,CWE-686,,CWE-686,,,False
human/soln1/00000/0015_1374_E1._Reading_Books__easy_version_,human,soln1,1374_E1_Reading_Books__easy_version_,CWE-398,,CWE-398,,,False
human/soln1/00000/0019_1466_F._Euclid_s_nightmare,human,soln1,1466_F_Euclid_s_nightmare,CWE-571,,CWE-571,,,False
human/soln1/00000/0021_1513_C._Add_One,human,soln1,1513_C_Add_One,CWE-398,,CWE-398,,,False
human/soln1/00000/0022_1540_C1._Converging_Array__Easy_Version_,human,soln1,1540_C1_Converging_Array__Easy_Version_,CWE-398,,CWE-398,,,False
human/soln1/00000/0024_20_B._Equation,human,soln1,20_B_Equation,CWE-398,,CWE-398,,,False
human/soln1/00000/0025_235_D._Graph_Game,human,soln1,235_D_Graph_Game,CWE-398,,CWE-398,,,False
human/soln1/00000/0026_260_B._Ancient_Prophesy,human,soln1,260_B_Ancient_Prophesy,CWE-477,,CWE-477,,,False
human/soln1/00000/0028_309_B._Context_Advertising,human,soln1,309_B_Context_Advertising,CWE-477,,CWE-477,,,False
human/soln1/00000/0029_331_E2._Deja_Vu,human,soln1,331_E2_Deja_Vu,CWE-398,,CWE-398,,,False
human/soln1/00000/0035_494_D._Birthday,human,soln1,494_D_Birthday,CWE-398|CWE-563,,CWE-398|CWE-563,,,False
human/soln1/00000/0036_519_B._A_and_B_and_Compilation_Errors,human,soln1,519_B_A_and_B_and_Compilation_Errors,,CWE-190,,CWE-190,,False
human/soln1/00000/0036_519_B._A_and_B_and_Compilation_Errors.cpp,human,soln1,519_B_A_and_B_and_Compilation_Errors,,CWE-190,,CWE-190,,False
human/soln1/00000/0037_545_C._Woodcutters,human,soln1,545_C_Woodcutters,CWE-563,,CWE-563,,,False
human/soln1/00000/0038_571_E._Geometric_Progressions,human,soln1,571_E_Geometric_Progressions,CWE-398|CWE-563,CWE-190,CWE-398|CWE-563,CWE-190,,False
human/soln1/00000/0038_571_E._Geometric_Progressions.cpp,human,soln1,571_E_Geometric_Progressions,,CWE-190,,CWE-190,,False
human/soln1/00000/0039_593_C._Beautiful_Function,human,soln1,593_C_Beautiful_Function,CWE-398,,CWE-398,,,False
human/soln1/00000/0040_615_A._Bulbs,human,soln1,615_A_Bulbs,CWE-398,,CWE-398,,,False
human/soln1/00000/0041_634_C._Factory_Repairs,human,soln1,634_C_Factory_Repairs,CWE-571,,CWE-571,,,False
human/soln1/00000/0046_754_E._Dasha_and_cyclic_table,human,soln1,754_E_Dasha_and_cyclic_table,CWE-119,,CWE-119,,,False
human/soln1/00000/0047_776_A._A_Serial_Killer,human,soln1,776_A_A_Serial_Killer,CWE-570,,CWE-570,,,False
human/soln1/00000/0048_7_B._Memory_Manager,human,soln1,7_B_Memory_Manager,CWE-398,,CWE-398,,,False
human/soln1/00000/0049_820_D._Mister_B_and_PR_Shifts,human,soln1,820_D_Mister_B_and_PR_Shifts,CWE-398,,CWE-398,,,False
human/soln1/00000/0053_915_A._Garden,human,soln1,915_A_Garden,CWE-457,,CWE-457,,,False
human/soln1/00000/0055_963_B._Destruction_of_a_Tree,human,soln1,963_B_Destruction_of_a_Tree,CWE-398,,CWE-398,,,False
human/soln1/00000/0056_990_E._Post_Lamps,human,soln1,990_E_Post_Lamps,CWE-563,,CWE-563,,,False
human/soln1/00000/0057_p02613_AtCoder_Beginner_Contest_173_-_Judge_Status_Summary,human,soln1,p02613_AtCoder_Beginner_Contest_173_-_Judge_Status_Summary,CWE-119,,CWE-119,,,False
human/soln1/00000/0061_p03153_KEYENCE_Programming_Contest_2019_-_Connecting_Cities,human,soln1,p03153_KEYENCE_Programming_Contest_2019_-_Connecting_Cities,CWE-457,,CWE-457,,,False
human/soln1/00000/0071_p00680_KND_Factory,human,soln1,p00680_KND_Factory,CWE-398,,CWE-398,,,False
human/soln1/00000/0073_p00953_Animal_Companion_in_Maze,human,soln1,p00953_Animal_Companion_in_Maze,CWE-398,,CWE-398,,,False
human/soln1/00000/0075_p01222_Walk_under_a_Scorching_Sun,human,soln1,p01222_Walk_under_a_Scorching_Sun,CWE-398,,CWE-398,,,False
human/soln1/00000/0076_p01356_Nearest_Station,human,soln1,p01356_Nearest_Station,CWE-398,,CWE-398,,,False
human/soln1/00000/0079_p01838_Optimal_Tournament,human,soln1,p01838_Optimal_Tournament,CWE-398|CWE-563,,CWE-398|CWE-563,,,False
human/soln1/00000/0080_p01974_Pigeonhole_principle,human,soln1,p01974_Pigeonhole_principle,CWE-398,,CWE-398,,,False
human/soln1/00000/0085_1043_A._Elections,human,soln1,1043_A_Elections,CWE-398,,CWE-398,,,False
human/soln1/00000/0095_1277_E._Two_Fairs,human,soln1,1277_E_Two_Fairs,CWE-457,,CWE-457,,,False
human/soln1/00000/0098_1361_E._James_and_the_Chase,human,soln1,1361_E_James_and_the_Chase,CWE-398,,CWE-398,,,False
human/soln1/00000/0100_1424_N._BubbleSquare_Tokens,human,soln1,1424_N_BubbleSquare_Tokens,CWE-252|CWE-398,,CWE-252|CWE-398,,,False
human/soln1/00000/0101_1446_D2._Frequency_Problem__Hard_Version_,human,soln1,1446_D2_Frequency_Problem__Hard_Version_,CWE-398,,CWE-398,,,False
human/soln1/00000/0102_1470_E._Strange_Permutation,human,soln1,1470_E_Strange_Permutation,CWE-398,,CWE-398,,,False
human/soln1/00000/0104_151_C._Win_or_Freeze,human,soln1,151_C_Win_or_Freeze,,CWE-190,,CWE-190,,False
human/soln1/00000/0104_151_C._Win_or_Freeze.cpp,human,soln1,151_C_Win_or_Freeze,,CWE-190,,CWE-190,,False
human/soln1/00000/0105_1547_C._Pair_Programming,human,soln1,1547_C_Pair_Programming,CWE-398,,CWE-398,,,False
human/soln1/00000/0107_195_A._Let_s_Watch_Football,human,soln1,195_A_Let_s_Watch_Football,CWE-563,,CWE-563,,,False
human/soln1/00000/0109_242_C._King_s_Path,human,soln1,242_C_King_s_Path,CWE-119|CWE-398,,CWE-119|CWE-398,,,False
human/soln1/00000/0113_339_A._Helpful_Maths,human,soln1,339_A_Helpful_Maths,CWE-563,,CWE-563,,,False
human/soln1/00000/0115_385_A._Bear_and_Raspberry,human,soln1,385_A_Bear_and_Raspberry,CWE-398,,CWE-398,,,False
human/soln1/00000/0117_433_A._Kitahara_Haruki_s_Gift,human,soln1,433_A_Kitahara_Haruki_s_Gift,CWE-398,,CWE-398,,,False
human/soln1/00000/0120_500_C._New_Year_Book_Reading,human,soln1,500_C_New_Year_Book_Reading,CWE-398,,CWE-398,,,False
human/soln1/00000/0122_551_B._ZgukistringZ,human,soln1,551_B_ZgukistringZ,CWE-398,,CWE-398,,,False
human/soln1/00000/0124_5_A._Chat_Server_s_Outgoing_Traffic,human,soln1,5_A_Chat_Server_s_Outgoing_Traffic,CWE-563,,CWE-563,,,False
human/soln1/00000/0125_621_D._Rat_Kwesh_and_Cheese,human,soln1,621_D_Rat_Kwesh_and_Cheese,CWE-398,,CWE-398,,,False
human/soln1/00000/0126_643_B._Bear_and_Two_Paths,human,soln1,643_B_Bear_and_Two_Paths,CWE-563,,CWE-563,,,False
human/soln1/00000/0127_670_B._Game_of_Robots,human,soln1,670_B_Game_of_Robots,CWE-563,,CWE-563,,,False
human/soln1/00000/0129_716_D._Complete_The_Graph,human,soln1,716_D_Complete_The_Graph,CWE-398,,CWE-398,,,False
human/soln1/00000/0130_737_A._Road_to_Cinema,human,soln1,737_A_Road_to_Cinema,CWE-398,,CWE-398,,,False
human/soln1/00000/0133_805_A._Fake_NP,human,soln1,805_A_Fake_NP,CWE-398,,CWE-398,,,False
human/soln1/00000/0134_830_A._Office_Keys,human,soln1,830_A_Office_Keys,CWE-398,,CWE-398,,,False
human/soln1/00000/0136_875_D._High_Cry,human,soln1,875_D_High_Cry,CWE-398,,CWE-398,,,False
human/soln1/00000/0137_89_C._Chip_Play,human,soln1,89_C_Chip_Play,CWE-119|CWE-758,,CWE-119|CWE-758,,,False
human/soln1/00000/0138_920_E._Connected_Components_,human,soln1,920_E_Connected_Components_,CWE-398,,CWE-398,,,False
human/soln1/00000/0140_977_B._Two-gram,human,soln1,977_B_Two-gram,CWE-398,,CWE-398,,,False
human/soln1/00000/0142_p02652_AtCoder_Grand_Contest_045_-_01_Unbalanced,human,soln1,p02652_AtCoder_Grand_Contest_045_-_01_Unbalanced,CWE-119,,CWE-119,,,False
human/soln1/00000/0146_p03194_CADDi_2018_for_Beginners_-_Product_and_GCD,human,soln1,p03194_CADDi_2018_for_Beginners_-_Product_and_GCD,CWE-398,,CWE-398,,,False
human/soln1/00000/0150_p03819_AtCoder_Regular_Contest_068_-_Snuke_Line,human,soln1,p03819_AtCoder_Regular_Contest_068_-_Snuke_Line,CWE-788,,CWE-788,,,False
human/soln1/00000/0156_p00720_Earth_Observation_with_a_Mobile_Robot_Team,human,soln1,p00720_Earth_Observation_with_a_Mobile_Robot_Team,CWE-119|CWE-563,,CWE-119|CWE-563,,,False
human/soln1/00000/0157_p00860_The_Morning_after_Halloween,human,soln1,p00860_The_Morning_after_Halloween,CWE-398,,CWE-398,,,False
human/soln1/00000/0159_p01123_Let_s_Move_Tiles_,human,soln1,p01123_Let_s_Move_Tiles_,CWE-398|CWE-562,,CWE-398|CWE-562,,,False
human/soln1/00000/0161_p01422_Beautiful_Currency,human,soln1,p01422_Beautiful_Currency,CWE-398,,CWE-398,,,False
human/soln1/00000/0163_p01738_Gravity_Point,human,soln1,p01738_Gravity_Point,CWE-119|CWE-398,,CWE-119|CWE-398,,,False
human/soln1/00000/0168_p02445_Swap,human,soln1,p02445_Swap,CWE-398,,CWE-398,,,False
human/soln1/00000/0171_105_C._Item_World,human,soln1,105_C_Item_World,CWE-398|CWE-457|CWE-563,,CWE-398|CWE-457|CWE-563,,,False
human/soln1/00000/0172_1081_D._Maximum_Distance,human,soln1,1081_D_Maximum_Distance,CWE-398|CWE-563,,CWE-398|CWE-563,,,False
human/soln1/00000/0175_1149_B._Three_Religions,human,soln1,1149_B_Three_Religions,CWE-398,,CWE-398,,,False
human/soln1/00000/0179_124_D._Squares,human,soln1,124_D_Squares,CWE-398|CWE-563,,CWE-398|CWE-563,,,False
human/soln1/00000/0181_1291_B._Array_Sharpening,human,soln1,1291_B_Array_Sharpening,CWE-457,,CWE-457,,,False
human/soln1/00000/0182_1311_C._Perform_the_Combo,human,soln1,1311_C_Perform_the_Combo,CWE-119|CWE-398|CWE-686,,CWE-119|CWE-398|CWE-686,,,False
human/soln1/00000/0187_1420_D._Rescue_Nibel_,human,soln1,1420_D_Rescue_Nibel_,CWE-398|CWE-457,,CWE-398|CWE-457,,,False
human/soln1/00000/0188_1439_C._Greedy_Shopping,human,soln1,1439_C_Greedy_Shopping,CWE-563,,CWE-563,,,False
human/soln1/00000/0190_1490_D._Permutation_Transformation,human,soln1,1490_D_Permutation_Transformation,CWE-398,,CWE-398,,,False
human/soln1/00000/0199_354_B._Game_with_Strings,human,soln1,354_B_Game_with_Strings,CWE-119,,CWE-119,,,False
human/soln1/00000/0200_378_C._Maze,human,soln1,378_C_Maze,CWE-398,,CWE-398,,,False
human/soln1/00000/0201_39_E._What_Has_Dirichlet_Got_to_Do_with_That_,human,soln1,39_E_What_Has_Dirichlet_Got_to_Do_with_That_,CWE-398|CWE-758,,CWE-398|CWE-758,,,False
human/soln1/00000/0205_518_E._Arthur_and_Questions,human,soln1,518_E_Arthur_and_Questions,CWE-119|CWE-398,,CWE-119|CWE-398,,,False
human/soln1/00000/0206_544_E._Remembering_Strings,human,soln1,544_E_Remembering_Strings,CWE-119,,CWE-119,,,False
human/soln1/00000/0209_614_C._Peter_and_Snow_Blower,human,soln1,614_C_Peter_and_Snow_Blower,CWE-398,,CWE-398,,,False
human/soln1/00000/0212_687_A._NP-Hard_Problem,human,soln1,687_A_NP-Hard_Problem,CWE-398,,CWE-398,,,False
human/soln1/00000/0213_709_E._Centroids,human,soln1,709_E_Centroids,CWE-398,,CWE-398,,,False
human/soln1/00000/0214_730_G._Car_Repair_Shop,human,soln1,730_G_Car_Repair_Shop,CWE-398,,CWE-398,,,False
human/soln1/00000/0216_774_K._Stepan_and_Vowels,human,soln1,774_K_Stepan_and_Vowels,CWE-477,,CWE-477,,,False
human/soln1/00000/0222_914_F._Substrings_in_a_String,human,soln1,914_F_Substrings_in_a_String,CWE-119|CWE-398,,CWE-119|CWE-398,,,False
human/soln1/00000/0224_962_F._Simple_Cycles_Edges,human,soln1,962_F_Simple_Cycles_Edges,CWE-398,,CWE-398,,,False
human/soln1/00000/0227_p02741_Panasonic_Programming_Contest_2020_-_Kth_Term,human,soln1,p02741_Panasonic_Programming_Contest_2020_-_Kth_Term,CWE-398,,CWE-398,,,False
human/soln1/00000/0234_p03771_AtCoder_Grand_Contest_012_-_Camel_and_Oases,human,soln1,p03771_AtCoder_Grand_Contest_012_-_Camel_and_Oases,CWE-398,,CWE-398,,,False
human/soln1/00000/0235_p03940_AtCoder_Grand_Contest_007_-_Shik_and_Game,human,soln1,p03940_AtCoder_Grand_Contest_007_-_Shik_and_Game,CWE-398,,CWE-398,,,False
human/soln1/00000/0237_p00163_Highway_Toll,human,soln1,p00163_Highway_Toll,CWE-398,,CWE-398,,,False
human/soln1/00000/0242_p00950_Infallibly_Crack_Perplexing_Cryptarithm,human,soln1,p00950_Infallibly_Crack_Perplexing_Cryptarithm,CWE-398|CWE-563,,CWE-398|CWE-563,,,False
human/soln1/00000/0243_p01083_RedBlue,human,soln1,p01083_RedBlue,CWE-398,,CWE-398,,,False
human/soln1/00000/0244_p01219_Private_Teacher,human,soln1,p01219_Private_Teacher,CWE-119,,CWE-119,,,False
human/soln1/00000/0245_p01353_Rabbit_Plays_Games_,human,soln1,p01353_Rabbit_Plays_Games_,CWE-398|CWE-571,,CWE-398|CWE-571,,,False
human/soln1/00000/0246_p01535_Markup_language_has_Declined,human,soln1,p01535_Markup_language_has_Declined,CWE-119|CWE-398,,CWE-119|CWE-398,,,False
human/soln1/00000/0247_p01691_Disappear_Drive,human,soln1,p01691_Disappear_Drive,CWE-398,,CWE-398,,,False
human/soln1/00000/0248_p01835_Donut_Decoration,human,soln1,p01835_Donut_Decoration,CWE-398,,CWE-398,,,False
human/soln1/00000/0249_p01970_The_Diversity_of_Prime_Factorization,human,soln1,p01970_The_Diversity_of_Prime_Factorization,CWE-398|CWE-563|CWE-571,,CWE-398|CWE-563|CWE-571,,,False
human/soln1/00000/0253_1007_E._Mini_Metro,human,soln1,1007_E_Mini_Metro,CWE-563,,CWE-563,,,False
human/soln1/00000/0254_1030_E._Vasya_and_Good_Sequences,human,soln1,1030_E_Vasya_and_Good_Sequences,CWE-563,,CWE-563,,,False
human/soln1/00000/0255_1053_C._Putting_Boxes_Together,human,soln1,1053_C_Putting_Boxes_Together,CWE-563,,CWE-563,,,False
human/soln1/00000/0256_1075_D._Intersecting_Subtrees,human,soln1,1075_D_Intersecting_Subtrees,CWE-398|CWE-457|CWE-563,,CWE-398|CWE-457|CWE-563,,,False
human/soln1/00000/0257_1096_E._The_Top_Scorer,human,soln1,1096_E_The_Top_Scorer,CWE-369|CWE-571,,CWE-369|CWE-571,,,False
human/soln1/00000/0260_1165_A._Remainder,human,soln1,1165_A_Remainder,CWE-398,,CWE-398,,,False
human/soln1/00000/0261_1184_B3._The_Doctor_Meets_Vader__Hard_,human,soln1,1184_B3_The_Doctor_Meets_Vader__Hard_,CWE-398|CWE-563,,CWE-398|CWE-563,,,False
human/soln1/00000/0263_1219_H._Function_Composition,human,soln1,1219_H_Function_Composition,CWE-398,,CWE-398,,,False
human/soln1/00000/0266_1285_C._Fadi_and_LCM,human,soln1,1285_C_Fadi_and_LCM,CWE-398|CWE-563,,CWE-398|CWE-563,,,False
human/soln1/00000/0269_1348_F._Phoenix_and_Memory,human,soln1,1348_F_Phoenix_and_Memory,CWE-398,,CWE-398,,,False
human/soln1/00000/0272_1413_F._Roads_and_Ramen,human,soln1,1413_F_Roads_and_Ramen,CWE-398,,CWE-398,,,False
human/soln1/00000/0274_147_B._Smile_House,human,soln1,147_B_Smile_House,CWE-398|CWE-758,,CWE-398|CWE-758,,,False
human/soln1/00001/0000_152_E._Garden,human,soln1,152_E_Garden,CWE-398|CWE-563|CWE-571,,CWE-398|CWE-563|CWE-571,,,False
human/soln1/00001/0001_161_B._Discounts,human,soln1,161_B_Discounts,CWE-398,,CWE-398,,,False
human/soln1/00001/0002_180_D._Name,human,soln1,180_D_Name,CWE-119,,CWE-119,,,False
human/soln1/00001/0003_203_E._Transportation,human,soln1,203_E_Transportation,CWE-398,,CWE-398,,,False
human/soln1/00001/0004_228_D._Zigzag,human,soln1,228_D_Zigzag,CWE-563,,CWE-563,,,False
human/soln1/00001/0005_252_B._Unsorting_Array,human,soln1,252_B_Unsorting_Array,CWE-563,,CWE-563,,,False
human/soln1/00001/0006_277_C._Game,human,soln1,277_C_Game,CWE-457,,CWE-457,,,False
human/soln1/00001/0008_323_C._Two_permutations,human,soln1,323_C_Two_permutations,CWE-398,,CWE-398,,,False
human/soln1/00001/0009_348_A._Mafia,human,soln1,348_A_Mafia,CWE-563,,CWE-563,,,False
human/soln1/00001/0011_392_D._Three_Arrays,human,soln1,392_D_Three_Arrays,CWE-398|CWE-476,,CWE-398|CWE-476,,,False
human/soln1/00001/0012_415_E._Mashmokh_and_Reverse_Operation,human,soln1,415_E_Mashmokh_and_Reverse_Operation,CWE-398,,CWE-398,,,False
human/soln1/00001/0013_442_C._Artem_and_Array_,human,soln1,442_C_Artem_and_Array_,CWE-398,,CWE-398,,,False
human/soln1/00001/0014_464_D._World_of_Darkraft_-_2,human,soln1,464_D_World_of_Darkraft_-_2,CWE-398|CWE-758,,CWE-398|CWE-758,,,False
human/soln1/00001/0016_512_B._Fox_And_Jumping,human,soln1,512_B_Fox_And_Jumping,CWE-563,,CWE-563,,,False
human/soln1/00001/0017_536_C._Tavas_and_Pashmaks,human,soln1,536_C_Tavas_and_Pashmaks,CWE-563,,CWE-563,,,False
human/soln1/00001/0018_560_D._Equivalent_Strings,human,soln1,560_D_Equivalent_Strings,CWE-398,,CWE-398,,,False
human/soln1/00001/0019_586_F._Lizard_Era__Beginning,human,soln1,586_F_Lizard_Era__Beginning,CWE-398,,CWE-398,,,False
human/soln1/00001/0023_67_E._Save_the_City_,human,soln1,67_E_Save_the_City_,CWE-398,,CWE-398,,,False
human/soln1/00001/0027_76_B._Mice,human,soln1,76_B_Mice,CWE-398,,CWE-398,,,False
human/soln1/00001/0029_814_C._An_impassioned_circulation_of_affection,human,soln1,814_C_An_impassioned_circulation_of_affection,CWE-119,,CWE-119,,,False
human/soln1/00001/0030_83_C._Track,human,soln1,83_C_Track,CWE-398|CWE-563,,CWE-398|CWE-563,,,False
human/soln1/00001/0031_85_D._Sum_of_Medians,human,soln1,85_D_Sum_of_Medians,CWE-119,,CWE-119,,,False
human/soln1/00001/0032_886_D._Restoration_of_string,human,soln1,886_D_Restoration_of_string,CWE-119|CWE-398,,CWE-119|CWE-398,,,False
human/soln1/00001/0037_p02574_AtCoder_Beginner_Contest_177_-_Coprime,human,soln1,p02574_AtCoder_Beginner_Contest_177_-_Coprime,CWE-398,,CWE-398,,,False
human/soln1/00001/0041_p03107_AtCoder_Beginner_Contest_120_-_Unification,human,soln1,p03107_AtCoder_Beginner_Contest_120_-_Unification,CWE-457,,CWE-457,,,False
human/soln1/00001/0044_p03570_CODE_FESTIVAL_2017_qual_C_-_Yet_Another_Palindrome_Partitioning,human,soln1,p03570_CODE_FESTIVAL_2017_qual_C_-_Yet_Another_Palindrome_Partitioning,CWE-119|CWE-563,,CWE-119|CWE-563,,,False
human/soln1/00001/0045_p03725_AtCoder_Grand_Contest_014_-_Closed_Rooms,human,soln1,p03725_AtCoder_Grand_Contest_014_-_Closed_Rooms,CWE-119|CWE-398,,CWE-119|CWE-398,,,False
human/soln1/00001/0049_p00260_Cats_Going_Straight,human,soln1,p00260_Cats_Going_Straight,CWE-398,,CWE-398,,,False
human/soln1/00001/0050_p00447_Searching_Constellation,human,soln1,p00447_Searching_Constellation,CWE-398,,CWE-398,,,False
human/soln1/00001/0052_p00781_Lattice_Practices,human,soln1,p00781_Lattice_Practices,CWE-398,,CWE-398,,,False
human/soln1/00001/0054_p01046_Yu-kun_Likes_a_lot_of_Money,human,soln1,p01046_Yu-kun_Likes_a_lot_of_Money,CWE-398,,CWE-398,,,False
human/soln1/00001/0056_p01316_Differential_Pulse_Code_Modulation,human,soln1,p01316_Differential_Pulse_Code_Modulation,CWE-398,,CWE-398,,,False
human/soln1/00001/0057_p01484_Icy_Composer,human,soln1,p01484_Icy_Composer,CWE-119,,CWE-119,,,False
human/soln1/00001/0058_p01646_Dictionary,human,soln1,p01646_Dictionary,CWE-398,,CWE-398,,,False
human/soln1/00001/0061_p02069_Universal_and_Existential_Quantifiers,human,soln1,p02069_Universal_and_Existential_Quantifiers,CWE-398,,CWE-398,,,False
human/soln1/00001/0062_p02211_Apple_Adventure,human,soln1,p02211_Apple_Adventure,CWE-398|CWE-457,,CWE-398|CWE-457,,,False
human/soln1/00001/0063_p02365_Minimum-Cost_Arborescence,human,soln1,p02365_Minimum-Cost_Arborescence,CWE-398,,CWE-398,,,False
human/soln1/00001/0066_1046_D._Interstellar_battle,human,soln1,1046_D_Interstellar_battle,CWE-398,,CWE-398,,,False
human/soln1/00001/0067_1070_C._Cloud_Computing,human,soln1,1070_C_Cloud_Computing,CWE-563,,CWE-563,,,False
human/soln1/00001/0068_1091_G._New_Year_and_the_Factorisation_Collaboration,human,soln1,1091_G_New_Year_and_the_Factorisation_Collaboration,CWE-398|CWE-563|CWE-570|CWE-758,,CWE-398|CWE-563|CWE-570|CWE-758,,,False
human/soln1/00001/0070_1140_B._Good_String,human,soln1,1140_B_Good_String,CWE-119|CWE-398,,CWE-119|CWE-398,,,False
human/soln1/00001/0071_1158_F._Density_of_subarrays,human,soln1,1158_F_Density_of_subarrays,CWE-398,,CWE-398,,,False
human/soln1/00001/0074_1216_D._Swords,human,soln1,1216_D_Swords,CWE-369|CWE-398|CWE-563,,CWE-369|CWE-398|CWE-563,,,False
human/soln1/00001/0075_1239_E._Turtle,human,soln1,1239_E_Turtle,,CWE-125,,CWE-125,,False
human/soln1/00001/0075_1239_E._Turtle.cpp,human,soln1,1239_E_Turtle,,CWE-125,,CWE-125,,False
human/soln1/00001/0076_1257_G._Divisor_Set,human,soln1,1257_G_Divisor_Set,CWE-398,,CWE-398,,,False
human/soln1/00001/0080_1344_A._Hilbert_s_Hotel,human,soln1,1344_A_Hilbert_s_Hotel,CWE-398|CWE-563,,CWE-398|CWE-563,,,False
human/soln1/00001/0083_1408_A._Circle_Coloring,human,soln1,1408_A_Circle_Coloring,CWE-563,,CWE-563,,,False
human/soln1/00001/0085_1451_D._Circle_Game,human,soln1,1451_D_Circle_Game,CWE-398,,CWE-398,,,False
human/soln1/00001/0086_1475_D._Cleaning_the_Phone,human,soln1,1475_D_Cleaning_the_Phone,CWE-398,,CWE-398,,,False
human/soln1/00001/0087_1500_B._Two_chandeliers,human,soln1,1500_B_Two_chandeliers,CWE-252|CWE-398,,CWE-252|CWE-398,,,False
human/soln1/00001/0093_248_A._Cupboards,human,soln1,248_A_Cupboards,CWE-563,,CWE-563,,,False
human/soln1/00001/0094_272_B._Dima_and_Sequence,human,soln1,272_B_Dima_and_Sequence,CWE-398|CWE-563|CWE-788,CWE-125,CWE-398|CWE-563|CWE-788,CWE-125,,False
human/soln1/00001/0094_272_B._Dima_and_Sequence.cpp,human,soln1,272_B_Dima_and_Sequence,,CWE-125,,CWE-125,,False
human/soln1/00001/0097_343_B._Alternating_Current,human,soln1,343_B_Alternating_Current,CWE-758,,CWE-758,,,False
human/soln1/00001/0098_366_D._Dima_and_Trap_Graph,human,soln1,366_D_Dima_and_Trap_Graph,CWE-398,,CWE-398,,,False
human/soln1/00001/0099_38_C._Blinds,human,soln1,38_C_Blinds,CWE-398,,CWE-398,,,False
human/soln1/00001/0101_438_A._The_Child_and_Toy,human,soln1,438_A_The_Child_and_Toy,CWE-786,,CWE-786,,,False
human/soln1/00001/0102_45_H._Road_Problem,human,soln1,45_H_Road_Problem,CWE-398,,CWE-398,,,False
human/soln1/00001/0103_483_B._Friends_and_Presents,human,soln1,483_B_Friends_and_Presents,CWE-398,,CWE-398,,,False
human/soln1/00001/0106_582_A._GCD_Table,human,soln1,582_A_GCD_Table,CWE-398,,CWE-398,,,False
human/soln1/00001/0107_604_A._Uncowed_Forces,human,soln1,604_A_Uncowed_Forces,CWE-398,,CWE-398,,,False
human/soln1/00001/0111_699_F._Limak_and_Shooting_Points,human,soln1,699_F_Limak_and_Shooting_Points,CWE-398,,CWE-398,,,False
human/soln1/00001/0112_720_C._Homework,human,soln1,720_C_Homework,CWE-398|CWE-788,,CWE-398|CWE-788,,,False
human/soln1/00001/0113_741_E._Arpa_s_abnormal_DNA_and_Mehrdad_s_deep_interest,human,soln1,741_E_Arpa_s_abnormal_DNA_and_Mehrdad_s_deep_interest,CWE-398,,CWE-398,,,False
human/soln1/00001/0114_765_D._Artsem_and_Saunders,human,soln1,765_D_Artsem_and_Saunders,CWE-563,,CWE-563,,,False
human/soln1/00001/0115_789_A._Anastasia_and_pebbles,human,soln1,789_A_Anastasia_and_pebbles,CWE-398,,CWE-398,,,False
human/soln1/00001/0118_855_D._Rowena_Ravenclaw_s_Diadem,human,soln1,855_D_Rowena_Ravenclaw_s_Diadem,CWE-398,,CWE-398,,,False
human/soln1/00001/0119_87_B._Vasya_and_Types,human,soln1,87_B_Vasya_and_Types,CWE-398,,CWE-398,,,False
human/soln1/00001/0121_925_E._May_Holidays,human,soln1,925_E_May_Holidays,CWE-457,,CWE-457,,,False
human/soln1/00001/0122_954_F._Runner_s_Problem,human,soln1,954_F_Runner_s_Problem,CWE-398,,CWE-398,,,False
human/soln1/00001/0123_980_E._The_Number_Games,human,soln1,980_E_The_Number_Games,CWE-398|CWE-563|CWE-788,,CWE-398|CWE-563|CWE-788,,,False
human/soln1/00001/0125_p02548_AtCoder_Beginner_Contest_179_-_A_x_B___C,human,soln1,p02548_AtCoder_Beginner_Contest_179_-_A_x_B___C,CWE-398,,CWE-398,,,False
human/soln1/00001/0126_p02679_AtCoder_Beginner_Contest_168_-____Bullet_,human,soln1,p02679_AtCoder_Beginner_Contest_168_-____Bullet_,CWE-398,,CWE-398,,,False
human/soln1/00001/0128_p02943_AtCoder_Grand_Contest_037_-_Reversing_and_Concatenating,human,soln1,p02943_AtCoder_Grand_Contest_037_-_Reversing_and_Concatenating,CWE-119,,CWE-119,,,False
human/soln1/00001/0137_p00232_Life_Game,human,soln1,p00232_Life_Game,CWE-398,,CWE-398,,,False
human/soln1/00001/0138_p00395_Maze_and_Items,human,soln1,p00395_Maze_and_Items,CWE-788,,CWE-788,,,False
human/soln1/00001/0145_p01458_Kth_Sentence,human,soln1,p01458_Kth_Sentence,CWE-758,,CWE-758,,,False
human/soln1/00001/0148_p01904_Minimum_Enclosing_Rectangle,human,soln1,p01904_Minimum_Enclosing_Rectangle,CWE-398|CWE-563,,CWE-398|CWE-563,,,False
human/soln1/00001/0152_p02472_Addition_of_Big_Integers,human,soln1,p02472_Addition_of_Big_Integers,CWE-119|CWE-398|CWE-563,,CWE-119|CWE-398|CWE-563,,,False
human/soln1/00001/0153_1011_A._Stages,human,soln1,1011_A_Stages,CWE-398,,CWE-398,,,False
human/soln1/00001/0157_10_B._Cinema_Cashier,human,soln1,10_B_Cinema_Cashier,CWE-398,,CWE-398,,,False
human/soln1/00001/0161_1187_G._Gang_Up,human,soln1,1187_G_Gang_Up,CWE-398|CWE-563|CWE-570,CWE-190,CWE-398|CWE-563|CWE-570,CWE-190,,False
human/soln1/00001/0161_1187_G._Gang_Up.cpp,human,soln1,1187_G_Gang_Up,,CWE-190,,CWE-190,,False
human/soln1/00001/0162_1206_F._Almost_All,human,soln1,1206_F_Almost_All,CWE-398|CWE-563,,CWE-398|CWE-563,,,False
human/soln1/00001/0164_1249_D1._Too_Many_Segments__easy_version_,human,soln1,1249_D1_Too_Many_Segments__easy_version_,CWE-686,,CWE-686,,,False
human/soln1/00001/0165_1267_L._Lexicography,human,soln1,1267_L_Lexicography,CWE-119|CWE-398,,CWE-119|CWE-398,,,False
human/soln1/00001/0167_1310_B._Double_Elimination,human,soln1,1310_B_Double_Elimination,CWE-398,,CWE-398,,,False
human/soln1/00001/0168_1332_G._No_Monotone_Triples,human,soln1,1332_G_No_Monotone_Triples,CWE-398,,CWE-398,,,False
human/soln1/00001/0170_1373_B._01_Game,human,soln1,1373_B_01_Game,CWE-398,,CWE-398,,,False
human/soln1/00001/0172_141_C._Queue,human,soln1,141_C_Queue,CWE-563,,CWE-563,,,False
human/soln1/00001/0174_1463_B._Find_The_Array,human,soln1,1463_B_Find_The_Array,CWE-252,,CWE-252,,,False
human/soln1/00001/0176_1511_F._Chainword,human,soln1,1511_F_Chainword,CWE-119|CWE-398|CWE-561,,CWE-119|CWE-398|CWE-561,,,False
human/soln1/00001/0177_1539_D._PriceFixed,human,soln1,1539_D_PriceFixed,CWE-398,,CWE-398,,,False
human/soln1/00001/0183_282_B._Painting_Eggs,human,soln1,282_B_Painting_Eggs,CWE-563,,CWE-563,,,False
human/soln1/00001/0184_305_A._Strange_Addition,human,soln1,305_A_Strange_Addition,CWE-398,,CWE-398,,,False
human/soln1/00001/0185_331_A2._Oh_Sweet_Beaverette,human,soln1,331_A2_Oh_Sweet_Beaverette,CWE-457|CWE-563,,CWE-457|CWE-563,,,False
human/soln1/00001/0186_352_E._Jeff_and_Brackets,human,soln1,352_E_Jeff_and_Brackets,CWE-686,,CWE-686,,,False
human/soln1/00001/0188_399_C._Cards,human,soln1,399_C_Cards,CWE-758,,CWE-758,,,False
human/soln1/00001/0190_448_B._Suffix_Structures,human,soln1,448_B_Suffix_Structures,CWE-398,,CWE-398,,,False
human/soln1/00001/0191_46_C._Hamsters_and_Tigers,human,soln1,46_C_Hamsters_and_Tigers,CWE-398,,CWE-398,,,False
human/soln1/00001/0193_516_C._Drazil_and_Park,human,soln1,516_C_Drazil_and_Park,CWE-197|CWE-398,,CWE-197|CWE-398,,,False
human/soln1/00001/0195_56_E._Domino_Principle,human,soln1,56_E_Domino_Principle,CWE-398,,CWE-398,,,False
human/soln1/00001/0198_633_A._Ebony_and_Ivory,human,soln1,633_A_Ebony_and_Ivory,CWE-398|CWE-563,,CWE-398|CWE-563,,,False
human/soln1/00001/0199_685_D._Kay_and_Eternity,human,soln1,685_D_Kay_and_Eternity,CWE-398|CWE-758,,CWE-398|CWE-758,,,False
human/soln1/00001/0201_750_F._New_Year_and_Finding_Roots,human,soln1,750_F_New_Year_and_Finding_Roots,CWE-398,,CWE-398,,,False
human/soln1/00001/0202_774_D._Lie_or_Truth,human,soln1,774_D_Lie_or_Truth,CWE-398,,CWE-398,,,False
human/soln1/00001/0204_819_D._Mister_B_and_Astronomers,human,soln1,819_D_Mister_B_and_Astronomers,CWE-398,,CWE-398,,,False
human/soln1/00001/0205_845_B._Luba_And_The_Ticket,human,soln1,845_B_Luba_And_The_Ticket,CWE-563,,CWE-563,,,False
human/soln1/00001/0210_961_F._k-substrings,human,soln1,961_F_k-substrings,CWE-119|CWE-398,,CWE-119|CWE-398,,,False
human/soln1/00001/0216_p03143_NIKKEI_Programming_Contest_2019_-_Weights_on_Vertices_and_Edges,human,soln1,p03143_NIKKEI_Programming_Contest_2019_-_Weights_on_Vertices_and_Edges,CWE-398,,CWE-398,,,False
human/soln1/00001/0218_p03443_AtCoder_Petrozavodsk_Contest_001_-_Colorful_Doors,human,soln1,p03443_AtCoder_Petrozavodsk_Contest_001_-_Colorful_Doors,CWE-119|CWE-398|CWE-457,,CWE-119|CWE-398|CWE-457,,,False
human/soln1/00001/0219_p03603_AtCoder_Regular_Contest_083_-_Bichrome_Tree,human,soln1,p03603_AtCoder_Regular_Contest_083_-_Bichrome_Tree,CWE-398,,CWE-398,,,False
human/soln1/00001/0223_p00156_Moats_around_the_Castle,human,soln1,p00156_Moats_around_the_Castle,CWE-563,,CWE-563,,,False
human/soln1/00001/0225_p00483_Planetary_Exploration,human,soln1,p00483_Planetary_Exploration,CWE-119,,CWE-119,,,False
human/soln1/00001/0227_p00812_Equals_are_Equals,human,soln1,p00812_Equals_are_Equals,CWE-398|CWE-628,,CWE-398|CWE-628,,,False
human/soln1/00001/0229_p01076_Graph_Making,human,soln1,p01076_Graph_Making,CWE-398,,CWE-398,,,False
human/soln1/00001/0230_p01210_Speed,human,soln1,p01210_Speed,CWE-398|CWE-563,,CWE-398|CWE-563,,,False
human/soln1/00001/0231_p01346_Ropeway,human,soln1,p01346_Ropeway,CWE-398,,CWE-398,,,False
human/soln1/00001/0232_p01516_Milky_Way,human,soln1,p01516_Milky_Way,CWE-563,,CWE-563,,,False
human/soln1/00001/0235_p01963_Separate_String,human,soln1,p01963_Separate_String,CWE-398|CWE-563,,CWE-398|CWE-563,,,False
human/soln1/00001/0236_p02110_Settler,human,soln1,p02110_Settler,CWE-398,,CWE-398,,,False
human/soln1/00001/0237_p02250_Multiple_String_Matching,human,soln1,p02250_Multiple_String_Matching,CWE-119|CWE-398,,CWE-119|CWE-398,,,False
human/soln1/00001/0238_p02398_How_Many_Divisors_,human,soln1,p02398_How_Many_Divisors_,CWE-457,,CWE-457,,,False
human/soln1/00001/0239_1016_C._Vasya_And_The_Mushrooms,human,soln1,1016_C_Vasya_And_The_Mushrooms,CWE-563,,CWE-563,,,False
human/soln1/00001/0240_103_C._Russian_Roulette,human,soln1,103_C_Russian_Roulette,CWE-398,,CWE-398,,,False
human/soln1/00001/0242_1084_C._The_Fair_Nut_and_String,human,soln1,1084_C_The_Fair_Nut_and_String,CWE-119|CWE-398|CWE-563,,CWE-119|CWE-398|CWE-563,,,False
human/soln1/00001/0243_1103_E._Radix_sum,human,soln1,1103_E_Radix_sum,CWE-398|CWE-686,,CWE-398|CWE-686,,,False
human/soln1/00001/0244_1131_E._String_Multiplication,human,soln1,1131_E_String_Multiplication,CWE-398,,CWE-398,,,False
human/soln1/00001/0246_1173_E2._Nauuo_and_Pictures__hard_version_,human,soln1,1173_E2_Nauuo_and_Pictures__hard_version_,CWE-398|CWE-686,,CWE-398|CWE-686,,,False
human/soln1/00001/0247_1191_C._Tokitsukaze_and_Discard_Items,human,soln1,1191_C_Tokitsukaze_and_Discard_Items,CWE-398,,CWE-398,,,False
human/soln1/00001/0248_120_C._Winnie-the-Pooh_and_honey,human,soln1,120_C_Winnie-the-Pooh_and_honey,CWE-252|CWE-398,,CWE-252|CWE-398,,,False
human/soln1/00001/0251_1271_C._Shawarma_Tent,human,soln1,1271_C_Shawarma_Tent,CWE-758,,CWE-758,,,False
human/soln1/00001/0252_1294_D._MEX_maximizing,human,soln1,1294_D_MEX_maximizing,CWE-563,,CWE-563,,,False
human/soln1/00001/0253_1315_D._Recommendations,human,soln1,1315_D_Recommendations,CWE-563,,CWE-563,,,False
human/soln1/00001/0254_1336_F._Journey,human,soln1,1336_F_Journey,CWE-398|CWE-783,,CWE-398|CWE-783,,,False
human/soln1/00001/0256_1379_F1._Chess_Strikes_Back__easy_version_,human,soln1,1379_F1_Chess_Strikes_Back__easy_version_,CWE-398,,CWE-398,,,False
human/soln1/00001/0257_139_D._Digits_Permutations,human,soln1,139_D_Digits_Permutations,CWE-119|CWE-788,CWE-125,CWE-119|CWE-788,CWE-125,,False
human/soln1/00001/0257_139_D._Digits_Permutations.cpp,human,soln1,139_D_Digits_Permutations,,CWE-125,,CWE-125,,False
human/soln1/00001/0258_1423_H._Virus,human,soln1,1423_H_Virus,CWE-398|CWE-563,,CWE-398|CWE-563,,,False
human/soln1/00001/0259_1443_A._Kids_Seating,human,soln1,1443_A_Kids_Seating,CWE-563,,CWE-563,,,False
human/soln1/00001/0260_1468_J._Road_Reform,human,soln1,1468_J_Road_Reform,CWE-398,,CWE-398,,,False
human/soln1/00001/0262_1515_I._Phoenix_and_Diamonds,human,soln1,1515_I_Phoenix_and_Diamonds,CWE-398,,CWE-398,,,False
human/soln1/00001/0265_191_A._Dynasty_Puzzles,human,soln1,191_A_Dynasty_Puzzles,CWE-398|CWE-563,,CWE-398|CWE-563,,,False
human/soln1/00001/0270_312_D._Cats_Transport,human,soln1,312_D_Cats_Transport,CWE-398,,CWE-398,,,False
human/soln1/00001/0271_335_B._Palindrome,human,soln1,335_B_Palindrome,CWE-119,,CWE-119,,,False
human/soln1/00001/0272_358_B._Dima_and_Text_Messages,human,soln1,358_B_Dima_and_Text_Messages,CWE-398,,CWE-398,,,False
human/soln1/00001/0274_401_E._Olympic_Games,human,soln1,401_E_Olympic_Games,CWE-197,,CWE-197,,,False
human/soln1/00001/0275_42_A._Guilty___to_the_kitchen_,human,soln1,42_A_Guilty___to_the_kitchen_,CWE-398,,CWE-398,,,False
human/soln1/00001/0278_498_B._Name_That_Tune,human,soln1,498_B_Name_That_Tune,CWE-704,,CWE-704,,,False
human/soln1/00001/0280_548_E._Mike_and_Foam,human,soln1,548_E_Mike_and_Foam,CWE-398,,CWE-398,,,False
human/soln1/00001/0282_596_E._Wilbur_and_Strings,human,soln1,596_E_Wilbur_and_Strings,CWE-119,,CWE-119,,,False
human/soln1/00001/0284_638_D._Three-dimensional_Turtle_Super_Computer_,human,soln1,638_D_Three-dimensional_Turtle_Super_Computer_,CWE-398,,CWE-398,,,False
human/soln1/00001/0285_666_B._World_Tour,human,soln1,666_B_World_Tour,CWE-398,,CWE-398,,,False
human/soln1/00001/0287_712_D._Memory_and_Scores,human,soln1,712_D_Memory_and_Scores,CWE-563,,CWE-563,,,False
human/soln1/00001/0288_733_C._Epidemic_in_Monstropolis,human,soln1,733_C_Epidemic_in_Monstropolis,CWE-563|CWE-571|CWE-786,,CWE-563|CWE-571|CWE-786,,,False
human/soln1/00001/0290_779_A._Pupils_Redistribution,human,soln1,779_A_Pupils_Redistribution,CWE-398,,CWE-398,,,False
human/soln1/00001/0291_802_I._Fake_News__hard_,human,soln1,802_I_Fake_News__hard_,CWE-398,,CWE-398,,,False
human/soln1/00002/0007_993_D._Compute_Power,human,soln1,993_D_Compute_Power,CWE-398,,CWE-398,,,False
human/soln1/00002/0013_p03318_AtCoder_Beginner_Contest_101_-_Snuke_Numbers,human,soln1,p03318_AtCoder_Beginner_Contest_101_-_Snuke_Numbers,CWE-398,,CWE-398,,,False
human/soln1/00002/0014_p03474_AtCoder_Beginner_Contest_084_-_Postal_Code,human,soln1,p03474_AtCoder_Beginner_Contest_084_-_Postal_Code,CWE-563,,CWE-563,,,False
human/soln1/00002/0016_p03794_Mujin_Programming_Challenge_2017_-_Oriented_Tree,human,soln1,p03794_Mujin_Programming_Challenge_2017_-_Oriented_Tree,CWE-398,,CWE-398,,,False
human/soln1/00002/0022_p00698_Missing_Numbers,human,soln1,p00698_Missing_Numbers,CWE-398,,CWE-398,,,False
human/soln1/00002/0023_p00839_Organize_Your_Train,human,soln1,p00839_Organize_Your_Train,CWE-398,,CWE-398,,,False
human/soln1/00002/0025_p01103_A_Garden_with_Ponds,human,soln1,p01103_A_Garden_with_Ponds,CWE-398,,CWE-398,,,False
human/soln1/00002/0026_p01240_Oil_Company,human,soln1,p01240_Oil_Company,CWE-398,,CWE-398,,,False
human/soln1/00002/0027_p01402_Anipero,human,soln1,p01402_Anipero,CWE-119,,CWE-119,,,False
human/soln1/00002/0033_p02278_Minimum_Cost_Sort,human,soln1,p02278_Minimum_Cost_Sort,CWE-563,,CWE-563,,,False
human/soln1/00002/0035_1008_D._Pave_the_Parallelepiped,human,soln1,1008_D_Pave_the_Parallelepiped,CWE-398,CWE-190,CWE-398,CWE-190,,False
human/soln1/00002/0035_1008_D._Pave_the_Parallelepiped.cpp,human,soln1,1008_D_Pave_the_Parallelepiped,,CWE-190,,CWE-190,,False
human/soln1/00002/0038_1076_B._Divisor_Subtraction,human,soln1,1076_B_Divisor_Subtraction,CWE-563,,CWE-563,,,False
human/soln1/00002/0040_1118_C._Palindromic_Matrix,human,soln1,1118_C_Palindromic_Matrix,CWE-398|CWE-563,,CWE-398|CWE-563,,,False
human/soln1/00002/0042_1165_E._Two_Arrays_and_Sum_of_Functions,human,soln1,1165_E_Two_Arrays_and_Sum_of_Functions,CWE-686,,CWE-686,,,False
human/soln1/00002/0044_1203_A._Circle_of_Students,human,soln1,1203_A_Circle_of_Students,CWE-398|CWE-563,,CWE-398|CWE-563,,,False
human/soln1/00002/0048_1286_A._Garland,human,soln1,1286_A_Garland,,CWE-125,,CWE-125,,False
human/soln1/00002/0048_1286_A._Garland.cpp,human,soln1,1286_A_Garland,,CWE-125,,CWE-125,,False
human/soln1/00002/0049_1305_B._Kuroni_and_Simple_Strings,human,soln1,1305_B_Kuroni_and_Simple_Strings,CWE-398,,CWE-398,,,False
human/soln1/00002/0050_1329_D._Dreamoon_Likes_Strings,human,soln1,1329_D_Dreamoon_Likes_Strings,CWE-119,,CWE-119,,,False
human/soln1/00002/0055_1433_C._Dominant_Piranha,human,soln1,1433_C_Dominant_Piranha,CWE-398|CWE-563,,CWE-398|CWE-563,,,False
human/soln1/00002/0059_1534_D._Lost_Tree,human,soln1,1534_D_Lost_Tree,CWE-398,,CWE-398,,,False
human/soln1/00002/0061_204_D._Little_Elephant_and_Retro_Strings,human,soln1,204_D_Little_Elephant_and_Retro_Strings,CWE-398,,CWE-398,,,False
human/soln1/00002/0062_229_C._Triangles,human,soln1,229_C_Triangles,CWE-563,,CWE-563,,,False
human/soln1/00002/0064_278_B._New_Problem,human,soln1,278_B_New_Problem,CWE-398,,CWE-398,,,False
human/soln1/00002/0066_325_D._Reclamation,human,soln1,325_D_Reclamation,CWE-398|CWE-563,,CWE-398|CWE-563,,,False
human/soln1/00002/0067_348_E._Pilgrims,human,soln1,348_E_Pilgrims,CWE-398,,CWE-398,,,False
human/soln1/00002/0069_393_C._Blocked_Points,human,soln1,393_C_Blocked_Points,CWE-398,,CWE-398,,,False
human/soln1/00002/0071_443_B._Kolya_and_Tandem_Repeat,human,soln1,443_B_Kolya_and_Tandem_Repeat,CWE-119,,CWE-119,,,False
human/soln1/00002/0075_538_B._Quasi_Binary,human,soln1,538_B_Quasi_Binary,CWE-398,,CWE-398,,,False
human/soln1/00002/0076_566_C._Logistical_Questions,human,soln1,566_C_Logistical_Questions,CWE-398|CWE-563,,CWE-398|CWE-563,,,False
human/soln1/00002/0077_587_D._Duff_in_Mafia,human,soln1,587_D_Duff_in_Mafia,CWE-398,,CWE-398,,,False
human/soln1/00002/0080_658_B._Bear_and_Displayed_Friends,human,soln1,658_B_Bear_and_Displayed_Friends,CWE-398,,CWE-398,,,False
human/soln1/00002/0081_680_D._Bear_and_Tower_of_Cubes,human,soln1,680_D_Bear_and_Tower_of_Cubes,CWE-563,,CWE-563,,,False
human/soln1/00002/0082_703_C._Chris_and_Road,human,soln1,703_C_Chris_and_Road,CWE-252|CWE-772,,CWE-252|CWE-772,,,False
human/soln1/00002/0083_725_C._Hidden_Word,human,soln1,725_C_Hidden_Word,CWE-398,,CWE-398,,,False
human/soln1/00002/0084_747_C._Servers,human,soln1,747_C_Servers,CWE-398,,CWE-398,,,False
human/soln1/00002/0087_815_B._Karen_and_Test,human,soln1,815_B_Karen_and_Test,CWE-398,,CWE-398,,,False
human/soln1/00002/0089_860_C._Tests_Renumeration,human,soln1,860_C_Tests_Renumeration,CWE-398|CWE-563,,CWE-398|CWE-563,,,False
human/soln1/00002/0090_887_B._Cubes_for_Masha,human,soln1,887_B_Cubes_for_Masha,CWE-563,,CWE-563,,,False
human/soln1/00002/0093_958_F3._Lightsabers__hard_,human,soln1,958_F3_Lightsabers__hard_,CWE-398,,CWE-398,,,False
human/soln1/00002/0094_985_E._Pencils_and_Boxes,human,soln1,985_E_Pencils_and_Boxes,,CWE-125,,CWE-125,,False
human/soln1/00002/0094_985_E._Pencils_and_Boxes.cpp,human,soln1,985_E_Pencils_and_Boxes,,CWE-125,,CWE-125,,False
human/soln1/00002/0097_p02838_AtCoder_Beginner_Contest_147_-_Xor_Sum_4,human,soln1,p02838_AtCoder_Beginner_Contest_147_-_Xor_Sum_4,CWE-398,,CWE-398,,,False
human/soln1/00002/0100_p03258_AtCoder_Grand_Contest_027_-_ABBreviate,human,soln1,p03258_AtCoder_Grand_Contest_027_-_ABBreviate,CWE-119,,CWE-119,,,False
human/soln1/00002/0101_p03414_AtCoder_Regular_Contest_092_-_Two_Faced_Edges,human,soln1,p03414_AtCoder_Regular_Contest_092_-_Two_Faced_Edges,CWE-783,,CWE-783,,,False
human/soln1/00002/0106_p00131_Doctor_s_Strange_Particles,human,soln1,p00131_Doctor_s_Strange_Particles,CWE-398,,CWE-398,,,False
human/soln1/00002/0110_p00786_BUT_We_Need_a_Diagram,human,soln1,p00786_BUT_We_Need_a_Diagram,CWE-398|CWE-563,,CWE-398|CWE-563,,,False
human/soln1/00002/0111_p00918_Dragon_s_Cruller,human,soln1,p00918_Dragon_s_Cruller,CWE-398,,CWE-398,,,False
human/soln1/00002/0115_p01488_TransferTrain,human,soln1,p01488_TransferTrain,CWE-398,,CWE-398,,,False
human/soln1/00002/0116_p01650_Stack_Maze,human,soln1,p01650_Stack_Maze,CWE-398,,CWE-398,,,False
human/soln1/00002/0118_p01935_Protect_from_the_enemy_attack,human,soln1,p01935_Protect_from_the_enemy_attack,CWE-398,,CWE-398,,,False
human/soln1/00002/0119_p02074_N-by-M_grid_calculation,human,soln1,p02074_N-by-M_grid_calculation,CWE-398,,CWE-398,,,False
human/soln1/00002/0120_p02216_Array_Game,human,soln1,p02216_Array_Game,CWE-398|CWE-563,,CWE-398|CWE-563,,,False
human/soln1/00002/0121_p02369_Cycle_Detection_for_a_Directed_Graph,human,soln1,p02369_Cycle_Detection_for_a_Directed_Graph,CWE-398,,CWE-398,,,False
human/soln1/00002/0124_1045_F._Shady_Lady,human,soln1,1045_F_Shady_Lady,CWE-398,,CWE-398,,,False
human/soln1/00002/0129_1157_E._Minimum_Array,human,soln1,1157_E_Minimum_Array,CWE-398,,CWE-398,,,False
human/soln1/00002/0132_1215_B._The_Number_of_Products,human,soln1,1215_B_The_Number_of_Products,CWE-563,,CWE-563,,,False
human/soln1/00002/0135_127_E._E-reader_Display,human,soln1,127_E_E-reader_Display,CWE-119,,CWE-119,,,False
human/soln1/00002/0137_1323_F._Reality_Show,human,soln1,1323_F_Reality_Show,CWE-398,,CWE-398,,,False
human/soln1/00002/0140_1384_F._Rearrange,human,soln1,1384_F_Rearrange,CWE-398,,CWE-398,,,False
human/soln1/00002/0142_1427_D._Unshuffling_a_Deck,human,soln1,1427_D_Unshuffling_a_Deck,CWE-398|CWE-571,,CWE-398|CWE-571,,,False
human/soln1/00002/0144_1474_B._Different_Divisors,human,soln1,1474_B_Different_Divisors,CWE-457|CWE-563|CWE-788,,CWE-457|CWE-563|CWE-788,,,False
human/soln1/00002/0145_149_D._Coloring_Brackets,human,soln1,149_D_Coloring_Brackets,CWE-119|CWE-398,,CWE-119|CWE-398,,,False
human/soln1/00002/0146_1523_D._Love-Hate,human,soln1,1523_D_Love-Hate,,CWE-190,,CWE-190,,False
human/soln1/00002/0146_1523_D._Love-Hate.cpp,human,soln1,1523_D_Love-Hate,,CWE-190,,CWE-190,,False
human/soln1/00002/0147_155_C._Hometask,human,soln1,155_C_Hometask,CWE-252|CWE-398,,CWE-252|CWE-398,,,False
human/soln1/00002/0148_177_D1._Encrypting_Messages,human,soln1,177_D1_Encrypting_Messages,CWE-563,,CWE-563,,,False
human/soln1/00002/0151_245_F._Log_Stream_Analysis,human,soln1,245_F_Log_Stream_Analysis,CWE-398|CWE-477,,CWE-398|CWE-477,,,False
human/soln1/00002/0152_270_D._Greenhouse_Effect,human,soln1,270_D_Greenhouse_Effect,CWE-398,,CWE-398,,,False
human/soln1/00002/0155_341_D._Iahub_and_Xors,human,soln1,341_D_Iahub_and_Xors,CWE-398,,CWE-398,,,False
human/soln1/00002/0157_388_E._Fox_and_Meteor_Shower,human,soln1,388_E_Fox_and_Meteor_Shower,CWE-398,,CWE-398,,,False
human/soln1/00002/0158_409_C._Magnum_Opus,human,soln1,409_C_Magnum_Opus,CWE-398|CWE-563,,CWE-398|CWE-563,,,False
human/soln1/00002/0159_436_D._Pudding_Monsters,human,soln1,436_D_Pudding_Monsters,,CWE-125,,CWE-125,,False
human/soln1/00002/0159_436_D._Pudding_Monsters.cpp,human,soln1,436_D_Pudding_Monsters,,CWE-125,,CWE-125,,False
human/soln1/00002/0161_480_D._Parcels,human,soln1,480_D_Parcels,CWE-398,,CWE-398,,,False
human/soln1/00002/0162_505_D._Mr._Kitayuta_s_Technology,human,soln1,505_D_Mr_Kitayuta_s_Technology,CWE-398,,CWE-398,,,False
human/soln1/00002/0169_698_D._Limak_and_Shooting_Points,human,soln1,698_D_Limak_and_Shooting_Points,CWE-398,,CWE-398,,,False
human/soln1/00002/0170_719_E._Sasha_and_Array,human,soln1,719_E_Sasha_and_Array,CWE-398|CWE-758,,CWE-398|CWE-758,,,False
human/soln1/00002/0171_740_B._Alyona_and_flowers,human,soln1,740_B_Alyona_and_flowers,CWE-398,,CWE-398,,,False
human/soln1/00002/0173_787_C._Berzerk,human,soln1,787_C_Berzerk,CWE-398,,CWE-398,,,False
human/soln1/00002/0174_808_G._Anthem_of_Berland,human,soln1,808_G_Anthem_of_Berland,CWE-398,,CWE-398,,,False
human/soln1/00002/0175_833_C._Ever-Hungry_Krakozyabra,human,soln1,833_C_Ever-Hungry_Krakozyabra,CWE-119|CWE-398|CWE-563,,CWE-119|CWE-398|CWE-563,,,False
human/soln1/00002/0179_924_C._Riverside_Curio,human,soln1,924_C_Riverside_Curio,CWE-252,,CWE-252,,,False
human/soln1/00002/0182_99_B._Help_Chef_Gerasim,human,soln1,99_B_Help_Chef_Gerasim,CWE-398,CWE-125,CWE-398,CWE-125,,False
human/soln1/00002/0182_99_B._Help_Chef_Gerasim.cpp,human,soln1,99_B_Help_Chef_Gerasim,,CWE-125,,CWE-125,,False
human/soln1/00002/0183_p02539_ACL_Beginner_Contest_-_Heights_and_Pairs,human,soln1,p02539_ACL_Beginner_Contest_-_Heights_and_Pairs,CWE-398,,CWE-398,,,False
human/soln1/00002/0184_p02670_AtCoder_Grand_Contest_044_-_Joker,human,soln1,p02670_AtCoder_Grand_Contest_044_-_Joker,CWE-398,,CWE-398,,,False
human/soln1/00002/0189_p03363_AtCoder_Grand_Contest_023_-_Zero-Sum_Ranges,human,soln1,p03363_AtCoder_Grand_Contest_023_-_Zero-Sum_Ranges,CWE-398,,CWE-398,,,False
human/soln1/00002/0196_p00386_Gathering,human,soln1,p00386_Gathering,CWE-398|CWE-571,,CWE-398|CWE-571,,,False
human/soln1/00002/0198_p00738_Roll-A-Big-Ball,human,soln1,p00738_Roll-A-Big-Ball,CWE-398,,CWE-398,,,False
human/soln1/00002/0199_p00878_Origami_Through-Hole,human,soln1,p00878_Origami_Through-Hole,CWE-398,,CWE-398,,,False
human/soln1/00002/0200_p01009_Room_of_Time_and_Spirit,human,soln1,p01009_Room_of_Time_and_Spirit,CWE-398,,CWE-398,,,False
human/soln1/00002/0201_p01141_Lifeguard_in_the_Pool,human,soln1,p01141_Lifeguard_in_the_Pool,CWE-398,,CWE-398,,,False
human/soln1/00002/0203_p01450_My_friends_are_small,human,soln1,p01450_My_friends_are_small,CWE-398|CWE-563,,CWE-398|CWE-563,,,False
human/soln1/00002/0205_p01756_Longest_Match,human,soln1,p01756_Longest_Match,CWE-398,,CWE-398,,,False
human/soln1/00002/0216_1109_F._Sasha_and_Algorithm_of_Silence_s_Sounds,human,soln1,1109_F_Sasha_and_Algorithm_of_Silence_s_Sounds,CWE-398|CWE-783,,CWE-398|CWE-783,,,False
human/soln1/00002/0218_1157_C2._Increasing_Subsequence__hard_version_,human,soln1,1157_C2_Increasing_Subsequence__hard_version_,CWE-398|CWE-563,,CWE-398|CWE-563,,,False
human/soln1/00002/0224_127_C._Hot_Bath,human,soln1,127_C_Hot_Bath,CWE-457|CWE-570,,CWE-457|CWE-570,,,False
human/soln1/00002/0225_12_B._Correct_Solution_,human,soln1,12_B_Correct_Solution_,CWE-477,,CWE-477,,,False
human/soln1/00002/0227_1342_C._Yet_Another_Counting_Problem,human,soln1,1342_C_Yet_Another_Counting_Problem,CWE-398,,CWE-398,,,False
human/soln1/00002/0228_1364_C._Ehab_and_Prefix_MEXs,human,soln1,1364_C_Ehab_and_Prefix_MEXs,CWE-398,,CWE-398,,,False
human/soln1/00002/0231_1427_B._Chess_Cheater,human,soln1,1427_B_Chess_Cheater,CWE-119|CWE-563,,CWE-119|CWE-563,,,False
human/soln1/00002/0232_1450_B._Balls_of_Steel,human,soln1,1450_B_Balls_of_Steel,CWE-398|CWE-457|CWE-563,,CWE-398|CWE-457|CWE-563,,,False
human/soln1/00002/0233_1473_G._Tiles,human,soln1,1473_G_Tiles,CWE-398,,CWE-398,,,False
human/soln1/00002/0234_149_B._Martian_Clock,human,soln1,149_B_Martian_Clock,CWE-398,,CWE-398,,,False
human/soln1/00002/0235_1523_B._Lord_of_the_Values,human,soln1,1523_B_Lord_of_the_Values,CWE-398|CWE-563,,CWE-398|CWE-563,,,False
human/soln1/00002/0237_177_C1._Party,human,soln1,177_C1_Party,CWE-398|CWE-563,,CWE-398|CWE-563,,,False
human/soln1/00002/0242_293_D._Ksusha_and_Square,human,soln1,293_D_Ksusha_and_Square,CWE-398,,CWE-398,,,False
human/soln1/00002/0248_436_B._Om_Nom_and_Spiders,human,soln1,436_B_Om_Nom_and_Spiders,CWE-398,,CWE-398,,,False
human/soln1/00002/0249_459_C._Pashmak_and_Buses,human,soln1,459_C_Pashmak_and_Buses,CWE-398|CWE-570,,CWE-398|CWE-570,,,False
human/soln1/00002/0250_480_B._Long_Jumps,human,soln1,480_B_Long_Jumps,CWE-563,,CWE-563,,,False
human/soln1/00002/0251_505_B._Mr._Kitayuta_s_Colorful_Graph,human,soln1,505_B_Mr_Kitayuta_s_Colorful_Graph,CWE-398,,CWE-398,,,False
human/soln1/00002/0252_529_A._And_Yet_Another_Bracket_Sequence,human,soln1,529_A_And_Yet_Another_Bracket_Sequence,CWE-119|CWE-398|CWE-570,,CWE-119|CWE-398|CWE-570,,,False
human/soln1/00002/0256_624_D._Array_GCD,human,soln1,624_D_Array_GCD,CWE-563,,CWE-563,,,False
human/soln1/00002/0257_673_A._Bear_and_Game,human,soln1,673_A_Bear_and_Game,CWE-563,,CWE-563,,,False
human/soln1/00002/0258_698_B._Fix_a_Tree,human,soln1,698_B_Fix_a_Tree,CWE-398,,CWE-398,,,False
human/soln1/00002/0259_719_B._Anatoly_and_Cockroaches,human,soln1,719_B_Anatoly_and_Cockroaches,CWE-563,,CWE-563,,,False
human/soln1/00002/0260_73_F._Plane_of_Tanks,human,soln1,73_F_Plane_of_Tanks,CWE-398,,CWE-398,,,False
human/soln1/00002/0261_763_D._Timofey_and_a_flat_tree,human,soln1,763_D_Timofey_and_a_flat_tree,CWE-398,,CWE-398,,,False
human/soln1/00002/0265_853_D._Michael_and_Charging_Stations,human,soln1,853_D_Michael_and_Charging_Stations,CWE-398|CWE-772,,CWE-398|CWE-772,,,False
human/soln1/00002/0267_901_D._Weighting_a_Tree,human,soln1,901_D_Weighting_a_Tree,CWE-686,,CWE-686,,,False
human/soln1/00002/0269_952_C._Ravioli_Sort,human,soln1,952_C_Ravioli_Sort,CWE-457,,CWE-457,,,False
human/soln1/00002/0270_979_E._Kuro_and_Topological_Parity,human,soln1,979_E_Kuro_and_Topological_Parity,CWE-563,,CWE-563,,,False
human/soln1/00002/0271_999_F._Cards_and_Joy,human,soln1,999_F_Cards_and_Joy,CWE-398,,CWE-398,,,False
human/soln1/00002/0273_p02668_NOMURA_Programming_Competition_2020_-_Sorting_Game,human,soln1,p02668_NOMURA_Programming_Competition_2020_-_Sorting_Game,CWE-398,,CWE-398,,,False
human/soln1/00002/0276_p03069_Tenka1_Programmer_Beginner_Contest_2019_-_Stones,human,soln1,p03069_Tenka1_Programmer_Beginner_Contest_2019_-_Stones,CWE-398,,CWE-398,,,False
human/soln1/00002/0280_p03684_AtCoder_Regular_Contest_076_-_Built_,human,soln1,p03684_AtCoder_Regular_Contest_076_-_Built_,CWE-398,,CWE-398,,,False
human/soln2/00000/0001_1037_E._Trips,human,soln2,1037_E_Trips,CWE-398,,CWE-398,,,False
human/soln2/00000/0003_1081_G._Mergesort_Strikes_Back,human,soln2,1081_G_Mergesort_Strikes_Back,CWE-398,CWE-125,CWE-398,CWE-125,,False
human/soln2/00000/0003_1081_G._Mergesort_Strikes_Back.cpp,human,soln2,1081_G_Mergesort_Strikes_Back,,CWE-125,,CWE-125,,False
human/soln2/00000/0005_1129_D._Isolation,human,soln2,1129_D_Isolation,CWE-398|CWE-571,,CWE-398|CWE-571,,,False
human/soln2/00000/0006_1149_E._Election_Promises,human,soln2,1149_E_Election_Promises,CWE-398,,CWE-398,,,False
human/soln2/00000/0007_1189_D1._Add_on_a_Tree,human,soln2,1189_D1_Add_on_a_Tree,CWE-563,,CWE-563,,,False
human/soln2/00000/0010_1269_E._K_Integers,human,soln2,1269_E_K_Integers,CWE-398|CWE-563,,CWE-398|CWE-563,,,False
human/soln2/00000/0011_1291_E._Prefix_Enlightenment,human,soln2,1291_E_Prefix_Enlightenment,CWE-119,,CWE-119,,,False
human/soln2/00000/0014_1354_F._Summoning_Minions,human,soln2,1354_F_Summoning_Minions,CWE-398,,CWE-398,,,False
human/soln2/00000/0017_1421_B._Putting_Bricks_in_the_Wall,human,soln2,1421_B_Putting_Bricks_in_the_Wall,CWE-563,,CWE-563,,,False
human/soln2/00000/0019_1466_F._Euclid_s_nightmare,human,soln2,1466_F_Euclid_s_nightmare,CWE-398,,CWE-398,,,False
human/soln2/00000/0020_1490_G._Old_Floppy_Drive_,human,soln2,1490_G_Old_Floppy_Drive_,CWE-398,,CWE-398,,,False
human/soln2/00000/0026_260_B._Ancient_Prophesy,human,soln2,260_B_Ancient_Prophesy,CWE-398|CWE-457,,CWE-398|CWE-457,,,False
human/soln2/00000/0028_309_B._Context_Advertising,human,soln2,309_B_Context_Advertising,CWE-457,,CWE-457,,,False
human/soln2/00000/0029_331_E2._Deja_Vu,human,soln2,331_E2_Deja_Vu,CWE-398,,CWE-398,,,False
human/soln2/00000/0030_354_E._Lucky_Number_Representation,human,soln2,354_E_Lucky_Number_Representation,CWE-252|CWE-398|CWE-772,,CWE-252|CWE-398|CWE-772,,,False
human/soln2/00000/0038_571_E._Geometric_Progressions,human,soln2,571_E_Geometric_Progressions,CWE-398|CWE-457,CWE-190,CWE-398|CWE-457,CWE-190,,False
human/soln2/00000/0038_571_E._Geometric_Progressions.cpp,human,soln2,571_E_Geometric_Progressions,,CWE-190,,CWE-190,,False
human/soln2/00000/0039_593_C._Beautiful_Function,human,soln2,593_C_Beautiful_Function,CWE-398,,CWE-398,,,False
human/soln2/00000/0046_754_E._Dasha_and_cyclic_table,human,soln2,754_E_Dasha_and_cyclic_table,CWE-119,,CWE-119,,,False
human/soln2/00000/0048_7_B._Memory_Manager,human,soln2,7_B_Memory_Manager,CWE-119|CWE-398,,CWE-119|CWE-398,,,False
human/soln2/00000/0050_846_E._Chemistry_in_Berland,human,soln2,846_E_Chemistry_in_Berland,CWE-398,CWE-190,CWE-398,CWE-190,,False
human/soln2/00000/0050_846_E._Chemistry_in_Berland.cpp,human,soln2,846_E_Chemistry_in_Berland,,CWE-190,,CWE-190,,False
human/soln2/00000/0053_915_A._Garden,human,soln2,915_A_Garden,CWE-369,,CWE-369,,,False
human/soln2/00000/0055_963_B._Destruction_of_a_Tree,human,soln2,963_B_Destruction_of_a_Tree,CWE-563,,CWE-563,,,False
human/soln2/00000/0058_p02744_Panasonic_Programming_Contest_2020_-_String_Equivalence,human,soln2,p02744_Panasonic_Programming_Contest_2020_-_String_Equivalence,CWE-398,,CWE-398,,,False
human/soln2/00000/0063_p03455_AtCoder_Beginner_Contest_086_-_Product,human,soln2,p03455_AtCoder_Beginner_Contest_086_-_Product,CWE-563,,CWE-563,,,False
human/soln2/00000/0070_p00493_Zig-Zag_Numbers,human,soln2,p00493_Zig-Zag_Numbers,CWE-119,,CWE-119,,,False
human/soln2/00000/0072_p00822_Weather_Forecast,human,soln2,p00822_Weather_Forecast,CWE-398,,CWE-398,,,False
human/soln2/00000/0073_p00953_Animal_Companion_in_Maze,human,soln2,p00953_Animal_Companion_in_Maze,CWE-398,,CWE-398,,,False
human/soln2/00000/0075_p01222_Walk_under_a_Scorching_Sun,human,soln2,p01222_Walk_under_a_Scorching_Sun,CWE-398|CWE-563,,CWE-398|CWE-563,,,False
human/soln2/00000/0077_p01538_Kakezan,human,soln2,p01538_Kakezan,CWE-398,,CWE-398,,,False
human/soln2/00000/0079_p01838_Optimal_Tournament,human,soln2,p01838_Optimal_Tournament,CWE-398,,CWE-398,,,False
human/soln2/00000/0080_p01974_Pigeonhole_principle,human,soln2,p01974_Pigeonhole_principle,CWE-398,,CWE-398,,,False
human/soln2/00000/0081_p02120_Cluster_Network,human,soln2,p02120_Cluster_Network,CWE-398,,CWE-398,,,False
human/soln2/00000/0082_p02260_Selection_Sort,human,soln2,p02260_Selection_Sort,CWE-398|CWE-563,,CWE-398|CWE-563,,,False
human/soln2/00000/0083_p02408_Finding_Missing_Cards,human,soln2,p02408_Finding_Missing_Cards,CWE-398,,CWE-398,,,False
human/soln2/00000/0084_101_C._Vectors,human,soln2,101_C_Vectors,CWE-563,,CWE-563,,,False
human/soln2/00000/0086_1065_F._Up_and_Down_the_Tree,human,soln2,1065_F_Up_and_Down_the_Tree,CWE-398,,CWE-398,,,False
human/soln2/00000/0090_1155_A._Reverse_a_Substring,human,soln2,1155_A_Reverse_a_Substring,CWE-563,,CWE-563,,,False
human/soln2/00000/0092_1195_D2._Submarine_in_the_Rybinsk_Sea__hard_edition_,human,soln2,1195_D2_Submarine_in_the_Rybinsk_Sea__hard_edition_,CWE-398,,CWE-398,,,False
human/soln2/00000/0094_1253_F._Cheap_Robot,human,soln2,1253_F_Cheap_Robot,CWE-398,,CWE-398,,,False
human/soln2/00000/0095_1277_E._Two_Fairs,human,soln2,1277_E_Two_Fairs,CWE-398,,CWE-398,,,False
human/soln2/00000/0096_1320_F._Blocks_and_Sensors,human,soln2,1320_F_Blocks_and_Sensors,CWE-563,,CWE-563,,,False
human/soln2/00000/0098_1361_E._James_and_the_Chase,human,soln2,1361_E_James_and_the_Chase,CWE-398|CWE-563,,CWE-398|CWE-563,,,False
human/soln2/00000/0100_1424_N._BubbleSquare_Tokens,human,soln2,1424_N_BubbleSquare_Tokens,CWE-398,,CWE-398,,,False
human/soln2/00000/0102_1470_E._Strange_Permutation,human,soln2,1470_E_Strange_Permutation,CWE-398,,CWE-398,,,False
human/soln2/00000/0105_1547_C._Pair_Programming,human,soln2,1547_C_Pair_Programming,CWE-398,,CWE-398,,,False
human/soln2/00000/0106_174_E._Ancient_Berland_Hieroglyphs,human,soln2,174_E_Ancient_Berland_Hieroglyphs,CWE-398|CWE-686,CWE-122,CWE-398|CWE-686,CWE-122,,False
human/soln2/00000/0106_174_E._Ancient_Berland_Hieroglyphs.cpp,human,soln2,174_E_Ancient_Berland_Hieroglyphs,,CWE-122,,CWE-122,,False
human/soln2/00000/0107_195_A._Let_s_Watch_Football,human,soln2,195_A_Let_s_Watch_Football,CWE-398,,CWE-398,,,False
human/soln2/00000/0110_268_A._Games,human,soln2,268_A_Games,CWE-563,,CWE-563,,,False
human/soln2/00000/0119_478_A._Initial_Bet,human,soln2,478_A_Initial_Bet,CWE-563,,CWE-563,,,False
human/soln2/00000/0120_500_C._New_Year_Book_Reading,human,soln2,500_C_New_Year_Book_Reading,CWE-563,,CWE-563,,,False
human/soln2/00000/0121_526_A._King_of_Thieves,human,soln2,526_A_King_of_Thieves,CWE-119,,CWE-119,,,False
human/soln2/00000/0122_551_B._ZgukistringZ,human,soln2,551_B_ZgukistringZ,CWE-398|CWE-563,,CWE-398|CWE-563,,,False
human/soln2/00000/0125_621_D._Rat_Kwesh_and_Cheese,human,soln2,621_D_Rat_Kwesh_and_Cheese,CWE-398,,CWE-398,,,False
human/soln2/00000/0128_691_D._Swaps_in_Permutation,human,soln2,691_D_Swaps_in_Permutation,CWE-398,,CWE-398,,,False
human/soln2/00000/0131_760_F._Bacterial_Melee,human,soln2,760_F_Bacterial_Melee,CWE-119,,CWE-119,,,False
human/soln2/00000/0132_784_B._Kids__Riddle,human,soln2,784_B_Kids__Riddle,CWE-398,,CWE-398,,,False
human/soln2/00000/0136_875_D._High_Cry,human,soln2,875_D_High_Cry,CWE-398|CWE-563,,CWE-398|CWE-563,,,False
human/soln2/00000/0137_89_C._Chip_Play,human,soln2,89_C_Chip_Play,CWE-398,,CWE-398,,,False
human/soln2/00000/0138_920_E._Connected_Components_,human,soln2,920_E_Connected_Components_,CWE-398,,CWE-398,,,False
human/soln2/00000/0139_949_C._Data_Center_Maintenance,human,soln2,949_C_Data_Center_Maintenance,CWE-398,,CWE-398,,,False
human/soln2/00000/0140_977_B._Two-gram,human,soln2,977_B_Two-gram,CWE-398|CWE-563,,CWE-398|CWE-563,,,False
human/soln2/00000/0145_p03052_diverta_2019_Programming_Contest_-_Edge_Ordering,human,soln2,p03052_diverta_2019_Programming_Contest_-_Edge_Ordering,CWE-398,,CWE-398,,,False
human/soln2/00000/0155_p00573_Commuter_Pass,human,soln2,p00573_Commuter_Pass,CWE-563,,CWE-563,,,False
human/soln2/00000/0156_p00720_Earth_Observation_with_a_Mobile_Robot_Team,human,soln2,p00720_Earth_Observation_with_a_Mobile_Robot_Team,CWE-398,,CWE-398,,,False
human/soln2/00000/0157_p00860_The_Morning_after_Halloween,human,soln2,p00860_The_Morning_after_Halloween,CWE-398,,CWE-398,,,False
human/soln2/00000/0160_p01262_Adaptive_Time_Slicing_Quantization,human,soln2,p01262_Adaptive_Time_Slicing_Quantization,CWE-398,,CWE-398,,,False
human/soln2/00000/0161_p01422_Beautiful_Currency,human,soln2,p01422_Beautiful_Currency,CWE-398,,CWE-398,,,False
human/soln2/00000/0162_p01576_Exciting_Bicycle,human,soln2,p01576_Exciting_Bicycle,CWE-398,,CWE-398,,,False
human/soln2/00000/0163_p01738_Gravity_Point,human,soln2,p01738_Gravity_Point,CWE-119|CWE-398,,CWE-119|CWE-398,,,False
human/soln2/00000/0164_p01878_Destiny_Draw,human,soln2,p01878_Destiny_Draw,CWE-398,,CWE-398,,,False
human/soln2/00000/0165_p02014_Rough_Sorting,human,soln2,p02014_Rough_Sorting,CWE-398,,CWE-398,,,False
human/soln2/00000/0167_p02298_Is-Convex,human,soln2,p02298_Is-Convex,CWE-398|CWE-783,,CWE-398|CWE-783,,,False
human/soln2/00000/0170_1037_B._Reach_Median,human,soln2,1037_B_Reach_Median,CWE-398,CWE-125,CWE-398,CWE-125,,False
human/soln2/00000/0170_1037_B._Reach_Median.cpp,human,soln2,1037_B_Reach_Median,,CWE-125,,CWE-125,,False
human/soln2/00000/0171_105_C._Item_World,human,soln2,105_C_Item_World,CWE-398,,CWE-398,,,False
human/soln2/00000/0172_1081_D._Maximum_Distance,human,soln2,1081_D_Maximum_Distance,CWE-563,,CWE-563,,,False
human/soln2/00000/0174_1129_A2._Toy_Train,human,soln2,1129_A2_Toy_Train,CWE-398,,CWE-398,,,False
human/soln2/00000/0175_1149_B._Three_Religions,human,soln2,1149_B_Three_Religions,CWE-119|CWE-571,,CWE-119|CWE-571,,,False
human/soln2/00000/0176_1189_A._Keanu_Reeves,human,soln2,1189_A_Keanu_Reeves,CWE-119,,CWE-119,,,False
human/soln2/00000/0179_124_D._Squares,human,soln2,124_D_Squares,CWE-398|CWE-758,,CWE-398|CWE-758,,,False
human/soln2/00000/0181_1291_B._Array_Sharpening,human,soln2,1291_B_Array_Sharpening,CWE-563,,CWE-563,,,False
human/soln2/00000/0184_1354_C2._Not_So_Simple_Polygon_Embedding,human,soln2,1354_C2_Not_So_Simple_Polygon_Embedding,CWE-398|CWE-758|CWE-788,,CWE-398|CWE-758|CWE-788,,,False
human/soln2/00000/0189_1466_C._Canine_poetry,human,soln2,1466_C_Canine_poetry,CWE-563,,CWE-563,,,False
human/soln2/00000/0190_1490_D._Permutation_Transformation,human,soln2,1490_D_Permutation_Transformation,CWE-457|CWE-563,,CWE-457|CWE-563,,,False
human/soln2/00000/0193_209_B._Pixels,human,soln2,209_B_Pixels,CWE-398|CWE-686,,CWE-398|CWE-686,,,False
human/soln2/00000/0194_235_A._LCM_Challenge,human,soln2,235_A_LCM_Challenge,CWE-563,,CWE-563,,,False
human/soln2/00000/0195_25_D._Roads_not_only_in_Berland,human,soln2,25_D_Roads_not_only_in_Berland,CWE-398|CWE-563|CWE-786,,CWE-398|CWE-563|CWE-786,,,False
human/soln2/00000/0199_354_B._Game_with_Strings,human,soln2,354_B_Game_with_Strings,CWE-119,,CWE-119,,,False
human/soln2/00000/0201_39_E._What_Has_Dirichlet_Got_to_Do_with_That_,human,soln2,39_E_What_Has_Dirichlet_Got_to_Do_with_That_,CWE-563,,CWE-563,,,False
human/soln2/00000/0202_425_A._Sereja_and_Swaps,human,soln2,425_A_Sereja_and_Swaps,CWE-398,,CWE-398,,,False
human/soln2/00000/0204_494_A._Treasure,human,soln2,494_A_Treasure,CWE-398|CWE-563,,CWE-398|CWE-563,,,False
human/soln2/00000/0205_518_E._Arthur_and_Questions,human,soln2,518_E_Arthur_and_Questions,CWE-119|CWE-398,,CWE-119|CWE-398,,,False
human/soln2/00000/0206_544_E._Remembering_Strings,human,soln2,544_E_Remembering_Strings,CWE-457,,CWE-457,,,False
human/soln2/00000/0208_592_E._BCPC,human,soln2,592_E_BCPC,CWE-119,,CWE-119,,,False
human/soln2/00000/0209_614_C._Peter_and_Snow_Blower,human,soln2,614_C_Peter_and_Snow_Blower,CWE-398|CWE-561,,CWE-398|CWE-561,,,False
human/soln2/00000/0210_633_H._Fibonacci-ish_II,human,soln2,633_H_Fibonacci-ish_II,CWE-398,,CWE-398,,,False
human/soln2/00000/0211_662_C._Binary_Table,human,soln2,662_C_Binary_Table,CWE-119|CWE-398,,CWE-119|CWE-398,,,False
human/soln2/00000/0212_687_A._NP-Hard_Problem,human,soln2,687_A_NP-Hard_Problem,CWE-398,,CWE-398,,,False
human/soln2/00000/0214_730_G._Car_Repair_Shop,human,soln2,730_G_Car_Repair_Shop,CWE-786,,CWE-786,,,False
human/soln2/00000/0215_754_B._Ilya_and_tic-tac-toe_game,human,soln2,754_B_Ilya_and_tic-tac-toe_game,CWE-398,,CWE-398,,,False
human/soln2/00000/0216_774_K._Stepan_and_Vowels,human,soln2,774_K_Stepan_and_Vowels,CWE-398,,CWE-398,,,False
human/soln2/00000/0221_893_A._Chess_For_Three,human,soln2,893_A_Chess_For_Three,CWE-398,,CWE-398,,,False
human/soln2/00000/0222_914_F._Substrings_in_a_String,human,soln2,914_F_Substrings_in_a_String,CWE-119,,CWE-119,,,False
human/soln2/00000/0224_962_F._Simple_Cycles_Edges,human,soln2,962_F_Simple_Cycles_Edges,CWE-686,,CWE-686,,,False
human/soln2/00000/0225_990_B._Micro-World,human,soln2,990_B_Micro-World,CWE-398,CWE-122,CWE-398,CWE-122,,False
human/soln2/00000/0225_990_B._Micro-World.cpp,human,soln2,990_B_Micro-World,,CWE-122,,CWE-122,,False
human/soln2/00000/0227_p02741_Panasonic_Programming_Contest_2020_-_Kth_Term,human,soln2,p02741_Panasonic_Programming_Contest_2020_-_Kth_Term,CWE-398,,CWE-398,,,False
human/soln2/00000/0238_p00320_Cuboid,human,soln2,p00320_Cuboid,CWE-398|CWE-563,,CWE-398|CWE-563,,,False
human/soln2/00000/0241_p00819_Unreliable_Message,human,soln2,p00819_Unreliable_Message,CWE-457,,CWE-457,,,False
human/soln2/00000/0242_p00950_Infallibly_Crack_Perplexing_Cryptarithm,human,soln2,p00950_Infallibly_Crack_Perplexing_Cryptarithm,CWE-398|CWE-457|CWE-571|CWE-825,,CWE-398|CWE-457|CWE-571|CWE-825,,,False
human/soln2/00000/0243_p01083_RedBlue,human,soln2,p01083_RedBlue,CWE-398,,CWE-398,,,False
human/soln2/00000/0244_p01219_Private_Teacher,human,soln2,p01219_Private_Teacher,CWE-398,,CWE-398,,,False
human/soln2/00000/0245_p01353_Rabbit_Plays_Games_,human,soln2,p01353_Rabbit_Plays_Games_,CWE-252|CWE-398|CWE-457|CWE-563,,CWE-252|CWE-398|CWE-457|CWE-563,,,False
human/soln2/00000/0246_p01535_Markup_language_has_Declined,human,soln2,p01535_Markup_language_has_Declined,CWE-119|CWE-398|CWE-563,,CWE-119|CWE-398|CWE-563,,,False
human/soln2/00000/0247_p01691_Disappear_Drive,human,soln2,p01691_Disappear_Drive,CWE-398,,CWE-398,,,False
human/soln2/00000/0250_p02117_Picnic,human,soln2,p02117_Picnic,CWE-398,,CWE-398,,,False
human/soln2/00000/0251_p02257_Prime_Numbers,human,soln2,p02257_Prime_Numbers,CWE-563,,CWE-563,,,False
human/soln2/00000/0253_1007_E._Mini_Metro,human,soln2,1007_E_Mini_Metro,CWE-197|CWE-398,,CWE-197|CWE-398,,,False
human/soln2/00000/0255_1053_C._Putting_Boxes_Together,human,soln2,1053_C_Putting_Boxes_Together,CWE-398|CWE-786,,CWE-398|CWE-786,,,False
human/soln2/00000/0256_1075_D._Intersecting_Subtrees,human,soln2,1075_D_Intersecting_Subtrees,,CWE-122|CWE-416,,CWE-122|CWE-416,,False
human/soln2/00000/0256_1075_D._Intersecting_Subtrees.cpp,human,soln2,1075_D_Intersecting_Subtrees,,CWE-122|CWE-416,,CWE-122|CWE-416,,False
human/soln2/00000/0258_1117_F._Crisp_String,human,soln2,1117_F_Crisp_String,CWE-398,,CWE-398,,,False
human/soln2/00000/0261_1184_B3._The_Doctor_Meets_Vader__Hard_,human,soln2,1184_B3_The_Doctor_Meets_Vader__Hard_,CWE-398,,CWE-398,,,False
human/soln2/00000/0263_1219_H._Function_Composition,human,soln2,1219_H_Function_Composition,CWE-398,,CWE-398,,,False
human/soln2/00000/0265_1264_A._Beautiful_Regional_Contest,human,soln2,1264_A_Beautiful_Regional_Contest,CWE-570,CWE-125,CWE-570,CWE-125,,False
human/soln2/00000/0265_1264_A._Beautiful_Regional_Contest.cpp,human,soln2,1264_A_Beautiful_Regional_Contest,,CWE-125,,CWE-125,,False
human/soln2/00000/0266_1285_C._Fadi_and_LCM,human,soln2,1285_C_Fadi_and_LCM,CWE-398|CWE-563,,CWE-398|CWE-563,,,False
human/soln2/00000/0268_1328_F._Make_k_Equal,human,soln2,1328_F_Make_k_Equal,CWE-563,CWE-125,CWE-563,CWE-125,,False
human/soln2/00000/0268_1328_F._Make_k_Equal.cpp,human,soln2,1328_F_Make_k_Equal,,CWE-125,,CWE-125,,False
human/soln2/00000/0269_1348_F._Phoenix_and_Memory,human,soln2,1348_F_Phoenix_and_Memory,CWE-398,,CWE-398,,,False
human/soln2/00000/0270_1369_D._TediousLee,human,soln2,1369_D_TediousLee,CWE-398,,CWE-398,,,False
human/soln2/00000/0272_1413_F._Roads_and_Ramen,human,soln2,1413_F_Roads_and_Ramen,CWE-398,,CWE-398,,,False
human/soln2/00000/0274_147_B._Smile_House,human,soln2,147_B_Smile_House,CWE-457,,CWE-457,,,False
human/soln2/00000/0275_1506_F._Triangular_Paths,human,soln2,1506_F_Triangular_Paths,CWE-571,,CWE-571,,,False
human/soln2/00001/0000_152_E._Garden,human,soln2,152_E_Garden,CWE-457,,CWE-457,,,False
human/soln2/00001/0003_203_E._Transportation,human,soln2,203_E_Transportation,CWE-398,,CWE-398,,,False
human/soln2/00001/0004_228_D._Zigzag,human,soln2,228_D_Zigzag,CWE-398|CWE-788,,CWE-398|CWE-788,,,False
human/soln2/00001/0005_252_B._Unsorting_Array,human,soln2,252_B_Unsorting_Array,CWE-398,,CWE-398,,,False
human/soln2/00001/0008_323_C._Two_permutations,human,soln2,323_C_Two_permutations,CWE-398,,CWE-398,,,False
human/soln2/00001/0010_371_B._Fox_Dividing_Cheese,human,soln2,371_B_Fox_Dividing_Cheese,CWE-563,,CWE-563,,,False
human/soln2/00001/0014_464_D._World_of_Darkraft_-_2,human,soln2,464_D_World_of_Darkraft_-_2,CWE-398,,CWE-398,,,False
human/soln2/00001/0017_536_C._Tavas_and_Pashmaks,human,soln2,536_C_Tavas_and_Pashmaks,CWE-457,,CWE-457,,,False
human/soln2/00001/0018_560_D._Equivalent_Strings,human,soln2,560_D_Equivalent_Strings,CWE-398,,CWE-398,,,False
human/soln2/00001/0025_724_F._Uniformly_Branched_Trees,human,soln2,724_F_Uniformly_Branched_Trees,CWE-563,,CWE-563,,,False
human/soln2/00001/0026_746_F._Music_in_Car,human,soln2,746_F_Music_in_Car,CWE-398,,CWE-398,,,False
human/soln2/00001/0027_76_B._Mice,human,soln2,76_B_Mice,CWE-563,,CWE-563,,,False
human/soln2/00001/0030_83_C._Track,human,soln2,83_C_Track,CWE-119|CWE-398,,CWE-119|CWE-398,,,False
human/soln2/00001/0032_886_D._Restoration_of_string,human,soln2,886_D_Restoration_of_string,CWE-398,,CWE-398,,,False
human/soln2/00001/0033_909_D._Colorful_Points,human,soln2,909_D_Colorful_Points,CWE-398|CWE-563,,CWE-398|CWE-563,,,False
human/soln2/00001/0037_p02574_AtCoder_Beginner_Contest_177_-_Coprime,human,soln2,p02574_AtCoder_Beginner_Contest_177_-_Coprime,CWE-788,,CWE-788,,,False
human/soln2/00001/0041_p03107_AtCoder_Beginner_Contest_120_-_Unification,human,soln2,p03107_AtCoder_Beginner_Contest_120_-_Unification,CWE-398,,CWE-398,,,False
human/soln2/00001/0044_p03570_CODE_FESTIVAL_2017_qual_C_-_Yet_Another_Palindrome_Partitioning,human,soln2,p03570_CODE_FESTIVAL_2017_qual_C_-_Yet_Another_Palindrome_Partitioning,CWE-119,,CWE-119,,,False
human/soln2/00001/0045_p03725_AtCoder_Grand_Contest_014_-_Closed_Rooms,human,soln2,p03725_AtCoder_Grand_Contest_014_-_Closed_Rooms,CWE-119,,CWE-119,,,False
human/soln2/00001/0049_p00260_Cats_Going_Straight,human,soln2,p00260_Cats_Going_Straight,CWE-398,,CWE-398,,,False
human/soln2/00001/0057_p01484_Icy_Composer,human,soln2,p01484_Icy_Composer,CWE-119,,CWE-119,,,False
human/soln2/00001/0061_p02069_Universal_and_Existential_Quantifiers,human,soln2,p02069_Universal_and_Existential_Quantifiers,CWE-686,,CWE-686,,,False
human/soln2/00001/0062_p02211_Apple_Adventure,human,soln2,p02211_Apple_Adventure,CWE-398,,CWE-398,,,False
human/soln2/00001/0063_p02365_Minimum-Cost_Arborescence,human,soln2,p02365_Minimum-Cost_Arborescence,CWE-563,,CWE-563,,,False
human/soln2/00001/0065_1027_E._Inverse_Coloring,human,soln2,1027_E_Inverse_Coloring,CWE-398|CWE-563,,CWE-398|CWE-563,,,False
human/soln2/00001/0067_1070_C._Cloud_Computing,human,soln2,1070_C_Cloud_Computing,CWE-563,,CWE-563,,,False
human/soln2/00001/0068_1091_G._New_Year_and_the_Factorisation_Collaboration,human,soln2,1091_G_New_Year_and_the_Factorisation_Collaboration,CWE-119|CWE-398,,CWE-119|CWE-398,,,False
human/soln2/00001/0070_1140_B._Good_String,human,soln2,1140_B_Good_String,CWE-398,,CWE-398,,,False
human/soln2/00001/0075_1239_E._Turtle,human,soln2,1239_E_Turtle,CWE-398,,CWE-398,,,False
human/soln2/00001/0076_1257_G._Divisor_Set,human,soln2,1257_G_Divisor_Set,CWE-398,,CWE-398,,,False
human/soln2/00001/0080_1344_A._Hilbert_s_Hotel,human,soln2,1344_A_Hilbert_s_Hotel,CWE-398,,CWE-398,,,False
human/soln2/00001/0082_1386_A._Colors,human,soln2,1386_A_Colors,CWE-398|CWE-563,,CWE-398|CWE-563,,,False
human/soln2/00001/0086_1475_D._Cleaning_the_Phone,human,soln2,1475_D_Cleaning_the_Phone,CWE-398|CWE-563,,CWE-398|CWE-563,,,False
human/soln2/00001/0087_1500_B._Two_chandeliers,human,soln2,1500_B_Two_chandeliers,CWE-398,,CWE-398,,,False
human/soln2/00001/0088_1525_D._Armchairs,human,soln2,1525_D_Armchairs,CWE-252,,CWE-252,,,False
human/soln2/00001/0094_272_B._Dima_and_Sequence,human,soln2,272_B_Dima_and_Sequence,CWE-563,,CWE-563,,,False
human/soln2/00001/0096_319_B._Psychos_in_a_Line,human,soln2,319_B_Psychos_in_a_Line,CWE-398,,CWE-398,,,False
human/soln2/00001/0097_343_B._Alternating_Current,human,soln2,343_B_Alternating_Current,CWE-119|CWE-563,,CWE-119|CWE-563,,,False
human/soln2/00001/0107_604_A._Uncowed_Forces,human,soln2,604_A_Uncowed_Forces,CWE-398,,CWE-398,,,False
human/soln2/00001/0111_699_F._Limak_and_Shooting_Points,human,soln2,699_F_Limak_and_Shooting_Points,CWE-398,,CWE-398,,,False
human/soln2/00001/0113_741_E._Arpa_s_abnormal_DNA_and_Mehrdad_s_deep_interest,human,soln2,741_E_Arpa_s_abnormal_DNA_and_Mehrdad_s_deep_interest,CWE-119|CWE-398,,CWE-119|CWE-398,,,False
human/soln2/00001/0116_80_C._Heroes,human,soln2,80_C_Heroes,CWE-398|CWE-563,,CWE-398|CWE-563,,,False
human/soln2/00001/0118_855_D._Rowena_Ravenclaw_s_Diadem,human,soln2,855_D_Rowena_Ravenclaw_s_Diadem,CWE-398|CWE-563|CWE-571,,CWE-398|CWE-563|CWE-571,,,False
human/soln2/00001/0119_87_B._Vasya_and_Types,human,soln2,87_B_Vasya_and_Types,CWE-398|CWE-563,,CWE-398|CWE-563,,,False
human/soln2/00001/0122_954_F._Runner_s_Problem,human,soln2,954_F_Runner_s_Problem,CWE-398,,CWE-398,,,False
human/soln2/00001/0123_980_E._The_Number_Games,human,soln2,980_E_The_Number_Games,CWE-398,,CWE-398,,,False
human/soln2/00001/0126_p02679_AtCoder_Beginner_Contest_168_-____Bullet_,human,soln2,p02679_AtCoder_Beginner_Contest_168_-____Bullet_,CWE-398,,CWE-398,,,False
human/soln2/00001/0128_p02943_AtCoder_Grand_Contest_037_-_Reversing_and_Concatenating,human,soln2,p02943_AtCoder_Grand_Contest_037_-_Reversing_and_Concatenating,CWE-398,,CWE-398,,,False
human/soln2/00001/0138_p00395_Maze_and_Items,human,soln2,p00395_Maze_and_Items,CWE-788,,CWE-788,,,False
human/soln2/00001/0140_p00748_Pollock_s_conjecture,human,soln2,p00748_Pollock_s_conjecture,CWE-686,,CWE-686,,,False
human/soln2/00001/0141_p00886_Towns_along_a_Highway,human,soln2,p00886_Towns_along_a_Highway,CWE-398,,CWE-398,,,False
human/soln2/00001/0144_p01289_Strange_Couple,human,soln2,p01289_Strange_Couple,CWE-561,,CWE-561,,,False
human/soln2/00001/0145_p01458_Kth_Sentence,human,soln2,p01458_Kth_Sentence,CWE-119,,CWE-119,,,False
human/soln2/00001/0146_p01609_One,human,soln2,p01609_One,CWE-398,,CWE-398,,,False
human/soln2/00001/0151_p02327_Largest_Rectangle,human,soln2,p02327_Largest_Rectangle,CWE-398|CWE-563,,CWE-398|CWE-563,,,False
human/soln2/00001/0152_p02472_Addition_of_Big_Integers,human,soln2,p02472_Addition_of_Big_Integers,CWE-398,,CWE-398,,,False
human/soln2/00001/0153_1011_A._Stages,human,soln2,1011_A_Stages,CWE-398|CWE-563,,CWE-398|CWE-563,,,False
human/soln2/00001/0154_1036_B._Diagonal_Walking_v.2,human,soln2,1036_B_Diagonal_Walking_v2,CWE-398,,CWE-398,,,False
human/soln2/00001/0156_1080_C._Masha_and_two_friends,human,soln2,1080_C_Masha_and_two_friends,CWE-398,,CWE-398,,,False
human/soln2/00001/0159_1148_C._Crazy_Diamond,human,soln2,1148_C_Crazy_Diamond,CWE-686,,CWE-686,,,False
human/soln2/00001/0161_1187_G._Gang_Up,human,soln2,1187_G_Gang_Up,CWE-398,,CWE-398,,,False
human/soln2/00001/0162_1206_F._Almost_All,human,soln2,1206_F_Almost_All,CWE-398,,CWE-398,,,False
human/soln2/00001/0163_1225_B1._TV_Subscriptions__Easy_Version_,human,soln2,1225_B1_TV_Subscriptions__Easy_Version_,CWE-398|CWE-563,,CWE-398|CWE-563,,,False
human/soln2/00001/0165_1267_L._Lexicography,human,soln2,1267_L_Lexicography,CWE-398,,CWE-398,,,False
human/soln2/00001/0168_1332_G._No_Monotone_Triples,human,soln2,1332_G_No_Monotone_Triples,CWE-398|CWE-457|CWE-665|CWE-786,,CWE-398|CWE-457|CWE-665|CWE-786,,,False
human/soln2/00001/0169_1353_C._Board_Moves,human,soln2,1353_C_Board_Moves,CWE-563,,CWE-563,,,False
human/soln2/00001/0170_1373_B._01_Game,human,soln2,1373_B_01_Game,CWE-398,,CWE-398,,,False
human/soln2/00001/0172_141_C._Queue,human,soln2,141_C_Queue,CWE-398|CWE-563,,CWE-398|CWE-563,,,False
human/soln2/00001/0176_1511_F._Chainword,human,soln2,1511_F_Chainword,CWE-398|CWE-563,,CWE-398|CWE-563,,,False
human/soln2/00001/0177_1539_D._PriceFixed,human,soln2,1539_D_PriceFixed,CWE-563,,CWE-563,,,False
human/soln2/00001/0181_233_C._Cycles,human,soln2,233_C_Cycles,CWE-457|CWE-563,,CWE-457|CWE-563,,,False
human/soln2/00001/0182_259_B._Little_Elephant_and_Magic_Square,human,soln2,259_B_Little_Elephant_and_Magic_Square,CWE-398,,CWE-398,,,False
human/soln2/00001/0184_305_A._Strange_Addition,human,soln2,305_A_Strange_Addition,CWE-563,,CWE-563,,,False
human/soln2/00001/0186_352_E._Jeff_and_Brackets,human,soln2,352_E_Jeff_and_Brackets,CWE-686,,CWE-686,,,False
human/soln2/00001/0187_377_A._Maze,human,soln2,377_A_Maze,CWE-398|CWE-571,,CWE-398|CWE-571,,,False
human/soln2/00001/0191_46_C._Hamsters_and_Tigers,human,soln2,46_C_Hamsters_and_Tigers,CWE-398,,CWE-398,,,False
human/soln2/00001/0198_633_A._Ebony_and_Ivory,human,soln2,633_A_Ebony_and_Ivory,CWE-398|CWE-563,,CWE-398|CWE-563,,,False
human/soln2/00001/0199_685_D._Kay_and_Eternity,human,soln2,685_D_Kay_and_Eternity,CWE-398,,CWE-398,,,False
human/soln2/00001/0201_750_F._New_Year_and_Finding_Roots,human,soln2,750_F_New_Year_and_Finding_Roots,CWE-398,,CWE-398,,,False
human/soln2/00001/0203_799_D._Field_expansion,human,soln2,799_D_Field_expansion,CWE-686,,CWE-686,,,False
human/soln2/00001/0204_819_D._Mister_B_and_Astronomers,human,soln2,819_D_Mister_B_and_Astronomers,CWE-398|CWE-457,,CWE-398|CWE-457,,,False
human/soln2/00001/0207_891_D._Sloth,human,soln2,891_D_Sloth,CWE-398,,CWE-398,,,False
human/soln2/00001/0208_913_G._Power_Substring,human,soln2,913_G_Power_Substring,,CWE-190,,CWE-190,,False
human/soln2/00001/0208_913_G._Power_Substring.cpp,human,soln2,913_G_Power_Substring,,CWE-190,,CWE-190,,False
human/soln2/00001/0210_961_F._k-substrings,human,soln2,961_F_k-substrings,CWE-119,CWE-125,CWE-119,CWE-125,,False
human/soln2/00001/0210_961_F._k-substrings.cpp,human,soln2,961_F_k-substrings,,CWE-125,,CWE-125,,False
human/soln2/00001/0211_989_E._A_Trance_of_Nightfall,human,soln2,989_E_A_Trance_of_Nightfall,CWE-398|CWE-563,,CWE-398|CWE-563,,,False
human/soln2/00001/0216_p03143_NIKKEI_Programming_Contest_2019_-_Weights_on_Vertices_and_Edges,human,soln2,p03143_NIKKEI_Programming_Contest_2019_-_Weights_on_Vertices_and_Edges,CWE-563,,CWE-563,,,False
human/soln2/00001/0218_p03443_AtCoder_Petrozavodsk_Contest_001_-_Colorful_Doors,human,soln2,p03443_AtCoder_Petrozavodsk_Contest_001_-_Colorful_Doors,CWE-563,,CWE-563,,,False
human/soln2/00001/0219_p03603_AtCoder_Regular_Contest_083_-_Bichrome_Tree,human,soln2,p03603_AtCoder_Regular_Contest_083_-_Bichrome_Tree,CWE-398,,CWE-398,,,False
human/soln2/00001/0221_p03932_square869120Contest__3_-_Souvenirs,human,soln2,p03932_square869120Contest__3_-_Souvenirs,CWE-398,,CWE-398,,,False
human/soln2/00001/0224_p00313_Secret_Investigation,human,soln2,p00313_Secret_Investigation,CWE-398|CWE-563,,CWE-398|CWE-563,,,False
human/soln2/00001/0226_p00669_K_Cards,human,soln2,p00669_K_Cards,CWE-398|CWE-758,,CWE-398|CWE-758,,,False
human/soln2/00001/0227_p00812_Equals_are_Equals,human,soln2,p00812_Equals_are_Equals,CWE-398,,CWE-398,,,False
human/soln2/00001/0230_p01210_Speed,human,soln2,p01210_Speed,CWE-119|CWE-398,,CWE-119|CWE-398,,,False
human/soln2/00001/0231_p01346_Ropeway,human,soln2,p01346_Ropeway,CWE-398,,CWE-398,,,False
human/soln2/00001/0235_p01963_Separate_String,human,soln2,p01963_Separate_String,CWE-119|CWE-398,,CWE-119|CWE-398,,,False
human/soln2/00001/0237_p02250_Multiple_String_Matching,human,soln2,p02250_Multiple_String_Matching,CWE-398,,CWE-398,,,False
human/soln2/00001/0238_p02398_How_Many_Divisors_,human,soln2,p02398_How_Many_Divisors_,CWE-457|CWE-665,,CWE-457|CWE-665,,,False
human/soln2/00001/0239_1016_C._Vasya_And_The_Mushrooms,human,soln2,1016_C_Vasya_And_The_Mushrooms,CWE-398|CWE-563,,CWE-398|CWE-563,,,False
human/soln2/00001/0243_1103_E._Radix_sum,human,soln2,1103_E_Radix_sum,CWE-398,,CWE-398,,,False
human/soln2/00001/0244_1131_E._String_Multiplication,human,soln2,1131_E_String_Multiplication,CWE-571,,CWE-571,,,False
human/soln2/00001/0254_1336_F._Journey,human,soln2,1336_F_Journey,CWE-398,,CWE-398,,,False
human/soln2/00001/0255_1359_D._Yet_Another_Yet_Another_Task,human,soln2,1359_D_Yet_Another_Yet_Another_Task,CWE-391,,CWE-391,,,False
human/soln2/00001/0256_1379_F1._Chess_Strikes_Back__easy_version_,human,soln2,1379_F1_Chess_Strikes_Back__easy_version_,CWE-398,,CWE-398,,,False
human/soln2/00001/0257_139_D._Digits_Permutations,human,soln2,139_D_Digits_Permutations,CWE-398|CWE-563,,CWE-398|CWE-563,,,False
human/soln2/00001/0260_1468_J._Road_Reform,human,soln2,1468_J_Road_Reform,CWE-398,,CWE-398,,,False
human/soln2/00001/0261_1493_C._K-beautiful_Strings,human,soln2,1493_C_K-beautiful_Strings,CWE-119|CWE-563,,CWE-119|CWE-563,,,False
human/soln2/00001/0262_1515_I._Phoenix_and_Diamonds,human,soln2,1515_I_Phoenix_and_Diamonds,CWE-190|CWE-252|CWE-398|CWE-563|CWE-570|CWE-628,CWE-190,CWE-252|CWE-398|CWE-563|CWE-570|CWE-628,,CWE-190,True
human/soln2/00001/0262_1515_I._Phoenix_and_Diamonds.cpp,human,soln2,1515_I_Phoenix_and_Diamonds,,CWE-190,,CWE-190,,False
human/soln2/00001/0263_1543_B._Customising_the_Track,human,soln2,1543_B_Customising_the_Track,CWE-398,,CWE-398,,,False
human/soln2/00001/0268_263_D._Cycle_in_Graph,human,soln2,263_D_Cycle_in_Graph,CWE-563|CWE-686,,CWE-563|CWE-686,,,False
human/soln2/00001/0271_335_B._Palindrome,human,soln2,335_B_Palindrome,CWE-119,,CWE-119,,,False
human/soln2/00001/0274_401_E._Olympic_Games,human,soln2,401_E_Olympic_Games,CWE-398,,CWE-398,,,False
human/soln2/00001/0276_451_D._Count_Good_Substrings,human,soln2,451_D_Count_Good_Substrings,CWE-119,,CWE-119,,,False
human/soln2/00001/0277_474_C._Captain_Marmot,human,soln2,474_C_Captain_Marmot,CWE-197,,CWE-197,,,False
human/soln2/00001/0279_521_C._Pluses_everywhere,human,soln2,521_C_Pluses_everywhere,CWE-119,,CWE-119,,,False
human/soln2/00001/0280_548_E._Mike_and_Foam,human,soln2,548_E_Mike_and_Foam,CWE-563,,CWE-563,,,False
human/soln2/00001/0281_575_B._Bribes,human,soln2,575_B_Bribes,CWE-398,,CWE-398,,,False
human/soln2/00001/0282_596_E._Wilbur_and_Strings,human,soln2,596_E_Wilbur_and_Strings,CWE-119,,CWE-119,,,False
human/soln2/00001/0285_666_B._World_Tour,human,soln2,666_B_World_Tour,CWE-398|CWE-457,,CWE-398|CWE-457,,,False
human/soln2/00001/0289_757_D._Felicity_s_Big_Secret_Revealed,human,soln2,757_D_Felicity_s_Big_Secret_Revealed,CWE-119,,CWE-119,,,False
human/soln2/00001/0290_779_A._Pupils_Redistribution,human,soln2,779_A_Pupils_Redistribution,CWE-398|CWE-563,,CWE-398|CWE-563,,,False
human/soln2/00002/0001_848_C._Goodbye_Souvenir,human,soln2,848_C_Goodbye_Souvenir,CWE-398,,CWE-398,,,False
human/soln2/00002/0005_940_A._Points_on_the_line,human,soln2,940_A_Points_on_the_line,CWE-398,,CWE-398,,,False
human/soln2/00002/0014_p03474_AtCoder_Beginner_Contest_084_-_Postal_Code,human,soln2,p03474_AtCoder_Beginner_Contest_084_-_Postal_Code,CWE-119,,CWE-119,,,False
human/soln2/00002/0016_p03794_Mujin_Programming_Challenge_2017_-_Oriented_Tree,human,soln2,p03794_Mujin_Programming_Challenge_2017_-_Oriented_Tree,CWE-398,,CWE-398,,,False
human/soln2/00002/0018_p00054_Sum_of_Nth_decimal_places,human,soln2,p00054_Sum_of_Nth_decimal_places,CWE-398,,CWE-398,,,False
human/soln2/00002/0020_p00340_Rectangle,human,soln2,p00340_Rectangle,CWE-563,,CWE-563,,,False
human/soln2/00002/0022_p00698_Missing_Numbers,human,soln2,p00698_Missing_Numbers,CWE-704,,CWE-704,,,False
human/soln2/00002/0023_p00839_Organize_Your_Train,human,soln2,p00839_Organize_Your_Train,CWE-398|CWE-788,,CWE-398|CWE-788,,,False
human/soln2/00002/0024_p00971_Shortest_Common_Non-Subsequence,human,soln2,p00971_Shortest_Common_Non-Subsequence,CWE-119|CWE-398|CWE-563,,CWE-119|CWE-398|CWE-563,,,False
human/soln2/00002/0026_p01240_Oil_Company,human,soln2,p01240_Oil_Company,CWE-398|CWE-571,,CWE-398|CWE-571,,,False
human/soln2/00002/0027_p01402_Anipero,human,soln2,p01402_Anipero,CWE-119,,CWE-119,,,False
human/soln2/00002/0030_p01856_Typhoon,human,soln2,p01856_Typhoon,CWE-398,,CWE-398,,,False
human/soln2/00002/0033_p02278_Minimum_Cost_Sort,human,soln2,p02278_Minimum_Cost_Sort,CWE-563,,CWE-563,,,False
human/soln2/00002/0035_1008_D._Pave_the_Parallelepiped,human,soln2,1008_D_Pave_the_Parallelepiped,CWE-398,,CWE-398,,,False
human/soln2/00002/0037_1054_B._Appending_Mex,human,soln2,1054_B_Appending_Mex,CWE-197|CWE-398,,CWE-197|CWE-398,,,False
human/soln2/00002/0040_1118_C._Palindromic_Matrix,human,soln2,1118_C_Palindromic_Matrix,CWE-398,,CWE-398,,,False
human/soln2/00002/0041_1144_F._Graph_Without_Long_Directed_Paths,human,soln2,1144_F_Graph_Without_Long_Directed_Paths,CWE-398,,CWE-398,,,False
human/soln2/00002/0045_121_C._Lucky_Permutation,human,soln2,121_C_Lucky_Permutation,CWE-398|CWE-788,CWE-125,CWE-398|CWE-788,CWE-125,,False
human/soln2/00002/0045_121_C._Lucky_Permutation.cpp,human,soln2,121_C_Lucky_Permutation,,CWE-125,,CWE-125,,False
human/soln2/00002/0047_1264_D2._Beautiful_Bracket_Sequence__hard_version_,human,soln2,1264_D2_Beautiful_Bracket_Sequence__hard_version_,CWE-119,,CWE-119,,,False
human/soln2/00002/0049_1305_B._Kuroni_and_Simple_Strings,human,soln2,1305_B_Kuroni_and_Simple_Strings,CWE-398|CWE-571,,CWE-398|CWE-571,,,False
human/soln2/00002/0050_1329_D._Dreamoon_Likes_Strings,human,soln2,1329_D_Dreamoon_Likes_Strings,CWE-398|CWE-563|CWE-788,,CWE-398|CWE-563|CWE-788,,,False
human/soln2/00002/0055_1433_C._Dominant_Piranha,human,soln2,1433_C_Dominant_Piranha,CWE-457|CWE-563|CWE-786,,CWE-457|CWE-563|CWE-786,,,False
human/soln2/00002/0056_1458_B._Glass_Half_Spilled,human,soln2,1458_B_Glass_Half_Spilled,CWE-252,,CWE-252,,,False
human/soln2/00002/0057_1481_B._New_Colony,human,soln2,1481_B_New_Colony,CWE-398,CWE-125,CWE-398,CWE-125,,False
human/soln2/00002/0057_1481_B._New_Colony.cpp,human,soln2,1481_B_New_Colony,,CWE-125,,CWE-125,,False
human/soln2/00002/0059_1534_D._Lost_Tree,human,soln2,1534_D_Lost_Tree,CWE-398|CWE-563,,CWE-398|CWE-563,,,False
human/soln2/00002/0061_204_D._Little_Elephant_and_Retro_Strings,human,soln2,204_D_Little_Elephant_and_Retro_Strings,CWE-119,,CWE-119,,,False
human/soln2/00002/0064_278_B._New_Problem,human,soln2,278_B_New_Problem,CWE-119|CWE-398,,CWE-119|CWE-398,,,False
human/soln2/00002/0065_300_A._Array,human,soln2,300_A_Array,CWE-563|CWE-571,,CWE-563|CWE-571,,,False
human/soln2/00002/0068_372_A._Counting_Kangaroos_is_Fun,human,soln2,372_A_Counting_Kangaroos_is_Fun,CWE-563,,CWE-563,,,False
human/soln2/00002/0071_443_B._Kolya_and_Tandem_Repeat,human,soln2,443_B_Kolya_and_Tandem_Repeat,CWE-398,,CWE-398,,,False
human/soln2/00002/0072_465_C._No_to_Palindromes_,human,soln2,465_C_No_to_Palindromes_,CWE-398,,CWE-398,,,False
human/soln2/00002/0073_489_B._BerSU_Ball,human,soln2,489_B_BerSU_Ball,CWE-398,,CWE-398,,,False
human/soln2/00002/0074_513_A._Game,human,soln2,513_A_Game,CWE-571,,CWE-571,,,False
human/soln2/00002/0076_566_C._Logistical_Questions,human,soln2,566_C_Logistical_Questions,CWE-704,,CWE-704,,,False
human/soln2/00002/0081_680_D._Bear_and_Tower_of_Cubes,human,soln2,680_D_Bear_and_Tower_of_Cubes,CWE-398,,CWE-398,,,False
human/soln2/00002/0082_703_C._Chris_and_Road,human,soln2,703_C_Chris_and_Road,CWE-398,,CWE-398,,,False
human/soln2/00002/0083_725_C._Hidden_Word,human,soln2,725_C_Hidden_Word,CWE-398|CWE-563,CWE-122,CWE-398|CWE-563,CWE-122,,False
human/soln2/00002/0083_725_C._Hidden_Word.cpp,human,soln2,725_C_Hidden_Word,,CWE-122,,CWE-122,,False
human/soln2/00002/0084_747_C._Servers,human,soln2,747_C_Servers,CWE-398,,CWE-398,,,False
human/soln2/00002/0085_76_F._Tourist,human,soln2,76_F_Tourist,CWE-398,,CWE-398,,,False
human/soln2/00002/0086_794_C._Naming_Company,human,soln2,794_C_Naming_Company,CWE-119|CWE-398|CWE-563,,CWE-119|CWE-398|CWE-563,,,False
human/soln2/00002/0087_815_B._Karen_and_Test,human,soln2,815_B_Karen_and_Test,CWE-563|CWE-686,,CWE-563|CWE-686,,,False
human/soln2/00002/0088_840_B._Leha_and_another_game_about_graph,human,soln2,840_B_Leha_and_another_game_about_graph,CWE-563,,CWE-563,,,False
human/soln2/00002/0089_860_C._Tests_Renumeration,human,soln2,860_C_Tests_Renumeration,CWE-398|CWE-563,,CWE-398|CWE-563,,,False
human/soln2/00002/0092_931_E._Game_with_String,human,soln2,931_E_Game_with_String,CWE-398,,CWE-398,,,False
human/soln2/00002/0093_958_F3._Lightsabers__hard_,human,soln2,958_F3_Lightsabers__hard_,CWE-398,,CWE-398,,,False
human/soln2/00002/0095_p02578_AtCoder_Beginner_Contest_176_-_Step,human,soln2,p02578_AtCoder_Beginner_Contest_176_-_Step,CWE-563,,CWE-563,,,False
human/soln2/00002/0100_p03258_AtCoder_Grand_Contest_027_-_ABBreviate,human,soln2,p03258_AtCoder_Grand_Contest_027_-_ABBreviate,CWE-119,,CWE-119,,,False
human/soln2/00002/0108_p00451_Common_Sub-String,human,soln2,p00451_Common_Sub-String,CWE-398,,CWE-398,,,False
human/soln2/00002/0110_p00786_BUT_We_Need_a_Diagram,human,soln2,p00786_BUT_We_Need_a_Diagram,CWE-398|CWE-758,,CWE-398|CWE-758,,,False
human/soln2/00002/0111_p00918_Dragon_s_Cruller,human,soln2,p00918_Dragon_s_Cruller,CWE-398,,CWE-398,,,False
human/soln2/00002/0112_p01051_Squid_Ink,human,soln2,p01051_Squid_Ink,CWE-398|CWE-563,,CWE-398|CWE-563,,,False
human/soln2/00002/0115_p01488_TransferTrain,human,soln2,p01488_TransferTrain,CWE-398,,CWE-398,,,False
human/soln2/00002/0119_p02074_N-by-M_grid_calculation,human,soln2,p02074_N-by-M_grid_calculation,CWE-398|CWE-570|CWE-786|CWE-788,,CWE-398|CWE-570|CWE-786|CWE-788,,,False
human/soln2/00002/0121_p02369_Cycle_Detection_for_a_Directed_Graph,human,soln2,p02369_Cycle_Detection_for_a_Directed_Graph,CWE-398,,CWE-398,,,False
human/soln2/00002/0123_1025_D._Recovering_BST,human,soln2,1025_D_Recovering_BST,CWE-786,CWE-125,CWE-786,CWE-125,,False
human/soln2/00002/0123_1025_D._Recovering_BST.cpp,human,soln2,1025_D_Recovering_BST,,CWE-125,,CWE-125,,False
human/soln2/00002/0126_1090_J._Two_Prefixes,human,soln2,1090_J_Two_Prefixes,CWE-119,CWE-190,CWE-119,CWE-190,,False
human/soln2/00002/0126_1090_J._Two_Prefixes.cpp,human,soln2,1090_J_Two_Prefixes,,CWE-190,,CWE-190,,False
human/soln2/00002/0127_110_B._Lucky_String,human,soln2,110_B_Lucky_String,CWE-398,,CWE-398,,,False
human/soln2/00002/0132_1215_B._The_Number_of_Products,human,soln2,1215_B_The_Number_of_Products,CWE-398,,CWE-398,,,False
human/soln2/00002/0134_1256_E._Yet_Another_Division_Into_Teams,human,soln2,1256_E_Yet_Another_Division_Into_Teams,CWE-398,,CWE-398,,,False
human/soln2/00002/0135_127_E._E-reader_Display,human,soln2,127_E_E-reader_Display,CWE-119,,CWE-119,,,False
human/soln2/00002/0141_1406_C._Link_Cut_Centroids,human,soln2,1406_C_Link_Cut_Centroids,CWE-398,,CWE-398,,,False
human/soln2/00002/0143_1450_D._Rating_Compression,human,soln2,1450_D_Rating_Compression,CWE-252|CWE-398,,CWE-252|CWE-398,,,False
human/soln2/00002/0144_1474_B._Different_Divisors,human,soln2,1474_B_Different_Divisors,CWE-457,,CWE-457,,,False
human/soln2/00002/0145_149_D._Coloring_Brackets,human,soln2,149_D_Coloring_Brackets,CWE-477,,CWE-477,,,False
human/soln2/00002/0146_1523_D._Love-Hate,human,soln2,1523_D_Love-Hate,CWE-398,,CWE-398,,,False
human/soln2/00002/0147_155_C._Hometask,human,soln2,155_C_Hometask,CWE-398|CWE-563,,CWE-398|CWE-563,,,False
human/soln2/00002/0148_177_D1._Encrypting_Messages,human,soln2,177_D1_Encrypting_Messages,CWE-398|CWE-563,,CWE-398|CWE-563,,,False
human/soln2/00002/0156_365_A._Good_Number,human,soln2,365_A_Good_Number,,CWE-125,,CWE-125,,False
human/soln2/00002/0156_365_A._Good_Number.cpp,human,soln2,365_A_Good_Number,,CWE-125,,CWE-125,,False
human/soln2/00002/0157_388_E._Fox_and_Meteor_Shower,human,soln2,388_E_Fox_and_Meteor_Shower,CWE-398,,CWE-398,,,False
human/soln2/00002/0158_409_C._Magnum_Opus,human,soln2,409_C_Magnum_Opus,CWE-398,,CWE-398,,,False
human/soln2/00002/0160_459_E._Pashmak_and_Graph,human,soln2,459_E_Pashmak_and_Graph,CWE-398|CWE-563,,CWE-398|CWE-563,,,False
human/soln2/00002/0161_480_D._Parcels,human,soln2,480_D_Parcels,CWE-398|CWE-563,,CWE-398|CWE-563,,,False
human/soln2/00002/0169_698_D._Limak_and_Shooting_Points,human,soln2,698_D_Limak_and_Shooting_Points,CWE-398,,CWE-398,,,False
human/soln2/00002/0170_719_E._Sasha_and_Array,human,soln2,719_E_Sasha_and_Array,CWE-398,,CWE-398,,,False
human/soln2/00002/0171_740_B._Alyona_and_flowers,human,soln2,740_B_Alyona_and_flowers,CWE-398|CWE-563,,CWE-398|CWE-563,,,False
human/soln2/00002/0175_833_C._Ever-Hungry_Krakozyabra,human,soln2,833_C_Ever-Hungry_Krakozyabra,CWE-398,,CWE-398,,,False
human/soln2/00002/0181_97_B._Superset,human,soln2,97_B_Superset,CWE-398,,CWE-398,,,False
human/soln2/00002/0182_99_B._Help_Chef_Gerasim,human,soln2,99_B_Help_Chef_Gerasim,CWE-398|CWE-457,,CWE-398|CWE-457,,,False
human/soln2/00002/0183_p02539_ACL_Beginner_Contest_-_Heights_and_Pairs,human,soln2,p02539_ACL_Beginner_Contest_-_Heights_and_Pairs,CWE-398,,CWE-398,,,False
human/soln2/00002/0184_p02670_AtCoder_Grand_Contest_044_-_Joker,human,soln2,p02670_AtCoder_Grand_Contest_044_-_Joker,CWE-398,,CWE-398,,,False
human/soln2/00002/0185_p02799_Keyence_Programming_Contest_2020_-_Bichromization,human,soln2,p02799_Keyence_Programming_Contest_2020_-_Bichromization,CWE-398|CWE-563,,CWE-398|CWE-563,,,False
human/soln2/00002/0190_p03521_CODE_FESTIVAL_2017_Exhibition__Parallel__-_Awkward,human,soln2,p03521_CODE_FESTIVAL_2017_Exhibition__Parallel__-_Awkward,CWE-398,,CWE-398,,,False
human/soln2/00002/0191_p03686_AtCoder_Regular_Contest_076_-_Exhausted_,human,soln2,p03686_AtCoder_Regular_Contest_076_-_Exhausted_,CWE-252,,CWE-252,,,False
human/soln2/00002/0192_p03839_AtCoder_Grand_Contest_008_-_Contiguous_Repainting,human,soln2,p03839_AtCoder_Grand_Contest_008_-_Contiguous_Repainting,CWE-398|CWE-563,,CWE-398|CWE-563,,,False
human/soln2/00002/0195_p00224_Bicycle_Diet,human,soln2,p00224_Bicycle_Diet,CWE-398|CWE-758,,CWE-398|CWE-758,,,False
human/soln2/00002/0196_p00386_Gathering,human,soln2,p00386_Gathering,CWE-398|CWE-563,,CWE-398|CWE-563,,,False
human/soln2/00002/0199_p00878_Origami_Through-Hole,human,soln2,p00878_Origami_Through-Hole,CWE-398,,CWE-398,,,False
human/soln2/00002/0200_p01009_Room_of_Time_and_Spirit,human,soln2,p01009_Room_of_Time_and_Spirit,CWE-398,,CWE-398,,,False
human/soln2/00002/0201_p01141_Lifeguard_in_the_Pool,human,soln2,p01141_Lifeguard_in_the_Pool,CWE-398,,CWE-398,,,False
human/soln2/00002/0205_p01756_Longest_Match,human,soln2,p01756_Longest_Match,CWE-398,,CWE-398,,,False
human/soln2/00002/0206_p01896_Folding_Paper,human,soln2,p01896_Folding_Paper,CWE-398,,CWE-398,,,False
human/soln2/00002/0207_p02033_Arrow,human,soln2,p02033_Arrow,CWE-398,,CWE-398,,,False
human/soln2/00002/0209_p02319_0-1_Knapsack_Problem_II,human,soln2,p02319_0-1_Knapsack_Problem_II,CWE-788,,CWE-788,,,False
human/soln2/00002/0211_1000_A._Codehorses_T-shirts,human,soln2,1000_A_Codehorses_T-shirts,CWE-398|CWE-563,,CWE-398|CWE-563,,,False
human/soln2/00002/0213_1045_D._Interstellar_battle,human,soln2,1045_D_Interstellar_battle,CWE-398,,CWE-398,,,False
human/soln2/00002/0215_1090_C._New_Year_Presents,human,soln2,1090_C_New_Year_Presents,CWE-252|CWE-398,CWE-125,CWE-252|CWE-398,CWE-125,,False
human/soln2/00002/0215_1090_C._New_Year_Presents.cpp,human,soln2,1090_C_New_Year_Presents,,CWE-125,,CWE-125,,False
human/soln2/00002/0216_1109_F._Sasha_and_Algorithm_of_Silence_s_Sounds,human,soln2,1109_F_Sasha_and_Algorithm_of_Silence_s_Sounds,CWE-398,,CWE-398,,,False
human/soln2/00002/0217_1139_C._Edgy_Trees,human,soln2,1139_C_Edgy_Trees,CWE-398,,CWE-398,,,False
human/soln2/00002/0219_1179_E._Alesya_and_Discrete_Math,human,soln2,1179_E_Alesya_and_Discrete_Math,CWE-398,,CWE-398,,,False
human/soln2/00002/0220_1198_A._MP3,human,soln2,1198_A_MP3,CWE-197,,CWE-197,,,False
human/soln2/00002/0223_1256_C._Platforms_Jumping,human,soln2,1256_C_Platforms_Jumping,CWE-398,,CWE-398,,,False
human/soln2/00002/0224_127_C._Hot_Bath,human,soln2,127_C_Hot_Bath,CWE-398,,CWE-398,,,False
human/soln2/00002/0227_1342_C._Yet_Another_Counting_Problem,human,soln2,1342_C_Yet_Another_Counting_Problem,CWE-398,,CWE-398,,,False
human/soln2/00002/0228_1364_C._Ehab_and_Prefix_MEXs,human,soln2,1364_C_Ehab_and_Prefix_MEXs,CWE-563,,CWE-563,,,False
human/soln2/00002/0232_1450_B._Balls_of_Steel,human,soln2,1450_B_Balls_of_Steel,CWE-398|CWE-563,,CWE-398|CWE-563,,,False
human/soln2/00002/0234_149_B._Martian_Clock,human,soln2,149_B_Martian_Clock,CWE-119|CWE-398,,CWE-119|CWE-398,,,False
human/soln2/00002/0237_177_C1._Party,human,soln2,177_C1_Party,CWE-398,,CWE-398,,,False
human/soln2/00002/0238_198_B._Jumping_on_Walls,human,soln2,198_B_Jumping_on_Walls,,CWE-125,,CWE-125,,False
human/soln2/00002/0238_198_B._Jumping_on_Walls.cpp,human,soln2,198_B_Jumping_on_Walls,,CWE-125,,CWE-125,,False
human/soln2/00002/0239_221_C._Little_Elephant_and_Problem,human,soln2,221_C_Little_Elephant_and_Problem,CWE-398,,CWE-398,,,False
human/soln2/00002/0241_270_B._Multithreading,human,soln2,270_B_Multithreading,CWE-563,,CWE-563,,,False
human/soln2/00002/0242_293_D._Ksusha_and_Square,human,soln2,293_D_Ksusha_and_Square,CWE-398,,CWE-398,,,False
human/soln2/00002/0243_317_B._Ants,human,soln2,317_B_Ants,CWE-398,,CWE-398,,,False
human/soln2/00002/0246_388_C._Fox_and_Card_Game,human,soln2,388_C_Fox_and_Card_Game,CWE-786,CWE-125,CWE-786,CWE-125,,False
human/soln2/00002/0246_388_C._Fox_and_Card_Game.cpp,human,soln2,388_C_Fox_and_Card_Game,,CWE-125,,CWE-125,,False
human/soln2/00002/0252_529_A._And_Yet_Another_Bracket_Sequence,human,soln2,529_A_And_Yet_Another_Bracket_Sequence,CWE-252|CWE-398|CWE-772,,CWE-252|CWE-398|CWE-772,,,False
human/soln2/00002/0253_554_C._Kyoya_and_Colored_Balls,human,soln2,554_C_Kyoya_and_Colored_Balls,CWE-398|CWE-563,,CWE-398|CWE-563,,,False
human/soln2/00002/0254_580_B._Kefa_and_Company,human,soln2,580_B_Kefa_and_Company,CWE-398|CWE-758,,CWE-398|CWE-758,,,False
human/soln2/00002/0256_624_D._Array_GCD,human,soln2,624_D_Array_GCD,CWE-398|CWE-563,,CWE-398|CWE-563,,,False
human/soln2/00002/0257_673_A._Bear_and_Game,human,soln2,673_A_Bear_and_Game,CWE-563,,CWE-563,,,False
human/soln2/00002/0260_73_F._Plane_of_Tanks,human,soln2,73_F_Plane_of_Tanks,CWE-398,,CWE-398,,,False
human/soln2/00002/0261_763_D._Timofey_and_a_flat_tree,human,soln2,763_D_Timofey_and_a_flat_tree,CWE-398|CWE-563,,CWE-398|CWE-563,,,False
human/soln2/00002/0265_853_D._Michael_and_Charging_Stations,human,soln2,853_D_Michael_and_Charging_Stations,CWE-398,,CWE-398,,,False
human/soln2/00002/0267_901_D._Weighting_a_Tree,human,soln2,901_D_Weighting_a_Tree,CWE-398|CWE-563,,CWE-398|CWE-563,,,False
human/soln2/00002/0273_p02668_NOMURA_Programming_Competition_2020_-_Sorting_Game,human,soln2,p02668_NOMURA_Programming_Competition_2020_-_Sorting_Game,CWE-398,,CWE-398,,,False
human/soln2/00002/0276_p03069_Tenka1_Programmer_Beginner_Contest_2019_-_Stones,human,soln2,p03069_Tenka1_Programmer_Beginner_Contest_2019_-_Stones,CWE-119,,CWE-119,,,False
human/soln2/00002/0278_p03361_AtCoder_Beginner_Contest_096_-_Grid_Repainting_2,human,soln2,p03361_AtCoder_Beginner_Contest_096_-_Grid_Repainting_2,CWE-398|CWE-571,,CWE-398|CWE-571,,,False
human/soln2/00002/0279_p03519_CODE_FESTIVAL_2017_Elimination_Tournament_Round_1__Parallel__-_Paired_Parentheses,human,soln2,p03519_CODE_FESTIVAL_2017_Elimination_Tournament_Round_1__Parallel__-_Paired_Parentheses,CWE-398|CWE-788,,CWE-398|CWE-788,,,False
human/soln2/00002/0280_p03684_AtCoder_Regular_Contest_076_-_Built_,human,soln2,p03684_AtCoder_Regular_Contest_076_-_Built_,CWE-398,,CWE-398,,,False
human/soln2/00002/0281_p03837_AtCoder_Beginner_Contest_051_-_Candidates_of_No_Shortest_Paths,human,soln2,p03837_AtCoder_Beginner_Contest_051_-_Candidates_of_No_Shortest_Paths,CWE-563,,CWE-563,,,False
llama/gen_1/00000/0000_1012_E._Cycle_sort,llama,gen_1,1012_E_Cycle_sort,CWE-398,,CWE-398,,,False
llama/gen_1/00000/0003_1081_G._Mergesort_Strikes_Back,llama,gen_1,1081_G_Mergesort_Strikes_Back,,CWE-190,,CWE-190,,False
llama/gen_1/00000/0003_1081_G._Mergesort_Strikes_Back.cpp,llama,gen_1,1081_G_Mergesort_Strikes_Back,,CWE-190,,CWE-190,,False
llama/gen_1/00000/0006_1149_E._Election_Promises,llama,gen_1,1149_E_Election_Promises,CWE-398,,CWE-398,,,False
llama/gen_1/00000/0008_1208_D._Restore_Permutation,llama,gen_1,1208_D_Restore_Permutation,CWE-398,,CWE-398,,,False
llama/gen_1/00000/0010_1269_E._K_Integers,llama,gen_1,1269_E_K_Integers,CWE-398,,CWE-398,,,False
llama/gen_1/00000/0011_1291_E._Prefix_Enlightenment,llama,gen_1,1291_E_Prefix_Enlightenment,CWE-398,,CWE-398,,,False
llama/gen_1/00000/0013_1334_D._Minimum_Euler_Cycle,llama,gen_1,1334_D_Minimum_Euler_Cycle,,CWE-122,,CWE-122,,False
llama/gen_1/00000/0013_1334_D._Minimum_Euler_Cycle.cpp,llama,gen_1,1334_D_Minimum_Euler_Cycle,,CWE-122,,CWE-122,,False
llama/gen_1/00000/0016_1398_A._Bad_Triangle,llama,gen_1,1398_A_Bad_Triangle,CWE-398,,CWE-398,,,False
llama/gen_1/00000/0017_1421_B._Putting_Bricks_in_the_Wall,llama,gen_1,1421_B_Putting_Bricks_in_the_Wall,CWE-398,,CWE-398,,,False
llama/gen_1/00000/0019_1466_F._Euclid_s_nightmare,llama,gen_1,1466_F_Euclid_s_nightmare,CWE-398,,CWE-398,,,False
llama/gen_1/00000/0022_1540_C1._Converging_Array__Easy_Version_,llama,gen_1,1540_C1_Converging_Array__Easy_Version_,CWE-398,,CWE-398,,,False
llama/gen_1/00000/0025_235_D._Graph_Game,llama,gen_1,235_D_Graph_Game,CWE-398|CWE-563,,CWE-398|CWE-563,,,False
llama/gen_1/00000/0029_331_E2._Deja_Vu,llama,gen_1,331_E2_Deja_Vu,CWE-398|CWE-571,,CWE-398|CWE-571,,,False
llama/gen_1/00000/0035_494_D._Birthday,llama,gen_1,494_D_Birthday,CWE-398,CWE-125,CWE-398,CWE-125,,False
llama/gen_1/00000/0035_494_D._Birthday.cpp,llama,gen_1,494_D_Birthday,,CWE-125,,CWE-125,,False
llama/gen_1/00000/0038_571_E._Geometric_Progressions,llama,gen_1,571_E_Geometric_Progressions,CWE-398|CWE-563,,CWE-398|CWE-563,,,False
llama/gen_1/00000/0041_634_C._Factory_Repairs,llama,gen_1,634_C_Factory_Repairs,CWE-571,,CWE-571,,,False
llama/gen_1/00000/0044_70_C._Lucky_Tickets,llama,gen_1,70_C_Lucky_Tickets,CWE-197,,CWE-197,,,False
llama/gen_1/00000/0045_730_J._Bottles,llama,gen_1,730_J_Bottles,CWE-398,,CWE-398,,,False
llama/gen_1/00000/0048_7_B._Memory_Manager,llama,gen_1,7_B_Memory_Manager,CWE-398,,CWE-398,,,False
llama/gen_1/00000/0050_846_E._Chemistry_in_Berland,llama,gen_1,846_E_Chemistry_in_Berland,,CWE-190,,CWE-190,,False
llama/gen_1/00000/0050_846_E._Chemistry_in_Berland.cpp,llama,gen_1,846_E_Chemistry_in_Berland,,CWE-190,,CWE-190,,False
llama/gen_1/00000/0051_868_A._Bark_to_Unlock,llama,gen_1,868_A_Bark_to_Unlock,CWE-398,,CWE-398,,,False
llama/gen_1/00000/0056_990_E._Post_Lamps,llama,gen_1,990_E_Post_Lamps,,CWE-190,,CWE-190,,False
llama/gen_1/00000/0056_990_E._Post_Lamps.cpp,llama,gen_1,990_E_Post_Lamps,,CWE-190,,CWE-190,,False
llama/gen_1/00000/0060_p03013_AtCoder_Beginner_Contest_129_-_Typical_Stairs,llama,gen_1,p03013_AtCoder_Beginner_Contest_129_-_Typical_Stairs,CWE-571,,CWE-571,,,False
llama/gen_1/00000/0061_p03153_KEYENCE_Programming_Contest_2019_-_Connecting_Cities,llama,gen_1,p03153_KEYENCE_Programming_Contest_2019_-_Connecting_Cities,CWE-398,,CWE-398,,,False
llama/gen_1/00000/0064_p03616_AtCoder_Regular_Contest_082_-_Sandglass,llama,gen_1,p03616_AtCoder_Regular_Contest_082_-_Sandglass,CWE-563,,CWE-563,,,False
llama/gen_1/00000/0069_p00323_Metal_Recycling,llama,gen_1,p00323_Metal_Recycling,CWE-398,,CWE-398,,,False
llama/gen_1/00000/0071_p00680_KND_Factory,llama,gen_1,p00680_KND_Factory,CWE-398|CWE-563,,CWE-398|CWE-563,,,False
llama/gen_1/00000/0075_p01222_Walk_under_a_Scorching_Sun,llama,gen_1,p01222_Walk_under_a_Scorching_Sun,CWE-563,,CWE-563,,,False
llama/gen_1/00000/0083_p02408_Finding_Missing_Cards,llama,gen_1,p02408_Finding_Missing_Cards,CWE-398,,CWE-398,,,False
llama/gen_1/00000/0084_101_C._Vectors,llama,gen_1,101_C_Vectors,,CWE-369,,CWE-369,,False
llama/gen_1/00000/0084_101_C._Vectors.cpp,llama,gen_1,101_C_Vectors,,CWE-369,,CWE-369,,False
llama/gen_1/00000/0086_1065_F._Up_and_Down_the_Tree,llama,gen_1,1065_F_Up_and_Down_the_Tree,,CWE-476,,CWE-476,,False
llama/gen_1/00000/0086_1065_F._Up_and_Down_the_Tree.cpp,llama,gen_1,1065_F_Up_and_Down_the_Tree,,CWE-476,,CWE-476,,False
llama/gen_1/00000/0088_1107_D._Compression,llama,gen_1,1107_D_Compression,CWE-398,,CWE-398,,,False
llama/gen_1/00000/0091_1176_F._Destroy_it_,llama,gen_1,1176_F_Destroy_it_,CWE-398,,CWE-398,,,False
llama/gen_1/00000/0094_1253_F._Cheap_Robot,llama,gen_1,1253_F_Cheap_Robot,CWE-457,,CWE-457,,,False
llama/gen_1/00000/0097_133_D._Piet,llama,gen_1,133_D_Piet,,CWE-121,,CWE-121,,False
llama/gen_1/00000/0097_133_D._Piet.cpp,llama,gen_1,133_D_Piet,,CWE-121,,CWE-121,,False
llama/gen_1/00000/0099_1382_A._Common_Subsequence,llama,gen_1,1382_A_Common_Subsequence,CWE-398,,CWE-398,,,False
llama/gen_1/00000/0101_1446_D2._Frequency_Problem__Hard_Version_,llama,gen_1,1446_D2_Frequency_Problem__Hard_Version_,CWE-563,,CWE-563,,,False
llama/gen_1/00000/0102_1470_E._Strange_Permutation,llama,gen_1,1470_E_Strange_Permutation,CWE-398,,CWE-398,,,False
llama/gen_1/00000/0103_1497_D._Genius,llama,gen_1,1497_D_Genius,CWE-563,,CWE-563,,,False
llama/gen_1/00000/0104_151_C._Win_or_Freeze,llama,gen_1,151_C_Win_or_Freeze,CWE-398,,CWE-398,,,False
llama/gen_1/00000/0105_1547_C._Pair_Programming,llama,gen_1,1547_C_Pair_Programming,CWE-561,,CWE-561,,,False
llama/gen_1/00000/0106_174_E._Ancient_Berland_Hieroglyphs,llama,gen_1,174_E_Ancient_Berland_Hieroglyphs,,CWE-125,,CWE-125,,False
llama/gen_1/00000/0106_174_E._Ancient_Berland_Hieroglyphs.cpp,llama,gen_1,174_E_Ancient_Berland_Hieroglyphs,,CWE-125,,CWE-125,,False
llama/gen_1/00000/0109_242_C._King_s_Path,llama,gen_1,242_C_King_s_Path,CWE-398,,CWE-398,,,False
llama/gen_1/00000/0111_290_D._Orange,llama,gen_1,290_D_Orange,,CWE-369,,CWE-369,,False
llama/gen_1/00000/0111_290_D._Orange.cpp,llama,gen_1,290_D_Orange,,CWE-369,,CWE-369,,False
llama/gen_1/00000/0117_433_A._Kitahara_Haruki_s_Gift,llama,gen_1,433_A_Kitahara_Haruki_s_Gift,CWE-398|CWE-563,,CWE-398|CWE-563,,,False
llama/gen_1/00000/0118_455_C._Civilization,llama,gen_1,455_C_Civilization,CWE-398,,CWE-398,,,False
llama/gen_1/00000/0120_500_C._New_Year_Book_Reading,llama,gen_1,500_C_New_Year_Book_Reading,CWE-758,CWE-125,CWE-758,CWE-125,,False
llama/gen_1/00000/0120_500_C._New_Year_Book_Reading.cpp,llama,gen_1,500_C_New_Year_Book_Reading,,CWE-125,,CWE-125,,False
llama/gen_1/00000/0122_551_B._ZgukistringZ,llama,gen_1,551_B_ZgukistringZ,CWE-398,,CWE-398,,,False
llama/gen_1/00000/0124_5_A._Chat_Server_s_Outgoing_Traffic,llama,gen_1,5_A_Chat_Server_s_Outgoing_Traffic,CWE-398,,CWE-398,,,False
llama/gen_1/00000/0125_621_D._Rat_Kwesh_and_Cheese,llama,gen_1,621_D_Rat_Kwesh_and_Cheese,CWE-398,,CWE-398,,,False
llama/gen_1/00000/0126_643_B._Bear_and_Two_Paths,llama,gen_1,643_B_Bear_and_Two_Paths,CWE-398,,CWE-398,,,False
llama/gen_1/00000/0128_691_D._Swaps_in_Permutation,llama,gen_1,691_D_Swaps_in_Permutation,,CWE-122,,CWE-122,,False
llama/gen_1/00000/0128_691_D._Swaps_in_Permutation.cpp,llama,gen_1,691_D_Swaps_in_Permutation,,CWE-122,,CWE-122,,False
llama/gen_1/00000/0129_716_D._Complete_The_Graph,llama,gen_1,716_D_Complete_The_Graph,CWE-398,,CWE-398,,,False
llama/gen_1/00000/0131_760_F._Bacterial_Melee,llama,gen_1,760_F_Bacterial_Melee,CWE-119,,CWE-119,,,False
llama/gen_1/00000/0132_784_B._Kids__Riddle,llama,gen_1,784_B_Kids__Riddle,CWE-398,,CWE-398,,,False
llama/gen_1/00000/0136_875_D._High_Cry,llama,gen_1,875_D_High_Cry,CWE-398,,CWE-398,,,False
llama/gen_1/00000/0137_89_C._Chip_Play,llama,gen_1,89_C_Chip_Play,CWE-563,,CWE-563,,,False
llama/gen_1/00000/0138_920_E._Connected_Components_,llama,gen_1,920_E_Connected_Components_,CWE-398,,CWE-398,,,False
llama/gen_1/00000/0139_949_C._Data_Center_Maintenance,llama,gen_1,949_C_Data_Center_Maintenance,CWE-398,,CWE-398,,,False
llama/gen_1/00000/0141_996_F._Game,llama,gen_1,996_F_Game,CWE-398,,CWE-398,,,False
llama/gen_1/00000/0144_p02916_AtCoder_Beginner_Contest_140_-_Buffet,llama,gen_1,p02916_AtCoder_Beginner_Contest_140_-_Buffet,CWE-398,,CWE-398,,,False
llama/gen_1/00000/0145_p03052_diverta_2019_Programming_Contest_-_Edge_Ordering,llama,gen_1,p03052_diverta_2019_Programming_Contest_-_Edge_Ordering,CWE-398,,CWE-398,,,False
llama/gen_1/00000/0147_p03343_AtCoder_Regular_Contest_098_-_Range_Minimum_Queries,llama,gen_1,p03343_AtCoder_Regular_Contest_098_-_Range_Minimum_Queries,CWE-190,,CWE-190,,,False
llama/gen_1/00000/0150_p03819_AtCoder_Regular_Contest_068_-_Snuke_Line,llama,gen_1,p03819_AtCoder_Regular_Contest_068_-_Snuke_Line,CWE-398,,CWE-398,,,False
llama/gen_1/00000/0155_p00573_Commuter_Pass,llama,gen_1,p00573_Commuter_Pass,CWE-563,,CWE-563,,,False
llama/gen_1/00000/0161_p01422_Beautiful_Currency,llama,gen_1,p01422_Beautiful_Currency,CWE-398,,CWE-398,,,False
llama/gen_1/00000/0162_p01576_Exciting_Bicycle,llama,gen_1,p01576_Exciting_Bicycle,CWE-563,,CWE-563,,,False
llama/gen_1/00000/0164_p01878_Destiny_Draw,llama,gen_1,p01878_Destiny_Draw,CWE-398,,CWE-398,,,False
llama/gen_1/00000/0165_p02014_Rough_Sorting,llama,gen_1,p02014_Rough_Sorting,CWE-563,,CWE-563,,,False
llama/gen_1/00000/0168_1012_B._Chemical_table,llama,gen_1,1012_B_Chemical_table,CWE-664,,CWE-664,,,False
llama/gen_1/00000/0172_1100_D._Dasha_and_Chess,llama,gen_1,1100_D_Dasha_and_Chess,CWE-786,,CWE-786,,,False
llama/gen_1/00000/0173_1129_A2._Toy_Train,llama,gen_1,1129_A2_Toy_Train,,CWE-122,,CWE-122,,False
llama/gen_1/00000/0173_1129_A2._Toy_Train.cpp,llama,gen_1,1129_A2_Toy_Train,,CWE-122,,CWE-122,,False
llama/gen_1/00000/0174_1149_B._Three_Religions,llama,gen_1,1149_B_Three_Religions,CWE-119,,CWE-119,,,False
llama/gen_1/00000/0176_1208_A._XORinacci,llama,gen_1,1208_A_XORinacci,CWE-398,,CWE-398,,,False
llama/gen_1/00000/0178_124_D._Squares,llama,gen_1,124_D_Squares,CWE-563,,CWE-563,,,False
llama/gen_1/00000/0186_1420_D._Rescue_Nibel_,llama,gen_1,1420_D_Rescue_Nibel_,CWE-398,,CWE-398,,,False
llama/gen_1/00000/0190_1512_G._Short_Task,llama,gen_1,1512_G_Short_Task,CWE-398,,CWE-398,,,False
llama/gen_1/00000/0195_283_D._Cows_and_Cool_Sequences,llama,gen_1,283_D_Cows_and_Cool_Sequences,CWE-563,CWE-190,CWE-563,CWE-190,,False
llama/gen_1/00000/0195_283_D._Cows_and_Cool_Sequences.cpp,llama,gen_1,283_D_Cows_and_Cool_Sequences,,CWE-190,,CWE-190,,False
llama/gen_1/00000/0197_331_D2._Escaping_on_Beaveractor,llama,gen_1,331_D2_Escaping_on_Beaveractor,CWE-563,,CWE-563,,,False
llama/gen_1/00000/0198_354_B._Game_with_Strings,llama,gen_1,354_B_Game_with_Strings,CWE-398,,CWE-398,,,False
llama/gen_1/00000/0202_449_D._Jzzhu_and_Numbers,llama,gen_1,449_D_Jzzhu_and_Numbers,,CWE-190,,CWE-190,,False
llama/gen_1/00000/0202_449_D._Jzzhu_and_Numbers.cpp,llama,gen_1,449_D_Jzzhu_and_Numbers,,CWE-190,,CWE-190,,False
llama/gen_1/00000/0204_518_E._Arthur_and_Questions,llama,gen_1,518_E_Arthur_and_Questions,,CWE-190,,CWE-190,,False
llama/gen_1/00000/0204_518_E._Arthur_and_Questions.cpp,llama,gen_1,518_E_Arthur_and_Questions,,CWE-190,,CWE-190,,False
llama/gen_1/00000/0205_544_E._Remembering_Strings,llama,gen_1,544_E_Remembering_Strings,CWE-398,,CWE-398,,,False
llama/gen_1/00000/0207_592_E._BCPC,llama,gen_1,592_E_BCPC,CWE-398,,CWE-398,,,False
llama/gen_1/00000/0208_614_C._Peter_and_Snow_Blower,llama,gen_1,614_C_Peter_and_Snow_Blower,CWE-398,,CWE-398,,,False
llama/gen_1/00000/0211_687_A._NP-Hard_Problem,llama,gen_1,687_A_NP-Hard_Problem,CWE-398|CWE-457|CWE-571,,CWE-398|CWE-457|CWE-571,,,False
llama/gen_1/00000/0213_730_G._Car_Repair_Shop,llama,gen_1,730_G_Car_Repair_Shop,,CWE-125,,CWE-125,,False
llama/gen_1/00000/0213_730_G._Car_Repair_Shop.cpp,llama,gen_1,730_G_Car_Repair_Shop,,CWE-125,,CWE-125,,False
llama/gen_1/00000/0214_754_B._Ilya_and_tic-tac-toe_game,llama,gen_1,754_B_Ilya_and_tic-tac-toe_game,CWE-398,,CWE-398,,,False
llama/gen_1/00000/0216_79_D._Password,llama,gen_1,79_D_Password,,CWE-190,,CWE-190,,False
llama/gen_1/00000/0216_79_D._Password.cpp,llama,gen_1,79_D_Password,,CWE-190,,CWE-190,,False
llama/gen_1/00000/0218_846_B._Math_Show,llama,gen_1,846_B_Math_Show,CWE-197|CWE-571,CWE-125,CWE-197|CWE-571,CWE-125,,False
llama/gen_1/00000/0218_846_B._Math_Show.cpp,llama,gen_1,846_B_Math_Show,,CWE-125,,CWE-125,,False
llama/gen_1/00000/0219_867_D._Gotta_Go_Fast,llama,gen_1,867_D_Gotta_Go_Fast,,CWE-125,,CWE-125,,False
llama/gen_1/00000/0219_867_D._Gotta_Go_Fast.cpp,llama,gen_1,867_D_Gotta_Go_Fast,,CWE-125,,CWE-125,,False
llama/gen_1/00000/0222_937_D._Sleepy_Game,llama,gen_1,937_D_Sleepy_Game,CWE-398,,CWE-398,,,False
llama/gen_1/00000/0223_962_F._Simple_Cycles_Edges,llama,gen_1,962_F_Simple_Cycles_Edges,CWE-398,,CWE-398,,,False
llama/gen_1/00000/0226_p02741_Panasonic_Programming_Contest_2020_-_Kth_Term,llama,gen_1,p02741_Panasonic_Programming_Contest_2020_-_Kth_Term,CWE-398,,CWE-398,,,False
llama/gen_1/00000/0230_p03294_AtCoder_Beginner_Contest_103_-_Modulo_Summation,llama,gen_1,p03294_AtCoder_Beginner_Contest_103_-_Modulo_Summation,CWE-398,,CWE-398,,,False
llama/gen_1/00000/0231_p03452_AtCoder_Regular_Contest_090_-_People_on_a_Line,llama,gen_1,p03452_AtCoder_Regular_Contest_090_-_People_on_a_Line,CWE-398|CWE-563,,CWE-398|CWE-563,,,False
llama/gen_1/00000/0236_p00163_Highway_Toll,llama,gen_1,p00163_Highway_Toll,CWE-398,,CWE-398,,,False
llama/gen_1/00000/0239_p00676_KND_is_So_Sexy,llama,gen_1,p00676_KND_is_So_Sexy,CWE-563,,CWE-563,,,False
llama/gen_1/00000/0241_p00950_Infallibly_Crack_Perplexing_Cryptarithm,llama,gen_1,p00950_Infallibly_Crack_Perplexing_Cryptarithm,CWE-398,,CWE-398,,,False
llama/gen_1/00000/0242_p01083_RedBlue,llama,gen_1,p01083_RedBlue,CWE-563,,CWE-563,,,False
llama/gen_1/00000/0243_p01219_Private_Teacher,llama,gen_1,p01219_Private_Teacher,CWE-398,,CWE-398,,,False
llama/gen_1/00000/0245_p01535_Markup_language_has_Declined,llama,gen_1,p01535_Markup_language_has_Declined,CWE-398|CWE-563,,CWE-398|CWE-563,,,False
llama/gen_1/00000/0249_p02117_Picnic,llama,gen_1,p02117_Picnic,CWE-786,,CWE-786,,,False
llama/gen_1/00000/0253_1030_E._Vasya_and_Good_Sequences,llama,gen_1,1030_E_Vasya_and_Good_Sequences,CWE-686,,CWE-686,,,False
llama/gen_1/00000/0254_1053_C._Putting_Boxes_Together,llama,gen_1,1053_C_Putting_Boxes_Together,CWE-563,,CWE-563,,,False
llama/gen_1/00000/0255_1075_D._Intersecting_Subtrees,llama,gen_1,1075_D_Intersecting_Subtrees,CWE-398,,CWE-398,,,False
llama/gen_1/00000/0256_1096_E._The_Top_Scorer,llama,gen_1,1096_E_The_Top_Scorer,,CWE-125,,CWE-125,,False
llama/gen_1/00000/0256_1096_E._The_Top_Scorer.cpp,llama,gen_1,1096_E_The_Top_Scorer,,CWE-125,,CWE-125,,False
llama/gen_1/00000/0257_1117_F._Crisp_String,llama,gen_1,1117_F_Crisp_String,CWE-119,,CWE-119,,,False
llama/gen_1/00000/0258_1144_B._Parity_Alternated_Deletions,llama,gen_1,1144_B_Parity_Alternated_Deletions,CWE-398,,CWE-398,,,False
llama/gen_1/00000/0259_1165_A._Remainder,llama,gen_1,1165_A_Remainder,CWE-398,,CWE-398,,,False
llama/gen_1/00000/0260_1184_B3._The_Doctor_Meets_Vader__Hard_,llama,gen_1,1184_B3_The_Doctor_Meets_Vader__Hard_,CWE-398|CWE-563,,CWE-398|CWE-563,,,False
llama/gen_1/00000/0262_1219_H._Function_Composition,llama,gen_1,1219_H_Function_Composition,CWE-398|CWE-563,,CWE-398|CWE-563,,,False
llama/gen_1/00000/0267_1328_F._Make_k_Equal,llama,gen_1,1328_F_Make_k_Equal,CWE-563,,CWE-563,,,False
llama/gen_1/00000/0268_1348_F._Phoenix_and_Memory,llama,gen_1,1348_F_Phoenix_and_Memory,CWE-398|CWE-571,,CWE-398|CWE-571,,,False
llama/gen_1/00000/0269_1369_D._TediousLee,llama,gen_1,1369_D_TediousLee,,CWE-190,,CWE-190,,False
llama/gen_1/00000/0269_1369_D._TediousLee.cpp,llama,gen_1,1369_D_TediousLee,,CWE-190,,CWE-190,,False
llama/gen_1/00000/0271_1413_F._Roads_and_Ramen,llama,gen_1,1413_F_Roads_and_Ramen,CWE-398|CWE-563,,CWE-398|CWE-563,,,False
llama/gen_1/00000/0273_147_B._Smile_House,llama,gen_1,147_B_Smile_House,,CWE-122|CWE-190,,CWE-122|CWE-190,,False
llama/gen_1/00000/0273_147_B._Smile_House.cpp,llama,gen_1,147_B_Smile_House,,CWE-122|CWE-190,,CWE-122|CWE-190,,False
llama/gen_1/00001/0000_152_E._Garden,llama,gen_1,152_E_Garden,,CWE-190,,CWE-190,,False
llama/gen_1/00001/0000_152_E._Garden.cpp,llama,gen_1,152_E_Garden,,CWE-190,,CWE-190,,False
llama/gen_1/00001/0001_161_B._Discounts,llama,gen_1,161_B_Discounts,CWE-398,,CWE-398,,,False
llama/gen_1/00001/0002_180_D._Name,llama,gen_1,180_D_Name,CWE-398|CWE-786,CWE-125,CWE-398|CWE-786,CWE-125,,False
llama/gen_1/00001/0002_180_D._Name.cpp,llama,gen_1,180_D_Name,,CWE-125,,CWE-125,,False
llama/gen_1/00001/0004_228_D._Zigzag,llama,gen_1,228_D_Zigzag,CWE-398,,CWE-398,,,False
llama/gen_1/00001/0006_277_C._Game,llama,gen_1,277_C_Game,CWE-563|CWE-786,CWE-122,CWE-563|CWE-786,CWE-122,,False
llama/gen_1/00001/0006_277_C._Game.cpp,llama,gen_1,277_C_Game,,CWE-122,,CWE-122,,False
llama/gen_1/00001/0007_29_E._Quarrel,llama,gen_1,29_E_Quarrel,CWE-398,,CWE-398,,,False
llama/gen_1/00001/0014_464_D._World_of_Darkraft_-_2,llama,gen_1,464_D_World_of_Darkraft_-_2,,CWE-122,,CWE-122,,False
llama/gen_1/00001/0014_464_D._World_of_Darkraft_-_2.cpp,llama,gen_1,464_D_World_of_Darkraft_-_2,,CWE-122,,CWE-122,,False
llama/gen_1/00001/0015_488_C._Fight_the_Monster,llama,gen_1,488_C_Fight_the_Monster,,CWE-369,,CWE-369,,False
llama/gen_1/00001/0015_488_C._Fight_the_Monster.cpp,llama,gen_1,488_C_Fight_the_Monster,,CWE-369,,CWE-369,,False
llama/gen_1/00001/0016_512_B._Fox_And_Jumping,llama,gen_1,512_B_Fox_And_Jumping,,CWE-190,,CWE-190,,False
llama/gen_1/00001/0016_512_B._Fox_And_Jumping.cpp,llama,gen_1,512_B_Fox_And_Jumping,,CWE-190,,CWE-190,,False
llama/gen_1/00001/0017_536_C._Tavas_and_Pashmaks,llama,gen_1,536_C_Tavas_and_Pashmaks,CWE-398,,CWE-398,,,False
llama/gen_1/00001/0020_609_B._The_Best_Gift,llama,gen_1,609_B_The_Best_Gift,CWE-398,,CWE-398,,,False
llama/gen_1/00001/0025_724_F._Uniformly_Branched_Trees,llama,gen_1,724_F_Uniformly_Branched_Trees,,CWE-125,,CWE-125,,False
llama/gen_1/00001/0025_724_F._Uniformly_Branched_Trees.cpp,llama,gen_1,724_F_Uniformly_Branched_Trees,,CWE-125,,CWE-125,,False
llama/gen_1/00001/0029_814_C._An_impassioned_circulation_of_affection,llama,gen_1,814_C_An_impassioned_circulation_of_affection,CWE-398,,CWE-398,,,False
llama/gen_1/00001/0030_83_C._Track,llama,gen_1,83_C_Track,CWE-571,,CWE-571,,,False
llama/gen_1/00001/0034_931_A._Friends_Meeting,llama,gen_1,931_A_Friends_Meeting,CWE-563,,CWE-563,,,False
llama/gen_1/00001/0036_985_A._Chess_Placing,llama,gen_1,985_A_Chess_Placing,CWE-563,CWE-122,CWE-563,CWE-122,,False
llama/gen_1/00001/0036_985_A._Chess_Placing.cpp,llama,gen_1,985_A_Chess_Placing,,CWE-122,,CWE-122,,False
llama/gen_1/00001/0037_p02574_AtCoder_Beginner_Contest_177_-_Coprime,llama,gen_1,p02574_AtCoder_Beginner_Contest_177_-_Coprime,CWE-398,,CWE-398,,,False
llama/gen_1/00001/0045_p03725_AtCoder_Grand_Contest_014_-_Closed_Rooms,llama,gen_1,p03725_AtCoder_Grand_Contest_014_-_Closed_Rooms,CWE-457,,CWE-457,,,False
llama/gen_1/00001/0051_p00638_Old_Bridges,llama,gen_1,p00638_Old_Bridges,CWE-398,,CWE-398,,,False
llama/gen_1/00001/0052_p00781_Lattice_Practices,llama,gen_1,p00781_Lattice_Practices,CWE-563,,CWE-563,,,False
llama/gen_1/00001/0053_p00914_Equal_Sum_Sets,llama,gen_1,p00914_Equal_Sum_Sets,CWE-398,,CWE-398,,,False
llama/gen_1/00001/0055_p01179_Cousin_s_Aunt,llama,gen_1,p01179_Cousin_s_Aunt,CWE-398|CWE-563,,CWE-398|CWE-563,,,False
llama/gen_1/00001/0059_p01797_Kimagure_Cleaner,llama,gen_1,p01797_Kimagure_Cleaner,CWE-398,,CWE-398,,,False
llama/gen_1/00001/0061_p02069_Universal_and_Existential_Quantifiers,llama,gen_1,p02069_Universal_and_Existential_Quantifiers,CWE-398,,CWE-398,,,False
llama/gen_1/00001/0062_p02211_Apple_Adventure,llama,gen_1,p02211_Apple_Adventure,CWE-398,,CWE-398,,,False
llama/gen_1/00001/0064_1003_D._Coins_and_Queries,llama,gen_1,1003_D_Coins_and_Queries,CWE-398,,CWE-398,,,False
llama/gen_1/00001/0065_1027_E._Inverse_Coloring,llama,gen_1,1027_E_Inverse_Coloring,CWE-571,CWE-190,CWE-571,CWE-190,,False
llama/gen_1/00001/0065_1027_E._Inverse_Coloring.cpp,llama,gen_1,1027_E_Inverse_Coloring,,CWE-190,,CWE-190,,False
llama/gen_1/00001/0067_1070_C._Cloud_Computing,llama,gen_1,1070_C_Cloud_Computing,CWE-398,,CWE-398,,,False
llama/gen_1/00001/0068_1091_G._New_Year_and_the_Factorisation_Collaboration,llama,gen_1,1091_G_New_Year_and_the_Factorisation_Collaboration,CWE-398,,CWE-398,,,False
llama/gen_1/00001/0069_1110_E._Magic_Stones,llama,gen_1,1110_E_Magic_Stones,CWE-398,,CWE-398,,,False
llama/gen_1/00001/0070_1140_B._Good_String,llama,gen_1,1140_B_Good_String,CWE-570,,CWE-570,,,False
llama/gen_1/00001/0071_1158_F._Density_of_subarrays,llama,gen_1,1158_F_Density_of_subarrays,CWE-398,CWE-190,CWE-398,CWE-190,,False
llama/gen_1/00001/0071_1158_F._Density_of_subarrays.cpp,llama,gen_1,1158_F_Density_of_subarrays,,CWE-190,,CWE-190,,False
llama/gen_1/00001/0072_1180_E._Serge_and_Dining_Room,llama,gen_1,1180_E_Serge_and_Dining_Room,CWE-788,CWE-125,CWE-788,CWE-125,,False
llama/gen_1/00001/0072_1180_E._Serge_and_Dining_Room.cpp,llama,gen_1,1180_E_Serge_and_Dining_Room,,CWE-125,,CWE-125,,False
llama/gen_1/00001/0073_1199_E._Matching_vs_Independent_Set,llama,gen_1,1199_E_Matching_vs_Independent_Set,CWE-398,,CWE-398,,,False
llama/gen_1/00001/0074_1216_D._Swords,llama,gen_1,1216_D_Swords,CWE-398,,CWE-398,,,False
llama/gen_1/00001/0075_1239_E._Turtle,llama,gen_1,1239_E_Turtle,CWE-563,,CWE-563,,,False
llama/gen_1/00001/0076_1257_G._Divisor_Set,llama,gen_1,1257_G_Divisor_Set,CWE-398|CWE-563,,CWE-398|CWE-563,,,False
llama/gen_1/00001/0082_1386_A._Colors,llama,gen_1,1386_A_Colors,CWE-398,,CWE-398,,,False
llama/gen_1/00001/0084_1428_D._Bouncing_Boomerangs,llama,gen_1,1428_D_Bouncing_Boomerangs,CWE-563,,CWE-563,,,False
llama/gen_1/00001/0086_1475_D._Cleaning_the_Phone,llama,gen_1,1475_D_Cleaning_the_Phone,CWE-398,,CWE-398,,,False
llama/gen_1/00001/0094_272_B._Dima_and_Sequence,llama,gen_1,272_B_Dima_and_Sequence,CWE-398,,CWE-398,,,False
llama/gen_1/00001/0099_38_C._Blinds,llama,gen_1,38_C_Blinds,CWE-398,,CWE-398,,,False
llama/gen_1/00001/0101_438_A._The_Child_and_Toy,llama,gen_1,438_A_The_Child_and_Toy,CWE-786,,CWE-786,,,False
llama/gen_1/00001/0104_507_B._Amr_and_Pins,llama,gen_1,507_B_Amr_and_Pins,,CWE-190,,CWE-190,,False
llama/gen_1/00001/0104_507_B._Amr_and_Pins.cpp,llama,gen_1,507_B_Amr_and_Pins,,CWE-190,,CWE-190,,False
llama/gen_1/00001/0107_604_A._Uncowed_Forces,llama,gen_1,604_A_Uncowed_Forces,CWE-398,,CWE-398,,,False
llama/gen_1/00001/0111_699_F._Limak_and_Shooting_Points,llama,gen_1,699_F_Limak_and_Shooting_Points,,CWE-125,,CWE-125,,False
llama/gen_1/00001/0111_699_F._Limak_and_Shooting_Points.cpp,llama,gen_1,699_F_Limak_and_Shooting_Points,,CWE-125,,CWE-125,,False
llama/gen_1/00001/0112_720_C._Homework,llama,gen_1,720_C_Homework,CWE-571,,CWE-571,,,False
llama/gen_1/00001/0113_741_E._Arpa_s_abnormal_DNA_and_Mehrdad_s_deep_interest,llama,gen_1,741_E_Arpa_s_abnormal_DNA_and_Mehrdad_s_deep_interest,CWE-398,,CWE-398,,,False
llama/gen_1/00001/0116_80_C._Heroes,llama,gen_1,80_C_Heroes,CWE-398,CWE-122|CWE-190,CWE-398,CWE-122|CWE-190,,False
llama/gen_1/00001/0116_80_C._Heroes.cpp,llama,gen_1,80_C_Heroes,,CWE-122|CWE-190,,CWE-122|CWE-190,,False
llama/gen_1/00001/0118_855_D._Rowena_Ravenclaw_s_Diadem,llama,gen_1,855_D_Rowena_Ravenclaw_s_Diadem,CWE-398,,CWE-398,,,False
llama/gen_1/00001/0119_87_B._Vasya_and_Types,llama,gen_1,87_B_Vasya_and_Types,CWE-398,,CWE-398,,,False
llama/gen_1/00001/0120_903_D._Almost_Difference,llama,gen_1,903_D_Almost_Difference,CWE-398,,CWE-398,,,False
llama/gen_1/00001/0123_980_E._The_Number_Games,llama,gen_1,980_E_The_Number_Games,CWE-398,,CWE-398,,,False
llama/gen_1/00001/0124_9_E._Interesting_Graph_and_Apples,llama,gen_1,9_E_Interesting_Graph_and_Apples,CWE-398,,CWE-398,,,False
llama/gen_1/00001/0126_p02679_AtCoder_Beginner_Contest_168_-____Bullet_,llama,gen_1,p02679_AtCoder_Beginner_Contest_168_-____Bullet_,CWE-398,,CWE-398,,,False
llama/gen_1/00001/0141_p00886_Towns_along_a_Highway,llama,gen_1,p00886_Towns_along_a_Highway,CWE-563,,CWE-563,,,False
llama/gen_1/00001/0144_p01289_Strange_Couple,llama,gen_1,p01289_Strange_Couple,CWE-398,,CWE-398,,,False
llama/gen_1/00001/0145_p01458_Kth_Sentence,llama,gen_1,p01458_Kth_Sentence,CWE-398,,CWE-398,,,False
llama/gen_1/00001/0146_p01609_One,llama,gen_1,p01609_One,CWE-398|CWE-563,,CWE-398|CWE-563,,,False
llama/gen_1/00001/0152_p02472_Addition_of_Big_Integers,llama,gen_1,p02472_Addition_of_Big_Integers,CWE-571,,CWE-571,,,False
llama/gen_1/00001/0153_1011_A._Stages,llama,gen_1,1011_A_Stages,CWE-398,,CWE-398,,,False
llama/gen_1/00001/0157_10_B._Cinema_Cashier,llama,gen_1,10_B_Cinema_Cashier,CWE-563,,CWE-563,,,False
llama/gen_1/00001/0159_1148_C._Crazy_Diamond,llama,gen_1,1148_C_Crazy_Diamond,CWE-563,,CWE-563,,,False
llama/gen_1/00001/0161_1187_G._Gang_Up,llama,gen_1,1187_G_Gang_Up,CWE-398,,CWE-398,,,False
llama/gen_1/00001/0165_1267_L._Lexicography,llama,gen_1,1267_L_Lexicography,CWE-398,,CWE-398,,,False
llama/gen_1/00001/0166_1290_A._Mind_Control,llama,gen_1,1290_A_Mind_Control,CWE-398,,CWE-398,,,False
llama/gen_1/00001/0168_1332_G._No_Monotone_Triples,llama,gen_1,1332_G_No_Monotone_Triples,CWE-398,,CWE-398,,,False
llama/gen_1/00001/0171_1396_A._Multiples_of_Length,llama,gen_1,1396_A_Multiples_of_Length,,CWE-190,,CWE-190,,False
llama/gen_1/00001/0171_1396_A._Multiples_of_Length.cpp,llama,gen_1,1396_A_Multiples_of_Length,,CWE-190,,CWE-190,,False
llama/gen_1/00001/0172_141_C._Queue,llama,gen_1,141_C_Queue,CWE-563,,CWE-563,,,False
llama/gen_1/00001/0174_1463_B._Find_The_Array,llama,gen_1,1463_B_Find_The_Array,CWE-398|CWE-563,CWE-369,CWE-398|CWE-563,CWE-369,,False
llama/gen_1/00001/0174_1463_B._Find_The_Array.cpp,llama,gen_1,1463_B_Find_The_Array,,CWE-369,,CWE-369,,False
llama/gen_1/00001/0176_1511_F._Chainword,llama,gen_1,1511_F_Chainword,CWE-398,,CWE-398,,,False
llama/gen_1/00001/0178_166_A._Rank_List,llama,gen_1,166_A_Rank_List,CWE-398,,CWE-398,,,False
llama/gen_1/00001/0180_207_D9._The_Beaver_s_Problem_-_3,llama,gen_1,207_D9_The_Beaver_s_Problem_-_3,CWE-398,,CWE-398,,,False
llama/gen_1/00001/0181_233_C._Cycles,llama,gen_1,233_C_Cycles,,CWE-122,,CWE-122,,False
llama/gen_1/00001/0181_233_C._Cycles.cpp,llama,gen_1,233_C_Cycles,,CWE-122,,CWE-122,,False
llama/gen_1/00001/0184_305_A._Strange_Addition,llama,gen_1,305_A_Strange_Addition,CWE-786,,CWE-786,,,False
llama/gen_1/00001/0185_331_A2._Oh_Sweet_Beaverette,llama,gen_1,331_A2_Oh_Sweet_Beaverette,,CWE-190,,CWE-190,,False
llama/gen_1/00001/0185_331_A2._Oh_Sweet_Beaverette.cpp,llama,gen_1,331_A2_Oh_Sweet_Beaverette,,CWE-190,,CWE-190,,False
llama/gen_1/00001/0186_352_E._Jeff_and_Brackets,llama,gen_1,352_E_Jeff_and_Brackets,CWE-398,CWE-122,CWE-398,CWE-122,,False
llama/gen_1/00001/0186_352_E._Jeff_and_Brackets.cpp,llama,gen_1,352_E_Jeff_and_Brackets,,CWE-122,,CWE-122,,False
llama/gen_1/00001/0189_421_D._Bug_in_Code,llama,gen_1,421_D_Bug_in_Code,CWE-398,,CWE-398,,,False
llama/gen_1/00001/0191_46_C._Hamsters_and_Tigers,llama,gen_1,46_C_Hamsters_and_Tigers,CWE-398,,CWE-398,,,False
llama/gen_1/00001/0200_708_C._Centroids,llama,gen_1,708_C_Centroids,CWE-563,,CWE-563,,,False
llama/gen_1/00001/0201_750_F._New_Year_and_Finding_Roots,llama,gen_1,750_F_New_Year_and_Finding_Roots,,CWE-476,,CWE-476,,False
llama/gen_1/00001/0201_750_F._New_Year_and_Finding_Roots.cpp,llama,gen_1,750_F_New_Year_and_Finding_Roots,,CWE-476,,CWE-476,,False
llama/gen_1/00001/0203_799_D._Field_expansion,llama,gen_1,799_D_Field_expansion,,CWE-190,,CWE-190,,False
llama/gen_1/00001/0203_799_D._Field_expansion.cpp,llama,gen_1,799_D_Field_expansion,,CWE-190,,CWE-190,,False
llama/gen_1/00001/0205_845_B._Luba_And_The_Ticket,llama,gen_1,845_B_Luba_And_The_Ticket,CWE-398,,CWE-398,,,False
llama/gen_1/00001/0211_989_E._A_Trance_of_Nightfall,llama,gen_1,989_E_A_Trance_of_Nightfall,CWE-398|CWE-563,,CWE-398|CWE-563,,,False
llama/gen_1/00001/0218_p03443_AtCoder_Petrozavodsk_Contest_001_-_Colorful_Doors,llama,gen_1,p03443_AtCoder_Petrozavodsk_Contest_001_-_Colorful_Doors,CWE-398,,CWE-398,,,False
llama/gen_1/00001/0223_p00156_Moats_around_the_Castle,llama,gen_1,p00156_Moats_around_the_Castle,CWE-398,,CWE-398,,,False
llama/gen_1/00001/0226_p00669_K_Cards,llama,gen_1,p00669_K_Cards,CWE-398,,CWE-398,,,False
llama/gen_1/00001/0227_p00812_Equals_are_Equals,llama,gen_1,p00812_Equals_are_Equals,CWE-398|CWE-563,,CWE-398|CWE-563,,,False
llama/gen_1/00001/0230_p01210_Speed,llama,gen_1,p01210_Speed,CWE-398|CWE-571,,CWE-398|CWE-571,,,False
llama/gen_1/00001/0234_p01828_M_and_A,llama,gen_1,p01828_M_and_A,CWE-398,,CWE-398,,,False
llama/gen_1/00001/0236_p02110_Settler,llama,gen_1,p02110_Settler,CWE-398,,CWE-398,,,False
llama/gen_1/00001/0242_1084_C._The_Fair_Nut_and_String,llama,gen_1,1084_C_The_Fair_Nut_and_String,CWE-398,,CWE-398,,,False
llama/gen_1/00001/0251_1271_C._Shawarma_Tent,llama,gen_1,1271_C_Shawarma_Tent,CWE-563,,CWE-563,,,False
llama/gen_1/00001/0252_1294_D._MEX_maximizing,llama,gen_1,1294_D_MEX_maximizing,CWE-398,,CWE-398,,,False
llama/gen_1/00001/0254_1336_F._Journey,llama,gen_1,1336_F_Journey,CWE-398,,CWE-398,,,False
llama/gen_1/00001/0256_1379_F1._Chess_Strikes_Back__easy_version_,llama,gen_1,1379_F1_Chess_Strikes_Back__easy_version_,CWE-398,,CWE-398,,,False
llama/gen_1/00001/0257_139_D._Digits_Permutations,llama,gen_1,139_D_Digits_Permutations,CWE-398,,CWE-398,,,False
llama/gen_1/00001/0259_1468_J._Road_Reform,llama,gen_1,1468_J_Road_Reform,CWE-398,,CWE-398,,,False
llama/gen_1/00001/0261_1515_I._Phoenix_and_Diamonds,llama,gen_1,1515_I_Phoenix_and_Diamonds,CWE-398,,CWE-398,,,False
llama/gen_1/00001/0269_312_D._Cats_Transport,llama,gen_1,312_D_Cats_Transport,CWE-398,,CWE-398,,,False
llama/gen_1/00001/0270_335_B._Palindrome,llama,gen_1,335_B_Palindrome,CWE-398,,CWE-398,,,False
llama/gen_1/00001/0273_401_E._Olympic_Games,llama,gen_1,401_E_Olympic_Games,,CWE-190,,CWE-190,,False
llama/gen_1/00001/0273_401_E._Olympic_Games.cpp,llama,gen_1,401_E_Olympic_Games,,CWE-190,,CWE-190,,False
llama/gen_1/00001/0274_42_A._Guilty___to_the_kitchen_,llama,gen_1,42_A_Guilty___to_the_kitchen_,CWE-398,,CWE-398,,,False
llama/gen_1/00001/0278_521_C._Pluses_everywhere,llama,gen_1,521_C_Pluses_everywhere,,CWE-190,,CWE-190,,False
llama/gen_1/00001/0278_521_C._Pluses_everywhere.cpp,llama,gen_1,521_C_Pluses_everywhere,,CWE-190,,CWE-190,,False
llama/gen_1/00001/0279_548_E._Mike_and_Foam,llama,gen_1,548_E_Mike_and_Foam,CWE-398,,CWE-398,,,False
llama/gen_1/00001/0280_575_B._Bribes,llama,gen_1,575_B_Bribes,CWE-398|CWE-686,,CWE-398|CWE-686,,,False
llama/gen_1/00001/0281_596_E._Wilbur_and_Strings,llama,gen_1,596_E_Wilbur_and_Strings,CWE-398,,CWE-398,,,False
llama/gen_1/00001/0283_638_D._Three-dimensional_Turtle_Super_Computer_,llama,gen_1,638_D_Three-dimensional_Turtle_Super_Computer_,CWE-398,,CWE-398,,,False
llama/gen_1/00001/0284_666_B._World_Tour,llama,gen_1,666_B_World_Tour,CWE-457,CWE-190,CWE-457,CWE-190,,False
llama/gen_1/00001/0284_666_B._World_Tour.cpp,llama,gen_1,666_B_World_Tour,,CWE-190,,CWE-190,,False
llama/gen_1/00001/0286_712_D._Memory_and_Scores,llama,gen_1,712_D_Memory_and_Scores,,CWE-125,,CWE-125,,False
llama/gen_1/00001/0286_712_D._Memory_and_Scores.cpp,llama,gen_1,712_D_Memory_and_Scores,,CWE-125,,CWE-125,,False
llama/gen_1/00001/0287_733_C._Epidemic_in_Monstropolis,llama,gen_1,733_C_Epidemic_in_Monstropolis,CWE-398,,CWE-398,,,False
llama/gen_1/00001/0290_802_I._Fake_News__hard_,llama,gen_1,802_I_Fake_News__hard_,CWE-398,,CWE-398,,,False
llama/gen_1/00002/0003_896_E._Welcome_home__Chtholly,llama,gen_1,896_E_Welcome_home__Chtholly,CWE-398,,CWE-398,,,False
llama/gen_1/00002/0004_918_A._Eleven,llama,gen_1,918_A_Eleven,CWE-398,,CWE-398,,,False
llama/gen_1/00002/0007_993_D._Compute_Power,llama,gen_1,993_D_Compute_Power,,CWE-190,,CWE-190,,False
llama/gen_1/00002/0007_993_D._Compute_Power.cpp,llama,gen_1,993_D_Compute_Power,,CWE-190,,CWE-190,,False
llama/gen_1/00002/0008_p02630_AtCoder_Beginner_Contest_171_-_Replacing,llama,gen_1,p02630_AtCoder_Beginner_Contest_171_-_Replacing,CWE-398,,CWE-398,,,False
llama/gen_1/00002/0009_p02761_AtCoder_Beginner_Contest_157_-_Guess_The_Number,llama,gen_1,p02761_AtCoder_Beginner_Contest_157_-_Guess_The_Number,CWE-398,,CWE-398,,,False
llama/gen_1/00002/0012_p03172_Educational_DP_Contest_-_Candies,llama,gen_1,p03172_Educational_DP_Contest_-_Candies,CWE-398,,CWE-398,,,False
llama/gen_1/00002/0017_p03963_AtCoder_Beginner_Contest_046_-_Painting_Balls_with_AtCoDeer,llama,gen_1,p03963_AtCoder_Beginner_Contest_046_-_Painting_Balls_with_AtCoDeer,CWE-398,,CWE-398,,,False
llama/gen_1/00002/0019_p00184_Tsuruga_Castle,llama,gen_1,p00184_Tsuruga_Castle,CWE-398,,CWE-398,,,False
llama/gen_1/00002/0022_p00698_Missing_Numbers,llama,gen_1,p00698_Missing_Numbers,CWE-398|CWE-563,,CWE-398|CWE-563,,,False
llama/gen_1/00002/0023_p00839_Organize_Your_Train,llama,gen_1,p00839_Organize_Your_Train,CWE-398|CWE-570,,CWE-398|CWE-570,,,False
llama/gen_1/00002/0024_p00971_Shortest_Common_Non-Subsequence,llama,gen_1,p00971_Shortest_Common_Non-Subsequence,CWE-398|CWE-563,,CWE-398|CWE-563,,,False
llama/gen_1/00002/0028_p01556_ConvexCut,llama,gen_1,p01556_ConvexCut,CWE-398|CWE-563,,CWE-398|CWE-563,,,False
llama/gen_1/00002/0029_p01711_Idempotent_Filter,llama,gen_1,p01711_Idempotent_Filter,CWE-398,,CWE-398,,,False
llama/gen_1/00002/0031_p01991_Namo.._Cut,llama,gen_1,p01991_Namo_Cut,CWE-398,,CWE-398,,,False
llama/gen_1/00002/0038_1076_B._Divisor_Subtraction,llama,gen_1,1076_B_Divisor_Subtraction,,CWE-190,,CWE-190,,False
llama/gen_1/00002/0038_1076_B._Divisor_Subtraction.cpp,llama,gen_1,1076_B_Divisor_Subtraction,,CWE-190,,CWE-190,,False
llama/gen_1/00002/0040_1118_C._Palindromic_Matrix,llama,gen_1,1118_C_Palindromic_Matrix,CWE-398|CWE-563,,CWE-398|CWE-563,,,False
llama/gen_1/00002/0045_121_C._Lucky_Permutation,llama,gen_1,121_C_Lucky_Permutation,,CWE-190,,CWE-190,,False
llama/gen_1/00002/0045_121_C._Lucky_Permutation.cpp,llama,gen_1,121_C_Lucky_Permutation,,CWE-190,,CWE-190,,False
llama/gen_1/00002/0048_1286_A._Garland,llama,gen_1,1286_A_Garland,,CWE-122|CWE-476,,CWE-122|CWE-476,,False
llama/gen_1/00002/0048_1286_A._Garland.cpp,llama,gen_1,1286_A_Garland,,CWE-122|CWE-476,,CWE-122|CWE-476,,False
llama/gen_1/00002/0049_1305_B._Kuroni_and_Simple_Strings,llama,gen_1,1305_B_Kuroni_and_Simple_Strings,CWE-398,CWE-476,CWE-398,CWE-476,,False
llama/gen_1/00002/0049_1305_B._Kuroni_and_Simple_Strings.cpp,llama,gen_1,1305_B_Kuroni_and_Simple_Strings,,CWE-476,,CWE-476,,False
llama/gen_1/00002/0050_1329_D._Dreamoon_Likes_Strings,llama,gen_1,1329_D_Dreamoon_Likes_Strings,CWE-119,,CWE-119,,,False
llama/gen_1/00002/0054_1416_D._Graph_and_Queries,llama,gen_1,1416_D_Graph_and_Queries,CWE-398,CWE-122,CWE-398,CWE-122,,False
llama/gen_1/00002/0054_1416_D._Graph_and_Queries.cpp,llama,gen_1,1416_D_Graph_and_Queries,,CWE-122,,CWE-122,,False
llama/gen_1/00002/0062_229_C._Triangles,llama,gen_1,229_C_Triangles,CWE-398|CWE-563,,CWE-398|CWE-563,,,False
llama/gen_1/00002/0064_278_B._New_Problem,llama,gen_1,278_B_New_Problem,CWE-398,,CWE-398,,,False
llama/gen_1/00002/0066_325_D._Reclamation,llama,gen_1,325_D_Reclamation,CWE-398,,CWE-398,,,False
llama/gen_1/00002/0067_348_E._Pilgrims,llama,gen_1,348_E_Pilgrims,CWE-398,,CWE-398,,,False
llama/gen_1/00002/0072_465_C._No_to_Palindromes_,llama,gen_1,465_C_No_to_Palindromes_,CWE-398,,CWE-398,,,False
llama/gen_1/00002/0075_538_B._Quasi_Binary,llama,gen_1,538_B_Quasi_Binary,CWE-398,,CWE-398,,,False
llama/gen_1/00002/0076_566_C._Logistical_Questions,llama,gen_1,566_C_Logistical_Questions,CWE-398,,CWE-398,,,False
llama/gen_1/00002/0078_609_F._Frogs_and_mosquitoes,llama,gen_1,609_F_Frogs_and_mosquitoes,,CWE-190,,CWE-190,,False
llama/gen_1/00002/0078_609_F._Frogs_and_mosquitoes.cpp,llama,gen_1,609_F_Frogs_and_mosquitoes,,CWE-190,,CWE-190,,False
llama/gen_1/00002/0084_747_C._Servers,llama,gen_1,747_C_Servers,CWE-398,,CWE-398,,,False
llama/gen_1/00002/0085_76_F._Tourist,llama,gen_1,76_F_Tourist,CWE-398,,CWE-398,,,False
llama/gen_1/00002/0086_794_C._Naming_Company,llama,gen_1,794_C_Naming_Company,,CWE-122,,CWE-122,,False
llama/gen_1/00002/0086_794_C._Naming_Company.cpp,llama,gen_1,794_C_Naming_Company,,CWE-122,,CWE-122,,False
llama/gen_1/00002/0088_840_B._Leha_and_another_game_about_graph,llama,gen_1,840_B_Leha_and_another_game_about_graph,CWE-398,,CWE-398,,,False
llama/gen_1/00002/0089_860_C._Tests_Renumeration,llama,gen_1,860_C_Tests_Renumeration,CWE-398|CWE-563,CWE-122,CWE-398|CWE-563,CWE-122,,False
llama/gen_1/00002/0089_860_C._Tests_Renumeration.cpp,llama,gen_1,860_C_Tests_Renumeration,,CWE-122,,CWE-122,,False
llama/gen_1/00002/0090_887_B._Cubes_for_Masha,llama,gen_1,887_B_Cubes_for_Masha,CWE-398,,CWE-398,,,False
llama/gen_1/00002/0098_p02975_AtCoder_Grand_Contest_035_-_XOR_Circle,llama,gen_1,p02975_AtCoder_Grand_Contest_035_-_XOR_Circle,CWE-398,,CWE-398,,,False
llama/gen_1/00002/0099_p03111_AtCoder_Beginner_Contest_119_-_Synthetic_Kadomatsu,llama,gen_1,p03111_AtCoder_Beginner_Contest_119_-_Synthetic_Kadomatsu,CWE-398,,CWE-398,,,False
llama/gen_1/00002/0101_p03414_AtCoder_Regular_Contest_092_-_Two_Faced_Edges,llama,gen_1,p03414_AtCoder_Regular_Contest_092_-_Two_Faced_Edges,CWE-398,,CWE-398,,,False
llama/gen_1/00002/0102_p03574_AtCoder_Beginner_Contest_075_-_Minesweeper,llama,gen_1,p03574_AtCoder_Beginner_Contest_075_-_Minesweeper,CWE-398,,CWE-398,,,False
llama/gen_1/00002/0110_p00786_BUT_We_Need_a_Diagram,llama,gen_1,p00786_BUT_We_Need_a_Diagram,CWE-398,,CWE-398,,,False
llama/gen_1/00002/0114_p01320_Magical_Island_2,llama,gen_1,p01320_Magical_Island_2,CWE-398,,CWE-398,,,False
llama/gen_1/00002/0120_p02216_Array_Game,llama,gen_1,p02216_Array_Game,CWE-398,,CWE-398,,,False
llama/gen_1/00002/0124_1045_F._Shady_Lady,llama,gen_1,1045_F_Shady_Lady,CWE-398,,CWE-398,,,False
llama/gen_1/00002/0128_1139_E._Maximize_Mex,llama,gen_1,1139_E_Maximize_Mex,CWE-398,,CWE-398,,,False
llama/gen_1/00002/0129_1157_E._Minimum_Array,llama,gen_1,1157_E_Minimum_Array,CWE-563,,CWE-563,,,False
llama/gen_1/00002/0132_1215_B._The_Number_of_Products,llama,gen_1,1215_B_The_Number_of_Products,,CWE-190,,CWE-190,,False
llama/gen_1/00002/0132_1215_B._The_Number_of_Products.cpp,llama,gen_1,1215_B_The_Number_of_Products,,CWE-190,,CWE-190,,False
llama/gen_1/00002/0133_1238_D._AB-string,llama,gen_1,1238_D_AB-string,CWE-398|CWE-563,,CWE-398|CWE-563,,,False
llama/gen_1/00002/0138_1342_E._Placing_Rooks,llama,gen_1,1342_E_Placing_Rooks,,CWE-122,,CWE-122,,False
llama/gen_1/00002/0138_1342_E._Placing_Rooks.cpp,llama,gen_1,1342_E_Placing_Rooks,,CWE-122,,CWE-122,,False
llama/gen_1/00002/0140_1384_F._Rearrange,llama,gen_1,1384_F_Rearrange,CWE-398,,CWE-398,,,False
llama/gen_1/00002/0141_1406_C._Link_Cut_Centroids,llama,gen_1,1406_C_Link_Cut_Centroids,CWE-398|CWE-786,,CWE-398|CWE-786,,,False
llama/gen_1/00002/0142_1427_D._Unshuffling_a_Deck,llama,gen_1,1427_D_Unshuffling_a_Deck,CWE-398,,CWE-398,,,False
llama/gen_1/00002/0143_1450_D._Rating_Compression,llama,gen_1,1450_D_Rating_Compression,CWE-398,,CWE-398,,,False
llama/gen_1/00002/0149_198_D._Cube_Snake,llama,gen_1,198_D_Cube_Snake,CWE-398|CWE-563,,CWE-398|CWE-563,,,False
llama/gen_1/00002/0153_294_A._Shaass_and_Oskols,llama,gen_1,294_A_Shaass_and_Oskols,CWE-398,,CWE-398,,,False
llama/gen_1/00002/0154_317_D._Game_with_Powers,llama,gen_1,317_D_Game_with_Powers,CWE-398,,CWE-398,,,False
llama/gen_1/00002/0155_341_D._Iahub_and_Xors,llama,gen_1,341_D_Iahub_and_Xors,CWE-398,,CWE-398,,,False
llama/gen_1/00002/0159_436_D._Pudding_Monsters,llama,gen_1,436_D_Pudding_Monsters,CWE-563,,CWE-563,,,False
llama/gen_1/00002/0160_459_E._Pashmak_and_Graph,llama,gen_1,459_E_Pashmak_and_Graph,CWE-398,CWE-122,CWE-398,CWE-122,,False
llama/gen_1/00002/0160_459_E._Pashmak_and_Graph.cpp,llama,gen_1,459_E_Pashmak_and_Graph,,CWE-122,,CWE-122,,False
llama/gen_1/00002/0161_480_D._Parcels,llama,gen_1,480_D_Parcels,CWE-563,,CWE-563,,,False
llama/gen_1/00002/0162_505_D._Mr._Kitayuta_s_Technology,llama,gen_1,505_D_Mr_Kitayuta_s_Technology,CWE-398,,CWE-398,,,False
llama/gen_1/00002/0164_554_E._Love_Triangles,llama,gen_1,554_E_Love_Triangles,CWE-398,,CWE-398,,,False
llama/gen_1/00002/0165_580_D._Kefa_and_Dishes,llama,gen_1,580_D_Kefa_and_Dishes,CWE-398|CWE-563,CWE-125,CWE-398|CWE-563,CWE-125,,False
llama/gen_1/00002/0165_580_D._Kefa_and_Dishes.cpp,llama,gen_1,580_D_Kefa_and_Dishes,,CWE-125,,CWE-125,,False
llama/gen_1/00002/0168_673_C._Bear_and_Colors,llama,gen_1,673_C_Bear_and_Colors,CWE-398,,CWE-398,,,False
llama/gen_1/00002/0169_698_D._Limak_and_Shooting_Points,llama,gen_1,698_D_Limak_and_Shooting_Points,CWE-398,CWE-190,CWE-398,CWE-190,,False
llama/gen_1/00002/0169_698_D._Limak_and_Shooting_Points.cpp,llama,gen_1,698_D_Limak_and_Shooting_Points,,CWE-190,,CWE-190,,False
llama/gen_1/00002/0170_719_E._Sasha_and_Array,llama,gen_1,719_E_Sasha_and_Array,,CWE-125,,CWE-125,,False
llama/gen_1/00002/0170_719_E._Sasha_and_Array.cpp,llama,gen_1,719_E_Sasha_and_Array,,CWE-125,,CWE-125,,False
llama/gen_1/00002/0171_740_B._Alyona_and_flowers,llama,gen_1,740_B_Alyona_and_flowers,,CWE-190,,CWE-190,,False
llama/gen_1/00002/0171_740_B._Alyona_and_flowers.cpp,llama,gen_1,740_B_Alyona_and_flowers,,CWE-190,,CWE-190,,False
llama/gen_1/00002/0173_787_C._Berzerk,llama,gen_1,787_C_Berzerk,CWE-398,,CWE-398,,,False
llama/gen_1/00002/0174_808_G._Anthem_of_Berland,llama,gen_1,808_G_Anthem_of_Berland,CWE-571,,CWE-571,,,False
llama/gen_1/00002/0175_833_C._Ever-Hungry_Krakozyabra,llama,gen_1,833_C_Ever-Hungry_Krakozyabra,CWE-398,,CWE-398,,,False
llama/gen_1/00002/0176_854_A._Fraction,llama,gen_1,854_A_Fraction,CWE-398,,CWE-398,,,False
llama/gen_1/00002/0182_99_B._Help_Chef_Gerasim,llama,gen_1,99_B_Help_Chef_Gerasim,CWE-398|CWE-563,,CWE-398|CWE-563,,,False
llama/gen_1/00002/0183_p02539_ACL_Beginner_Contest_-_Heights_and_Pairs,llama,gen_1,p02539_ACL_Beginner_Contest_-_Heights_and_Pairs,CWE-398,,CWE-398,,,False
llama/gen_1/00002/0187_p03072_AtCoder_Beginner_Contest_124_-_Great_Ocean_View,llama,gen_1,p03072_AtCoder_Beginner_Contest_124_-_Great_Ocean_View,CWE-563,,CWE-563,,,False
llama/gen_1/00002/0189_p03363_AtCoder_Grand_Contest_023_-_Zero-Sum_Ranges,llama,gen_1,p03363_AtCoder_Grand_Contest_023_-_Zero-Sum_Ranges,CWE-398|CWE-563,,CWE-398|CWE-563,,,False
llama/gen_1/00002/0191_p03686_AtCoder_Regular_Contest_076_-_Exhausted_,llama,gen_1,p03686_AtCoder_Regular_Contest_076_-_Exhausted_,CWE-398,,CWE-398,,,False
llama/gen_1/00002/0195_p00224_Bicycle_Diet,llama,gen_1,p00224_Bicycle_Diet,CWE-563,,CWE-563,,,False
llama/gen_1/00002/0196_p00386_Gathering,llama,gen_1,p00386_Gathering,CWE-788,,CWE-788,,,False
llama/gen_1/00002/0198_p00738_Roll-A-Big-Ball,llama,gen_1,p00738_Roll-A-Big-Ball,CWE-398,,CWE-398,,,False
llama/gen_1/00002/0201_p01141_Lifeguard_in_the_Pool,llama,gen_1,p01141_Lifeguard_in_the_Pool,CWE-398,,CWE-398,,,False
llama/gen_1/00002/0204_p01600_Tree_Construction,llama,gen_1,p01600_Tree_Construction,CWE-563,,CWE-563,,,False
llama/gen_1/00002/0207_p02033_Arrow,llama,gen_1,p02033_Arrow,CWE-398,,CWE-398,,,False
llama/gen_1/00002/0213_1045_D._Interstellar_battle,llama,gen_1,1045_D_Interstellar_battle,CWE-563,,CWE-563,,,False
llama/gen_1/00002/0217_1139_C._Edgy_Trees,llama,gen_1,1139_C_Edgy_Trees,,CWE-190,,CWE-190,,False
llama/gen_1/00002/0217_1139_C._Edgy_Trees.cpp,llama,gen_1,1139_C_Edgy_Trees,,CWE-190,,CWE-190,,False
llama/gen_1/00002/0219_1179_E._Alesya_and_Discrete_Math,llama,gen_1,1179_E_Alesya_and_Discrete_Math,CWE-398|CWE-563,,CWE-398|CWE-563,,,False
llama/gen_1/00002/0220_1198_A._MP3,llama,gen_1,1198_A_MP3,CWE-398,,CWE-398,,,False
llama/gen_1/00002/0223_1256_C._Platforms_Jumping,llama,gen_1,1256_C_Platforms_Jumping,CWE-398,,CWE-398,,,False
llama/gen_1/00002/0224_127_C._Hot_Bath,llama,gen_1,127_C_Hot_Bath,,CWE-190|CWE-369,,CWE-190|CWE-369,,False
llama/gen_1/00002/0224_127_C._Hot_Bath.cpp,llama,gen_1,127_C_Hot_Bath,,CWE-190|CWE-369,,CWE-190|CWE-369,,False
llama/gen_1/00002/0228_1364_C._Ehab_and_Prefix_MEXs,llama,gen_1,1364_C_Ehab_and_Prefix_MEXs,,CWE-122,,CWE-122,,False
llama/gen_1/00002/0228_1364_C._Ehab_and_Prefix_MEXs.cpp,llama,gen_1,1364_C_Ehab_and_Prefix_MEXs,,CWE-122,,CWE-122,,False
llama/gen_1/00002/0229_1384_D._GameGame,llama,gen_1,1384_D_GameGame,CWE-398,,CWE-398,,,False
llama/gen_1/00002/0230_1406_A._Subset_Mex,llama,gen_1,1406_A_Subset_Mex,CWE-398,,CWE-398,,,False
llama/gen_1/00002/0231_1427_B._Chess_Cheater,llama,gen_1,1427_B_Chess_Cheater,CWE-398|CWE-563,,CWE-398|CWE-563,,,False
llama/gen_1/00002/0232_1450_B._Balls_of_Steel,llama,gen_1,1450_B_Balls_of_Steel,CWE-398,,CWE-398,,,False
llama/gen_1/00002/0233_1473_G._Tiles,llama,gen_1,1473_G_Tiles,CWE-398,,CWE-398,,,False
llama/gen_1/00002/0235_1523_B._Lord_of_the_Values,llama,gen_1,1523_B_Lord_of_the_Values,CWE-398,,CWE-398,,,False
llama/gen_1/00002/0237_177_C1._Party,llama,gen_1,177_C1_Party,CWE-398,,CWE-398,,,False
llama/gen_1/00002/0238_198_B._Jumping_on_Walls,llama,gen_1,198_B_Jumping_on_Walls,CWE-571,,CWE-571,,,False
llama/gen_1/00002/0241_270_B._Multithreading,llama,gen_1,270_B_Multithreading,CWE-570,,CWE-570,,,False
llama/gen_1/00002/0245_364_D._Ghd,llama,gen_1,364_D_Ghd,CWE-398,,CWE-398,,,False
llama/gen_1/00002/0248_436_B._Om_Nom_and_Spiders,llama,gen_1,436_B_Om_Nom_and_Spiders,CWE-119|CWE-398,,CWE-119|CWE-398,,,False
llama/gen_1/00002/0250_480_B._Long_Jumps,llama,gen_1,480_B_Long_Jumps,CWE-398,,CWE-398,,,False
llama/gen_1/00002/0254_580_B._Kefa_and_Company,llama,gen_1,580_B_Kefa_and_Company,,CWE-190,,CWE-190,,False
llama/gen_1/00002/0254_580_B._Kefa_and_Company.cpp,llama,gen_1,580_B_Kefa_and_Company,,CWE-190,,CWE-190,,False
llama/gen_1/00002/0255_602_A._Two_Bases,llama,gen_1,602_A_Two_Bases,CWE-398,,CWE-398,,,False
llama/gen_1/00002/0256_624_D._Array_GCD,llama,gen_1,624_D_Array_GCD,,CWE-190,,CWE-190,,False
llama/gen_1/00002/0256_624_D._Array_GCD.cpp,llama,gen_1,624_D_Array_GCD,,CWE-190,,CWE-190,,False
llama/gen_1/00002/0257_673_A._Bear_and_Game,llama,gen_1,673_A_Bear_and_Game,CWE-563,,CWE-563,,,False
llama/gen_1/00002/0258_698_B._Fix_a_Tree,llama,gen_1,698_B_Fix_a_Tree,CWE-398,,CWE-398,,,False
llama/gen_1/00002/0261_763_D._Timofey_and_a_flat_tree,llama,gen_1,763_D_Timofey_and_a_flat_tree,CWE-398,,CWE-398,,,False
llama/gen_1/00002/0264_833_A._The_Meaningless_Game,llama,gen_1,833_A_The_Meaningless_Game,CWE-758,CWE-190,CWE-758,CWE-190,,False
llama/gen_1/00002/0264_833_A._The_Meaningless_Game.cpp,llama,gen_1,833_A_The_Meaningless_Game,,CWE-190,,CWE-190,,False
llama/gen_1/00002/0266_878_B._Teams_Formation,llama,gen_1,878_B_Teams_Formation,CWE-398,CWE-190,CWE-398,CWE-190,,False
llama/gen_1/00002/0266_878_B._Teams_Formation.cpp,llama,gen_1,878_B_Teams_Formation,,CWE-190,,CWE-190,,False
llama/gen_1/00002/0268_924_A._Mystical_Mosaic,llama,gen_1,924_A_Mystical_Mosaic,CWE-119,,CWE-119,,,False
llama/gen_1/00002/0270_979_E._Kuro_and_Topological_Parity,llama,gen_1,979_E_Kuro_and_Topological_Parity,CWE-571,,CWE-571,,,False
llama/gen_1/00002/0279_p03519_CODE_FESTIVAL_2017_Elimination_Tournament_Round_1__Parallel__-_Paired_Parentheses,llama,gen_1,p03519_CODE_FESTIVAL_2017_Elimination_Tournament_Round_1__Parallel__-_Paired_Parentheses,CWE-398,,CWE-398,,,False
llama/gen_1/00002/0280_p03684_AtCoder_Regular_Contest_076_-_Built_,llama,gen_1,p03684_AtCoder_Regular_Contest_076_-_Built_,CWE-398,,CWE-398,,,False
llama/gen_2/00000_2/0000_1012_E._Cycle_sort,llama,gen_2,1012_E_Cycle_sort,CWE-398|CWE-664,,CWE-398|CWE-664,,,False
llama/gen_2/00000_2/0001_1037_E._Trips,llama,gen_2,1037_E_Trips,CWE-398,,CWE-398,,,False
llama/gen_2/00000_2/0003_1081_G._Mergesort_Strikes_Back,llama,gen_2,1081_G_Mergesort_Strikes_Back,,CWE-190,,CWE-190,,False
llama/gen_2/00000_2/0003_1081_G._Mergesort_Strikes_Back.cpp,llama,gen_2,1081_G_Mergesort_Strikes_Back,,CWE-190,,CWE-190,,False
llama/gen_2/00000_2/0005_1149_E._Election_Promises,llama,gen_2,1149_E_Election_Promises,CWE-398,,CWE-398,,,False
llama/gen_2/00000_2/0014_1398_A._Bad_Triangle,llama,gen_2,1398_A_Bad_Triangle,CWE-398,,CWE-398,,,False
llama/gen_2/00000_2/0017_1466_F._Euclid_s_nightmare,llama,gen_2,1466_F_Euclid_s_nightmare,CWE-398,,CWE-398,,,False
llama/gen_2/00000_2/0018_1490_G._Old_Floppy_Drive_,llama,gen_2,1490_G_Old_Floppy_Drive_,CWE-398,,CWE-398,,,False
llama/gen_2/00000_2/0023_235_D._Graph_Game,llama,gen_2,235_D_Graph_Game,CWE-398,,CWE-398,,,False
llama/gen_2/00000_2/0024_260_B._Ancient_Prophesy,llama,gen_2,260_B_Ancient_Prophesy,CWE-398,,CWE-398,,,False
llama/gen_2/00000_2/0027_331_E2._Deja_Vu,llama,gen_2,331_E2_Deja_Vu,CWE-563,,CWE-563,,,False
llama/gen_2/00000_2/0033_494_D._Birthday,llama,gen_2,494_D_Birthday,CWE-398,,CWE-398,,,False
llama/gen_2/00000_2/0034_519_B._A_and_B_and_Compilation_Errors,llama,gen_2,519_B_A_and_B_and_Compilation_Errors,CWE-398,CWE-476,CWE-398,CWE-476,,False
llama/gen_2/00000_2/0034_519_B._A_and_B_and_Compilation_Errors.cpp,llama,gen_2,519_B_A_and_B_and_Compilation_Errors,,CWE-476,,CWE-476,,False
llama/gen_2/00000_2/0036_571_E._Geometric_Progressions,llama,gen_2,571_E_Geometric_Progressions,CWE-398,,CWE-398,,,False
llama/gen_2/00000_2/0039_634_C._Factory_Repairs,llama,gen_2,634_C_Factory_Repairs,CWE-398,,CWE-398,,,False
llama/gen_2/00000_2/0041_687_D._Dividing_Kingdom_II,llama,gen_2,687_D_Dividing_Kingdom_II,CWE-398,,CWE-398,,,False
llama/gen_2/00000_2/0042_70_C._Lucky_Tickets,llama,gen_2,70_C_Lucky_Tickets,,CWE-190,,CWE-190,,False
llama/gen_2/00000_2/0042_70_C._Lucky_Tickets.cpp,llama,gen_2,70_C_Lucky_Tickets,,CWE-190,,CWE-190,,False
llama/gen_2/00000_2/0046_7_B._Memory_Manager,llama,gen_2,7_B_Memory_Manager,CWE-398,,CWE-398,,,False
llama/gen_2/00000_2/0048_846_E._Chemistry_in_Berland,llama,gen_2,846_E_Chemistry_in_Berland,,CWE-190,,CWE-190,,False
llama/gen_2/00000_2/0048_846_E._Chemistry_in_Berland.cpp,llama,gen_2,846_E_Chemistry_in_Berland,,CWE-190,,CWE-190,,False
llama/gen_2/00000_2/0052_938_B._Run_For_Your_Prize,llama,gen_2,938_B_Run_For_Your_Prize,CWE-398,,CWE-398,,,False
llama/gen_2/00000_2/0054_990_E._Post_Lamps,llama,gen_2,990_E_Post_Lamps,,CWE-190,,CWE-190,,False
llama/gen_2/00000_2/0054_990_E._Post_Lamps.cpp,llama,gen_2,990_E_Post_Lamps,,CWE-190,,CWE-190,,False
llama/gen_2/00000_2/0056_p02744_Panasonic_Programming_Contest_2020_-_String_Equivalence,llama,gen_2,p02744_Panasonic_Programming_Contest_2020_-_String_Equivalence,CWE-398,,CWE-398,,,False
llama/gen_2/00000_2/0060_p03297_AtCoder_Grand_Contest_026_-_rng_10s,llama,gen_2,p03297_AtCoder_Grand_Contest_026_-_rng_10s,CWE-563|CWE-571,,CWE-563|CWE-571,,,False
llama/gen_2/00000_2/0062_p03616_AtCoder_Regular_Contest_082_-_Sandglass,llama,gen_2,p03616_AtCoder_Regular_Contest_082_-_Sandglass,CWE-398,,CWE-398,,,False
llama/gen_2/00000_2/0064_p03943_AtCoder_Beginner_Contest_047_-_Fighting_over_Candies,llama,gen_2,p03943_AtCoder_Beginner_Contest_047_-_Fighting_over_Candies,CWE-570,,CWE-570,,,False
llama/gen_2/00000_2/0067_p00323_Metal_Recycling,llama,gen_2,p00323_Metal_Recycling,CWE-369|CWE-398|CWE-563,,CWE-369|CWE-398|CWE-563,,,False
llama/gen_2/00000_2/0070_p00822_Weather_Forecast,llama,gen_2,p00822_Weather_Forecast,CWE-398,,CWE-398,,,False
llama/gen_2/00000_2/0073_p01222_Walk_under_a_Scorching_Sun,llama,gen_2,p01222_Walk_under_a_Scorching_Sun,CWE-398|CWE-563,,CWE-398|CWE-563,,,False
llama/gen_2/00000_2/0080_p02260_Selection_Sort,llama,gen_2,p02260_Selection_Sort,CWE-398,,CWE-398,,,False
llama/gen_2/00000_2/0082_101_C._Vectors,llama,gen_2,101_C_Vectors,CWE-398,CWE-190,CWE-398,CWE-190,,False
llama/gen_2/00000_2/0082_101_C._Vectors.cpp,llama,gen_2,101_C_Vectors,,CWE-190,,CWE-190,,False
llama/gen_2/00000_2/0084_1065_F._Up_and_Down_the_Tree,llama,gen_2,1065_F_Up_and_Down_the_Tree,,CWE-476,,CWE-476,,False
llama/gen_2/00000_2/0084_1065_F._Up_and_Down_the_Tree.cpp,llama,gen_2,1065_F_Up_and_Down_the_Tree,,CWE-476,,CWE-476,,False
llama/gen_2/00000_2/0087_1136_D._Nastya_Is_Buying_Lunch,llama,gen_2,1136_D_Nastya_Is_Buying_Lunch,CWE-398,,CWE-398,,,False
llama/gen_2/00000_2/0089_1176_F._Destroy_it_,llama,gen_2,1176_F_Destroy_it_,CWE-398,,CWE-398,,,False
llama/gen_2/00000_2/0090_1195_D2._Submarine_in_the_Rybinsk_Sea__hard_edition_,llama,gen_2,1195_D2_Submarine_in_the_Rybinsk_Sea__hard_edition_,CWE-398,,CWE-398,,,False
llama/gen_2/00000_2/0092_1253_F._Cheap_Robot,llama,gen_2,1253_F_Cheap_Robot,CWE-398|CWE-563,,CWE-398|CWE-563,,,False
llama/gen_2/00000_2/0095_133_D._Piet,llama,gen_2,133_D_Piet,CWE-398|CWE-563,CWE-122,CWE-398|CWE-563,CWE-122,,False
llama/gen_2/00000_2/0095_133_D._Piet.cpp,llama,gen_2,133_D_Piet,,CWE-122,,CWE-122,,False
llama/gen_2/00000_2/0096_1361_E._James_and_the_Chase,llama,gen_2,1361_E_James_and_the_Chase,CWE-398,,CWE-398,,,False
llama/gen_2/00000_2/0097_1382_A._Common_Subsequence,llama,gen_2,1382_A_Common_Subsequence,CWE-398,,CWE-398,,,False
llama/gen_2/00000_2/0098_1424_N._BubbleSquare_Tokens,llama,gen_2,1424_N_BubbleSquare_Tokens,CWE-398,,CWE-398,,,False
llama/gen_2/00000_2/0102_151_C._Win_or_Freeze,llama,gen_2,151_C_Win_or_Freeze,CWE-398,CWE-190,CWE-398,CWE-190,,False
llama/gen_2/00000_2/0102_151_C._Win_or_Freeze.cpp,llama,gen_2,151_C_Win_or_Freeze,,CWE-190,,CWE-190,,False
llama/gen_2/00000_2/0114_405_E._Graph_Cutting,llama,gen_2,405_E_Graph_Cutting,CWE-398|CWE-786,,CWE-398|CWE-786,,,False
llama/gen_2/00000_2/0116_455_C._Civilization,llama,gen_2,455_C_Civilization,CWE-398,,CWE-398,,,False
llama/gen_2/00000_2/0118_500_C._New_Year_Book_Reading,llama,gen_2,500_C_New_Year_Book_Reading,CWE-398|CWE-786,CWE-122,CWE-398|CWE-786,CWE-122,,False
llama/gen_2/00000_2/0118_500_C._New_Year_Book_Reading.cpp,llama,gen_2,500_C_New_Year_Book_Reading,,CWE-122,,CWE-122,,False
llama/gen_2/00000_2/0120_551_B._ZgukistringZ,llama,gen_2,551_B_ZgukistringZ,CWE-563,,CWE-563,,,False
llama/gen_2/00000_2/0123_621_D._Rat_Kwesh_and_Cheese,llama,gen_2,621_D_Rat_Kwesh_and_Cheese,CWE-563,,CWE-563,,,False
llama/gen_2/00000_2/0132_851_B._Arpa_and_an_exam_about_geometry,llama,gen_2,851_B_Arpa_and_an_exam_about_geometry,CWE-563,CWE-190,CWE-563,CWE-190,,False
llama/gen_2/00000_2/0132_851_B._Arpa_and_an_exam_about_geometry.cpp,llama,gen_2,851_B_Arpa_and_an_exam_about_geometry,,CWE-190,,CWE-190,,False
llama/gen_2/00000_2/0135_920_E._Connected_Components_,llama,gen_2,920_E_Connected_Components_,CWE-398,,CWE-398,,,False
llama/gen_2/00000_2/0139_p02652_AtCoder_Grand_Contest_045_-_01_Unbalanced,llama,gen_2,p02652_AtCoder_Grand_Contest_045_-_01_Unbalanced,CWE-398,,CWE-398,,,False
llama/gen_2/00000_2/0142_p03052_diverta_2019_Programming_Contest_-_Edge_Ordering,llama,gen_2,p03052_diverta_2019_Programming_Contest_-_Edge_Ordering,CWE-398|CWE-563,,CWE-398|CWE-563,,,False
llama/gen_2/00000_2/0148_p03986_AtCoder_Grand_Contest_005_-_STring,llama,gen_2,p03986_AtCoder_Grand_Contest_005_-_STring,CWE-398|CWE-563,,CWE-398|CWE-563,,,False
llama/gen_2/00000_2/0150_p00206_Next_Trip,llama,gen_2,p00206_Next_Trip,CWE-398,,CWE-398,,,False
llama/gen_2/00000_2/0152_p00573_Commuter_Pass,llama,gen_2,p00573_Commuter_Pass,CWE-398|CWE-788,,CWE-398|CWE-788,,,False
llama/gen_2/00000_2/0153_p00720_Earth_Observation_with_a_Mobile_Robot_Team,llama,gen_2,p00720_Earth_Observation_with_a_Mobile_Robot_Team,CWE-398|CWE-563,,CWE-398|CWE-563,,,False
llama/gen_2/00000_2/0154_p00860_The_Morning_after_Halloween,llama,gen_2,p00860_The_Morning_after_Halloween,CWE-398,,CWE-398,,,False
llama/gen_2/00000_2/0157_p01262_Adaptive_Time_Slicing_Quantization,llama,gen_2,p01262_Adaptive_Time_Slicing_Quantization,CWE-398,,CWE-398,,,False
llama/gen_2/00000_2/0159_p01576_Exciting_Bicycle,llama,gen_2,p01576_Exciting_Bicycle,CWE-398|CWE-563,,CWE-398|CWE-563,,,False
llama/gen_2/00000_2/0160_p01738_Gravity_Point,llama,gen_2,p01738_Gravity_Point,CWE-563,,CWE-563,,,False
llama/gen_2/00000_2/0162_p02014_Rough_Sorting,llama,gen_2,p02014_Rough_Sorting,CWE-563,,CWE-563,,,False
llama/gen_2/00000_2/0166_1012_B._Chemical_table,llama,gen_2,1012_B_Chemical_table,CWE-398,,CWE-398,,,False
llama/gen_2/00000_2/0167_1037_B._Reach_Median,llama,gen_2,1037_B_Reach_Median,CWE-398,,CWE-398,,,False
llama/gen_2/00000_2/0168_105_C._Item_World,llama,gen_2,105_C_Item_World,CWE-398,CWE-122|CWE-476,CWE-398,CWE-122|CWE-476,,False
llama/gen_2/00000_2/0168_105_C._Item_World.cpp,llama,gen_2,105_C_Item_World,,CWE-122|CWE-476,,CWE-122|CWE-476,,False
llama/gen_2/00000_2/0171_1129_A2._Toy_Train,llama,gen_2,1129_A2_Toy_Train,,CWE-122|CWE-476,,CWE-122|CWE-476,,False
llama/gen_2/00000_2/0171_1129_A2._Toy_Train.cpp,llama,gen_2,1129_A2_Toy_Train,,CWE-122|CWE-476,,CWE-122|CWE-476,,False
llama/gen_2/00000_2/0172_1149_B._Three_Religions,llama,gen_2,1149_B_Three_Religions,CWE-398,,CWE-398,,,False
llama/gen_2/00000_2/0173_1189_A._Keanu_Reeves,llama,gen_2,1189_A_Keanu_Reeves,CWE-398,,CWE-398,,,False
llama/gen_2/00000_2/0177_1269_B._Modulo_Equality,llama,gen_2,1269_B_Modulo_Equality,CWE-398,,CWE-398,,,False
llama/gen_2/00000_2/0181_1354_C2._Not_So_Simple_Polygon_Embedding,llama,gen_2,1354_C2_Not_So_Simple_Polygon_Embedding,CWE-563,,CWE-563,,,False
llama/gen_2/00000_2/0184_1420_D._Rescue_Nibel_,llama,gen_2,1420_D_Rescue_Nibel_,CWE-398|CWE-563,,CWE-398|CWE-563,,,False
llama/gen_2/00000_2/0188_209_B._Pixels,llama,gen_2,209_B_Pixels,,CWE-190,,CWE-190,,False
llama/gen_2/00000_2/0188_209_B._Pixels.cpp,llama,gen_2,209_B_Pixels,,CWE-190,,CWE-190,,False
llama/gen_2/00000_2/0191_425_A._Sereja_and_Swaps,llama,gen_2,425_A_Sereja_and_Swaps,,CWE-190,,CWE-190,,False
llama/gen_2/00000_2/0191_425_A._Sereja_and_Swaps.cpp,llama,gen_2,425_A_Sereja_and_Swaps,,CWE-190,,CWE-190,,False
llama/gen_2/00000_2/0192_449_D._Jzzhu_and_Numbers,llama,gen_2,449_D_Jzzhu_and_Numbers,,CWE-190,,CWE-190,,False
llama/gen_2/00000_2/0192_449_D._Jzzhu_and_Numbers.cpp,llama,gen_2,449_D_Jzzhu_and_Numbers,,CWE-190,,CWE-190,,False
llama/gen_2/00000_2/0193_494_A._Treasure,llama,gen_2,494_A_Treasure,,CWE-122|CWE-190|CWE-476,,CWE-122|CWE-190|CWE-476,,False
llama/gen_2/00000_2/0193_494_A._Treasure.cpp,llama,gen_2,494_A_Treasure,,CWE-122|CWE-190|CWE-476,,CWE-122|CWE-190|CWE-476,,False
llama/gen_2/00000_2/0196_614_C._Peter_and_Snow_Blower,llama,gen_2,614_C_Peter_and_Snow_Blower,CWE-398,,CWE-398,,,False
llama/gen_2/00000_2/0200_709_E._Centroids,llama,gen_2,709_E_Centroids,CWE-398,,CWE-398,,,False
llama/gen_2/00000_2/0201_730_G._Car_Repair_Shop,llama,gen_2,730_G_Car_Repair_Shop,CWE-398|CWE-563,,CWE-398|CWE-563,,,False
llama/gen_2/00000_2/0204_79_D._Password,llama,gen_2,79_D_Password,,CWE-125|CWE-190,,CWE-125|CWE-190,,False
llama/gen_2/00000_2/0204_79_D._Password.cpp,llama,gen_2,79_D_Password,,CWE-125|CWE-190,,CWE-125|CWE-190,,False
llama/gen_2/00000_2/0205_820_A._Mister_B_and_Book_Reading,llama,gen_2,820_A_Mister_B_and_Book_Reading,,CWE-190,,CWE-190,,False
llama/gen_2/00000_2/0205_820_A._Mister_B_and_Book_Reading.cpp,llama,gen_2,820_A_Mister_B_and_Book_Reading,,CWE-190,,CWE-190,,False
llama/gen_2/00000_2/0206_846_B._Math_Show,llama,gen_2,846_B_Math_Show,,CWE-122,,CWE-122,,False
llama/gen_2/00000_2/0206_846_B._Math_Show.cpp,llama,gen_2,846_B_Math_Show,,CWE-122,,CWE-122,,False
llama/gen_2/00000_2/0210_937_D._Sleepy_Game,llama,gen_2,937_D_Sleepy_Game,CWE-398,,CWE-398,,,False
llama/gen_2/00000_2/0211_962_F._Simple_Cycles_Edges,llama,gen_2,962_F_Simple_Cycles_Edges,CWE-398,,CWE-398,,,False
llama/gen_2/00000_2/0214_p02741_Panasonic_Programming_Contest_2020_-_Kth_Term,llama,gen_2,p02741_Panasonic_Programming_Contest_2020_-_Kth_Term,CWE-398,,CWE-398,,,False
llama/gen_2/00000_2/0215_p02876_AtCoder_Grand_Contest_040_-_Balance_Beam,llama,gen_2,p02876_AtCoder_Grand_Contest_040_-_Balance_Beam,CWE-398,,CWE-398,,,False
llama/gen_2/00000_2/0230_p01083_RedBlue,llama,gen_2,p01083_RedBlue,CWE-398|CWE-563,,CWE-398|CWE-563,,,False
llama/gen_2/00000_2/0231_p01219_Private_Teacher,llama,gen_2,p01219_Private_Teacher,CWE-398,,CWE-398,,,False
llama/gen_2/00000_2/0232_p01353_Rabbit_Plays_Games_,llama,gen_2,p01353_Rabbit_Plays_Games_,CWE-398|CWE-563,,CWE-398|CWE-563,,,False
llama/gen_2/00000_2/0233_p01535_Markup_language_has_Declined,llama,gen_2,p01535_Markup_language_has_Declined,CWE-398|CWE-570,,CWE-398|CWE-570,,,False
llama/gen_2/00000_2/0234_p01691_Disappear_Drive,llama,gen_2,p01691_Disappear_Drive,CWE-398,,CWE-398,,,False
llama/gen_2/00000_2/0235_p01835_Donut_Decoration,llama,gen_2,p01835_Donut_Decoration,CWE-398,,CWE-398,,,False
llama/gen_2/00000_2/0236_p01970_The_Diversity_of_Prime_Factorization,llama,gen_2,p01970_The_Diversity_of_Prime_Factorization,CWE-398|CWE-570,,CWE-398|CWE-570,,,False
llama/gen_2/00000_2/0237_p02117_Picnic,llama,gen_2,p02117_Picnic,CWE-788,,CWE-788,,,False
llama/gen_2/00000_2/0240_1007_E._Mini_Metro,llama,gen_2,1007_E_Mini_Metro,CWE-563,CWE-190,CWE-563,CWE-190,,False
llama/gen_2/00000_2/0240_1007_E._Mini_Metro.cpp,llama,gen_2,1007_E_Mini_Metro,,CWE-190,,CWE-190,,False
llama/gen_2/00000_2/0243_1075_D._Intersecting_Subtrees,llama,gen_2,1075_D_Intersecting_Subtrees,CWE-398|CWE-563,,CWE-398|CWE-563,,,False
llama/gen_2/00000_2/0244_1096_E._The_Top_Scorer,llama,gen_2,1096_E_The_Top_Scorer,,CWE-122,,CWE-122,,False
llama/gen_2/00000_2/0244_1096_E._The_Top_Scorer.cpp,llama,gen_2,1096_E_The_Top_Scorer,,CWE-122,,CWE-122,,False
llama/gen_2/00000_2/0245_1117_F._Crisp_String,llama,gen_2,1117_F_Crisp_String,,CWE-122,,CWE-122,,False
llama/gen_2/00000_2/0245_1117_F._Crisp_String.cpp,llama,gen_2,1117_F_Crisp_String,,CWE-122,,CWE-122,,False
llama/gen_2/00000_2/0246_1144_B._Parity_Alternated_Deletions,llama,gen_2,1144_B_Parity_Alternated_Deletions,CWE-398,,CWE-398,,,False
llama/gen_2/00000_2/0247_1165_A._Remainder,llama,gen_2,1165_A_Remainder,CWE-398,,CWE-398,,,False
llama/gen_2/00000_2/0248_1184_B3._The_Doctor_Meets_Vader__Hard_,llama,gen_2,1184_B3_The_Doctor_Meets_Vader__Hard_,CWE-398,,CWE-398,,,False
llama/gen_2/00000_2/0249_1202_C._You_Are_Given_a_WASD-string...,llama,gen_2,1202_C_You_Are_Given_a_WASD-string,CWE-563,,CWE-563,,,False
llama/gen_2/00000_2/0250_1219_H._Function_Composition,llama,gen_2,1219_H_Function_Composition,CWE-398|CWE-563,,CWE-398|CWE-563,,,False
llama/gen_2/00000_2/0254_1304_E._1-Trees_and_Queries,llama,gen_2,1304_E_1-Trees_and_Queries,CWE-570,,CWE-570,,,False
llama/gen_2/00000_2/0255_1328_F._Make_k_Equal,llama,gen_2,1328_F_Make_k_Equal,CWE-398,,CWE-398,,,False
llama/gen_2/00000_2/0256_1348_F._Phoenix_and_Memory,llama,gen_2,1348_F_Phoenix_and_Memory,CWE-398,,CWE-398,,,False
llama/gen_2/00000_2/0261_147_B._Smile_House,llama,gen_2,147_B_Smile_House,CWE-398,,CWE-398,,,False
llama/gen_2/00001_2/0000_152_E._Garden,llama,gen_2,152_E_Garden,CWE-398,,CWE-398,,,False
llama/gen_2/00001_2/0001_161_B._Discounts,llama,gen_2,161_B_Discounts,CWE-398,,CWE-398,,,False
llama/gen_2/00001_2/0002_180_D._Name,llama,gen_2,180_D_Name,CWE-398,,CWE-398,,,False
llama/gen_2/00001_2/0003_203_E._Transportation,llama,gen_2,203_E_Transportation,CWE-398,CWE-190,CWE-398,CWE-190,,False
llama/gen_2/00001_2/0003_203_E._Transportation.cpp,llama,gen_2,203_E_Transportation,,CWE-190,,CWE-190,,False
llama/gen_2/00001_2/0004_228_D._Zigzag,llama,gen_2,228_D_Zigzag,,CWE-190,,CWE-190,,False
llama/gen_2/00001_2/0004_228_D._Zigzag.cpp,llama,gen_2,228_D_Zigzag,,CWE-190,,CWE-190,,False
llama/gen_2/00001_2/0005_252_B._Unsorting_Array,llama,gen_2,252_B_Unsorting_Array,CWE-398,,CWE-398,,,False
llama/gen_2/00001_2/0008_348_A._Mafia,llama,gen_2,348_A_Mafia,CWE-398,,CWE-398,,,False
llama/gen_2/00001_2/0009_371_B._Fox_Dividing_Cheese,llama,gen_2,371_B_Fox_Dividing_Cheese,CWE-398,CWE-190,CWE-398,CWE-190,,False
llama/gen_2/00001_2/0009_371_B._Fox_Dividing_Cheese.cpp,llama,gen_2,371_B_Fox_Dividing_Cheese,,CWE-190,,CWE-190,,False
llama/gen_2/00001_2/0011_415_E._Mashmokh_and_Reverse_Operation,llama,gen_2,415_E_Mashmokh_and_Reverse_Operation,CWE-398,,CWE-398,,,False
llama/gen_2/00001_2/0013_464_D._World_of_Darkraft_-_2,llama,gen_2,464_D_World_of_Darkraft_-_2,,CWE-125,,CWE-125,,False
llama/gen_2/00001_2/0013_464_D._World_of_Darkraft_-_2.cpp,llama,gen_2,464_D_World_of_Darkraft_-_2,,CWE-125,,CWE-125,,False
llama/gen_2/00001_2/0014_488_C._Fight_the_Monster,llama,gen_2,488_C_Fight_the_Monster,,CWE-369,,CWE-369,,False
llama/gen_2/00001_2/0014_488_C._Fight_the_Monster.cpp,llama,gen_2,488_C_Fight_the_Monster,,CWE-369,,CWE-369,,False
llama/gen_2/00001_2/0015_512_B._Fox_And_Jumping,llama,gen_2,512_B_Fox_And_Jumping,,CWE-190,,CWE-190,,False
llama/gen_2/00001_2/0015_512_B._Fox_And_Jumping.cpp,llama,gen_2,512_B_Fox_And_Jumping,,CWE-190,,CWE-190,,False
llama/gen_2/00001_2/0018_586_F._Lizard_Era__Beginning,llama,gen_2,586_F_Lizard_Era__Beginning,CWE-563|CWE-783,,CWE-563|CWE-783,,,False
llama/gen_2/00001_2/0019_609_B._The_Best_Gift,llama,gen_2,609_B_The_Best_Gift,CWE-398,,CWE-398,,,False
llama/gen_2/00001_2/0021_656_E._Out_of_Controls,llama,gen_2,656_E_Out_of_Controls,CWE-563,,CWE-563,,,False
llama/gen_2/00001_2/0022_67_E._Save_the_City_,llama,gen_2,67_E_Save_the_City_,CWE-398,,CWE-398,,,False
llama/gen_2/00001_2/0023_702_E._Analysis_of_Pathes_in_Functional_Graph,llama,gen_2,702_E_Analysis_of_Pathes_in_Functional_Graph,CWE-563,,CWE-563,,,False
llama/gen_2/00001_2/0029_83_C._Track,llama,gen_2,83_C_Track,CWE-398|CWE-457,,CWE-398|CWE-457,,,False
llama/gen_2/00001_2/0031_886_D._Restoration_of_string,llama,gen_2,886_D_Restoration_of_string,CWE-398,,CWE-398,,,False
llama/gen_2/00001_2/0035_985_A._Chess_Placing,llama,gen_2,985_A_Chess_Placing,CWE-825,CWE-122,CWE-825,CWE-122,,False
llama/gen_2/00001_2/0035_985_A._Chess_Placing.cpp,llama,gen_2,985_A_Chess_Placing,,CWE-122,,CWE-122,,False
llama/gen_2/00001_2/0036_p02574_AtCoder_Beginner_Contest_177_-_Coprime,llama,gen_2,p02574_AtCoder_Beginner_Contest_177_-_Coprime,CWE-398,,CWE-398,,,False
llama/gen_2/00001_2/0044_p03725_AtCoder_Grand_Contest_014_-_Closed_Rooms,llama,gen_2,p03725_AtCoder_Grand_Contest_014_-_Closed_Rooms,CWE-457,,CWE-457,,,False
llama/gen_2/00001_2/0045_p03889_CODE_FESTIVAL_2016_Relay__Parallel__-_Mirror_String,llama,gen_2,p03889_CODE_FESTIVAL_2016_Relay__Parallel__-_Mirror_String,CWE-398,,CWE-398,,,False
llama/gen_2/00001_2/0048_p00260_Cats_Going_Straight,llama,gen_2,p00260_Cats_Going_Straight,CWE-563,,CWE-563,,,False
llama/gen_2/00001_2/0053_p01046_Yu-kun_Likes_a_lot_of_Money,llama,gen_2,p01046_Yu-kun_Likes_a_lot_of_Money,CWE-457,,CWE-457,,,False
llama/gen_2/00001_2/0054_p01179_Cousin_s_Aunt,llama,gen_2,p01179_Cousin_s_Aunt,CWE-398,,CWE-398,,,False
llama/gen_2/00001_2/0059_p02069_Universal_and_Existential_Quantifiers,llama,gen_2,p02069_Universal_and_Existential_Quantifiers,CWE-398,,CWE-398,,,False
llama/gen_2/00001_2/0060_p02211_Apple_Adventure,llama,gen_2,p02211_Apple_Adventure,CWE-457,,CWE-457,,,False
llama/gen_2/00001_2/0061_p02365_Minimum-Cost_Arborescence,llama,gen_2,p02365_Minimum-Cost_Arborescence,CWE-786,,CWE-786,,,False
llama/gen_2/00001_2/0065_1091_G._New_Year_and_the_Factorisation_Collaboration,llama,gen_2,1091_G_New_Year_and_the_Factorisation_Collaboration,,CWE-125|CWE-369,,CWE-125|CWE-369,,False
llama/gen_2/00001_2/0065_1091_G._New_Year_and_the_Factorisation_Collaboration.cpp,llama,gen_2,1091_G_New_Year_and_the_Factorisation_Collaboration,,CWE-125|CWE-369,,CWE-125|CWE-369,,False
llama/gen_2/00001_2/0068_1158_F._Density_of_subarrays,llama,gen_2,1158_F_Density_of_subarrays,CWE-398,CWE-190,CWE-398,CWE-190,,False
llama/gen_2/00001_2/0068_1158_F._Density_of_subarrays.cpp,llama,gen_2,1158_F_Density_of_subarrays,,CWE-190,,CWE-190,,False
llama/gen_2/00001_2/0069_1180_E._Serge_and_Dining_Room,llama,gen_2,1180_E_Serge_and_Dining_Room,CWE-398,CWE-122,CWE-398,CWE-122,,False
llama/gen_2/00001_2/0069_1180_E._Serge_and_Dining_Room.cpp,llama,gen_2,1180_E_Serge_and_Dining_Room,,CWE-122,,CWE-122,,False
llama/gen_2/00001_2/0070_1199_E._Matching_vs_Independent_Set,llama,gen_2,1199_E_Matching_vs_Independent_Set,CWE-563,,CWE-563,,,False
llama/gen_2/00001_2/0071_1216_D._Swords,llama,gen_2,1216_D_Swords,CWE-398,,CWE-398,,,False
llama/gen_2/00001_2/0073_1257_G._Divisor_Set,llama,gen_2,1257_G_Divisor_Set,CWE-398,,CWE-398,,,False
llama/gen_2/00001_2/0079_1408_A._Circle_Coloring,llama,gen_2,1408_A_Circle_Coloring,CWE-398,,CWE-398,,,False
llama/gen_2/00001_2/0080_1500_B._Two_chandeliers,llama,gen_2,1500_B_Two_chandeliers,CWE-563,,CWE-563,,,False
llama/gen_2/00001_2/0081_1525_D._Armchairs,llama,gen_2,1525_D_Armchairs,,CWE-190,,CWE-190,,False
llama/gen_2/00001_2/0081_1525_D._Armchairs.cpp,llama,gen_2,1525_D_Armchairs,,CWE-190,,CWE-190,,False
llama/gen_2/00001_2/0084_19_B._Checkout_Assistant,llama,gen_2,19_B_Checkout_Assistant,,CWE-190,,CWE-190,,False
llama/gen_2/00001_2/0084_19_B._Checkout_Assistant.cpp,llama,gen_2,19_B_Checkout_Assistant,,CWE-190,,CWE-190,,False
llama/gen_2/00001_2/0086_248_A._Cupboards,llama,gen_2,248_A_Cupboards,CWE-563,,CWE-563,,,False
llama/gen_2/00001_2/0087_272_B._Dima_and_Sequence,llama,gen_2,272_B_Dima_and_Sequence,CWE-398,,CWE-398,,,False
llama/gen_2/00001_2/0091_87_B._Vasya_and_Types,llama,gen_2,87_B_Vasya_and_Types,CWE-398,,CWE-398,,,False
llama/gen_2/00001_2/0092_903_D._Almost_Difference,llama,gen_2,903_D_Almost_Difference,CWE-563,,CWE-563,,,False
llama/gen_2/00001_2/0095_9_E._Interesting_Graph_and_Apples,llama,gen_2,9_E_Interesting_Graph_and_Apples,,CWE-122,,CWE-122,,False
llama/gen_2/00001_2/0095_9_E._Interesting_Graph_and_Apples.cpp,llama,gen_2,9_E_Interesting_Graph_and_Apples,,CWE-122,,CWE-122,,False
llama/gen_2/00001_2/0097_p02679_AtCoder_Beginner_Contest_168_-____Bullet_,llama,gen_2,p02679_AtCoder_Beginner_Contest_168_-____Bullet_,CWE-398,,CWE-398,,,False
llama/gen_2/00001_2/0101_p03225_Tenka1_Programmer_Contest_-_Equilateral,llama,gen_2,p03225_Tenka1_Programmer_Contest_-_Equilateral,CWE-398,,CWE-398,,,False
llama/gen_2/00001_2/0102_p03371_AtCoder_Beginner_Contest_095_-_Half_and_Half,llama,gen_2,p03371_AtCoder_Beginner_Contest_095_-_Half_and_Half,CWE-398|CWE-563,,CWE-398|CWE-563,,,False
llama/gen_2/00001_2/0104_p03694_AtCoder_Beginner_Contest_064_-_Traveling_AtCoDeer_Problem,llama,gen_2,p03694_AtCoder_Beginner_Contest_064_-_Traveling_AtCoDeer_Problem,CWE-398,,CWE-398,,,False
llama/gen_2/00001_2/0108_p00232_Life_Game,llama,gen_2,p00232_Life_Game,CWE-398,,CWE-398,,,False
llama/gen_2/00001_2/0109_p00395_Maze_and_Items,llama,gen_2,p00395_Maze_and_Items,CWE-457,,CWE-457,,,False
llama/gen_2/00001_2/0110_p00610_Cleaning_Robot_2,llama,gen_2,p00610_Cleaning_Robot_2,CWE-563,,CWE-563,,,False
llama/gen_2/00001_2/0112_p00886_Towns_along_a_Highway,llama,gen_2,p00886_Towns_along_a_Highway,CWE-398|CWE-786,,CWE-398|CWE-786,,,False
llama/gen_2/00001_2/0115_p01289_Strange_Couple,llama,gen_2,p01289_Strange_Couple,CWE-563,,CWE-563,,,False
llama/gen_2/00001_2/0116_p01458_Kth_Sentence,llama,gen_2,p01458_Kth_Sentence,CWE-398,,CWE-398,,,False
llama/gen_2/00001_2/0121_p02185_Many_Decimal_Integers,llama,gen_2,p02185_Many_Decimal_Integers,CWE-398,,CWE-398,,,False
llama/gen_2/00001_2/0122_p02327_Largest_Rectangle,llama,gen_2,p02327_Largest_Rectangle,CWE-398,,CWE-398,,,False
llama/gen_2/00001_2/0124_1011_A._Stages,llama,gen_2,1011_A_Stages,CWE-398,,CWE-398,,,False
llama/gen_2/00001_2/0127_1080_C._Masha_and_two_friends,llama,gen_2,1080_C_Masha_and_two_friends,CWE-197,,CWE-197,,,False
llama/gen_2/00001_2/0128_10_B._Cinema_Cashier,llama,gen_2,10_B_Cinema_Cashier,CWE-563,,CWE-563,,,False
llama/gen_2/00001_2/0130_1148_C._Crazy_Diamond,llama,gen_2,1148_C_Crazy_Diamond,CWE-398,,CWE-398,,,False
llama/gen_2/00001_2/0132_1187_G._Gang_Up,llama,gen_2,1187_G_Gang_Up,CWE-398|CWE-563,,CWE-398|CWE-563,,,False
llama/gen_2/00001_2/0135_1249_D1._Too_Many_Segments__easy_version_,llama,gen_2,1249_D1_Too_Many_Segments__easy_version_,CWE-563|CWE-786,,CWE-563|CWE-786,,,False
llama/gen_2/00001_2/0136_1267_L._Lexicography,llama,gen_2,1267_L_Lexicography,,CWE-122,,CWE-122,,False
llama/gen_2/00001_2/0136_1267_L._Lexicography.cpp,llama,gen_2,1267_L_Lexicography,,CWE-122,,CWE-122,,False
llama/gen_2/00001_2/0142_1396_A._Multiples_of_Length,llama,gen_2,1396_A_Multiples_of_Length,,CWE-190,,CWE-190,,False
llama/gen_2/00001_2/0142_1396_A._Multiples_of_Length.cpp,llama,gen_2,1396_A_Multiples_of_Length,,CWE-190,,CWE-190,,False
llama/gen_2/00001_2/0147_1511_F._Chainword,llama,gen_2,1511_F_Chainword,CWE-398|CWE-563,CWE-121,CWE-398|CWE-563,CWE-121,,False
llama/gen_2/00001_2/0147_1511_F._Chainword.cpp,llama,gen_2,1511_F_Chainword,,CWE-121,,CWE-121,,False
llama/gen_2/00001_2/0148_1539_D._PriceFixed,llama,gen_2,1539_D_PriceFixed,CWE-563,,CWE-563,,,False
llama/gen_2/00001_2/0149_166_A._Rank_List,llama,gen_2,166_A_Rank_List,CWE-398,,CWE-398,,,False
llama/gen_2/00001_2/0150_187_B._AlgoRace,llama,gen_2,187_B_AlgoRace,CWE-190,,CWE-190,,,False
llama/gen_2/00001_2/0157_352_E._Jeff_and_Brackets,llama,gen_2,352_E_Jeff_and_Brackets,CWE-398,,CWE-398,,,False
llama/gen_2/00001_2/0159_421_D._Bug_in_Code,llama,gen_2,421_D_Bug_in_Code,CWE-398,,CWE-398,,,False
llama/gen_2/00001_2/0160_448_B._Suffix_Structures,llama,gen_2,448_B_Suffix_Structures,CWE-398,,CWE-398,,,False
llama/gen_2/00001_2/0162_492_D._Vanya_and_Computer_Game,llama,gen_2,492_D_Vanya_and_Computer_Game,CWE-563,CWE-190,CWE-563,CWE-190,,False
llama/gen_2/00001_2/0162_492_D._Vanya_and_Computer_Game.cpp,llama,gen_2,492_D_Vanya_and_Computer_Game,,CWE-190,,CWE-190,,False
llama/gen_2/00001_2/0163_516_C._Drazil_and_Park,llama,gen_2,516_C_Drazil_and_Park,CWE-398|CWE-563,,CWE-398|CWE-563,,,False
llama/gen_2/00001_2/0170_708_C._Centroids,llama,gen_2,708_C_Centroids,CWE-664,,CWE-664,,,False
llama/gen_2/00001_2/0171_750_F._New_Year_and_Finding_Roots,llama,gen_2,750_F_New_Year_and_Finding_Roots,,CWE-122,,CWE-122,,False
llama/gen_2/00001_2/0171_750_F._New_Year_and_Finding_Roots.cpp,llama,gen_2,750_F_New_Year_and_Finding_Roots,,CWE-122,,CWE-122,,False
llama/gen_2/00001_2/0173_799_D._Field_expansion,llama,gen_2,799_D_Field_expansion,,CWE-190,,CWE-190,,False
llama/gen_2/00001_2/0173_799_D._Field_expansion.cpp,llama,gen_2,799_D_Field_expansion,,CWE-190,,CWE-190,,False
llama/gen_2/00001_2/0175_845_B._Luba_And_The_Ticket,llama,gen_2,845_B_Luba_And_The_Ticket,CWE-570,,CWE-570,,,False
llama/gen_2/00001_2/0179_989_E._A_Trance_of_Nightfall,llama,gen_2,989_E_A_Trance_of_Nightfall,CWE-398|CWE-563,,CWE-398|CWE-563,,,False
llama/gen_2/00001_2/0180_p02603_M-SOLUTIONS_Programming_Contest_2020_-_Road_to_Millionaire,llama,gen_2,p02603_M-SOLUTIONS_Programming_Contest_2020_-_Road_to_Millionaire,CWE-563,,CWE-563,,,False
llama/gen_2/00001_2/0184_p03443_AtCoder_Petrozavodsk_Contest_001_-_Colorful_Doors,llama,gen_2,p03443_AtCoder_Petrozavodsk_Contest_001_-_Colorful_Doors,CWE-398|CWE-563,,CWE-398|CWE-563,,,False
llama/gen_2/00001_2/0186_p03762_AtCoder_Beginner_Contest_058_-____,llama,gen_2,p03762_AtCoder_Beginner_Contest_058_-____,CWE-398,,CWE-398,,,False
llama/gen_2/00001_2/0187_p03932_square869120Contest__3_-_Souvenirs,llama,gen_2,p03932_square869120Contest__3_-_Souvenirs,CWE-398,,CWE-398,,,False
llama/gen_2/00001_2/0188_p00025_Hit_and_Blow,llama,gen_2,p00025_Hit_and_Blow,CWE-398,,CWE-398,,,False
llama/gen_2/00001_2/0189_p00156_Moats_around_the_Castle,llama,gen_2,p00156_Moats_around_the_Castle,CWE-398,,CWE-398,,,False
llama/gen_2/00001_2/0192_p00669_K_Cards,llama,gen_2,p00669_K_Cards,CWE-398,,CWE-398,,,False
llama/gen_2/00001_2/0193_p00812_Equals_are_Equals,llama,gen_2,p00812_Equals_are_Equals,CWE-398,,CWE-398,,,False
llama/gen_2/00001_2/0194_p00943_Routing_a_Marathon_Race,llama,gen_2,p00943_Routing_a_Marathon_Race,CWE-398|CWE-786,,CWE-398|CWE-786,,,False
llama/gen_2/00001_2/0196_p01210_Speed,llama,gen_2,p01210_Speed,CWE-398|CWE-563,,CWE-398|CWE-563,,,False
llama/gen_2/00001_2/0197_p01346_Ropeway,llama,gen_2,p01346_Ropeway,CWE-563,,CWE-563,,,False
llama/gen_2/00001_2/0202_p02110_Settler,llama,gen_2,p02110_Settler,CWE-398,,CWE-398,,,False
llama/gen_2/00001_2/0205_103_C._Russian_Roulette,llama,gen_2,103_C_Russian_Roulette,CWE-571,,CWE-571,,,False
llama/gen_2/00001_2/0211_1173_E2._Nauuo_and_Pictures__hard_version_,llama,gen_2,1173_E2_Nauuo_and_Pictures__hard_version_,CWE-398,,CWE-398,,,False
llama/gen_2/00001_2/0216_1271_C._Shawarma_Tent,llama,gen_2,1271_C_Shawarma_Tent,CWE-398,,CWE-398,,,False
llama/gen_2/00001_2/0220_139_D._Digits_Permutations,llama,gen_2,139_D_Digits_Permutations,CWE-398,CWE-122,CWE-398,CWE-122,,False
llama/gen_2/00001_2/0220_139_D._Digits_Permutations.cpp,llama,gen_2,139_D_Digits_Permutations,,CWE-122,,CWE-122,,False
llama/gen_2/00001_2/0224_1493_C._K-beautiful_Strings,llama,gen_2,1493_C_K-beautiful_Strings,CWE-398,,CWE-398,,,False
llama/gen_2/00001_2/0229_215_A._Bicycle_Chain,llama,gen_2,215_A_Bicycle_Chain,CWE-398,,CWE-398,,,False
llama/gen_2/00001_2/0230_239_A._Two_Bags_of_Potatoes,llama,gen_2,239_A_Two_Bags_of_Potatoes,CWE-398,,CWE-398,,,False
llama/gen_2/00001_2/0233_312_D._Cats_Transport,llama,gen_2,312_D_Cats_Transport,CWE-563,,CWE-563,,,False
llama/gen_2/00001_2/0235_358_B._Dima_and_Text_Messages,llama,gen_2,358_B_Dima_and_Text_Messages,CWE-563,,CWE-563,,,False
llama/gen_2/00001_2/0237_401_E._Olympic_Games,llama,gen_2,401_E_Olympic_Games,CWE-398,,CWE-398,,,False
llama/gen_2/00001_2/0240_474_C._Captain_Marmot,llama,gen_2,474_C_Captain_Marmot,CWE-398,,CWE-398,,,False
llama/gen_2/00001_2/0242_521_C._Pluses_everywhere,llama,gen_2,521_C_Pluses_everywhere,CWE-398,,CWE-398,,,False
llama/gen_2/00001_2/0243_548_E._Mike_and_Foam,llama,gen_2,548_E_Mike_and_Foam,CWE-398,,CWE-398,,,False
llama/gen_2/00001_2/0244_575_B._Bribes,llama,gen_2,575_B_Bribes,CWE-398,,CWE-398,,,False
llama/gen_2/00001_2/0247_638_D._Three-dimensional_Turtle_Super_Computer_,llama,gen_2,638_D_Three-dimensional_Turtle_Super_Computer_,CWE-398,,CWE-398,,,False
llama/gen_2/00001_2/0248_666_B._World_Tour,llama,gen_2,666_B_World_Tour,CWE-398,,CWE-398,,,False
llama/gen_2/00001_2/0250_712_D._Memory_and_Scores,llama,gen_2,712_D_Memory_and_Scores,,CWE-122,,CWE-122,,False
llama/gen_2/00001_2/0250_712_D._Memory_and_Scores.cpp,llama,gen_2,712_D_Memory_and_Scores,,CWE-122,,CWE-122,,False
llama/gen_2/00001_2/0252_757_D._Felicity_s_Big_Secret_Revealed,llama,gen_2,757_D_Felicity_s_Big_Secret_Revealed,CWE-398,,CWE-398,,,False
llama/gen_2/00002_2/0001_848_C._Goodbye_Souvenir,llama,gen_2,848_C_Goodbye_Souvenir,CWE-398,,CWE-398,,,False
llama/gen_2/00002_2/0003_896_E._Welcome_home__Chtholly,llama,gen_2,896_E_Welcome_home__Chtholly,CWE-398,,CWE-398,,,False
llama/gen_2/00002_2/0004_918_A._Eleven,llama,gen_2,918_A_Eleven,CWE-398,,CWE-398,,,False
llama/gen_2/00002_2/0005_940_A._Points_on_the_line,llama,gen_2,940_A_Points_on_the_line,CWE-563,,CWE-563,,,False
llama/gen_2/00002_2/0007_993_D._Compute_Power,llama,gen_2,993_D_Compute_Power,CWE-190|CWE-398,CWE-190,CWE-398,,CWE-190,True
llama/gen_2/00002_2/0007_993_D._Compute_Power.cpp,llama,gen_2,993_D_Compute_Power,,CWE-190,,CWE-190,,False
llama/gen_2/00002_2/0008_p02630_AtCoder_Beginner_Contest_171_-_Replacing,llama,gen_2,p02630_AtCoder_Beginner_Contest_171_-_Replacing,CWE-398,,CWE-398,,,False
llama/gen_2/00002_2/0009_p02761_AtCoder_Beginner_Contest_157_-_Guess_The_Number,llama,gen_2,p02761_AtCoder_Beginner_Contest_157_-_Guess_The_Number,CWE-398,,CWE-398,,,False
llama/gen_2/00002_2/0013_p03318_AtCoder_Beginner_Contest_101_-_Snuke_Numbers,llama,gen_2,p03318_AtCoder_Beginner_Contest_101_-_Snuke_Numbers,CWE-571,,CWE-571,,,False
llama/gen_2/00002_2/0014_p03474_AtCoder_Beginner_Contest_084_-_Postal_Code,llama,gen_2,p03474_AtCoder_Beginner_Contest_084_-_Postal_Code,CWE-398,,CWE-398,,,False
llama/gen_2/00002_2/0022_p00698_Missing_Numbers,llama,gen_2,p00698_Missing_Numbers,CWE-398,,CWE-398,,,False
llama/gen_2/00002_2/0023_p00839_Organize_Your_Train,llama,gen_2,p00839_Organize_Your_Train,CWE-398,,CWE-398,,,False
llama/gen_2/00002_2/0024_p00971_Shortest_Common_Non-Subsequence,llama,gen_2,p00971_Shortest_Common_Non-Subsequence,CWE-398,,CWE-398,,,False
llama/gen_2/00002_2/0026_p01240_Oil_Company,llama,gen_2,p01240_Oil_Company,CWE-571,,CWE-571,,,False
llama/gen_2/00002_2/0028_p01556_ConvexCut,llama,gen_2,p01556_ConvexCut,CWE-398,,CWE-398,,,False
llama/gen_2/00002_2/0030_p01856_Typhoon,llama,gen_2,p01856_Typhoon,CWE-398,,CWE-398,,,False
llama/gen_2/00002_2/0032_p02137_Special_Chat,llama,gen_2,p02137_Special_Chat,CWE-398,,CWE-398,,,False
llama/gen_2/00002_2/0034_p02425_Bit_Flag,llama,gen_2,p02425_Bit_Flag,CWE-758,,CWE-758,,,False
llama/gen_2/00002_2/0039_1097_B._Petr_and_a_Combination_Lock,llama,gen_2,1097_B_Petr_and_a_Combination_Lock,CWE-398,,CWE-398,,,False
llama/gen_2/00002_2/0040_1118_C._Palindromic_Matrix,llama,gen_2,1118_C_Palindromic_Matrix,CWE-664,,CWE-664,,,False
llama/gen_2/00002_2/0042_1165_E._Two_Arrays_and_Sum_of_Functions,llama,gen_2,1165_E_Two_Arrays_and_Sum_of_Functions,CWE-197,,CWE-197,,,False
llama/gen_2/00002_2/0045_121_C._Lucky_Permutation,llama,gen_2,121_C_Lucky_Permutation,,CWE-190,,CWE-190,,False
llama/gen_2/00002_2/0045_121_C._Lucky_Permutation.cpp,llama,gen_2,121_C_Lucky_Permutation,,CWE-190,,CWE-190,,False
llama/gen_2/00002_2/0046_1244_G._Running_in_Pairs,llama,gen_2,1244_G_Running_in_Pairs,,CWE-190,,CWE-190,,False
llama/gen_2/00002_2/0046_1244_G._Running_in_Pairs.cpp,llama,gen_2,1244_G_Running_in_Pairs,,CWE-190,,CWE-190,,False
llama/gen_2/00002_2/0049_1305_B._Kuroni_and_Simple_Strings,llama,gen_2,1305_B_Kuroni_and_Simple_Strings,CWE-398|CWE-563,,CWE-398|CWE-563,,,False
llama/gen_2/00002_2/0051_1349_D._Slime_and_Biscuits,llama,gen_2,1349_D_Slime_and_Biscuits,CWE-398,,CWE-398,,,False
llama/gen_2/00002_2/0054_1416_D._Graph_and_Queries,llama,gen_2,1416_D_Graph_and_Queries,CWE-786,,CWE-786,,,False
llama/gen_2/00002_2/0056_1458_B._Glass_Half_Spilled,llama,gen_2,1458_B_Glass_Half_Spilled,,CWE-190,,CWE-190,,False
llama/gen_2/00002_2/0056_1458_B._Glass_Half_Spilled.cpp,llama,gen_2,1458_B_Glass_Half_Spilled,,CWE-190,,CWE-190,,False
llama/gen_2/00002_2/0060_181_B._Number_of_Triplets,llama,gen_2,181_B_Number_of_Triplets,CWE-398,,CWE-398,,,False
llama/gen_2/00002_2/0061_204_D._Little_Elephant_and_Retro_Strings,llama,gen_2,204_D_Little_Elephant_and_Retro_Strings,CWE-398,,CWE-398,,,False
llama/gen_2/00002_2/0064_278_B._New_Problem,llama,gen_2,278_B_New_Problem,CWE-398,,CWE-398,,,False
llama/gen_2/00002_2/0066_325_D._Reclamation,llama,gen_2,325_D_Reclamation,CWE-398,,CWE-398,,,False
llama/gen_2/00002_2/0067_348_E._Pilgrims,llama,gen_2,348_E_Pilgrims,CWE-398,,CWE-398,,,False
llama/gen_2/00002_2/0071_443_B._Kolya_and_Tandem_Repeat,llama,gen_2,443_B_Kolya_and_Tandem_Repeat,,CWE-121|CWE-122,,CWE-121|CWE-122,,False
llama/gen_2/00002_2/0071_443_B._Kolya_and_Tandem_Repeat.cpp,llama,gen_2,443_B_Kolya_and_Tandem_Repeat,,CWE-121|CWE-122,,CWE-121|CWE-122,,False
llama/gen_2/00002_2/0072_465_C._No_to_Palindromes_,llama,gen_2,465_C_No_to_Palindromes_,CWE-398,,CWE-398,,,False
llama/gen_2/00002_2/0075_538_B._Quasi_Binary,llama,gen_2,538_B_Quasi_Binary,CWE-398,,CWE-398,,,False
llama/gen_2/00002_2/0077_587_D._Duff_in_Mafia,llama,gen_2,587_D_Duff_in_Mafia,CWE-398,,CWE-398,,,False
llama/gen_2/00002_2/0078_609_F._Frogs_and_mosquitoes,llama,gen_2,609_F_Frogs_and_mosquitoes,CWE-398,,CWE-398,,,False
llama/gen_2/00002_2/0079_630_E._A_rectangle,llama,gen_2,630_E_A_rectangle,,CWE-190,,CWE-190,,False
llama/gen_2/00002_2/0079_630_E._A_rectangle.cpp,llama,gen_2,630_E_A_rectangle,,CWE-190,,CWE-190,,False
llama/gen_2/00002_2/0083_725_C._Hidden_Word,llama,gen_2,725_C_Hidden_Word,CWE-398|CWE-786,CWE-122,CWE-398|CWE-786,CWE-122,,False
llama/gen_2/00002_2/0083_725_C._Hidden_Word.cpp,llama,gen_2,725_C_Hidden_Word,,CWE-122,,CWE-122,,False
llama/gen_2/00002_2/0087_815_B._Karen_and_Test,llama,gen_2,815_B_Karen_and_Test,,CWE-122,,CWE-122,,False
llama/gen_2/00002_2/0087_815_B._Karen_and_Test.cpp,llama,gen_2,815_B_Karen_and_Test,,CWE-122,,CWE-122,,False
llama/gen_2/00002_2/0088_840_B._Leha_and_another_game_about_graph,llama,gen_2,840_B_Leha_and_another_game_about_graph,CWE-398,,CWE-398,,,False
llama/gen_2/00002_2/0089_860_C._Tests_Renumeration,llama,gen_2,860_C_Tests_Renumeration,CWE-398,CWE-122,CWE-398,CWE-122,,False
llama/gen_2/00002_2/0089_860_C._Tests_Renumeration.cpp,llama,gen_2,860_C_Tests_Renumeration,,CWE-122,,CWE-122,,False
llama/gen_2/00002_2/0092_931_E._Game_with_String,llama,gen_2,931_E_Game_with_String,CWE-398,,CWE-398,,,False
llama/gen_2/00002_2/0093_958_F3._Lightsabers__hard_,llama,gen_2,958_F3_Lightsabers__hard_,CWE-398,,CWE-398,,,False
llama/gen_2/00002_2/0097_p02838_AtCoder_Beginner_Contest_147_-_Xor_Sum_4,llama,gen_2,p02838_AtCoder_Beginner_Contest_147_-_Xor_Sum_4,CWE-563,,CWE-563,,,False
llama/gen_2/00002_2/0098_p02975_AtCoder_Grand_Contest_035_-_XOR_Circle,llama,gen_2,p02975_AtCoder_Grand_Contest_035_-_XOR_Circle,CWE-398,,CWE-398,,,False
llama/gen_2/00002_2/0110_p00786_BUT_We_Need_a_Diagram,llama,gen_2,p00786_BUT_We_Need_a_Diagram,CWE-398|CWE-563,,CWE-398|CWE-563,,,False
llama/gen_2/00002_2/0111_p00918_Dragon_s_Cruller,llama,gen_2,p00918_Dragon_s_Cruller,CWE-562,,CWE-562,,,False
llama/gen_2/00002_2/0112_p01051_Squid_Ink,llama,gen_2,p01051_Squid_Ink,CWE-457,,CWE-457,,,False
llama/gen_2/00002_2/0115_p01488_TransferTrain,llama,gen_2,p01488_TransferTrain,CWE-398,,CWE-398,,,False
llama/gen_2/00002_2/0121_p02369_Cycle_Detection_for_a_Directed_Graph,llama,gen_2,p02369_Cycle_Detection_for_a_Directed_Graph,CWE-398,,CWE-398,,,False
llama/gen_2/00002_2/0123_1025_D._Recovering_BST,llama,gen_2,1025_D_Recovering_BST,CWE-398,,CWE-398,,,False
llama/gen_2/00002_2/0124_1045_F._Shady_Lady,llama,gen_2,1045_F_Shady_Lady,CWE-398,,CWE-398,,,False
llama/gen_2/00002_2/0128_1139_E._Maximize_Mex,llama,gen_2,1139_E_Maximize_Mex,CWE-398,,CWE-398,,,False
llama/gen_2/00002_2/0132_1215_B._The_Number_of_Products,llama,gen_2,1215_B_The_Number_of_Products,,CWE-190,,CWE-190,,False
llama/gen_2/00002_2/0132_1215_B._The_Number_of_Products.cpp,llama,gen_2,1215_B_The_Number_of_Products,,CWE-190,,CWE-190,,False
llama/gen_2/00002_2/0136_12_D._Ball,llama,gen_2,12_D_Ball,CWE-398,,CWE-398,,,False
llama/gen_2/00002_2/0138_1342_E._Placing_Rooks,llama,gen_2,1342_E_Placing_Rooks,,CWE-190,,CWE-190,,False
llama/gen_2/00002_2/0138_1342_E._Placing_Rooks.cpp,llama,gen_2,1342_E_Placing_Rooks,,CWE-190,,CWE-190,,False
llama/gen_2/00002_2/0139_1364_E._X-OR,llama,gen_2,1364_E_X-OR,CWE-786,,CWE-786,,,False
llama/gen_2/00002_2/0140_1384_F._Rearrange,llama,gen_2,1384_F_Rearrange,CWE-398,,CWE-398,,,False
llama/gen_2/00002_2/0142_1427_D._Unshuffling_a_Deck,llama,gen_2,1427_D_Unshuffling_a_Deck,CWE-398,CWE-122,CWE-398,CWE-122,,False
llama/gen_2/00002_2/0142_1427_D._Unshuffling_a_Deck.cpp,llama,gen_2,1427_D_Unshuffling_a_Deck,,CWE-122,,CWE-122,,False
llama/gen_2/00002_2/0146_1523_D._Love-Hate,llama,gen_2,1523_D_Love-Hate,CWE-398,,CWE-398,,,False
llama/gen_2/00002_2/0147_155_C._Hometask,llama,gen_2,155_C_Hometask,CWE-398,,CWE-398,,,False
llama/gen_2/00002_2/0153_294_A._Shaass_and_Oskols,llama,gen_2,294_A_Shaass_and_Oskols,CWE-398,,CWE-398,,,False
llama/gen_2/00002_2/0157_388_E._Fox_and_Meteor_Shower,llama,gen_2,388_E_Fox_and_Meteor_Shower,CWE-398,CWE-369,CWE-398,CWE-369,,False
llama/gen_2/00002_2/0157_388_E._Fox_and_Meteor_Shower.cpp,llama,gen_2,388_E_Fox_and_Meteor_Shower,,CWE-369,,CWE-369,,False
llama/gen_2/00002_2/0158_409_C._Magnum_Opus,llama,gen_2,409_C_Magnum_Opus,CWE-398,,CWE-398,,,False
llama/gen_2/00002_2/0160_459_E._Pashmak_and_Graph,llama,gen_2,459_E_Pashmak_and_Graph,CWE-398,,CWE-398,,,False
llama/gen_2/00002_2/0168_673_C._Bear_and_Colors,llama,gen_2,673_C_Bear_and_Colors,CWE-398,,CWE-398,,,False
llama/gen_2/00002_2/0170_719_E._Sasha_and_Array,llama,gen_2,719_E_Sasha_and_Array,,CWE-125,,CWE-125,,False
llama/gen_2/00002_2/0170_719_E._Sasha_and_Array.cpp,llama,gen_2,719_E_Sasha_and_Array,,CWE-125,,CWE-125,,False
llama/gen_2/00002_2/0171_740_B._Alyona_and_flowers,llama,gen_2,740_B_Alyona_and_flowers,,CWE-190,,CWE-190,,False
llama/gen_2/00002_2/0171_740_B._Alyona_and_flowers.cpp,llama,gen_2,740_B_Alyona_and_flowers,,CWE-190,,CWE-190,,False
llama/gen_2/00002_2/0179_924_C._Riverside_Curio,llama,gen_2,924_C_Riverside_Curio,CWE-398|CWE-786,CWE-122,CWE-398|CWE-786,CWE-122,,False
llama/gen_2/00002_2/0179_924_C._Riverside_Curio.cpp,llama,gen_2,924_C_Riverside_Curio,,CWE-122,,CWE-122,,False
llama/gen_2/00002_2/0180_952_E._Cheese_Board,llama,gen_2,952_E_Cheese_Board,CWE-398,,CWE-398,,,False
llama/gen_2/00002_2/0183_p02539_ACL_Beginner_Contest_-_Heights_and_Pairs,llama,gen_2,p02539_ACL_Beginner_Contest_-_Heights_and_Pairs,CWE-398,,CWE-398,,,False
llama/gen_2/00002_2/0185_p02799_Keyence_Programming_Contest_2020_-_Bichromization,llama,gen_2,p02799_Keyence_Programming_Contest_2020_-_Bichromization,CWE-398,,CWE-398,,,False
llama/gen_2/00002_2/0186_p02935_AtCoder_Beginner_Contest_138_-_Alchemist,llama,gen_2,p02935_AtCoder_Beginner_Contest_138_-_Alchemist,CWE-398,,CWE-398,,,False
llama/gen_2/00002_2/0187_p03072_AtCoder_Beginner_Contest_124_-_Great_Ocean_View,llama,gen_2,p03072_AtCoder_Beginner_Contest_124_-_Great_Ocean_View,CWE-398,,CWE-398,,,False
llama/gen_2/00002_2/0192_p03839_AtCoder_Grand_Contest_008_-_Contiguous_Repainting,llama,gen_2,p03839_AtCoder_Grand_Contest_008_-_Contiguous_Repainting,CWE-398,,CWE-398,,,False
llama/gen_2/00002_2/0198_p00738_Roll-A-Big-Ball,llama,gen_2,p00738_Roll-A-Big-Ball,CWE-398,,CWE-398,,,False
llama/gen_2/00002_2/0206_p01896_Folding_Paper,llama,gen_2,p01896_Folding_Paper,CWE-398,,CWE-398,,,False
llama/gen_2/00002_2/0207_p02033_Arrow,llama,gen_2,p02033_Arrow,CWE-398,,CWE-398,,,False
llama/gen_2/00002_2/0211_1000_A._Codehorses_T-shirts,llama,gen_2,1000_A_Codehorses_T-shirts,CWE-398,,CWE-398,,,False
llama/gen_2/00002_2/0215_1090_C._New_Year_Presents,llama,gen_2,1090_C_New_Year_Presents,CWE-398|CWE-563|CWE-786,CWE-122,CWE-398|CWE-563|CWE-786,CWE-122,,False
llama/gen_2/00002_2/0215_1090_C._New_Year_Presents.cpp,llama,gen_2,1090_C_New_Year_Presents,,CWE-122,,CWE-122,,False
llama/gen_2/00002_2/0218_1157_C2._Increasing_Subsequence__hard_version_,llama,gen_2,1157_C2_Increasing_Subsequence__hard_version_,CWE-398|CWE-563|CWE-571,,CWE-398|CWE-563|CWE-571,,,False
llama/gen_2/00002_2/0219_1179_E._Alesya_and_Discrete_Math,llama,gen_2,1179_E_Alesya_and_Discrete_Math,CWE-398,,CWE-398,,,False
llama/gen_2/00002_2/0220_1198_A._MP3,llama,gen_2,1198_A_MP3,CWE-398|CWE-563,,CWE-398|CWE-563,,,False
llama/gen_2/00002_2/0221_1214_H._Tiles_Placement,llama,gen_2,1214_H_Tiles_Placement,CWE-398,,CWE-398,,,False
llama/gen_2/00002_2/0223_1256_C._Platforms_Jumping,llama,gen_2,1256_C_Platforms_Jumping,CWE-563,,CWE-563,,,False
llama/gen_2/00002_2/0224_127_C._Hot_Bath,llama,gen_2,127_C_Hot_Bath,,CWE-190,,CWE-190,,False
llama/gen_2/00002_2/0224_127_C._Hot_Bath.cpp,llama,gen_2,127_C_Hot_Bath,,CWE-190,,CWE-190,,False
llama/gen_2/00002_2/0225_12_B._Correct_Solution_,llama,gen_2,12_B_Correct_Solution_,CWE-398,,CWE-398,,,False
llama/gen_2/00002_2/0226_1323_D._Present,llama,gen_2,1323_D_Present,CWE-398,,CWE-398,,,False
llama/gen_2/00002_2/0228_1364_C._Ehab_and_Prefix_MEXs,llama,gen_2,1364_C_Ehab_and_Prefix_MEXs,CWE-398,CWE-122,CWE-398,CWE-122,,False
llama/gen_2/00002_2/0228_1364_C._Ehab_and_Prefix_MEXs.cpp,llama,gen_2,1364_C_Ehab_and_Prefix_MEXs,,CWE-122,,CWE-122,,False
llama/gen_2/00002_2/0229_1384_D._GameGame,llama,gen_2,1384_D_GameGame,CWE-758,,CWE-758,,,False
llama/gen_2/00002_2/0233_1473_G._Tiles,llama,gen_2,1473_G_Tiles,CWE-398,,CWE-398,,,False
llama/gen_2/00002_2/0237_177_C1._Party,llama,gen_2,177_C1_Party,CWE-398,,CWE-398,,,False
llama/gen_2/00002_2/0241_270_B._Multithreading,llama,gen_2,270_B_Multithreading,CWE-398,,CWE-398,,,False
llama/gen_2/00002_2/0243_317_B._Ants,llama,gen_2,317_B_Ants,,CWE-190,,CWE-190,,False
llama/gen_2/00002_2/0243_317_B._Ants.cpp,llama,gen_2,317_B_Ants,,CWE-190,,CWE-190,,False
llama/gen_2/00002_2/0245_364_D._Ghd,llama,gen_2,364_D_Ghd,CWE-398,,CWE-398,,,False
llama/gen_2/00002_2/0247_409_A._The_Great_Game,llama,gen_2,409_A_The_Great_Game,CWE-398,,CWE-398,,,False
llama/gen_2/00002_2/0253_554_C._Kyoya_and_Colored_Balls,llama,gen_2,554_C_Kyoya_and_Colored_Balls,,CWE-190,,CWE-190,,False
llama/gen_2/00002_2/0253_554_C._Kyoya_and_Colored_Balls.cpp,llama,gen_2,554_C_Kyoya_and_Colored_Balls,,CWE-190,,CWE-190,,False
llama/gen_2/00002_2/0254_580_B._Kefa_and_Company,llama,gen_2,580_B_Kefa_and_Company,,CWE-190,,CWE-190,,False
llama/gen_2/00002_2/0254_580_B._Kefa_and_Company.cpp,llama,gen_2,580_B_Kefa_and_Company,,CWE-190,,CWE-190,,False
llama/gen_2/00002_2/0256_624_D._Array_GCD,llama,gen_2,624_D_Array_GCD,CWE-190,CWE-190,,,CWE-190,True
llama/gen_2/00002_2/0256_624_D._Array_GCD.cpp,llama,gen_2,624_D_Array_GCD,,CWE-190,,CWE-190,,False
llama/gen_2/00002_2/0258_698_B._Fix_a_Tree,llama,gen_2,698_B_Fix_a_Tree,CWE-398|CWE-563,,CWE-398|CWE-563,,,False
llama/gen_2/00002_2/0260_73_F._Plane_of_Tanks,llama,gen_2,73_F_Plane_of_Tanks,,CWE-476,,CWE-476,,False
llama/gen_2/00002_2/0260_73_F._Plane_of_Tanks.cpp,llama,gen_2,73_F_Plane_of_Tanks,,CWE-476,,CWE-476,,False
llama/gen_2/00002_2/0261_763_D._Timofey_and_a_flat_tree,llama,gen_2,763_D_Timofey_and_a_flat_tree,CWE-398|CWE-563,,CWE-398|CWE-563,,,False
llama/gen_2/00002_2/0266_878_B._Teams_Formation,llama,gen_2,878_B_Teams_Formation,,CWE-190,,CWE-190,,False
llama/gen_2/00002_2/0266_878_B._Teams_Formation.cpp,llama,gen_2,878_B_Teams_Formation,,CWE-190,,CWE-190,,False
llama/gen_2/00002_2/0267_901_D._Weighting_a_Tree,llama,gen_2,901_D_Weighting_a_Tree,,CWE-122,,CWE-122,,False
llama/gen_2/00002_2/0267_901_D._Weighting_a_Tree.cpp,llama,gen_2,901_D_Weighting_a_Tree,,CWE-122,,CWE-122,,False
llama/gen_2/00002_2/0268_924_A._Mystical_Mosaic,llama,gen_2,924_A_Mystical_Mosaic,CWE-119,,CWE-119,,,False
llama/gen_2/00002_2/0269_952_C._Ravioli_Sort,llama,gen_2,952_C_Ravioli_Sort,CWE-398,,CWE-398,,,False
llama/gen_2/00002_2/0270_979_E._Kuro_and_Topological_Parity,llama,gen_2,979_E_Kuro_and_Topological_Parity,,CWE-125,,CWE-125,,False
llama/gen_2/00002_2/0270_979_E._Kuro_and_Topological_Parity.cpp,llama,gen_2,979_E_Kuro_and_Topological_Parity,,CWE-125,,CWE-125,,False
llama/gen_2/00002_2/0271_999_F._Cards_and_Joy,llama,gen_2,999_F_Cards_and_Joy,,CWE-122,,CWE-122,,False
llama/gen_2/00002_2/0271_999_F._Cards_and_Joy.cpp,llama,gen_2,999_F_Cards_and_Joy,,CWE-122,,CWE-122,,False
llama/gen_2/00002_2/0279_p03519_CODE_FESTIVAL_2017_Elimination_Tournament_Round_1__Parallel__-_Paired_Parentheses,llama,gen_2,p03519_CODE_FESTIVAL_2017_Elimination_Tournament_Round_1__Parallel__-_Paired_Parentheses,CWE-398,,CWE-398,,,False
llama/gen_2/00002_2/0280_p03684_AtCoder_Regular_Contest_076_-_Built_,llama,gen_2,p03684_AtCoder_Regular_Contest_076_-_Built_,CWE-398,,CWE-398,,,False
llama/gen_3/00000_3/0000_1012_E._Cycle_sort,llama,gen_3,1012_E_Cycle_sort,CWE-398,,CWE-398,,,False
llama/gen_3/00000_3/0001_1037_E._Trips,llama,gen_3,1037_E_Trips,CWE-398,,CWE-398,,,False
llama/gen_3/00000_3/0006_1149_E._Election_Promises,llama,gen_3,1149_E_Election_Promises,,CWE-122,,CWE-122,,False
llama/gen_3/00000_3/0006_1149_E._Election_Promises.cpp,llama,gen_3,1149_E_Election_Promises,,CWE-122,,CWE-122,,False
llama/gen_3/00000_3/0008_1208_D._Restore_Permutation,llama,gen_3,1208_D_Restore_Permutation,,CWE-122,,CWE-122,,False
llama/gen_3/00000_3/0008_1208_D._Restore_Permutation.cpp,llama,gen_3,1208_D_Restore_Permutation,,CWE-122,,CWE-122,,False
llama/gen_3/00000_3/0009_1227_D1._Optimal_Subsequences__Easy_Version_,llama,gen_3,1227_D1_Optimal_Subsequences__Easy_Version_,CWE-398,,CWE-398,,,False
llama/gen_3/00000_3/0010_1269_E._K_Integers,llama,gen_3,1269_E_K_Integers,CWE-398,,CWE-398,,,False
llama/gen_3/00000_3/0011_1291_E._Prefix_Enlightenment,llama,gen_3,1291_E_Prefix_Enlightenment,CWE-398,,CWE-398,,,False
llama/gen_3/00000_3/0013_1334_D._Minimum_Euler_Cycle,llama,gen_3,1334_D_Minimum_Euler_Cycle,CWE-563,CWE-122,CWE-563,CWE-122,,False
llama/gen_3/00000_3/0013_1334_D._Minimum_Euler_Cycle.cpp,llama,gen_3,1334_D_Minimum_Euler_Cycle,,CWE-122,,CWE-122,,False
llama/gen_3/00000_3/0014_1354_F._Summoning_Minions,llama,gen_3,1354_F_Summoning_Minions,CWE-563,,CWE-563,,,False
llama/gen_3/00000_3/0017_1421_B._Putting_Bricks_in_the_Wall,llama,gen_3,1421_B_Putting_Bricks_in_the_Wall,CWE-398,,CWE-398,,,False
llama/gen_3/00000_3/0019_1466_F._Euclid_s_nightmare,llama,gen_3,1466_F_Euclid_s_nightmare,CWE-398,,CWE-398,,,False
llama/gen_3/00000_3/0020_1490_G._Old_Floppy_Drive_,llama,gen_3,1490_G_Old_Floppy_Drive_,CWE-398,,CWE-398,,,False
llama/gen_3/00000_3/0022_1540_C1._Converging_Array__Easy_Version_,llama,gen_3,1540_C1_Converging_Array__Easy_Version_,CWE-398,,CWE-398,,,False
llama/gen_3/00000_3/0026_260_B._Ancient_Prophesy,llama,gen_3,260_B_Ancient_Prophesy,CWE-398,,CWE-398,,,False
llama/gen_3/00000_3/0028_309_B._Context_Advertising,llama,gen_3,309_B_Context_Advertising,CWE-369,CWE-369,,,CWE-369,True
llama/gen_3/00000_3/0028_309_B._Context_Advertising.cpp,llama,gen_3,309_B_Context_Advertising,,CWE-369,,CWE-369,,False
llama/gen_3/00000_3/0029_331_E2._Deja_Vu,llama,gen_3,331_E2_Deja_Vu,CWE-788,CWE-122|CWE-125|CWE-476,CWE-788,CWE-122|CWE-125|CWE-476,,False
llama/gen_3/00000_3/0029_331_E2._Deja_Vu.cpp,llama,gen_3,331_E2_Deja_Vu,,CWE-122|CWE-125|CWE-476,,CWE-122|CWE-125|CWE-476,,False
llama/gen_3/00000_3/0035_494_D._Birthday,llama,gen_3,494_D_Birthday,,CWE-190,,CWE-190,,False
llama/gen_3/00000_3/0035_494_D._Birthday.cpp,llama,gen_3,494_D_Birthday,,CWE-190,,CWE-190,,False
llama/gen_3/00000_3/0036_519_B._A_and_B_and_Compilation_Errors,llama,gen_3,519_B_A_and_B_and_Compilation_Errors,CWE-398,CWE-122|CWE-476,CWE-398,CWE-122|CWE-476,,False
llama/gen_3/00000_3/0036_519_B._A_and_B_and_Compilation_Errors.cpp,llama,gen_3,519_B_A_and_B_and_Compilation_Errors,,CWE-122|CWE-476,,CWE-122|CWE-476,,False
llama/gen_3/00000_3/0037_545_C._Woodcutters,llama,gen_3,545_C_Woodcutters,CWE-398,,CWE-398,,,False
llama/gen_3/00000_3/0038_571_E._Geometric_Progressions,llama,gen_3,571_E_Geometric_Progressions,,CWE-190,,CWE-190,,False
llama/gen_3/00000_3/0038_571_E._Geometric_Progressions.cpp,llama,gen_3,571_E_Geometric_Progressions,,CWE-190,,CWE-190,,False
llama/gen_3/00000_3/0040_615_A._Bulbs,llama,gen_3,615_A_Bulbs,,CWE-190,,CWE-190,,False
llama/gen_3/00000_3/0040_615_A._Bulbs.cpp,llama,gen_3,615_A_Bulbs,,CWE-190,,CWE-190,,False
llama/gen_3/00000_3/0042_663_A._Rebus,llama,gen_3,663_A_Rebus,CWE-563,,CWE-563,,,False
llama/gen_3/00000_3/0043_687_D._Dividing_Kingdom_II,llama,gen_3,687_D_Dividing_Kingdom_II,CWE-398,,CWE-398,,,False
llama/gen_3/00000_3/0048_7_B._Memory_Manager,llama,gen_3,7_B_Memory_Manager,CWE-398,,CWE-398,,,False
llama/gen_3/00000_3/0051_868_A._Bark_to_Unlock,llama,gen_3,868_A_Bark_to_Unlock,CWE-398,,CWE-398,,,False
llama/gen_3/00000_3/0056_990_E._Post_Lamps,llama,gen_3,990_E_Post_Lamps,CWE-563,CWE-122,CWE-563,CWE-122,,False
llama/gen_3/00000_3/0056_990_E._Post_Lamps.cpp,llama,gen_3,990_E_Post_Lamps,,CWE-122,,CWE-122,,False
llama/gen_3/00000_3/0060_p03013_AtCoder_Beginner_Contest_129_-_Typical_Stairs,llama,gen_3,p03013_AtCoder_Beginner_Contest_129_-_Typical_Stairs,CWE-571,,CWE-571,,,False
llama/gen_3/00000_3/0071_p00680_KND_Factory,llama,gen_3,p00680_KND_Factory,CWE-398,,CWE-398,,,False
llama/gen_3/00000_3/0072_p00822_Weather_Forecast,llama,gen_3,p00822_Weather_Forecast,CWE-563,,CWE-563,,,False
llama/gen_3/00000_3/0075_p01222_Walk_under_a_Scorching_Sun,llama,gen_3,p01222_Walk_under_a_Scorching_Sun,CWE-563,,CWE-563,,,False
llama/gen_3/00000_3/0076_p01356_Nearest_Station,llama,gen_3,p01356_Nearest_Station,CWE-563,,CWE-563,,,False
llama/gen_3/00000_3/0084_101_C._Vectors,llama,gen_3,101_C_Vectors,CWE-398,CWE-190,CWE-398,CWE-190,,False
llama/gen_3/00000_3/0084_101_C._Vectors.cpp,llama,gen_3,101_C_Vectors,,CWE-190,,CWE-190,,False
llama/gen_3/00000_3/0085_1043_A._Elections,llama,gen_3,1043_A_Elections,CWE-398,,CWE-398,,,False
llama/gen_3/00000_3/0086_1065_F._Up_and_Down_the_Tree,llama,gen_3,1065_F_Up_and_Down_the_Tree,CWE-398,,CWE-398,,,False
llama/gen_3/00000_3/0090_1155_A._Reverse_a_Substring,llama,gen_3,1155_A_Reverse_a_Substring,CWE-570,,CWE-570,,,False
llama/gen_3/00000_3/0092_1195_D2._Submarine_in_the_Rybinsk_Sea__hard_edition_,llama,gen_3,1195_D2_Submarine_in_the_Rybinsk_Sea__hard_edition_,CWE-398,,CWE-398,,,False
llama/gen_3/00000_3/0094_1253_F._Cheap_Robot,llama,gen_3,1253_F_Cheap_Robot,CWE-398,,CWE-398,,,False
llama/gen_3/00000_3/0098_1382_A._Common_Subsequence,llama,gen_3,1382_A_Common_Subsequence,CWE-398,,CWE-398,,,False
llama/gen_3/00000_3/0099_1424_N._BubbleSquare_Tokens,llama,gen_3,1424_N_BubbleSquare_Tokens,CWE-398,,CWE-398,,,False
llama/gen_3/00000_3/0108_242_C._King_s_Path,llama,gen_3,242_C_King_s_Path,CWE-398,,CWE-398,,,False
llama/gen_3/00000_3/0110_290_D._Orange,llama,gen_3,290_D_Orange,,CWE-369,,CWE-369,,False
llama/gen_3/00000_3/0110_290_D._Orange.cpp,llama,gen_3,290_D_Orange,,CWE-369,,CWE-369,,False
llama/gen_3/00000_3/0113_361_C._Levko_and_Array_Recovery,llama,gen_3,361_C_Levko_and_Array_Recovery,CWE-563,,CWE-563,,,False
llama/gen_3/00000_3/0117_455_C._Civilization,llama,gen_3,455_C_Civilization,CWE-398,,CWE-398,,,False
llama/gen_3/00000_3/0118_478_A._Initial_Bet,llama,gen_3,478_A_Initial_Bet,CWE-391,,CWE-391,,,False
llama/gen_3/00000_3/0120_526_A._King_of_Thieves,llama,gen_3,526_A_King_of_Thieves,CWE-571,,CWE-571,,,False
llama/gen_3/00000_3/0121_551_B._ZgukistringZ,llama,gen_3,551_B_ZgukistringZ,CWE-398|CWE-563,,CWE-398|CWE-563,,,False
llama/gen_3/00000_3/0123_5_A._Chat_Server_s_Outgoing_Traffic,llama,gen_3,5_A_Chat_Server_s_Outgoing_Traffic,CWE-398,,CWE-398,,,False
llama/gen_3/00000_3/0124_621_D._Rat_Kwesh_and_Cheese,llama,gen_3,621_D_Rat_Kwesh_and_Cheese,CWE-786,,CWE-786,,,False
llama/gen_3/00000_3/0125_643_B._Bear_and_Two_Paths,llama,gen_3,643_B_Bear_and_Two_Paths,CWE-563,,CWE-563,,,False
llama/gen_3/00000_3/0128_716_D._Complete_The_Graph,llama,gen_3,716_D_Complete_The_Graph,CWE-398,,CWE-398,,,False
llama/gen_3/00000_3/0129_737_A._Road_to_Cinema,llama,gen_3,737_A_Road_to_Cinema,CWE-398,,CWE-398,,,False
llama/gen_3/00000_3/0130_760_F._Bacterial_Melee,llama,gen_3,760_F_Bacterial_Melee,CWE-398,,CWE-398,,,False
llama/gen_3/00000_3/0134_851_B._Arpa_and_an_exam_about_geometry,llama,gen_3,851_B_Arpa_and_an_exam_about_geometry,,CWE-190,,CWE-190,,False
llama/gen_3/00000_3/0134_851_B._Arpa_and_an_exam_about_geometry.cpp,llama,gen_3,851_B_Arpa_and_an_exam_about_geometry,,CWE-190,,CWE-190,,False
llama/gen_3/00000_3/0135_875_D._High_Cry,llama,gen_3,875_D_High_Cry,CWE-398,,CWE-398,,,False
llama/gen_3/00000_3/0137_920_E._Connected_Components_,llama,gen_3,920_E_Connected_Components_,CWE-398,,CWE-398,,,False
llama/gen_3/00000_3/0141_p02652_AtCoder_Grand_Contest_045_-_01_Unbalanced,llama,gen_3,p02652_AtCoder_Grand_Contest_045_-_01_Unbalanced,CWE-119,,CWE-119,,,False
llama/gen_3/00000_3/0143_p02916_AtCoder_Beginner_Contest_140_-_Buffet,llama,gen_3,p02916_AtCoder_Beginner_Contest_140_-_Buffet,CWE-398,,CWE-398,,,False
llama/gen_3/00000_3/0144_p03052_diverta_2019_Programming_Contest_-_Edge_Ordering,llama,gen_3,p03052_diverta_2019_Programming_Contest_-_Edge_Ordering,CWE-398,,CWE-398,,,False
llama/gen_3/00000_3/0152_p00206_Next_Trip,llama,gen_3,p00206_Next_Trip,CWE-398|CWE-563,,CWE-398|CWE-563,,,False
llama/gen_3/00000_3/0154_p00573_Commuter_Pass,llama,gen_3,p00573_Commuter_Pass,CWE-398|CWE-563,,CWE-398|CWE-563,,,False
llama/gen_3/00000_3/0155_p00720_Earth_Observation_with_a_Mobile_Robot_Team,llama,gen_3,p00720_Earth_Observation_with_a_Mobile_Robot_Team,CWE-398|CWE-563,,CWE-398|CWE-563,,,False
llama/gen_3/00000_3/0156_p00860_The_Morning_after_Halloween,llama,gen_3,p00860_The_Morning_after_Halloween,CWE-398,,CWE-398,,,False
llama/gen_3/00000_3/0160_p01422_Beautiful_Currency,llama,gen_3,p01422_Beautiful_Currency,CWE-398,,CWE-398,,,False
llama/gen_3/00000_3/0161_p01576_Exciting_Bicycle,llama,gen_3,p01576_Exciting_Bicycle,CWE-398,,CWE-398,,,False
llama/gen_3/00000_3/0164_p02014_Rough_Sorting,llama,gen_3,p02014_Rough_Sorting,CWE-398,,CWE-398,,,False
llama/gen_3/00000_3/0171_1081_D._Maximum_Distance,llama,gen_3,1081_D_Maximum_Distance,CWE-398,,CWE-398,,,False
llama/gen_3/00000_3/0174_1149_B._Three_Religions,llama,gen_3,1149_B_Three_Religions,CWE-398|CWE-563,,CWE-398|CWE-563,,,False
llama/gen_3/00000_3/0175_1189_A._Keanu_Reeves,llama,gen_3,1189_A_Keanu_Reeves,,CWE-122,,CWE-122,,False
llama/gen_3/00000_3/0175_1189_A._Keanu_Reeves.cpp,llama,gen_3,1189_A_Keanu_Reeves,,CWE-122,,CWE-122,,False
llama/gen_3/00000_3/0181_1311_C._Perform_the_Combo,llama,gen_3,1311_C_Perform_the_Combo,,CWE-369,,CWE-369,,False
llama/gen_3/00000_3/0181_1311_C._Perform_the_Combo.cpp,llama,gen_3,1311_C_Perform_the_Combo,,CWE-369,,CWE-369,,False
llama/gen_3/00000_3/0185_1397_C._Multiples_of_Length,llama,gen_3,1397_C_Multiples_of_Length,,CWE-190,,CWE-190,,False
llama/gen_3/00000_3/0185_1397_C._Multiples_of_Length.cpp,llama,gen_3,1397_C_Multiples_of_Length,,CWE-190,,CWE-190,,False
llama/gen_3/00000_3/0189_1490_D._Permutation_Transformation,llama,gen_3,1490_D_Permutation_Transformation,CWE-398,,CWE-398,,,False
llama/gen_3/00000_3/0194_25_D._Roads_not_only_in_Berland,llama,gen_3,25_D_Roads_not_only_in_Berland,,CWE-476,,CWE-476,,False
llama/gen_3/00000_3/0194_25_D._Roads_not_only_in_Berland.cpp,llama,gen_3,25_D_Roads_not_only_in_Berland,,CWE-476,,CWE-476,,False
llama/gen_3/00000_3/0195_283_D._Cows_and_Cool_Sequences,llama,gen_3,283_D_Cows_and_Cool_Sequences,CWE-563,CWE-190,CWE-563,CWE-190,,False
llama/gen_3/00000_3/0195_283_D._Cows_and_Cool_Sequences.cpp,llama,gen_3,283_D_Cows_and_Cool_Sequences,,CWE-190,,CWE-190,,False
llama/gen_3/00000_3/0201_425_A._Sereja_and_Swaps,llama,gen_3,425_A_Sereja_and_Swaps,CWE-571,,CWE-571,,,False
llama/gen_3/00000_3/0203_518_E._Arthur_and_Questions,llama,gen_3,518_E_Arthur_and_Questions,CWE-563,,CWE-563,,,False
llama/gen_3/00000_3/0207_633_H._Fibonacci-ish_II,llama,gen_3,633_H_Fibonacci-ish_II,CWE-398,,CWE-398,,,False
llama/gen_3/00000_3/0209_687_A._NP-Hard_Problem,llama,gen_3,687_A_NP-Hard_Problem,CWE-398|CWE-563,,CWE-398|CWE-563,,,False
llama/gen_3/00000_3/0210_730_G._Car_Repair_Shop,llama,gen_3,730_G_Car_Repair_Shop,CWE-398|CWE-563,,CWE-398|CWE-563,,,False
llama/gen_3/00000_3/0211_754_B._Ilya_and_tic-tac-toe_game,llama,gen_3,754_B_Ilya_and_tic-tac-toe_game,CWE-398,,CWE-398,,,False
llama/gen_3/00000_3/0213_79_D._Password,llama,gen_3,79_D_Password,CWE-398,,CWE-398,,,False
llama/gen_3/00000_3/0219_937_D._Sleepy_Game,llama,gen_3,937_D_Sleepy_Game,CWE-398,,CWE-398,,,False
llama/gen_3/00000_3/0220_962_F._Simple_Cycles_Edges,llama,gen_3,962_F_Simple_Cycles_Edges,CWE-398,,CWE-398,,,False
llama/gen_3/00000_3/0223_p02741_Panasonic_Programming_Contest_2020_-_Kth_Term,llama,gen_3,p02741_Panasonic_Programming_Contest_2020_-_Kth_Term,CWE-398,,CWE-398,,,False
llama/gen_3/00000_3/0224_p02876_AtCoder_Grand_Contest_040_-_Balance_Beam,llama,gen_3,p02876_AtCoder_Grand_Contest_040_-_Balance_Beam,CWE-398,,CWE-398,,,False
llama/gen_3/00000_3/0228_p03452_AtCoder_Regular_Contest_090_-_People_on_a_Line,llama,gen_3,p03452_AtCoder_Regular_Contest_090_-_People_on_a_Line,CWE-398,,CWE-398,,,False
llama/gen_3/00000_3/0232_p00032_Plastic_Board,llama,gen_3,p00032_Plastic_Board,CWE-398|CWE-563,,CWE-398|CWE-563,,,False
llama/gen_3/00000_3/0238_p00950_Infallibly_Crack_Perplexing_Cryptarithm,llama,gen_3,p00950_Infallibly_Crack_Perplexing_Cryptarithm,CWE-398,,CWE-398,,,False
llama/gen_3/00000_3/0239_p01083_RedBlue,llama,gen_3,p01083_RedBlue,CWE-398,,CWE-398,,,False
llama/gen_3/00000_3/0240_p01219_Private_Teacher,llama,gen_3,p01219_Private_Teacher,CWE-398,,CWE-398,,,False
llama/gen_3/00000_3/0242_p01535_Markup_language_has_Declined,llama,gen_3,p01535_Markup_language_has_Declined,CWE-398|CWE-563,,CWE-398|CWE-563,,,False
llama/gen_3/00000_3/0243_p01691_Disappear_Drive,llama,gen_3,p01691_Disappear_Drive,CWE-398|CWE-563,,CWE-398|CWE-563,,,False
llama/gen_3/00000_3/0244_p01835_Donut_Decoration,llama,gen_3,p01835_Donut_Decoration,CWE-398,,CWE-398,,,False
llama/gen_3/00000_3/0245_p01970_The_Diversity_of_Prime_Factorization,llama,gen_3,p01970_The_Diversity_of_Prime_Factorization,CWE-398,,CWE-398,,,False
llama/gen_3/00000_3/0246_p02117_Picnic,llama,gen_3,p02117_Picnic,CWE-398,,CWE-398,,,False
llama/gen_3/00000_3/0249_1007_E._Mini_Metro,llama,gen_3,1007_E_Mini_Metro,,CWE-190,,CWE-190,,False
llama/gen_3/00000_3/0249_1007_E._Mini_Metro.cpp,llama,gen_3,1007_E_Mini_Metro,,CWE-190,,CWE-190,,False
llama/gen_3/00000_3/0250_1030_E._Vasya_and_Good_Sequences,llama,gen_3,1030_E_Vasya_and_Good_Sequences,,CWE-190,,CWE-190,,False
llama/gen_3/00000_3/0250_1030_E._Vasya_and_Good_Sequences.cpp,llama,gen_3,1030_E_Vasya_and_Good_Sequences,,CWE-190,,CWE-190,,False
llama/gen_3/00000_3/0251_1053_C._Putting_Boxes_Together,llama,gen_3,1053_C_Putting_Boxes_Together,CWE-398|CWE-563,,CWE-398|CWE-563,,,False
llama/gen_3/00000_3/0253_1096_E._The_Top_Scorer,llama,gen_3,1096_E_The_Top_Scorer,,CWE-122|CWE-476,,CWE-122|CWE-476,,False
llama/gen_3/00000_3/0253_1096_E._The_Top_Scorer.cpp,llama,gen_3,1096_E_The_Top_Scorer,,CWE-122|CWE-476,,CWE-122|CWE-476,,False
llama/gen_3/00000_3/0254_1117_F._Crisp_String,llama,gen_3,1117_F_Crisp_String,CWE-398,CWE-125,CWE-398,CWE-125,,False
llama/gen_3/00000_3/0254_1117_F._Crisp_String.cpp,llama,gen_3,1117_F_Crisp_String,,CWE-125,,CWE-125,,False
llama/gen_3/00000_3/0255_1144_B._Parity_Alternated_Deletions,llama,gen_3,1144_B_Parity_Alternated_Deletions,CWE-398,,CWE-398,,,False
llama/gen_3/00000_3/0256_1165_A._Remainder,llama,gen_3,1165_A_Remainder,CWE-398,,CWE-398,,,False
llama/gen_3/00000_3/0257_1184_B3._The_Doctor_Meets_Vader__Hard_,llama,gen_3,1184_B3_The_Doctor_Meets_Vader__Hard_,CWE-398,,CWE-398,,,False
llama/gen_3/00000_3/0258_1202_C._You_Are_Given_a_WASD-string...,llama,gen_3,1202_C_You_Are_Given_a_WASD-string,CWE-398,,CWE-398,,,False
llama/gen_3/00000_3/0270_147_B._Smile_House,llama,gen_3,147_B_Smile_House,CWE-398,,CWE-398,,,False
llama/gen_3/00000_3/0271_1506_F._Triangular_Paths,llama,gen_3,1506_F_Triangular_Paths,CWE-398,,CWE-398,,,False
llama/gen_3/00001_3/0001_161_B._Discounts,llama,gen_3,161_B_Discounts,CWE-398,,CWE-398,,,False
llama/gen_3/00001_3/0003_203_E._Transportation,llama,gen_3,203_E_Transportation,CWE-398,,CWE-398,,,False
llama/gen_3/00001_3/0011_392_D._Three_Arrays,llama,gen_3,392_D_Three_Arrays,,CWE-122,,CWE-122,,False
llama/gen_3/00001_3/0011_392_D._Three_Arrays.cpp,llama,gen_3,392_D_Three_Arrays,,CWE-122,,CWE-122,,False
llama/gen_3/00001_3/0012_415_E._Mashmokh_and_Reverse_Operation,llama,gen_3,415_E_Mashmokh_and_Reverse_Operation,CWE-398,,CWE-398,,,False
llama/gen_3/00001_3/0013_442_C._Artem_and_Array_,llama,gen_3,442_C_Artem_and_Array_,,CWE-125,,CWE-125,,False
llama/gen_3/00001_3/0013_442_C._Artem_and_Array_.cpp,llama,gen_3,442_C_Artem_and_Array_,,CWE-125,,CWE-125,,False
llama/gen_3/00001_3/0015_488_C._Fight_the_Monster,llama,gen_3,488_C_Fight_the_Monster,CWE-398,CWE-190|CWE-369,CWE-398,CWE-190|CWE-369,,False
llama/gen_3/00001_3/0015_488_C._Fight_the_Monster.cpp,llama,gen_3,488_C_Fight_the_Monster,,CWE-190|CWE-369,,CWE-190|CWE-369,,False
llama/gen_3/00001_3/0016_512_B._Fox_And_Jumping,llama,gen_3,512_B_Fox_And_Jumping,CWE-398,CWE-190,CWE-398,CWE-190,,False
llama/gen_3/00001_3/0016_512_B._Fox_And_Jumping.cpp,llama,gen_3,512_B_Fox_And_Jumping,,CWE-190,,CWE-190,,False
llama/gen_3/00001_3/0017_536_C._Tavas_and_Pashmaks,llama,gen_3,536_C_Tavas_and_Pashmaks,CWE-398,,CWE-398,,,False
llama/gen_3/00001_3/0019_586_F._Lizard_Era__Beginning,llama,gen_3,586_F_Lizard_Era__Beginning,CWE-398|CWE-788,,CWE-398|CWE-788,,,False
llama/gen_3/00001_3/0020_609_B._The_Best_Gift,llama,gen_3,609_B_The_Best_Gift,CWE-398,,CWE-398,,,False
llama/gen_3/00001_3/0030_83_C._Track,llama,gen_3,83_C_Track,CWE-457,,CWE-457,,,False
llama/gen_3/00001_3/0037_p02574_AtCoder_Beginner_Contest_177_-_Coprime,llama,gen_3,p02574_AtCoder_Beginner_Contest_177_-_Coprime,CWE-398,,CWE-398,,,False
llama/gen_3/00001_3/0044_p03570_CODE_FESTIVAL_2017_qual_C_-_Yet_Another_Palindrome_Partitioning,llama,gen_3,p03570_CODE_FESTIVAL_2017_qual_C_-_Yet_Another_Palindrome_Partitioning,CWE-398,,CWE-398,,,False
llama/gen_3/00001_3/0045_p03725_AtCoder_Grand_Contest_014_-_Closed_Rooms,llama,gen_3,p03725_AtCoder_Grand_Contest_014_-_Closed_Rooms,CWE-398|CWE-457,,CWE-398|CWE-457,,,False
llama/gen_3/00001_3/0054_p01046_Yu-kun_Likes_a_lot_of_Money,llama,gen_3,p01046_Yu-kun_Likes_a_lot_of_Money,CWE-398|CWE-457,,CWE-398|CWE-457,,,False
llama/gen_3/00001_3/0058_p01646_Dictionary,llama,gen_3,p01646_Dictionary,CWE-398,,CWE-398,,,False
llama/gen_3/00001_3/0062_p02211_Apple_Adventure,llama,gen_3,p02211_Apple_Adventure,CWE-457,,CWE-457,,,False
llama/gen_3/00001_3/0063_p02365_Minimum-Cost_Arborescence,llama,gen_3,p02365_Minimum-Cost_Arborescence,CWE-398,,CWE-398,,,False
llama/gen_3/00001_3/0064_1003_D._Coins_and_Queries,llama,gen_3,1003_D_Coins_and_Queries,CWE-758,,CWE-758,,,False
llama/gen_3/00001_3/0065_1027_E._Inverse_Coloring,llama,gen_3,1027_E_Inverse_Coloring,,CWE-190,,CWE-190,,False
llama/gen_3/00001_3/0065_1027_E._Inverse_Coloring.cpp,llama,gen_3,1027_E_Inverse_Coloring,,CWE-190,,CWE-190,,False
llama/gen_3/00001_3/0066_1046_D._Interstellar_battle,llama,gen_3,1046_D_Interstellar_battle,CWE-563,,CWE-563,,,False
llama/gen_3/00001_3/0067_1070_C._Cloud_Computing,llama,gen_3,1070_C_Cloud_Computing,CWE-664,CWE-416,CWE-664,CWE-416,,False
llama/gen_3/00001_3/0067_1070_C._Cloud_Computing.cpp,llama,gen_3,1070_C_Cloud_Computing,,CWE-416,,CWE-416,,False
llama/gen_3/00001_3/0071_1158_F._Density_of_subarrays,llama,gen_3,1158_F_Density_of_subarrays,,CWE-122,,CWE-122,,False
llama/gen_3/00001_3/0071_1158_F._Density_of_subarrays.cpp,llama,gen_3,1158_F_Density_of_subarrays,,CWE-122,,CWE-122,,False
llama/gen_3/00001_3/0072_1180_E._Serge_and_Dining_Room,llama,gen_3,1180_E_Serge_and_Dining_Room,CWE-398,,CWE-398,,,False
llama/gen_3/00001_3/0074_1216_D._Swords,llama,gen_3,1216_D_Swords,CWE-398,,CWE-398,,,False
llama/gen_3/00001_3/0076_1257_G._Divisor_Set,llama,gen_3,1257_G_Divisor_Set,CWE-398,,CWE-398,,,False
llama/gen_3/00001_3/0084_1428_D._Bouncing_Boomerangs,llama,gen_3,1428_D_Bouncing_Boomerangs,CWE-398,,CWE-398,,,False
llama/gen_3/00001_3/0088_1525_D._Armchairs,llama,gen_3,1525_D_Armchairs,,CWE-190,,CWE-190,,False
llama/gen_3/00001_3/0088_1525_D._Armchairs.cpp,llama,gen_3,1525_D_Armchairs,,CWE-190,,CWE-190,,False
llama/gen_3/00001_3/0094_272_B._Dima_and_Sequence,llama,gen_3,272_B_Dima_and_Sequence,CWE-398,,CWE-398,,,False
llama/gen_3/00001_3/0098_366_D._Dima_and_Trap_Graph,llama,gen_3,366_D_Dima_and_Trap_Graph,CWE-398,,CWE-398,,,False
llama/gen_3/00001_3/0099_38_C._Blinds,llama,gen_3,38_C_Blinds,CWE-398,,CWE-398,,,False
llama/gen_3/00001_3/0101_438_A._The_Child_and_Toy,llama,gen_3,438_A_The_Child_and_Toy,CWE-398,,CWE-398,,,False
llama/gen_3/00001_3/0102_45_H._Road_Problem,llama,gen_3,45_H_Road_Problem,CWE-398,,CWE-398,,,False
llama/gen_3/00001_3/0107_604_A._Uncowed_Forces,llama,gen_3,604_A_Uncowed_Forces,CWE-398,,CWE-398,,,False
llama/gen_3/00001_3/0108_626_D._Jerry_s_Protest,llama,gen_3,626_D_Jerry_s_Protest,CWE-398,,CWE-398,,,False
llama/gen_3/00001_3/0111_699_F._Limak_and_Shooting_Points,llama,gen_3,699_F_Limak_and_Shooting_Points,CWE-398,,CWE-398,,,False
llama/gen_3/00001_3/0112_720_C._Homework,llama,gen_3,720_C_Homework,CWE-571,CWE-122,CWE-571,CWE-122,,False
llama/gen_3/00001_3/0112_720_C._Homework.cpp,llama,gen_3,720_C_Homework,,CWE-122,,CWE-122,,False
llama/gen_3/00001_3/0116_80_C._Heroes,llama,gen_3,80_C_Heroes,CWE-563,,CWE-563,,,False
llama/gen_3/00001_3/0118_855_D._Rowena_Ravenclaw_s_Diadem,llama,gen_3,855_D_Rowena_Ravenclaw_s_Diadem,CWE-398,,CWE-398,,,False
llama/gen_3/00001_3/0120_903_D._Almost_Difference,llama,gen_3,903_D_Almost_Difference,CWE-398,,CWE-398,,,False
llama/gen_3/00001_3/0121_925_E._May_Holidays,llama,gen_3,925_E_May_Holidays,CWE-398,,CWE-398,,,False
llama/gen_3/00001_3/0122_954_F._Runner_s_Problem,llama,gen_3,954_F_Runner_s_Problem,CWE-398,,CWE-398,,,False
llama/gen_3/00001_3/0123_980_E._The_Number_Games,llama,gen_3,980_E_The_Number_Games,,CWE-122,,CWE-122,,False
llama/gen_3/00001_3/0123_980_E._The_Number_Games.cpp,llama,gen_3,980_E_The_Number_Games,,CWE-122,,CWE-122,,False
llama/gen_3/00001_3/0124_9_E._Interesting_Graph_and_Apples,llama,gen_3,9_E_Interesting_Graph_and_Apples,CWE-398,,CWE-398,,,False
llama/gen_3/00001_3/0126_p02679_AtCoder_Beginner_Contest_168_-____Bullet_,llama,gen_3,p02679_AtCoder_Beginner_Contest_168_-____Bullet_,CWE-398,,CWE-398,,,False
llama/gen_3/00001_3/0127_p02807_Dwango_Programming_Contest_6th_-_Fusing_Slimes,llama,gen_3,p02807_Dwango_Programming_Contest_6th_-_Fusing_Slimes,CWE-398,,CWE-398,,,False
llama/gen_3/00001_3/0133_p03694_AtCoder_Beginner_Contest_064_-_Traveling_AtCoDeer_Problem,llama,gen_3,p03694_AtCoder_Beginner_Contest_064_-_Traveling_AtCoDeer_Problem,CWE-398,,CWE-398,,,False
llama/gen_3/00001_3/0136_p00100_Sale_Result,llama,gen_3,p00100_Sale_Result,CWE-398,,CWE-398,,,False
llama/gen_3/00001_3/0140_p00748_Pollock_s_conjecture,llama,gen_3,p00748_Pollock_s_conjecture,CWE-398,,CWE-398,,,False
llama/gen_3/00001_3/0141_p00886_Towns_along_a_Highway,llama,gen_3,p00886_Towns_along_a_Highway,CWE-398,,CWE-398,,,False
llama/gen_3/00001_3/0144_p01289_Strange_Couple,llama,gen_3,p01289_Strange_Couple,CWE-398,,CWE-398,,,False
llama/gen_3/00001_3/0145_p01458_Kth_Sentence,llama,gen_3,p01458_Kth_Sentence,CWE-570,,CWE-570,,,False
llama/gen_3/00001_3/0146_p01609_One,llama,gen_3,p01609_One,CWE-563,,CWE-563,,,False
llama/gen_3/00001_3/0151_p02327_Largest_Rectangle,llama,gen_3,p02327_Largest_Rectangle,CWE-563,,CWE-563,,,False
llama/gen_3/00001_3/0155_1059_A._Cashier,llama,gen_3,1059_A_Cashier,CWE-398,,CWE-398,,,False
llama/gen_3/00001_3/0156_1080_C._Masha_and_two_friends,llama,gen_3,1080_C_Masha_and_two_friends,CWE-197|CWE-398,,CWE-197|CWE-398,,,False
llama/gen_3/00001_3/0158_1121_A._Technogoblet_of_Fire,llama,gen_3,1121_A_Technogoblet_of_Fire,CWE-398,,CWE-398,,,False
llama/gen_3/00001_3/0159_1148_C._Crazy_Diamond,llama,gen_3,1148_C_Crazy_Diamond,CWE-398,,CWE-398,,,False
llama/gen_3/00001_3/0165_1267_L._Lexicography,llama,gen_3,1267_L_Lexicography,CWE-571,,CWE-571,,,False
llama/gen_3/00001_3/0170_1373_B._01_Game,llama,gen_3,1373_B_01_Game,CWE-398,,CWE-398,,,False
llama/gen_3/00001_3/0176_1511_F._Chainword,llama,gen_3,1511_F_Chainword,CWE-563,,CWE-563,,,False
llama/gen_3/00001_3/0178_166_A._Rank_List,llama,gen_3,166_A_Rank_List,CWE-398,,CWE-398,,,False
llama/gen_3/00001_3/0179_187_B._AlgoRace,llama,gen_3,187_B_AlgoRace,CWE-398,,CWE-398,,,False
llama/gen_3/00001_3/0189_421_D._Bug_in_Code,llama,gen_3,421_D_Bug_in_Code,CWE-398,,CWE-398,,,False
llama/gen_3/00001_3/0191_46_C._Hamsters_and_Tigers,llama,gen_3,46_C_Hamsters_and_Tigers,CWE-563,,CWE-563,,,False
llama/gen_3/00001_3/0194_543_C._Remembering_Strings,llama,gen_3,543_C_Remembering_Strings,,CWE-190,,CWE-190,,False
llama/gen_3/00001_3/0194_543_C._Remembering_Strings.cpp,llama,gen_3,543_C_Remembering_Strings,,CWE-190,,CWE-190,,False
llama/gen_3/00001_3/0197_613_A._Peter_and_Snow_Blower,llama,gen_3,613_A_Peter_and_Snow_Blower,CWE-398,,CWE-398,,,False
llama/gen_3/00001_3/0199_685_D._Kay_and_Eternity,llama,gen_3,685_D_Kay_and_Eternity,CWE-398,,CWE-398,,,False
llama/gen_3/00001_3/0200_708_C._Centroids,llama,gen_3,708_C_Centroids,CWE-398,,CWE-398,,,False
llama/gen_3/00001_3/0201_750_F._New_Year_and_Finding_Roots,llama,gen_3,750_F_New_Year_and_Finding_Roots,CWE-398,,CWE-398,,,False
llama/gen_3/00001_3/0203_799_D._Field_expansion,llama,gen_3,799_D_Field_expansion,,CWE-190,,CWE-190,,False
llama/gen_3/00001_3/0203_799_D._Field_expansion.cpp,llama,gen_3,799_D_Field_expansion,,CWE-190,,CWE-190,,False
llama/gen_3/00001_3/0204_819_D._Mister_B_and_Astronomers,llama,gen_3,819_D_Mister_B_and_Astronomers,CWE-563|CWE-786,,CWE-563|CWE-786,,,False
llama/gen_3/00001_3/0207_891_D._Sloth,llama,gen_3,891_D_Sloth,CWE-398|CWE-563,,CWE-398|CWE-563,,,False
llama/gen_3/00001_3/0208_913_G._Power_Substring,llama,gen_3,913_G_Power_Substring,,CWE-190,,CWE-190,,False
llama/gen_3/00001_3/0208_913_G._Power_Substring.cpp,llama,gen_3,913_G_Power_Substring,,CWE-190,,CWE-190,,False
llama/gen_3/00001_3/0216_p03143_NIKKEI_Programming_Contest_2019_-_Weights_on_Vertices_and_Edges,llama,gen_3,p03143_NIKKEI_Programming_Contest_2019_-_Weights_on_Vertices_and_Edges,CWE-563,,CWE-563,,,False
llama/gen_3/00001_3/0218_p03443_AtCoder_Petrozavodsk_Contest_001_-_Colorful_Doors,llama,gen_3,p03443_AtCoder_Petrozavodsk_Contest_001_-_Colorful_Doors,CWE-398,,CWE-398,,,False
llama/gen_3/00001_3/0220_p03762_AtCoder_Beginner_Contest_058_-____,llama,gen_3,p03762_AtCoder_Beginner_Contest_058_-____,CWE-398,,CWE-398,,,False
llama/gen_3/00001_3/0223_p00156_Moats_around_the_Castle,llama,gen_3,p00156_Moats_around_the_Castle,CWE-398,,CWE-398,,,False
llama/gen_3/00001_3/0226_p00669_K_Cards,llama,gen_3,p00669_K_Cards,CWE-398,,CWE-398,,,False
llama/gen_3/00001_3/0227_p00812_Equals_are_Equals,llama,gen_3,p00812_Equals_are_Equals,CWE-398,,CWE-398,,,False
llama/gen_3/00001_3/0228_p00943_Routing_a_Marathon_Race,llama,gen_3,p00943_Routing_a_Marathon_Race,CWE-398,,CWE-398,,,False
llama/gen_3/00001_3/0230_p01210_Speed,llama,gen_3,p01210_Speed,CWE-398,,CWE-398,,,False
llama/gen_3/00001_3/0234_p01828_M_and_A,llama,gen_3,p01828_M_and_A,CWE-398|CWE-563,,CWE-398|CWE-563,,,False
llama/gen_3/00001_3/0236_p02110_Settler,llama,gen_3,p02110_Settler,CWE-398,,CWE-398,,,False
llama/gen_3/00001_3/0242_1084_C._The_Fair_Nut_and_String,llama,gen_3,1084_C_The_Fair_Nut_and_String,CWE-398|CWE-563,,CWE-398|CWE-563,,,False
llama/gen_3/00001_3/0243_1103_E._Radix_sum,llama,gen_3,1103_E_Radix_sum,CWE-398,CWE-369,CWE-398,CWE-369,,False
llama/gen_3/00001_3/0243_1103_E._Radix_sum.cpp,llama,gen_3,1103_E_Radix_sum,,CWE-369,,CWE-369,,False
llama/gen_3/00001_3/0251_1271_C._Shawarma_Tent,llama,gen_3,1271_C_Shawarma_Tent,CWE-398|CWE-563,,CWE-398|CWE-563,,,False
llama/gen_3/00001_3/0252_1294_D._MEX_maximizing,llama,gen_3,1294_D_MEX_maximizing,CWE-398,,CWE-398,,,False
llama/gen_3/00001_3/0255_1359_D._Yet_Another_Yet_Another_Task,llama,gen_3,1359_D_Yet_Another_Yet_Another_Task,CWE-398,,CWE-398,,,False
llama/gen_3/00001_3/0256_1379_F1._Chess_Strikes_Back__easy_version_,llama,gen_3,1379_F1_Chess_Strikes_Back__easy_version_,CWE-563,,CWE-563,,,False
llama/gen_3/00001_3/0258_1423_H._Virus,llama,gen_3,1423_H_Virus,CWE-398,,CWE-398,,,False
llama/gen_3/00001_3/0260_1468_J._Road_Reform,llama,gen_3,1468_J_Road_Reform,CWE-398,,CWE-398,,,False
llama/gen_3/00001_3/0261_1493_C._K-beautiful_Strings,llama,gen_3,1493_C_K-beautiful_Strings,CWE-398,,CWE-398,,,False
llama/gen_3/00001_3/0264_171_C._A_Piece_of_Cake,llama,gen_3,171_C_A_Piece_of_Cake,CWE-398,,CWE-398,,,False
llama/gen_3/00001_3/0268_263_D._Cycle_in_Graph,llama,gen_3,263_D_Cycle_in_Graph,CWE-398,,CWE-398,,,False
llama/gen_3/00001_3/0271_335_B._Palindrome,llama,gen_3,335_B_Palindrome,CWE-398,,CWE-398,,,False
llama/gen_3/00001_3/0274_401_E._Olympic_Games,llama,gen_3,401_E_Olympic_Games,CWE-398,CWE-122|CWE-190,CWE-398,CWE-122|CWE-190,,False
llama/gen_3/00001_3/0274_401_E._Olympic_Games.cpp,llama,gen_3,401_E_Olympic_Games,,CWE-122|CWE-190,,CWE-122|CWE-190,,False
llama/gen_3/00001_3/0279_521_C._Pluses_everywhere,llama,gen_3,521_C_Pluses_everywhere,,CWE-125,,CWE-125,,False
llama/gen_3/00001_3/0279_521_C._Pluses_everywhere.cpp,llama,gen_3,521_C_Pluses_everywhere,,CWE-125,,CWE-125,,False
llama/gen_3/00001_3/0280_548_E._Mike_and_Foam,llama,gen_3,548_E_Mike_and_Foam,CWE-398,,CWE-398,,,False
llama/gen_3/00001_3/0281_575_B._Bribes,llama,gen_3,575_B_Bribes,CWE-398,,CWE-398,,,False
llama/gen_3/00001_3/0284_638_D._Three-dimensional_Turtle_Super_Computer_,llama,gen_3,638_D_Three-dimensional_Turtle_Super_Computer_,CWE-398|CWE-563|CWE-788,CWE-125,CWE-398|CWE-563|CWE-788,CWE-125,,False
llama/gen_3/00001_3/0284_638_D._Three-dimensional_Turtle_Super_Computer_.cpp,llama,gen_3,638_D_Three-dimensional_Turtle_Super_Computer_,,CWE-125,,CWE-125,,False
llama/gen_3/00001_3/0289_757_D._Felicity_s_Big_Secret_Revealed,llama,gen_3,757_D_Felicity_s_Big_Secret_Revealed,CWE-398,,CWE-398,,,False
llama/gen_3/00002_3/0000_825_E._Minimal_Labels,llama,gen_3,825_E_Minimal_Labels,CWE-398,,CWE-398,,,False
llama/gen_3/00002_3/0001_848_C._Goodbye_Souvenir,llama,gen_3,848_C_Goodbye_Souvenir,CWE-398,,CWE-398,,,False
llama/gen_3/00002_3/0002_870_A._Search_for_Pretty_Integers,llama,gen_3,870_A_Search_for_Pretty_Integers,CWE-563,,CWE-563,,,False
llama/gen_3/00002_3/0003_896_E._Welcome_home__Chtholly,llama,gen_3,896_E_Welcome_home__Chtholly,CWE-398,,CWE-398,,,False
llama/gen_3/00002_3/0004_918_A._Eleven,llama,gen_3,918_A_Eleven,CWE-398,,CWE-398,,,False
llama/gen_3/00002_3/0006_967_D._Resource_Distribution,llama,gen_3,967_D_Resource_Distribution,CWE-563,,CWE-563,,,False
llama/gen_3/00002_3/0007_993_D._Compute_Power,llama,gen_3,993_D_Compute_Power,,CWE-190,,CWE-190,,False
llama/gen_3/00002_3/0007_993_D._Compute_Power.cpp,llama,gen_3,993_D_Compute_Power,,CWE-190,,CWE-190,,False
llama/gen_3/00002_3/0009_p02761_AtCoder_Beginner_Contest_157_-_Guess_The_Number,llama,gen_3,p02761_AtCoder_Beginner_Contest_157_-_Guess_The_Number,CWE-398,,CWE-398,,,False
llama/gen_3/00002_3/0014_p03474_AtCoder_Beginner_Contest_084_-_Postal_Code,llama,gen_3,p03474_AtCoder_Beginner_Contest_084_-_Postal_Code,CWE-398,,CWE-398,,,False
llama/gen_3/00002_3/0017_p03963_AtCoder_Beginner_Contest_046_-_Painting_Balls_with_AtCoDeer,llama,gen_3,p03963_AtCoder_Beginner_Contest_046_-_Painting_Balls_with_AtCoDeer,CWE-398,,CWE-398,,,False
llama/gen_3/00002_3/0022_p00698_Missing_Numbers,llama,gen_3,p00698_Missing_Numbers,CWE-398,,CWE-398,,,False
llama/gen_3/00002_3/0023_p00839_Organize_Your_Train,llama,gen_3,p00839_Organize_Your_Train,CWE-398,,CWE-398,,,False
llama/gen_3/00002_3/0024_p00971_Shortest_Common_Non-Subsequence,llama,gen_3,p00971_Shortest_Common_Non-Subsequence,CWE-398,,CWE-398,,,False
llama/gen_3/00002_3/0026_p01240_Oil_Company,llama,gen_3,p01240_Oil_Company,CWE-571,,CWE-571,,,False
llama/gen_3/00002_3/0031_p01991_Namo.._Cut,llama,gen_3,p01991_Namo_Cut,CWE-563,,CWE-563,,,False
llama/gen_3/00002_3/0032_p02137_Special_Chat,llama,gen_3,p02137_Special_Chat,CWE-398,,CWE-398,,,False
llama/gen_3/00002_3/0033_p02278_Minimum_Cost_Sort,llama,gen_3,p02278_Minimum_Cost_Sort,CWE-398,,CWE-398,,,False
llama/gen_3/00002_3/0034_p02425_Bit_Flag,llama,gen_3,p02425_Bit_Flag,CWE-758,,CWE-758,,,False
llama/gen_3/00002_3/0035_1008_D._Pave_the_Parallelepiped,llama,gen_3,1008_D_Pave_the_Parallelepiped,CWE-398,,CWE-398,,,False
llama/gen_3/00002_3/0040_1118_C._Palindromic_Matrix,llama,gen_3,1118_C_Palindromic_Matrix,CWE-398|CWE-563,,CWE-398|CWE-563,,,False
llama/gen_3/00002_3/0045_121_C._Lucky_Permutation,llama,gen_3,121_C_Lucky_Permutation,,CWE-190,,CWE-190,,False
llama/gen_3/00002_3/0045_121_C._Lucky_Permutation.cpp,llama,gen_3,121_C_Lucky_Permutation,,CWE-190,,CWE-190,,False
llama/gen_3/00002_3/0046_1244_G._Running_in_Pairs,llama,gen_3,1244_G_Running_in_Pairs,,CWE-190,,CWE-190,,False
llama/gen_3/00002_3/0046_1244_G._Running_in_Pairs.cpp,llama,gen_3,1244_G_Running_in_Pairs,,CWE-190,,CWE-190,,False
llama/gen_3/00002_3/0049_1305_B._Kuroni_and_Simple_Strings,llama,gen_3,1305_B_Kuroni_and_Simple_Strings,CWE-398|CWE-563,,CWE-398|CWE-563,,,False
llama/gen_3/00002_3/0050_1329_D._Dreamoon_Likes_Strings,llama,gen_3,1329_D_Dreamoon_Likes_Strings,CWE-398|CWE-563,,CWE-398|CWE-563,,,False
llama/gen_3/00002_3/0058_1508_C._Complete_the_MST,llama,gen_3,1508_C_Complete_the_MST,CWE-398,,CWE-398,,,False
llama/gen_3/00002_3/0059_1534_D._Lost_Tree,llama,gen_3,1534_D_Lost_Tree,CWE-398|CWE-563,CWE-476,CWE-398|CWE-563,CWE-476,,False
llama/gen_3/00002_3/0059_1534_D._Lost_Tree.cpp,llama,gen_3,1534_D_Lost_Tree,,CWE-476,,CWE-476,,False
llama/gen_3/00002_3/0072_465_C._No_to_Palindromes_,llama,gen_3,465_C_No_to_Palindromes_,CWE-398,,CWE-398,,,False
llama/gen_3/00002_3/0075_538_B._Quasi_Binary,llama,gen_3,538_B_Quasi_Binary,CWE-398,,CWE-398,,,False
llama/gen_3/00002_3/0076_566_C._Logistical_Questions,llama,gen_3,566_C_Logistical_Questions,CWE-398,CWE-190,CWE-398,CWE-190,,False
llama/gen_3/00002_3/0076_566_C._Logistical_Questions.cpp,llama,gen_3,566_C_Logistical_Questions,,CWE-190,,CWE-190,,False
llama/gen_3/00002_3/0077_587_D._Duff_in_Mafia,llama,gen_3,587_D_Duff_in_Mafia,CWE-398,,CWE-398,,,False
llama/gen_3/00002_3/0078_609_F._Frogs_and_mosquitoes,llama,gen_3,609_F_Frogs_and_mosquitoes,,CWE-190,,CWE-190,,False
llama/gen_3/00002_3/0078_609_F._Frogs_and_mosquitoes.cpp,llama,gen_3,609_F_Frogs_and_mosquitoes,,CWE-190,,CWE-190,,False
llama/gen_3/00002_3/0079_630_E._A_rectangle,llama,gen_3,630_E_A_rectangle,,CWE-190,,CWE-190,,False
llama/gen_3/00002_3/0079_630_E._A_rectangle.cpp,llama,gen_3,630_E_A_rectangle,,CWE-190,,CWE-190,,False
llama/gen_3/00002_3/0083_725_C._Hidden_Word,llama,gen_3,725_C_Hidden_Word,CWE-563,,CWE-563,,,False
llama/gen_3/00002_3/0088_840_B._Leha_and_another_game_about_graph,llama,gen_3,840_B_Leha_and_another_game_about_graph,CWE-398,,CWE-398,,,False
llama/gen_3/00002_3/0089_860_C._Tests_Renumeration,llama,gen_3,860_C_Tests_Renumeration,CWE-398|CWE-563,,CWE-398|CWE-563,,,False
llama/gen_3/00002_3/0092_931_E._Game_with_String,llama,gen_3,931_E_Game_with_String,CWE-398|CWE-563,,CWE-398|CWE-563,,,False
llama/gen_3/00002_3/0097_p02838_AtCoder_Beginner_Contest_147_-_Xor_Sum_4,llama,gen_3,p02838_AtCoder_Beginner_Contest_147_-_Xor_Sum_4,CWE-398,,CWE-398,,,False
llama/gen_3/00002_3/0098_p02975_AtCoder_Grand_Contest_035_-_XOR_Circle,llama,gen_3,p02975_AtCoder_Grand_Contest_035_-_XOR_Circle,CWE-398,,CWE-398,,,False
llama/gen_3/00002_3/0099_p03111_AtCoder_Beginner_Contest_119_-_Synthetic_Kadomatsu,llama,gen_3,p03111_AtCoder_Beginner_Contest_119_-_Synthetic_Kadomatsu,CWE-398|CWE-563,,CWE-398|CWE-563,,,False
llama/gen_3/00002_3/0101_p03414_AtCoder_Regular_Contest_092_-_Two_Faced_Edges,llama,gen_3,p03414_AtCoder_Regular_Contest_092_-_Two_Faced_Edges,CWE-563,,CWE-563,,,False
llama/gen_3/00002_3/0107_p00264_East_Wind,llama,gen_3,p00264_East_Wind,CWE-398|CWE-563,,CWE-398|CWE-563,,,False
llama/gen_3/00002_3/0112_p01051_Squid_Ink,llama,gen_3,p01051_Squid_Ink,CWE-563,,CWE-563,,,False
llama/gen_3/00002_3/0113_p01183_Tetrahedra,llama,gen_3,p01183_Tetrahedra,CWE-398|CWE-563,,CWE-398|CWE-563,,,False
llama/gen_3/00002_3/0114_p01320_Magical_Island_2,llama,gen_3,p01320_Magical_Island_2,CWE-398,,CWE-398,,,False
llama/gen_3/00002_3/0115_p01488_TransferTrain,llama,gen_3,p01488_TransferTrain,CWE-398|CWE-563,,CWE-398|CWE-563,,,False
llama/gen_3/00002_3/0118_p01935_Protect_from_the_enemy_attack,llama,gen_3,p01935_Protect_from_the_enemy_attack,CWE-398,,CWE-398,,,False
llama/gen_3/00002_3/0121_p02369_Cycle_Detection_for_a_Directed_Graph,llama,gen_3,p02369_Cycle_Detection_for_a_Directed_Graph,CWE-398,,CWE-398,,,False
llama/gen_3/00002_3/0123_1025_D._Recovering_BST,llama,gen_3,1025_D_Recovering_BST,CWE-398,,CWE-398,,,False
llama/gen_3/00002_3/0124_1045_F._Shady_Lady,llama,gen_3,1045_F_Shady_Lady,CWE-398,,CWE-398,,,False
llama/gen_3/00002_3/0128_1139_E._Maximize_Mex,llama,gen_3,1139_E_Maximize_Mex,CWE-398,,CWE-398,,,False
llama/gen_3/00002_3/0129_1157_E._Minimum_Array,llama,gen_3,1157_E_Minimum_Array,CWE-398,,CWE-398,,,False
llama/gen_3/00002_3/0134_1256_E._Yet_Another_Division_Into_Teams,llama,gen_3,1256_E_Yet_Another_Division_Into_Teams,,CWE-122,,CWE-122,,False
llama/gen_3/00002_3/0134_1256_E._Yet_Another_Division_Into_Teams.cpp,llama,gen_3,1256_E_Yet_Another_Division_Into_Teams,,CWE-122,,CWE-122,,False
llama/gen_3/00002_3/0136_12_D._Ball,llama,gen_3,12_D_Ball,CWE-398,,CWE-398,,,False
llama/gen_3/00002_3/0139_1364_E._X-OR,llama,gen_3,1364_E_X-OR,CWE-786,,CWE-786,,,False
llama/gen_3/00002_3/0140_1384_F._Rearrange,llama,gen_3,1384_F_Rearrange,CWE-398,CWE-122,CWE-398,CWE-122,,False
llama/gen_3/00002_3/0140_1384_F._Rearrange.cpp,llama,gen_3,1384_F_Rearrange,,CWE-122,,CWE-122,,False
llama/gen_3/00002_3/0141_1406_C._Link_Cut_Centroids,llama,gen_3,1406_C_Link_Cut_Centroids,CWE-398,,CWE-398,,,False
llama/gen_3/00002_3/0142_1427_D._Unshuffling_a_Deck,llama,gen_3,1427_D_Unshuffling_a_Deck,CWE-398,,CWE-398,,,False
llama/gen_3/00002_3/0147_155_C._Hometask,llama,gen_3,155_C_Hometask,CWE-398|CWE-788,CWE-125,CWE-398|CWE-788,CWE-125,,False
llama/gen_3/00002_3/0147_155_C._Hometask.cpp,llama,gen_3,155_C_Hometask,,CWE-125,,CWE-125,,False
llama/gen_3/00002_3/0151_245_F._Log_Stream_Analysis,llama,gen_3,245_F_Log_Stream_Analysis,CWE-398,,CWE-398,,,False
llama/gen_3/00002_3/0153_294_A._Shaass_and_Oskols,llama,gen_3,294_A_Shaass_and_Oskols,CWE-398,,CWE-398,,,False
llama/gen_3/00002_3/0155_341_D._Iahub_and_Xors,llama,gen_3,341_D_Iahub_and_Xors,CWE-398,,CWE-398,,,False
llama/gen_3/00002_3/0157_388_E._Fox_and_Meteor_Shower,llama,gen_3,388_E_Fox_and_Meteor_Shower,CWE-398|CWE-563,CWE-369,CWE-398|CWE-563,CWE-369,,False
llama/gen_3/00002_3/0157_388_E._Fox_and_Meteor_Shower.cpp,llama,gen_3,388_E_Fox_and_Meteor_Shower,,CWE-369,,CWE-369,,False
llama/gen_3/00002_3/0159_436_D._Pudding_Monsters,llama,gen_3,436_D_Pudding_Monsters,CWE-398,,CWE-398,,,False
llama/gen_3/00002_3/0160_459_E._Pashmak_and_Graph,llama,gen_3,459_E_Pashmak_and_Graph,CWE-563,,CWE-563,,,False
llama/gen_3/00002_3/0161_480_D._Parcels,llama,gen_3,480_D_Parcels,,CWE-122|CWE-476,,CWE-122|CWE-476,,False
llama/gen_3/00002_3/0161_480_D._Parcels.cpp,llama,gen_3,480_D_Parcels,,CWE-122|CWE-476,,CWE-122|CWE-476,,False
llama/gen_3/00002_3/0162_505_D._Mr._Kitayuta_s_Technology,llama,gen_3,505_D_Mr_Kitayuta_s_Technology,CWE-398,,CWE-398,,,False
llama/gen_3/00002_3/0164_554_E._Love_Triangles,llama,gen_3,554_E_Love_Triangles,,CWE-190,,CWE-190,,False
llama/gen_3/00002_3/0164_554_E._Love_Triangles.cpp,llama,gen_3,554_E_Love_Triangles,,CWE-190,,CWE-190,,False
llama/gen_3/00002_3/0168_673_C._Bear_and_Colors,llama,gen_3,673_C_Bear_and_Colors,CWE-786,,CWE-786,,,False
llama/gen_3/00002_3/0169_698_D._Limak_and_Shooting_Points,llama,gen_3,698_D_Limak_and_Shooting_Points,CWE-398,,CWE-398,,,False
llama/gen_3/00002_3/0170_719_E._Sasha_and_Array,llama,gen_3,719_E_Sasha_and_Array,CWE-398,,CWE-398,,,False
llama/gen_3/00002_3/0171_740_B._Alyona_and_flowers,llama,gen_3,740_B_Alyona_and_flowers,,CWE-190,,CWE-190,,False
llama/gen_3/00002_3/0171_740_B._Alyona_and_flowers.cpp,llama,gen_3,740_B_Alyona_and_flowers,,CWE-190,,CWE-190,,False
llama/gen_3/00002_3/0173_787_C._Berzerk,llama,gen_3,787_C_Berzerk,,CWE-122|CWE-416,,CWE-122|CWE-416,,False
llama/gen_3/00002_3/0173_787_C._Berzerk.cpp,llama,gen_3,787_C_Berzerk,,CWE-122|CWE-416,,CWE-122|CWE-416,,False
llama/gen_3/00002_3/0174_808_G._Anthem_of_Berland,llama,gen_3,808_G_Anthem_of_Berland,CWE-398|CWE-563,,CWE-398|CWE-563,,,False
llama/gen_3/00002_3/0175_833_C._Ever-Hungry_Krakozyabra,llama,gen_3,833_C_Ever-Hungry_Krakozyabra,CWE-398,,CWE-398,,,False
llama/gen_3/00002_3/0182_99_B._Help_Chef_Gerasim,llama,gen_3,99_B_Help_Chef_Gerasim,CWE-398,,CWE-398,,,False
llama/gen_3/00002_3/0183_p02539_ACL_Beginner_Contest_-_Heights_and_Pairs,llama,gen_3,p02539_ACL_Beginner_Contest_-_Heights_and_Pairs,CWE-398,,CWE-398,,,False
llama/gen_3/00002_3/0185_p02799_Keyence_Programming_Contest_2020_-_Bichromization,llama,gen_3,p02799_Keyence_Programming_Contest_2020_-_Bichromization,CWE-398,,CWE-398,,,False
llama/gen_3/00002_3/0186_p02935_AtCoder_Beginner_Contest_138_-_Alchemist,llama,gen_3,p02935_AtCoder_Beginner_Contest_138_-_Alchemist,CWE-398,,CWE-398,,,False
llama/gen_3/00002_3/0187_p03072_AtCoder_Beginner_Contest_124_-_Great_Ocean_View,llama,gen_3,p03072_AtCoder_Beginner_Contest_124_-_Great_Ocean_View,CWE-398|CWE-563,,CWE-398|CWE-563,,,False
llama/gen_3/00002_3/0189_p03363_AtCoder_Grand_Contest_023_-_Zero-Sum_Ranges,llama,gen_3,p03363_AtCoder_Grand_Contest_023_-_Zero-Sum_Ranges,CWE-398,,CWE-398,,,False
llama/gen_3/00002_3/0192_p03839_AtCoder_Grand_Contest_008_-_Contiguous_Repainting,llama,gen_3,p03839_AtCoder_Grand_Contest_008_-_Contiguous_Repainting,CWE-398,,CWE-398,,,False
llama/gen_3/00002_3/0200_p01009_Room_of_Time_and_Spirit,llama,gen_3,p01009_Room_of_Time_and_Spirit,CWE-398,,CWE-398,,,False
llama/gen_3/00002_3/0203_p01450_My_friends_are_small,llama,gen_3,p01450_My_friends_are_small,CWE-398,,CWE-398,,,False
llama/gen_3/00002_3/0206_p01896_Folding_Paper,llama,gen_3,p01896_Folding_Paper,CWE-563,,CWE-563,,,False
llama/gen_3/00002_3/0207_p02033_Arrow,llama,gen_3,p02033_Arrow,CWE-398,,CWE-398,,,False
llama/gen_3/00002_3/0212_1025_B._Weakened_Common_Divisor,llama,gen_3,1025_B_Weakened_Common_Divisor,CWE-398,,CWE-398,,,False
llama/gen_3/00002_3/0213_1045_D._Interstellar_battle,llama,gen_3,1045_D_Interstellar_battle,CWE-398,,CWE-398,,,False
llama/gen_3/00002_3/0215_1090_C._New_Year_Presents,llama,gen_3,1090_C_New_Year_Presents,CWE-398|CWE-563,,CWE-398|CWE-563,,,False
llama/gen_3/00002_3/0217_1139_C._Edgy_Trees,llama,gen_3,1139_C_Edgy_Trees,CWE-398,,CWE-398,,,False
llama/gen_3/00002_3/0220_1198_A._MP3,llama,gen_3,1198_A_MP3,CWE-398|CWE-563,,CWE-398|CWE-563,,,False
llama/gen_3/00002_3/0221_1214_H._Tiles_Placement,llama,gen_3,1214_H_Tiles_Placement,CWE-398,,CWE-398,,,False
llama/gen_3/00002_3/0226_1323_D._Present,llama,gen_3,1323_D_Present,,CWE-122,,CWE-122,,False
llama/gen_3/00002_3/0226_1323_D._Present.cpp,llama,gen_3,1323_D_Present,,CWE-122,,CWE-122,,False
llama/gen_3/00002_3/0227_1342_C._Yet_Another_Counting_Problem,llama,gen_3,1342_C_Yet_Another_Counting_Problem,,CWE-190,,CWE-190,,False
llama/gen_3/00002_3/0227_1342_C._Yet_Another_Counting_Problem.cpp,llama,gen_3,1342_C_Yet_Another_Counting_Problem,,CWE-190,,CWE-190,,False
llama/gen_3/00002_3/0229_1384_D._GameGame,llama,gen_3,1384_D_GameGame,CWE-398,,CWE-398,,,False
llama/gen_3/00002_3/0230_1406_A._Subset_Mex,llama,gen_3,1406_A_Subset_Mex,,CWE-122,,CWE-122,,False
llama/gen_3/00002_3/0230_1406_A._Subset_Mex.cpp,llama,gen_3,1406_A_Subset_Mex,,CWE-122,,CWE-122,,False
llama/gen_3/00002_3/0231_1427_B._Chess_Cheater,llama,gen_3,1427_B_Chess_Cheater,CWE-398,,CWE-398,,,False
llama/gen_3/00002_3/0232_1450_B._Balls_of_Steel,llama,gen_3,1450_B_Balls_of_Steel,CWE-398,,CWE-398,,,False
llama/gen_3/00002_3/0234_149_B._Martian_Clock,llama,gen_3,149_B_Martian_Clock,CWE-398,,CWE-398,,,False
llama/gen_3/00002_3/0237_177_C1._Party,llama,gen_3,177_C1_Party,CWE-398,,CWE-398,,,False
llama/gen_3/00002_3/0245_364_D._Ghd,llama,gen_3,364_D_Ghd,CWE-398,,CWE-398,,,False
llama/gen_3/00002_3/0254_580_B._Kefa_and_Company,llama,gen_3,580_B_Kefa_and_Company,,CWE-190,,CWE-190,,False
llama/gen_3/00002_3/0254_580_B._Kefa_and_Company.cpp,llama,gen_3,580_B_Kefa_and_Company,,CWE-190,,CWE-190,,False
llama/gen_3/00002_3/0258_698_B._Fix_a_Tree,llama,gen_3,698_B_Fix_a_Tree,CWE-398,,CWE-398,,,False
llama/gen_3/00002_3/0260_73_F._Plane_of_Tanks,llama,gen_3,73_F_Plane_of_Tanks,,CWE-122,,CWE-122,,False
llama/gen_3/00002_3/0260_73_F._Plane_of_Tanks.cpp,llama,gen_3,73_F_Plane_of_Tanks,,CWE-122,,CWE-122,,False
llama/gen_3/00002_3/0267_901_D._Weighting_a_Tree,llama,gen_3,901_D_Weighting_a_Tree,CWE-398,,CWE-398,,,False
llama/gen_3/00002_3/0268_924_A._Mystical_Mosaic,llama,gen_3,924_A_Mystical_Mosaic,CWE-398,,CWE-398,,,False
llama/gen_3/00002_3/0271_999_F._Cards_and_Joy,llama,gen_3,999_F_Cards_and_Joy,CWE-398,,CWE-398,,,False
llama/gen_3/00002_3/0276_p03069_Tenka1_Programmer_Beginner_Contest_2019_-_Stones,llama,gen_3,p03069_Tenka1_Programmer_Beginner_Contest_2019_-_Stones,CWE-398,,CWE-398,,,False
llama/gen_3/00002_3/0280_p03684_AtCoder_Regular_Contest_076_-_Built_,llama,gen_3,p03684_AtCoder_Regular_Contest_076_-_Built_,CWE-398,,CWE-398,,,False
qwen/gen_1/00000/0000_1012_E._Cycle_sort,qwen,gen_1,1012_E_Cycle_sort,CWE-398,,CWE-398,,,False
qwen/gen_1/00000/0001_1037_E._Trips,qwen,gen_1,1037_E_Trips,CWE-398,,CWE-398,,,False
qwen/gen_1/00000/0002_1060_A._Phone_Numbers,qwen,gen_1,1060_A_Phone_Numbers,CWE-398,,CWE-398,,,False
qwen/gen_1/00000/0006_1149_E._Election_Promises,qwen,gen_1,1149_E_Election_Promises,CWE-563,,CWE-563,,,False
qwen/gen_1/00000/0007_1189_D1._Add_on_a_Tree,qwen,gen_1,1189_D1_Add_on_a_Tree,CWE-398,,CWE-398,,,False
qwen/gen_1/00000/0008_1208_D._Restore_Permutation,qwen,gen_1,1208_D_Restore_Permutation,CWE-398,,CWE-398,,,False
qwen/gen_1/00000/0013_1334_D._Minimum_Euler_Cycle,qwen,gen_1,1334_D_Minimum_Euler_Cycle,CWE-398,CWE-122,CWE-398,CWE-122,,False
qwen/gen_1/00000/0013_1334_D._Minimum_Euler_Cycle.cpp,qwen,gen_1,1334_D_Minimum_Euler_Cycle,,CWE-122,,CWE-122,,False
qwen/gen_1/00000/0015_1374_E1._Reading_Books__easy_version_,qwen,gen_1,1374_E1_Reading_Books__easy_version_,CWE-398,,CWE-398,,,False
qwen/gen_1/00000/0017_1421_B._Putting_Bricks_in_the_Wall,qwen,gen_1,1421_B_Putting_Bricks_in_the_Wall,CWE-398,,CWE-398,,,False
qwen/gen_1/00000/0018_143_A._Help_Vasilisa_the_Wise_2,qwen,gen_1,143_A_Help_Vasilisa_the_Wise_2,CWE-563,,CWE-563,,,False
qwen/gen_1/00000/0025_235_D._Graph_Game,qwen,gen_1,235_D_Graph_Game,CWE-563,,CWE-563,,,False
qwen/gen_1/00000/0030_354_E._Lucky_Number_Representation,qwen,gen_1,354_E_Lucky_Number_Representation,CWE-398,,CWE-398,,,False
qwen/gen_1/00000/0039_593_C._Beautiful_Function,qwen,gen_1,593_C_Beautiful_Function,CWE-563,,CWE-563,,,False
qwen/gen_1/00000/0040_615_A._Bulbs,qwen,gen_1,615_A_Bulbs,CWE-398,,CWE-398,,,False
qwen/gen_1/00000/0041_634_C._Factory_Repairs,qwen,gen_1,634_C_Factory_Repairs,CWE-398,,CWE-398,,,False
qwen/gen_1/00000/0044_70_C._Lucky_Tickets,qwen,gen_1,70_C_Lucky_Tickets,,CWE-190,,CWE-190,,False
qwen/gen_1/00000/0044_70_C._Lucky_Tickets.cpp,qwen,gen_1,70_C_Lucky_Tickets,,CWE-190,,CWE-190,,False
qwen/gen_1/00000/0045_730_J._Bottles,qwen,gen_1,730_J_Bottles,CWE-398,,CWE-398,,,False
qwen/gen_1/00000/0048_7_B._Memory_Manager,qwen,gen_1,7_B_Memory_Manager,CWE-398,,CWE-398,,,False
qwen/gen_1/00000/0051_868_A._Bark_to_Unlock,qwen,gen_1,868_A_Bark_to_Unlock,CWE-398,,CWE-398,,,False
qwen/gen_1/00000/0058_p02744_Panasonic_Programming_Contest_2020_-_String_Equivalence,qwen,gen_1,p02744_Panasonic_Programming_Contest_2020_-_String_Equivalence,CWE-398,,CWE-398,,,False
qwen/gen_1/00000/0060_p03013_AtCoder_Beginner_Contest_129_-_Typical_Stairs,qwen,gen_1,p03013_AtCoder_Beginner_Contest_129_-_Typical_Stairs,CWE-571,,CWE-571,,,False
qwen/gen_1/00000/0064_p03616_AtCoder_Regular_Contest_082_-_Sandglass,qwen,gen_1,p03616_AtCoder_Regular_Contest_082_-_Sandglass,CWE-398,,CWE-398,,,False
qwen/gen_1/00000/0067_p00035_Is_it_Convex_,qwen,gen_1,p00035_Is_it_Convex_,CWE-398,,CWE-398,,,False
qwen/gen_1/00000/0069_p00323_Metal_Recycling,qwen,gen_1,p00323_Metal_Recycling,CWE-398,,CWE-398,,,False
qwen/gen_1/00000/0071_p00680_KND_Factory,qwen,gen_1,p00680_KND_Factory,CWE-398,,CWE-398,,,False
qwen/gen_1/00000/0072_p00822_Weather_Forecast,qwen,gen_1,p00822_Weather_Forecast,CWE-398,,CWE-398,,,False
qwen/gen_1/00000/0074_p01086_Short_Phrase,qwen,gen_1,p01086_Short_Phrase,CWE-398,,CWE-398,,,False
qwen/gen_1/00000/0075_p01222_Walk_under_a_Scorching_Sun,qwen,gen_1,p01222_Walk_under_a_Scorching_Sun,CWE-398|CWE-563,,CWE-398|CWE-563,,,False
qwen/gen_1/00000/0081_p02120_Cluster_Network,qwen,gen_1,p02120_Cluster_Network,CWE-398,,CWE-398,,,False
qwen/gen_1/00000/0084_101_C._Vectors,qwen,gen_1,101_C_Vectors,,CWE-369,,CWE-369,,False
qwen/gen_1/00000/0084_101_C._Vectors.cpp,qwen,gen_1,101_C_Vectors,,CWE-369,,CWE-369,,False
qwen/gen_1/00000/0085_1043_A._Elections,qwen,gen_1,1043_A_Elections,CWE-398,,CWE-398,,,False
qwen/gen_1/00000/0089_1136_D._Nastya_Is_Buying_Lunch,qwen,gen_1,1136_D_Nastya_Is_Buying_Lunch,CWE-398,,CWE-398,,,False
qwen/gen_1/00000/0092_1195_D2._Submarine_in_the_Rybinsk_Sea__hard_edition_,qwen,gen_1,1195_D2_Submarine_in_the_Rybinsk_Sea__hard_edition_,CWE-398,,CWE-398,,,False
qwen/gen_1/00000/0094_1253_F._Cheap_Robot,qwen,gen_1,1253_F_Cheap_Robot,CWE-398,,CWE-398,,,False
qwen/gen_1/00000/0097_133_D._Piet,qwen,gen_1,133_D_Piet,CWE-398|CWE-563,CWE-121|CWE-122,CWE-398|CWE-563,CWE-121|CWE-122,,False
qwen/gen_1/00000/0097_133_D._Piet.cpp,qwen,gen_1,133_D_Piet,,CWE-121|CWE-122,,CWE-121|CWE-122,,False
qwen/gen_1/00000/0105_1547_C._Pair_Programming,qwen,gen_1,1547_C_Pair_Programming,CWE-398,,CWE-398,,,False
qwen/gen_1/00000/0106_174_E._Ancient_Berland_Hieroglyphs,qwen,gen_1,174_E_Ancient_Berland_Hieroglyphs,,CWE-122,,CWE-122,,False
qwen/gen_1/00000/0106_174_E._Ancient_Berland_Hieroglyphs.cpp,qwen,gen_1,174_E_Ancient_Berland_Hieroglyphs,,CWE-122,,CWE-122,,False
qwen/gen_1/00000/0114_361_C._Levko_and_Array_Recovery,qwen,gen_1,361_C_Levko_and_Array_Recovery,CWE-398,,CWE-398,,,False
qwen/gen_1/00000/0116_405_E._Graph_Cutting,qwen,gen_1,405_E_Graph_Cutting,CWE-398,,CWE-398,,,False
qwen/gen_1/00000/0118_455_C._Civilization,qwen,gen_1,455_C_Civilization,CWE-398,,CWE-398,,,False
qwen/gen_1/00000/0120_500_C._New_Year_Book_Reading,qwen,gen_1,500_C_New_Year_Book_Reading,CWE-398,CWE-122,CWE-398,CWE-122,,False
qwen/gen_1/00000/0120_500_C._New_Year_Book_Reading.cpp,qwen,gen_1,500_C_New_Year_Book_Reading,,CWE-122,,CWE-122,,False
qwen/gen_1/00000/0121_526_A._King_of_Thieves,qwen,gen_1,526_A_King_of_Thieves,CWE-398,,CWE-398,,,False
qwen/gen_1/00000/0122_551_B._ZgukistringZ,qwen,gen_1,551_B_ZgukistringZ,CWE-563,,CWE-563,,,False
qwen/gen_1/00000/0123_578_C._Weakness_and_Poorness,qwen,gen_1,578_C_Weakness_and_Poorness,CWE-398,,CWE-398,,,False
qwen/gen_1/00000/0125_621_D._Rat_Kwesh_and_Cheese,qwen,gen_1,621_D_Rat_Kwesh_and_Cheese,CWE-563,,CWE-563,,,False
qwen/gen_1/00000/0128_691_D._Swaps_in_Permutation,qwen,gen_1,691_D_Swaps_in_Permutation,CWE-398,,CWE-398,,,False
qwen/gen_1/00000/0129_716_D._Complete_The_Graph,qwen,gen_1,716_D_Complete_The_Graph,CWE-398,,CWE-398,,,False
qwen/gen_1/00000/0136_875_D._High_Cry,qwen,gen_1,875_D_High_Cry,CWE-398,CWE-122,CWE-398,CWE-122,,False
qwen/gen_1/00000/0136_875_D._High_Cry.cpp,qwen,gen_1,875_D_High_Cry,,CWE-122,,CWE-122,,False
qwen/gen_1/00000/0137_89_C._Chip_Play,qwen,gen_1,89_C_Chip_Play,CWE-398,,CWE-398,,,False
qwen/gen_1/00000/0142_p02652_AtCoder_Grand_Contest_045_-_01_Unbalanced,qwen,gen_1,p02652_AtCoder_Grand_Contest_045_-_01_Unbalanced,CWE-398,,CWE-398,,,False
qwen/gen_1/00000/0145_p03052_diverta_2019_Programming_Contest_-_Edge_Ordering,qwen,gen_1,p03052_diverta_2019_Programming_Contest_-_Edge_Ordering,CWE-398,,CWE-398,,,False
qwen/gen_1/00000/0147_p03343_AtCoder_Regular_Contest_098_-_Range_Minimum_Queries,qwen,gen_1,p03343_AtCoder_Regular_Contest_098_-_Range_Minimum_Queries,CWE-398,,CWE-398,,,False
qwen/gen_1/00000/0154_p00365_Age_Difference,qwen,gen_1,p00365_Age_Difference,CWE-398|CWE-563,,CWE-398|CWE-563,,,False
qwen/gen_1/00000/0157_p00860_The_Morning_after_Halloween,qwen,gen_1,p00860_The_Morning_after_Halloween,CWE-398,,CWE-398,,,False
qwen/gen_1/00000/0159_p01123_Let_s_Move_Tiles_,qwen,gen_1,p01123_Let_s_Move_Tiles_,CWE-398,,CWE-398,,,False
qwen/gen_1/00000/0163_p01738_Gravity_Point,qwen,gen_1,p01738_Gravity_Point,CWE-563,,CWE-563,,,False
qwen/gen_1/00000/0165_p02014_Rough_Sorting,qwen,gen_1,p02014_Rough_Sorting,CWE-398,,CWE-398,,,False
qwen/gen_1/00000/0171_105_C._Item_World,qwen,gen_1,105_C_Item_World,CWE-398,CWE-122,CWE-398,CWE-122,,False
qwen/gen_1/00000/0171_105_C._Item_World.cpp,qwen,gen_1,105_C_Item_World,,CWE-122,,CWE-122,,False
qwen/gen_1/00000/0173_1100_D._Dasha_and_Chess,qwen,gen_1,1100_D_Dasha_and_Chess,CWE-398,,CWE-398,,,False
qwen/gen_1/00000/0174_1129_A2._Toy_Train,qwen,gen_1,1129_A2_Toy_Train,CWE-398,,CWE-398,,,False
qwen/gen_1/00000/0175_1149_B._Three_Religions,qwen,gen_1,1149_B_Three_Religions,CWE-563,,CWE-563,,,False
qwen/gen_1/00000/0176_1189_A._Keanu_Reeves,qwen,gen_1,1189_A_Keanu_Reeves,CWE-398,,CWE-398,,,False
qwen/gen_1/00000/0177_1208_A._XORinacci,qwen,gen_1,1208_A_XORinacci,CWE-398,,CWE-398,,,False
qwen/gen_1/00000/0178_1227_A._Math_Problem,qwen,gen_1,1227_A_Math_Problem,CWE-563,,CWE-563,,,False
qwen/gen_1/00000/0179_124_D._Squares,qwen,gen_1,124_D_Squares,,CWE-190,,CWE-190,,False
qwen/gen_1/00000/0179_124_D._Squares.cpp,qwen,gen_1,124_D_Squares,,CWE-190,,CWE-190,,False
qwen/gen_1/00000/0195_25_D._Roads_not_only_in_Berland,qwen,gen_1,25_D_Roads_not_only_in_Berland,,CWE-122|CWE-476,,CWE-122|CWE-476,,False
qwen/gen_1/00000/0195_25_D._Roads_not_only_in_Berland.cpp,qwen,gen_1,25_D_Roads_not_only_in_Berland,,CWE-122|CWE-476,,CWE-122|CWE-476,,False
qwen/gen_1/00000/0198_331_D2._Escaping_on_Beaveractor,qwen,gen_1,331_D2_Escaping_on_Beaveractor,CWE-398,,CWE-398,,,False
qwen/gen_1/00000/0200_378_C._Maze,qwen,gen_1,378_C_Maze,CWE-398,CWE-476,CWE-398,CWE-476,,False
qwen/gen_1/00000/0200_378_C._Maze.cpp,qwen,gen_1,378_C_Maze,,CWE-476,,CWE-476,,False
qwen/gen_1/00000/0202_425_A._Sereja_and_Swaps,qwen,gen_1,425_A_Sereja_and_Swaps,,CWE-190,,CWE-190,,False
qwen/gen_1/00000/0202_425_A._Sereja_and_Swaps.cpp,qwen,gen_1,425_A_Sereja_and_Swaps,,CWE-190,,CWE-190,,False
qwen/gen_1/00000/0204_494_A._Treasure,qwen,gen_1,494_A_Treasure,CWE-563,,CWE-563,,,False
qwen/gen_1/00000/0205_518_E._Arthur_and_Questions,qwen,gen_1,518_E_Arthur_and_Questions,CWE-398,CWE-122,CWE-398,CWE-122,,False
qwen/gen_1/00000/0205_518_E._Arthur_and_Questions.cpp,qwen,gen_1,518_E_Arthur_and_Questions,,CWE-122,,CWE-122,,False
qwen/gen_1/00000/0206_544_E._Remembering_Strings,qwen,gen_1,544_E_Remembering_Strings,,CWE-125,,CWE-125,,False
qwen/gen_1/00000/0206_544_E._Remembering_Strings.cpp,qwen,gen_1,544_E_Remembering_Strings,,CWE-125,,CWE-125,,False
qwen/gen_1/00000/0209_614_C._Peter_and_Snow_Blower,qwen,gen_1,614_C_Peter_and_Snow_Blower,CWE-398,,CWE-398,,,False
qwen/gen_1/00000/0212_687_A._NP-Hard_Problem,qwen,gen_1,687_A_NP-Hard_Problem,CWE-398,,CWE-398,,,False
qwen/gen_1/00000/0213_709_E._Centroids,qwen,gen_1,709_E_Centroids,CWE-398,,CWE-398,,,False
qwen/gen_1/00000/0214_730_G._Car_Repair_Shop,qwen,gen_1,730_G_Car_Repair_Shop,CWE-398,,CWE-398,,,False
qwen/gen_1/00000/0219_846_B._Math_Show,qwen,gen_1,846_B_Math_Show,CWE-398,,CWE-398,,,False
qwen/gen_1/00000/0220_867_D._Gotta_Go_Fast,qwen,gen_1,867_D_Gotta_Go_Fast,CWE-398,,CWE-398,,,False
qwen/gen_1/00000/0222_914_F._Substrings_in_a_String,qwen,gen_1,914_F_Substrings_in_a_String,CWE-398|CWE-571,,CWE-398|CWE-571,,,False
qwen/gen_1/00000/0223_937_D._Sleepy_Game,qwen,gen_1,937_D_Sleepy_Game,CWE-398,,CWE-398,,,False
qwen/gen_1/00000/0226_p02610_AIsing_Programming_Contest_2020_-_Camel_Train,qwen,gen_1,p02610_AIsing_Programming_Contest_2020_-_Camel_Train,CWE-563,,CWE-563,,,False
qwen/gen_1/00000/0227_p02741_Panasonic_Programming_Contest_2020_-_Kth_Term,qwen,gen_1,p02741_Panasonic_Programming_Contest_2020_-_Kth_Term,CWE-398,,CWE-398,,,False
qwen/gen_1/00000/0231_p03294_AtCoder_Beginner_Contest_103_-_Modulo_Summation,qwen,gen_1,p03294_AtCoder_Beginner_Contest_103_-_Modulo_Summation,CWE-398,,CWE-398,,,False
qwen/gen_1/00000/0232_p03452_AtCoder_Regular_Contest_090_-_People_on_a_Line,qwen,gen_1,p03452_AtCoder_Regular_Contest_090_-_People_on_a_Line,CWE-563,,CWE-563,,,False
qwen/gen_1/00000/0237_p00163_Highway_Toll,qwen,gen_1,p00163_Highway_Toll,CWE-570,,CWE-570,,,False
qwen/gen_1/00000/0243_p01083_RedBlue,qwen,gen_1,p01083_RedBlue,CWE-563,,CWE-563,,,False
qwen/gen_1/00000/0244_p01219_Private_Teacher,qwen,gen_1,p01219_Private_Teacher,CWE-398,,CWE-398,,,False
qwen/gen_1/00000/0245_p01353_Rabbit_Plays_Games_,qwen,gen_1,p01353_Rabbit_Plays_Games_,CWE-563,,CWE-563,,,False
qwen/gen_1/00000/0246_p01535_Markup_language_has_Declined,qwen,gen_1,p01535_Markup_language_has_Declined,CWE-398|CWE-563|CWE-570,,CWE-398|CWE-563|CWE-570,,,False
qwen/gen_1/00000/0249_p01970_The_Diversity_of_Prime_Factorization,qwen,gen_1,p01970_The_Diversity_of_Prime_Factorization,CWE-563,,CWE-563,,,False
qwen/gen_1/00000/0253_1007_E._Mini_Metro,qwen,gen_1,1007_E_Mini_Metro,CWE-398,,CWE-398,,,False
qwen/gen_1/00000/0255_1053_C._Putting_Boxes_Together,qwen,gen_1,1053_C_Putting_Boxes_Together,CWE-398,,CWE-398,,,False
qwen/gen_1/00000/0256_1075_D._Intersecting_Subtrees,qwen,gen_1,1075_D_Intersecting_Subtrees,CWE-398,CWE-122,CWE-398,CWE-122,,False
qwen/gen_1/00000/0256_1075_D._Intersecting_Subtrees.cpp,qwen,gen_1,1075_D_Intersecting_Subtrees,,CWE-122,,CWE-122,,False
qwen/gen_1/00000/0257_1096_E._The_Top_Scorer,qwen,gen_1,1096_E_The_Top_Scorer,CWE-398,CWE-190,CWE-398,CWE-190,,False
qwen/gen_1/00000/0257_1096_E._The_Top_Scorer.cpp,qwen,gen_1,1096_E_The_Top_Scorer,,CWE-190,,CWE-190,,False
qwen/gen_1/00000/0258_1117_F._Crisp_String,qwen,gen_1,1117_F_Crisp_String,CWE-398,,CWE-398,,,False
qwen/gen_1/00000/0261_1184_B3._The_Doctor_Meets_Vader__Hard_,qwen,gen_1,1184_B3_The_Doctor_Meets_Vader__Hard_,CWE-398|CWE-563,,CWE-398|CWE-563,,,False
qwen/gen_1/00000/0263_1219_H._Function_Composition,qwen,gen_1,1219_H_Function_Composition,CWE-563,,CWE-563,,,False
qwen/gen_1/00000/0264_1244_C._The_Football_Season,qwen,gen_1,1244_C_The_Football_Season,CWE-398,,CWE-398,,,False
qwen/gen_1/00000/0269_1348_F._Phoenix_and_Memory,qwen,gen_1,1348_F_Phoenix_and_Memory,CWE-398|CWE-563,,CWE-398|CWE-563,,,False
qwen/gen_1/00000/0272_1413_F._Roads_and_Ramen,qwen,gen_1,1413_F_Roads_and_Ramen,CWE-398,,CWE-398,,,False
qwen/gen_1/00000/0273_1455_F._String_and_Operations,qwen,gen_1,1455_F_String_and_Operations,CWE-398,,CWE-398,,,False
qwen/gen_1/00001/0000_152_E._Garden,qwen,gen_1,152_E_Garden,CWE-398|CWE-786,CWE-122|CWE-125,CWE-398|CWE-786,CWE-122|CWE-125,,False
qwen/gen_1/00001/0000_152_E._Garden.cpp,qwen,gen_1,152_E_Garden,,CWE-122|CWE-125,,CWE-122|CWE-125,,False
qwen/gen_1/00001/0001_161_B._Discounts,qwen,gen_1,161_B_Discounts,CWE-398,,CWE-398,,,False
qwen/gen_1/00001/0003_203_E._Transportation,qwen,gen_1,203_E_Transportation,CWE-563,,CWE-563,,,False
qwen/gen_1/00001/0004_228_D._Zigzag,qwen,gen_1,228_D_Zigzag,CWE-398,,CWE-398,,,False
qwen/gen_1/00001/0007_29_E._Quarrel,qwen,gen_1,29_E_Quarrel,CWE-398,,CWE-398,,,False
qwen/gen_1/00001/0008_323_C._Two_permutations,qwen,gen_1,323_C_Two_permutations,CWE-398,,CWE-398,,,False
qwen/gen_1/00001/0011_392_D._Three_Arrays,qwen,gen_1,392_D_Three_Arrays,CWE-398,CWE-122,CWE-398,CWE-122,,False
qwen/gen_1/00001/0011_392_D._Three_Arrays.cpp,qwen,gen_1,392_D_Three_Arrays,,CWE-122,,CWE-122,,False
qwen/gen_1/00001/0014_464_D._World_of_Darkraft_-_2,qwen,gen_1,464_D_World_of_Darkraft_-_2,CWE-398,,CWE-398,,,False
qwen/gen_1/00001/0015_488_C._Fight_the_Monster,qwen,gen_1,488_C_Fight_the_Monster,CWE-398|CWE-563,,CWE-398|CWE-563,,,False
qwen/gen_1/00001/0016_512_B._Fox_And_Jumping,qwen,gen_1,512_B_Fox_And_Jumping,CWE-563,CWE-190,CWE-563,CWE-190,,False
qwen/gen_1/00001/0016_512_B._Fox_And_Jumping.cpp,qwen,gen_1,512_B_Fox_And_Jumping,,CWE-190,,CWE-190,,False
qwen/gen_1/00001/0017_536_C._Tavas_and_Pashmaks,qwen,gen_1,536_C_Tavas_and_Pashmaks,CWE-398,,CWE-398,,,False
qwen/gen_1/00001/0019_586_F._Lizard_Era__Beginning,qwen,gen_1,586_F_Lizard_Era__Beginning,CWE-398,,CWE-398,,,False
qwen/gen_1/00001/0020_609_B._The_Best_Gift,qwen,gen_1,609_B_The_Best_Gift,CWE-398,,CWE-398,,,False
qwen/gen_1/00001/0023_67_E._Save_the_City_,qwen,gen_1,67_E_Save_the_City_,CWE-398|CWE-457,,CWE-398|CWE-457,,,False
qwen/gen_1/00001/0032_886_D._Restoration_of_string,qwen,gen_1,886_D_Restoration_of_string,CWE-398,,CWE-398,,,False
qwen/gen_1/00001/0039_p02834_AtCoder_Beginner_Contest_148_-_Playing_Tag_on_Tree,qwen,gen_1,p02834_AtCoder_Beginner_Contest_148_-_Playing_Tag_on_Tree,CWE-398,,CWE-398,,,False
qwen/gen_1/00001/0046_p03889_CODE_FESTIVAL_2016_Relay__Parallel__-_Mirror_String,qwen,gen_1,p03889_CODE_FESTIVAL_2016_Relay__Parallel__-_Mirror_String,CWE-398,,CWE-398,,,False
qwen/gen_1/00001/0049_p00260_Cats_Going_Straight,qwen,gen_1,p00260_Cats_Going_Straight,CWE-398,,CWE-398,,,False
qwen/gen_1/00001/0050_p00447_Searching_Constellation,qwen,gen_1,p00447_Searching_Constellation,CWE-398,,CWE-398,,,False
qwen/gen_1/00001/0051_p00638_Old_Bridges,qwen,gen_1,p00638_Old_Bridges,CWE-398|CWE-563,,CWE-398|CWE-563,,,False
qwen/gen_1/00001/0052_p00781_Lattice_Practices,qwen,gen_1,p00781_Lattice_Practices,CWE-398,,CWE-398,,,False
qwen/gen_1/00001/0062_p02211_Apple_Adventure,qwen,gen_1,p02211_Apple_Adventure,CWE-457,,CWE-457,,,False
qwen/gen_1/00001/0064_1003_D._Coins_and_Queries,qwen,gen_1,1003_D_Coins_and_Queries,CWE-563,,CWE-563,,,False
qwen/gen_1/00001/0066_1046_D._Interstellar_battle,qwen,gen_1,1046_D_Interstellar_battle,CWE-398,CWE-125,CWE-398,CWE-125,,False
qwen/gen_1/00001/0066_1046_D._Interstellar_battle.cpp,qwen,gen_1,1046_D_Interstellar_battle,,CWE-125,,CWE-125,,False
qwen/gen_1/00001/0067_1070_C._Cloud_Computing,qwen,gen_1,1070_C_Cloud_Computing,CWE-398,CWE-476,CWE-398,CWE-476,,False
qwen/gen_1/00001/0067_1070_C._Cloud_Computing.cpp,qwen,gen_1,1070_C_Cloud_Computing,,CWE-476,,CWE-476,,False
qwen/gen_1/00001/0072_1180_E._Serge_and_Dining_Room,qwen,gen_1,1180_E_Serge_and_Dining_Room,CWE-398|CWE-563,,CWE-398|CWE-563,,,False
qwen/gen_1/00001/0073_1199_E._Matching_vs_Independent_Set,qwen,gen_1,1199_E_Matching_vs_Independent_Set,CWE-398,,CWE-398,,,False
qwen/gen_1/00001/0074_1216_D._Swords,qwen,gen_1,1216_D_Swords,CWE-398,,CWE-398,,,False
qwen/gen_1/00001/0082_1386_A._Colors,qwen,gen_1,1386_A_Colors,CWE-398,,CWE-398,,,False
qwen/gen_1/00001/0084_1428_D._Bouncing_Boomerangs,qwen,gen_1,1428_D_Bouncing_Boomerangs,CWE-398,CWE-122,CWE-398,CWE-122,,False
qwen/gen_1/00001/0084_1428_D._Bouncing_Boomerangs.cpp,qwen,gen_1,1428_D_Bouncing_Boomerangs,,CWE-122,,CWE-122,,False
qwen/gen_1/00001/0086_1475_D._Cleaning_the_Phone,qwen,gen_1,1475_D_Cleaning_the_Phone,,CWE-122,,CWE-122,,False
qwen/gen_1/00001/0086_1475_D._Cleaning_the_Phone.cpp,qwen,gen_1,1475_D_Cleaning_the_Phone,,CWE-122,,CWE-122,,False
qwen/gen_1/00001/0089_157_A._Game_Outcome,qwen,gen_1,157_A_Game_Outcome,CWE-398,,CWE-398,,,False
qwen/gen_1/00001/0099_38_C._Blinds,qwen,gen_1,38_C_Blinds,CWE-398,,CWE-398,,,False
qwen/gen_1/00001/0100_40_B._Repaintings,qwen,gen_1,40_B_Repaintings,CWE-783,,CWE-783,,,False
qwen/gen_1/00001/0101_438_A._The_Child_and_Toy,qwen,gen_1,438_A_The_Child_and_Toy,CWE-398,,CWE-398,,,False
qwen/gen_1/00001/0102_45_H._Road_Problem,qwen,gen_1,45_H_Road_Problem,CWE-398,,CWE-398,,,False
qwen/gen_1/00001/0103_483_B._Friends_and_Presents,qwen,gen_1,483_B_Friends_and_Presents,CWE-398,,CWE-398,,,False
qwen/gen_1/00001/0104_507_B._Amr_and_Pins,qwen,gen_1,507_B_Amr_and_Pins,,CWE-190,,CWE-190,,False
qwen/gen_1/00001/0104_507_B._Amr_and_Pins.cpp,qwen,gen_1,507_B_Amr_and_Pins,,CWE-190,,CWE-190,,False
qwen/gen_1/00001/0105_556_C._Case_of_Matryoshkas,qwen,gen_1,556_C_Case_of_Matryoshkas,CWE-398,,CWE-398,,,False
qwen/gen_1/00001/0106_582_A._GCD_Table,qwen,gen_1,582_A_GCD_Table,,CWE-122,,CWE-122,,False
qwen/gen_1/00001/0106_582_A._GCD_Table.cpp,qwen,gen_1,582_A_GCD_Table,,CWE-122,,CWE-122,,False
qwen/gen_1/00001/0109_650_B._Image_Preview,qwen,gen_1,650_B_Image_Preview,CWE-563|CWE-571,,CWE-563|CWE-571,,,False
qwen/gen_1/00001/0110_675_E._Trains_and_Statistic,qwen,gen_1,675_E_Trains_and_Statistic,CWE-398,,CWE-398,,,False
qwen/gen_1/00001/0111_699_F._Limak_and_Shooting_Points,qwen,gen_1,699_F_Limak_and_Shooting_Points,CWE-398,,CWE-398,,,False
qwen/gen_1/00001/0113_741_E._Arpa_s_abnormal_DNA_and_Mehrdad_s_deep_interest,qwen,gen_1,741_E_Arpa_s_abnormal_DNA_and_Mehrdad_s_deep_interest,CWE-398,,CWE-398,,,False
qwen/gen_1/00001/0114_765_D._Artsem_and_Saunders,qwen,gen_1,765_D_Artsem_and_Saunders,CWE-398,,CWE-398,,,False
qwen/gen_1/00001/0115_789_A._Anastasia_and_pebbles,qwen,gen_1,789_A_Anastasia_and_pebbles,CWE-398,,CWE-398,,,False
qwen/gen_1/00001/0116_80_C._Heroes,qwen,gen_1,80_C_Heroes,CWE-398,CWE-369,CWE-398,CWE-369,,False
qwen/gen_1/00001/0116_80_C._Heroes.cpp,qwen,gen_1,80_C_Heroes,,CWE-369,,CWE-369,,False
qwen/gen_1/00001/0119_87_B._Vasya_and_Types,qwen,gen_1,87_B_Vasya_and_Types,CWE-398|CWE-563,CWE-121|CWE-122,CWE-398|CWE-563,CWE-121|CWE-122,,False
qwen/gen_1/00001/0119_87_B._Vasya_and_Types.cpp,qwen,gen_1,87_B_Vasya_and_Types,,CWE-121|CWE-122,,CWE-121|CWE-122,,False
qwen/gen_1/00001/0123_980_E._The_Number_Games,qwen,gen_1,980_E_The_Number_Games,CWE-398|CWE-563,,CWE-398|CWE-563,,,False
qwen/gen_1/00001/0124_9_E._Interesting_Graph_and_Apples,qwen,gen_1,9_E_Interesting_Graph_and_Apples,CWE-398,CWE-122,CWE-398,CWE-122,,False
qwen/gen_1/00001/0124_9_E._Interesting_Graph_and_Apples.cpp,qwen,gen_1,9_E_Interesting_Graph_and_Apples,,CWE-122,,CWE-122,,False
qwen/gen_1/00001/0141_p00886_Towns_along_a_Highway,qwen,gen_1,p00886_Towns_along_a_Highway,CWE-398,,CWE-398,,,False
qwen/gen_1/00001/0146_p01609_One,qwen,gen_1,p01609_One,CWE-398,,CWE-398,,,False
qwen/gen_1/00001/0150_p02185_Many_Decimal_Integers,qwen,gen_1,p02185_Many_Decimal_Integers,CWE-563,,CWE-563,,,False
qwen/gen_1/00001/0153_1011_A._Stages,qwen,gen_1,1011_A_Stages,CWE-398|CWE-563,,CWE-398|CWE-563,,,False
qwen/gen_1/00001/0157_10_B._Cinema_Cashier,qwen,gen_1,10_B_Cinema_Cashier,CWE-398,CWE-190,CWE-398,CWE-190,,False
qwen/gen_1/00001/0157_10_B._Cinema_Cashier.cpp,qwen,gen_1,10_B_Cinema_Cashier,,CWE-190,,CWE-190,,False
qwen/gen_1/00001/0158_1121_A._Technogoblet_of_Fire,qwen,gen_1,1121_A_Technogoblet_of_Fire,CWE-398,CWE-122,CWE-398,CWE-122,,False
qwen/gen_1/00001/0158_1121_A._Technogoblet_of_Fire.cpp,qwen,gen_1,1121_A_Technogoblet_of_Fire,,CWE-122,,CWE-122,,False
qwen/gen_1/00001/0159_1148_C._Crazy_Diamond,qwen,gen_1,1148_C_Crazy_Diamond,CWE-398,,CWE-398,,,False
qwen/gen_1/00001/0161_1187_G._Gang_Up,qwen,gen_1,1187_G_Gang_Up,CWE-398,CWE-190,CWE-398,CWE-190,,False
qwen/gen_1/00001/0161_1187_G._Gang_Up.cpp,qwen,gen_1,1187_G_Gang_Up,,CWE-190,,CWE-190,,False
qwen/gen_1/00001/0162_1206_F._Almost_All,qwen,gen_1,1206_F_Almost_All,,CWE-122,,CWE-122,,False
qwen/gen_1/00001/0162_1206_F._Almost_All.cpp,qwen,gen_1,1206_F_Almost_All,,CWE-122,,CWE-122,,False
qwen/gen_1/00001/0164_1249_D1._Too_Many_Segments__easy_version_,qwen,gen_1,1249_D1_Too_Many_Segments__easy_version_,CWE-398,,CWE-398,,,False
qwen/gen_1/00001/0169_1353_C._Board_Moves,qwen,gen_1,1353_C_Board_Moves,,CWE-190,,CWE-190,,False
qwen/gen_1/00001/0169_1353_C._Board_Moves.cpp,qwen,gen_1,1353_C_Board_Moves,,CWE-190,,CWE-190,,False
qwen/gen_1/00001/0172_141_C._Queue,qwen,gen_1,141_C_Queue,CWE-398,,CWE-398,,,False
qwen/gen_1/00001/0175_148_B._Escape,qwen,gen_1,148_B_Escape,,CWE-190,,CWE-190,,False
qwen/gen_1/00001/0175_148_B._Escape.cpp,qwen,gen_1,148_B_Escape,,CWE-190,,CWE-190,,False
qwen/gen_1/00001/0177_1539_D._PriceFixed,qwen,gen_1,1539_D_PriceFixed,CWE-398,,CWE-398,,,False
qwen/gen_1/00001/0179_187_B._AlgoRace,qwen,gen_1,187_B_AlgoRace,CWE-398,,CWE-398,,,False
qwen/gen_1/00001/0184_305_A._Strange_Addition,qwen,gen_1,305_A_Strange_Addition,CWE-398,,CWE-398,,,False
qwen/gen_1/00001/0187_377_A._Maze,qwen,gen_1,377_A_Maze,CWE-398,,CWE-398,,,False
qwen/gen_1/00001/0188_399_C._Cards,qwen,gen_1,399_C_Cards,,CWE-190,,CWE-190,,False
qwen/gen_1/00001/0188_399_C._Cards.cpp,qwen,gen_1,399_C_Cards,,CWE-190,,CWE-190,,False
qwen/gen_1/00001/0189_421_D._Bug_in_Code,qwen,gen_1,421_D_Bug_in_Code,CWE-398,,CWE-398,,,False
qwen/gen_1/00001/0190_448_B._Suffix_Structures,qwen,gen_1,448_B_Suffix_Structures,,CWE-121|CWE-122,,CWE-121|CWE-122,,False
qwen/gen_1/00001/0190_448_B._Suffix_Structures.cpp,qwen,gen_1,448_B_Suffix_Structures,,CWE-121|CWE-122,,CWE-121|CWE-122,,False
qwen/gen_1/00001/0193_516_C._Drazil_and_Park,qwen,gen_1,516_C_Drazil_and_Park,CWE-398,,CWE-398,,,False
qwen/gen_1/00001/0194_543_C._Remembering_Strings,qwen,gen_1,543_C_Remembering_Strings,CWE-758,CWE-125|CWE-190,CWE-758,CWE-125|CWE-190,,False
qwen/gen_1/00001/0194_543_C._Remembering_Strings.cpp,qwen,gen_1,543_C_Remembering_Strings,,CWE-125|CWE-190,,CWE-125|CWE-190,,False
qwen/gen_1/00001/0199_685_D._Kay_and_Eternity,qwen,gen_1,685_D_Kay_and_Eternity,CWE-398,,CWE-398,,,False
qwen/gen_1/00001/0201_750_F._New_Year_and_Finding_Roots,qwen,gen_1,750_F_New_Year_and_Finding_Roots,,CWE-122,,CWE-122,,False
qwen/gen_1/00001/0201_750_F._New_Year_and_Finding_Roots.cpp,qwen,gen_1,750_F_New_Year_and_Finding_Roots,,CWE-122,,CWE-122,,False
qwen/gen_1/00001/0203_799_D._Field_expansion,qwen,gen_1,799_D_Field_expansion,,CWE-190,,CWE-190,,False
qwen/gen_1/00001/0203_799_D._Field_expansion.cpp,qwen,gen_1,799_D_Field_expansion,,CWE-190,,CWE-190,,False
qwen/gen_1/00001/0204_819_D._Mister_B_and_Astronomers,qwen,gen_1,819_D_Mister_B_and_Astronomers,CWE-786,,CWE-786,,,False
qwen/gen_1/00001/0208_913_G._Power_Substring,qwen,gen_1,913_G_Power_Substring,,CWE-190,,CWE-190,,False
qwen/gen_1/00001/0208_913_G._Power_Substring.cpp,qwen,gen_1,913_G_Power_Substring,,CWE-190,,CWE-190,,False
qwen/gen_1/00001/0209_936_A._Save_Energy_,qwen,gen_1,936_A_Save_Energy_,CWE-563,,CWE-563,,,False
qwen/gen_1/00001/0210_961_F._k-substrings,qwen,gen_1,961_F_k-substrings,CWE-398,,CWE-398,,,False
qwen/gen_1/00001/0211_989_E._A_Trance_of_Nightfall,qwen,gen_1,989_E_A_Trance_of_Nightfall,CWE-398|CWE-704,,CWE-398|CWE-704,,,False
qwen/gen_1/00001/0215_p03003_AtCoder_Beginner_Contest_130_-_Common_Subsequence,qwen,gen_1,p03003_AtCoder_Beginner_Contest_130_-_Common_Subsequence,CWE-398,,CWE-398,,,False
qwen/gen_1/00001/0218_p03443_AtCoder_Petrozavodsk_Contest_001_-_Colorful_Doors,qwen,gen_1,p03443_AtCoder_Petrozavodsk_Contest_001_-_Colorful_Doors,CWE-398,,CWE-398,,,False
qwen/gen_1/00001/0223_p00156_Moats_around_the_Castle,qwen,gen_1,p00156_Moats_around_the_Castle,CWE-398,,CWE-398,,,False
qwen/gen_1/00001/0227_p00812_Equals_are_Equals,qwen,gen_1,p00812_Equals_are_Equals,CWE-398|CWE-664,,CWE-398|CWE-664,,,False
qwen/gen_1/00001/0232_p01516_Milky_Way,qwen,gen_1,p01516_Milky_Way,CWE-398,,CWE-398,,,False
qwen/gen_1/00001/0233_p01684_Venn_Diagram,qwen,gen_1,p01684_Venn_Diagram,CWE-457,,CWE-457,,,False
qwen/gen_1/00001/0240_103_C._Russian_Roulette,qwen,gen_1,103_C_Russian_Roulette,CWE-563,,CWE-563,,,False
qwen/gen_1/00001/0242_1084_C._The_Fair_Nut_and_String,qwen,gen_1,1084_C_The_Fair_Nut_and_String,,CWE-122,,CWE-122,,False
qwen/gen_1/00001/0242_1084_C._The_Fair_Nut_and_String.cpp,qwen,gen_1,1084_C_The_Fair_Nut_and_String,,CWE-122,,CWE-122,,False
qwen/gen_1/00001/0243_1103_E._Radix_sum,qwen,gen_1,1103_E_Radix_sum,CWE-398|CWE-788,CWE-125,CWE-398|CWE-788,CWE-125,,False
qwen/gen_1/00001/0243_1103_E._Radix_sum.cpp,qwen,gen_1,1103_E_Radix_sum,,CWE-125,,CWE-125,,False
qwen/gen_1/00001/0247_1191_C._Tokitsukaze_and_Discard_Items,qwen,gen_1,1191_C_Tokitsukaze_and_Discard_Items,CWE-563,,CWE-563,,,False
qwen/gen_1/00001/0248_120_C._Winnie-the-Pooh_and_honey,qwen,gen_1,120_C_Winnie-the-Pooh_and_honey,CWE-398,,CWE-398,,,False
qwen/gen_1/00001/0256_1379_F1._Chess_Strikes_Back__easy_version_,qwen,gen_1,1379_F1_Chess_Strikes_Back__easy_version_,CWE-563,,CWE-563,,,False
qwen/gen_1/00001/0258_1423_H._Virus,qwen,gen_1,1423_H_Virus,CWE-398,CWE-122,CWE-398,CWE-122,,False
qwen/gen_1/00001/0258_1423_H._Virus.cpp,qwen,gen_1,1423_H_Virus,,CWE-122,,CWE-122,,False
qwen/gen_1/00001/0260_1468_J._Road_Reform,qwen,gen_1,1468_J_Road_Reform,CWE-398,,CWE-398,,,False
qwen/gen_1/00001/0261_1493_C._K-beautiful_Strings,qwen,gen_1,1493_C_K-beautiful_Strings,CWE-398,,CWE-398,,,False
qwen/gen_1/00001/0263_1543_B._Customising_the_Track,qwen,gen_1,1543_B_Customising_the_Track,CWE-398,,CWE-398,,,False
qwen/gen_1/00001/0264_171_C._A_Piece_of_Cake,qwen,gen_1,171_C_A_Piece_of_Cake,CWE-398,,CWE-398,,,False
qwen/gen_1/00001/0265_191_A._Dynasty_Puzzles,qwen,gen_1,191_A_Dynasty_Puzzles,CWE-398|CWE-563,,CWE-398|CWE-563,,,False
qwen/gen_1/00001/0271_335_B._Palindrome,qwen,gen_1,335_B_Palindrome,CWE-628,,CWE-628,,,False
qwen/gen_1/00001/0277_474_C._Captain_Marmot,qwen,gen_1,474_C_Captain_Marmot,,CWE-125,,CWE-125,,False
qwen/gen_1/00001/0277_474_C._Captain_Marmot.cpp,qwen,gen_1,474_C_Captain_Marmot,,CWE-125,,CWE-125,,False
qwen/gen_1/00001/0278_498_B._Name_That_Tune,qwen,gen_1,498_B_Name_That_Tune,CWE-398,,CWE-398,,,False
qwen/gen_1/00001/0281_575_B._Bribes,qwen,gen_1,575_B_Bribes,,CWE-190,,CWE-190,,False
qwen/gen_1/00001/0281_575_B._Bribes.cpp,qwen,gen_1,575_B_Bribes,,CWE-190,,CWE-190,,False
qwen/gen_1/00001/0282_596_E._Wilbur_and_Strings,qwen,gen_1,596_E_Wilbur_and_Strings,CWE-563,,CWE-563,,,False
qwen/gen_1/00001/0287_712_D._Memory_and_Scores,qwen,gen_1,712_D_Memory_and_Scores,,CWE-125,,CWE-125,,False
qwen/gen_1/00001/0287_712_D._Memory_and_Scores.cpp,qwen,gen_1,712_D_Memory_and_Scores,,CWE-125,,CWE-125,,False
qwen/gen_1/00001/0289_757_D._Felicity_s_Big_Secret_Revealed,qwen,gen_1,757_D_Felicity_s_Big_Secret_Revealed,CWE-398,,CWE-398,,,False
qwen/gen_1/00001/0290_779_A._Pupils_Redistribution,qwen,gen_1,779_A_Pupils_Redistribution,CWE-563,,CWE-563,,,False
qwen/gen_1/00001/0291_802_I._Fake_News__hard_,qwen,gen_1,802_I_Fake_News__hard_,CWE-398,,CWE-398,,,False
qwen/gen_1/00002/0001_848_C._Goodbye_Souvenir,qwen,gen_1,848_C_Goodbye_Souvenir,,CWE-122,,CWE-122,,False
qwen/gen_1/00002/0001_848_C._Goodbye_Souvenir.cpp,qwen,gen_1,848_C_Goodbye_Souvenir,,CWE-122,,CWE-122,,False
qwen/gen_1/00002/0003_896_E._Welcome_home__Chtholly,qwen,gen_1,896_E_Welcome_home__Chtholly,CWE-563,,CWE-563,,,False
qwen/gen_1/00002/0006_967_D._Resource_Distribution,qwen,gen_1,967_D_Resource_Distribution,,CWE-122|CWE-369,,CWE-122|CWE-369,,False
qwen/gen_1/00002/0006_967_D._Resource_Distribution.cpp,qwen,gen_1,967_D_Resource_Distribution,,CWE-122|CWE-369,,CWE-122|CWE-369,,False
qwen/gen_1/00002/0007_993_D._Compute_Power,qwen,gen_1,993_D_Compute_Power,,CWE-190,,CWE-190,,False
qwen/gen_1/00002/0007_993_D._Compute_Power.cpp,qwen,gen_1,993_D_Compute_Power,,CWE-190,,CWE-190,,False
qwen/gen_1/00002/0009_p02761_AtCoder_Beginner_Contest_157_-_Guess_The_Number,qwen,gen_1,p02761_AtCoder_Beginner_Contest_157_-_Guess_The_Number,CWE-398,,CWE-398,,,False
qwen/gen_1/00002/0010_p02896_AtCoder_Grand_Contest_039_-_Min_Product_Sum,qwen,gen_1,p02896_AtCoder_Grand_Contest_039_-_Min_Product_Sum,CWE-398,,CWE-398,,,False
qwen/gen_1/00002/0014_p03474_AtCoder_Beginner_Contest_084_-_Postal_Code,qwen,gen_1,p03474_AtCoder_Beginner_Contest_084_-_Postal_Code,CWE-398,,CWE-398,,,False
qwen/gen_1/00002/0017_p03963_AtCoder_Beginner_Contest_046_-_Painting_Balls_with_AtCoDeer,qwen,gen_1,p03963_AtCoder_Beginner_Contest_046_-_Painting_Balls_with_AtCoDeer,CWE-197,,CWE-197,,,False
qwen/gen_1/00002/0022_p00698_Missing_Numbers,qwen,gen_1,p00698_Missing_Numbers,CWE-398|CWE-563|CWE-571,,CWE-398|CWE-563|CWE-571,,,False
qwen/gen_1/00002/0024_p00971_Shortest_Common_Non-Subsequence,qwen,gen_1,p00971_Shortest_Common_Non-Subsequence,CWE-563,,CWE-563,,,False
qwen/gen_1/00002/0028_p01556_ConvexCut,qwen,gen_1,p01556_ConvexCut,CWE-398,,CWE-398,,,False
qwen/gen_1/00002/0038_1076_B._Divisor_Subtraction,qwen,gen_1,1076_B_Divisor_Subtraction,CWE-398,,CWE-398,,,False
qwen/gen_1/00002/0041_1144_F._Graph_Without_Long_Directed_Paths,qwen,gen_1,1144_F_Graph_Without_Long_Directed_Paths,CWE-398,,CWE-398,,,False
qwen/gen_1/00002/0046_1244_G._Running_in_Pairs,qwen,gen_1,1244_G_Running_in_Pairs,CWE-398|CWE-570,CWE-190|CWE-476,CWE-398|CWE-570,CWE-190|CWE-476,,False
qwen/gen_1/00002/0046_1244_G._Running_in_Pairs.cpp,qwen,gen_1,1244_G_Running_in_Pairs,,CWE-190|CWE-476,,CWE-190|CWE-476,,False
qwen/gen_1/00002/0049_1305_B._Kuroni_and_Simple_Strings,qwen,gen_1,1305_B_Kuroni_and_Simple_Strings,CWE-398|CWE-563,CWE-190,CWE-398|CWE-563,CWE-190,,False
qwen/gen_1/00002/0049_1305_B._Kuroni_and_Simple_Strings.cpp,qwen,gen_1,1305_B_Kuroni_and_Simple_Strings,,CWE-190,,CWE-190,,False
qwen/gen_1/00002/0051_1349_D._Slime_and_Biscuits,qwen,gen_1,1349_D_Slime_and_Biscuits,,CWE-190,,CWE-190,,False
qwen/gen_1/00002/0051_1349_D._Slime_and_Biscuits.cpp,qwen,gen_1,1349_D_Slime_and_Biscuits,,CWE-190,,CWE-190,,False
qwen/gen_1/00002/0056_1458_B._Glass_Half_Spilled,qwen,gen_1,1458_B_Glass_Half_Spilled,CWE-398,,CWE-398,,,False
qwen/gen_1/00002/0058_1508_C._Complete_the_MST,qwen,gen_1,1508_C_Complete_the_MST,CWE-398,,CWE-398,,,False
qwen/gen_1/00002/0059_1534_D._Lost_Tree,qwen,gen_1,1534_D_Lost_Tree,CWE-786,,CWE-786,,,False
qwen/gen_1/00002/0061_204_D._Little_Elephant_and_Retro_Strings,qwen,gen_1,204_D_Little_Elephant_and_Retro_Strings,,CWE-122,,CWE-122,,False
qwen/gen_1/00002/0061_204_D._Little_Elephant_and_Retro_Strings.cpp,qwen,gen_1,204_D_Little_Elephant_and_Retro_Strings,,CWE-122,,CWE-122,,False
qwen/gen_1/00002/0063_253_A._Boys_and_Girls,qwen,gen_1,253_A_Boys_and_Girls,CWE-571,,CWE-571,,,False
qwen/gen_1/00002/0064_278_B._New_Problem,qwen,gen_1,278_B_New_Problem,CWE-398,,CWE-398,,,False
qwen/gen_1/00002/0069_393_C._Blocked_Points,qwen,gen_1,393_C_Blocked_Points,CWE-197,,CWE-197,,,False
qwen/gen_1/00002/0070_416_D._Population_Size,qwen,gen_1,416_D_Population_Size,,CWE-122,,CWE-122,,False
qwen/gen_1/00002/0070_416_D._Population_Size.cpp,qwen,gen_1,416_D_Population_Size,,CWE-122,,CWE-122,,False
qwen/gen_1/00002/0071_443_B._Kolya_and_Tandem_Repeat,qwen,gen_1,443_B_Kolya_and_Tandem_Repeat,,CWE-121,,CWE-121,,False
qwen/gen_1/00002/0071_443_B._Kolya_and_Tandem_Repeat.cpp,qwen,gen_1,443_B_Kolya_and_Tandem_Repeat,,CWE-121,,CWE-121,,False
qwen/gen_1/00002/0075_538_B._Quasi_Binary,qwen,gen_1,538_B_Quasi_Binary,CWE-398,,CWE-398,,,False
qwen/gen_1/00002/0077_587_D._Duff_in_Mafia,qwen,gen_1,587_D_Duff_in_Mafia,CWE-398,CWE-476,CWE-398,CWE-476,,False
qwen/gen_1/00002/0077_587_D._Duff_in_Mafia.cpp,qwen,gen_1,587_D_Duff_in_Mafia,,CWE-476,,CWE-476,,False
qwen/gen_1/00002/0078_609_F._Frogs_and_mosquitoes,qwen,gen_1,609_F_Frogs_and_mosquitoes,CWE-398|CWE-571,,CWE-398|CWE-571,,,False
qwen/gen_1/00002/0083_725_C._Hidden_Word,qwen,gen_1,725_C_Hidden_Word,CWE-398|CWE-563,,CWE-398|CWE-563,,,False
qwen/gen_1/00002/0085_76_F._Tourist,qwen,gen_1,76_F_Tourist,CWE-398,,CWE-398,,,False
qwen/gen_1/00002/0086_794_C._Naming_Company,qwen,gen_1,794_C_Naming_Company,CWE-398,,CWE-398,,,False
qwen/gen_1/00002/0089_860_C._Tests_Renumeration,qwen,gen_1,860_C_Tests_Renumeration,CWE-398,,CWE-398,,,False
qwen/gen_1/00002/0090_887_B._Cubes_for_Masha,qwen,gen_1,887_B_Cubes_for_Masha,CWE-398,,CWE-398,,,False
qwen/gen_1/00002/0097_p02838_AtCoder_Beginner_Contest_147_-_Xor_Sum_4,qwen,gen_1,p02838_AtCoder_Beginner_Contest_147_-_Xor_Sum_4,CWE-398,,CWE-398,,,False
qwen/gen_1/00002/0098_p02975_AtCoder_Grand_Contest_035_-_XOR_Circle,qwen,gen_1,p02975_AtCoder_Grand_Contest_035_-_XOR_Circle,CWE-398,,CWE-398,,,False
qwen/gen_1/00002/0099_p03111_AtCoder_Beginner_Contest_119_-_Synthetic_Kadomatsu,qwen,gen_1,p03111_AtCoder_Beginner_Contest_119_-_Synthetic_Kadomatsu,CWE-398,,CWE-398,,,False
qwen/gen_1/00002/0100_p03258_AtCoder_Grand_Contest_027_-_ABBreviate,qwen,gen_1,p03258_AtCoder_Grand_Contest_027_-_ABBreviate,CWE-398|CWE-563,,CWE-398|CWE-563,,,False
qwen/gen_1/00002/0101_p03414_AtCoder_Regular_Contest_092_-_Two_Faced_Edges,qwen,gen_1,p03414_AtCoder_Regular_Contest_092_-_Two_Faced_Edges,CWE-398,,CWE-398,,,False
qwen/gen_1/00002/0105_p04052_AtCoder_Grand_Contest_001_-_Wide_Swap,qwen,gen_1,p04052_AtCoder_Grand_Contest_001_-_Wide_Swap,CWE-398,,CWE-398,,,False
qwen/gen_1/00002/0110_p00786_BUT_We_Need_a_Diagram,qwen,gen_1,p00786_BUT_We_Need_a_Diagram,CWE-398,,CWE-398,,,False
qwen/gen_1/00002/0111_p00918_Dragon_s_Cruller,qwen,gen_1,p00918_Dragon_s_Cruller,CWE-398,,CWE-398,,,False
qwen/gen_1/00002/0112_p01051_Squid_Ink,qwen,gen_1,p01051_Squid_Ink,CWE-457,,CWE-457,,,False
qwen/gen_1/00002/0113_p01183_Tetrahedra,qwen,gen_1,p01183_Tetrahedra,CWE-563,,CWE-563,,,False
qwen/gen_1/00002/0114_p01320_Magical_Island_2,qwen,gen_1,p01320_Magical_Island_2,CWE-398,,CWE-398,,,False
qwen/gen_1/00002/0115_p01488_TransferTrain,qwen,gen_1,p01488_TransferTrain,CWE-398,,CWE-398,,,False
qwen/gen_1/00002/0118_p01935_Protect_from_the_enemy_attack,qwen,gen_1,p01935_Protect_from_the_enemy_attack,CWE-398,,CWE-398,,,False
qwen/gen_1/00002/0125_1068_F._Knights,qwen,gen_1,1068_F_Knights,CWE-398,,CWE-398,,,False
qwen/gen_1/00002/0129_1157_E._Minimum_Array,qwen,gen_1,1157_E_Minimum_Array,CWE-398,,CWE-398,,,False
qwen/gen_1/00002/0131_1198_C._Matching_vs_Independent_Set,qwen,gen_1,1198_C_Matching_vs_Independent_Set,,CWE-122,,CWE-122,,False
qwen/gen_1/00002/0131_1198_C._Matching_vs_Independent_Set.cpp,qwen,gen_1,1198_C_Matching_vs_Independent_Set,,CWE-122,,CWE-122,,False
qwen/gen_1/00002/0134_1256_E._Yet_Another_Division_Into_Teams,qwen,gen_1,1256_E_Yet_Another_Division_Into_Teams,CWE-398,,CWE-398,,,False
qwen/gen_1/00002/0135_127_E._E-reader_Display,qwen,gen_1,127_E_E-reader_Display,,CWE-122,,CWE-122,,False
qwen/gen_1/00002/0135_127_E._E-reader_Display.cpp,qwen,gen_1,127_E_E-reader_Display,,CWE-122,,CWE-122,,False
qwen/gen_1/00002/0137_1323_F._Reality_Show,qwen,gen_1,1323_F_Reality_Show,,CWE-122,,CWE-122,,False
qwen/gen_1/00002/0137_1323_F._Reality_Show.cpp,qwen,gen_1,1323_F_Reality_Show,,CWE-122,,CWE-122,,False
qwen/gen_1/00002/0139_1364_E._X-OR,qwen,gen_1,1364_E_X-OR,CWE-398,,CWE-398,,,False
qwen/gen_1/00002/0140_1384_F._Rearrange,qwen,gen_1,1384_F_Rearrange,CWE-398,,CWE-398,,,False
qwen/gen_1/00002/0141_1406_C._Link_Cut_Centroids,qwen,gen_1,1406_C_Link_Cut_Centroids,CWE-398,,CWE-398,,,False
qwen/gen_1/00002/0142_1427_D._Unshuffling_a_Deck,qwen,gen_1,1427_D_Unshuffling_a_Deck,CWE-398,,CWE-398,,,False
qwen/gen_1/00002/0146_1523_D._Love-Hate,qwen,gen_1,1523_D_Love-Hate,,CWE-190,,CWE-190,,False
qwen/gen_1/00002/0146_1523_D._Love-Hate.cpp,qwen,gen_1,1523_D_Love-Hate,,CWE-190,,CWE-190,,False
qwen/gen_1/00002/0147_155_C._Hometask,qwen,gen_1,155_C_Hometask,CWE-398,,CWE-398,,,False
qwen/gen_1/00002/0151_270_D._Greenhouse_Effect,qwen,gen_1,270_D_Greenhouse_Effect,,CWE-190,,CWE-190,,False
qwen/gen_1/00002/0151_270_D._Greenhouse_Effect.cpp,qwen,gen_1,270_D_Greenhouse_Effect,,CWE-190,,CWE-190,,False
qwen/gen_1/00002/0152_294_A._Shaass_and_Oskols,qwen,gen_1,294_A_Shaass_and_Oskols,CWE-398,,CWE-398,,,False
qwen/gen_1/00002/0156_388_E._Fox_and_Meteor_Shower,qwen,gen_1,388_E_Fox_and_Meteor_Shower,CWE-398,,CWE-398,,,False
qwen/gen_1/00002/0158_436_D._Pudding_Monsters,qwen,gen_1,436_D_Pudding_Monsters,CWE-571,,CWE-571,,,False
qwen/gen_1/00002/0161_505_D._Mr._Kitayuta_s_Technology,qwen,gen_1,505_D_Mr_Kitayuta_s_Technology,CWE-398,,CWE-398,,,False
qwen/gen_1/00002/0163_554_E._Love_Triangles,qwen,gen_1,554_E_Love_Triangles,CWE-563,CWE-122|CWE-190|CWE-476,CWE-563,CWE-122|CWE-190|CWE-476,,False
qwen/gen_1/00002/0163_554_E._Love_Triangles.cpp,qwen,gen_1,554_E_Love_Triangles,,CWE-122|CWE-190|CWE-476,,CWE-122|CWE-190|CWE-476,,False
qwen/gen_1/00002/0167_673_C._Bear_and_Colors,qwen,gen_1,673_C_Bear_and_Colors,CWE-398,,CWE-398,,,False
qwen/gen_1/00002/0168_698_D._Limak_and_Shooting_Points,qwen,gen_1,698_D_Limak_and_Shooting_Points,CWE-398,,CWE-398,,,False
qwen/gen_1/00002/0169_719_E._Sasha_and_Array,qwen,gen_1,719_E_Sasha_and_Array,,CWE-125|CWE-190,,CWE-125|CWE-190,,False
qwen/gen_1/00002/0169_719_E._Sasha_and_Array.cpp,qwen,gen_1,719_E_Sasha_and_Array,,CWE-125|CWE-190,,CWE-125|CWE-190,,False
qwen/gen_1/00002/0170_740_B._Alyona_and_flowers,qwen,gen_1,740_B_Alyona_and_flowers,,CWE-190,,CWE-190,,False
qwen/gen_1/00002/0170_740_B._Alyona_and_flowers.cpp,qwen,gen_1,740_B_Alyona_and_flowers,,CWE-190,,CWE-190,,False
qwen/gen_1/00002/0172_787_C._Berzerk,qwen,gen_1,787_C_Berzerk,CWE-563,,CWE-563,,,False
qwen/gen_1/00002/0176_878_D._Magic_Breeding,qwen,gen_1,878_D_Magic_Breeding,,CWE-122,,CWE-122,,False
qwen/gen_1/00002/0176_878_D._Magic_Breeding.cpp,qwen,gen_1,878_D_Magic_Breeding,,CWE-122,,CWE-122,,False
qwen/gen_1/00002/0183_p02670_AtCoder_Grand_Contest_044_-_Joker,qwen,gen_1,p02670_AtCoder_Grand_Contest_044_-_Joker,CWE-398,,CWE-398,,,False
qwen/gen_1/00002/0184_p02799_Keyence_Programming_Contest_2020_-_Bichromization,qwen,gen_1,p02799_Keyence_Programming_Contest_2020_-_Bichromization,CWE-398,,CWE-398,,,False
qwen/gen_1/00002/0185_p02935_AtCoder_Beginner_Contest_138_-_Alchemist,qwen,gen_1,p02935_AtCoder_Beginner_Contest_138_-_Alchemist,CWE-686,,CWE-686,,,False
qwen/gen_1/00002/0187_p03214_Dwango_Programming_Contest_V_-_Thumbnail,qwen,gen_1,p03214_Dwango_Programming_Contest_V_-_Thumbnail,CWE-398,,CWE-398,,,False
qwen/gen_1/00002/0189_p03521_CODE_FESTIVAL_2017_Exhibition__Parallel__-_Awkward,qwen,gen_1,p03521_CODE_FESTIVAL_2017_Exhibition__Parallel__-_Awkward,CWE-398,,CWE-398,,,False
qwen/gen_1/00002/0194_p00224_Bicycle_Diet,qwen,gen_1,p00224_Bicycle_Diet,CWE-398|CWE-563,,CWE-398|CWE-563,,,False
qwen/gen_1/00002/0195_p00386_Gathering,qwen,gen_1,p00386_Gathering,CWE-398,,CWE-398,,,False
qwen/gen_1/00002/0197_p00738_Roll-A-Big-Ball,qwen,gen_1,p00738_Roll-A-Big-Ball,CWE-398|CWE-563,,CWE-398|CWE-563,,,False
qwen/gen_1/00002/0198_p00878_Origami_Through-Hole,qwen,gen_1,p00878_Origami_Through-Hole,CWE-398|CWE-563,,CWE-398|CWE-563,,,False
qwen/gen_1/00002/0200_p01141_Lifeguard_in_the_Pool,qwen,gen_1,p01141_Lifeguard_in_the_Pool,CWE-398,,CWE-398,,,False
qwen/gen_1/00002/0202_p01450_My_friends_are_small,qwen,gen_1,p01450_My_friends_are_small,CWE-398,,CWE-398,,,False
qwen/gen_1/00002/0212_1045_D._Interstellar_battle,qwen,gen_1,1045_D_Interstellar_battle,CWE-786,,CWE-786,,,False
qwen/gen_1/00002/0219_1198_A._MP3,qwen,gen_1,1198_A_MP3,CWE-563,,CWE-563,,,False
qwen/gen_1/00002/0220_1214_H._Tiles_Placement,qwen,gen_1,1214_H_Tiles_Placement,CWE-398,,CWE-398,,,False
qwen/gen_1/00002/0222_1256_C._Platforms_Jumping,qwen,gen_1,1256_C_Platforms_Jumping,,CWE-190,,CWE-190,,False
qwen/gen_1/00002/0222_1256_C._Platforms_Jumping.cpp,qwen,gen_1,1256_C_Platforms_Jumping,,CWE-190,,CWE-190,,False
qwen/gen_1/00002/0224_12_B._Correct_Solution_,qwen,gen_1,12_B_Correct_Solution_,CWE-398,,CWE-398,,,False
qwen/gen_1/00002/0225_1323_D._Present,qwen,gen_1,1323_D_Present,CWE-398,,CWE-398,,,False
qwen/gen_1/00002/0227_1364_C._Ehab_and_Prefix_MEXs,qwen,gen_1,1364_C_Ehab_and_Prefix_MEXs,CWE-398,,CWE-398,,,False
qwen/gen_1/00002/0229_1406_A._Subset_Mex,qwen,gen_1,1406_A_Subset_Mex,CWE-398,,CWE-398,,,False
qwen/gen_1/00002/0231_1450_B._Balls_of_Steel,qwen,gen_1,1450_B_Balls_of_Steel,CWE-398,,CWE-398,,,False
qwen/gen_1/00002/0232_1473_G._Tiles,qwen,gen_1,1473_G_Tiles,CWE-398,,CWE-398,,,False
qwen/gen_1/00002/0234_1523_B._Lord_of_the_Values,qwen,gen_1,1523_B_Lord_of_the_Values,CWE-398,,CWE-398,,,False
qwen/gen_1/00002/0236_177_C1._Party,qwen,gen_1,177_C1_Party,CWE-398|CWE-786,,CWE-398|CWE-786,,,False
qwen/gen_1/00002/0241_293_D._Ksusha_and_Square,qwen,gen_1,293_D_Ksusha_and_Square,CWE-398,,CWE-398,,,False
qwen/gen_1/00002/0242_317_B._Ants,qwen,gen_1,317_B_Ants,CWE-398,,CWE-398,,,False
qwen/gen_1/00002/0243_341_B._Bubble_Sort_Graph,qwen,gen_1,341_B_Bubble_Sort_Graph,,CWE-122,,CWE-122,,False
qwen/gen_1/00002/0243_341_B._Bubble_Sort_Graph.cpp,qwen,gen_1,341_B_Bubble_Sort_Graph,,CWE-122,,CWE-122,,False
qwen/gen_1/00002/0244_364_D._Ghd,qwen,gen_1,364_D_Ghd,CWE-398,,CWE-398,,,False
qwen/gen_1/00002/0245_388_C._Fox_and_Card_Game,qwen,gen_1,388_C_Fox_and_Card_Game,,CWE-122,,CWE-122,,False
qwen/gen_1/00002/0245_388_C._Fox_and_Card_Game.cpp,qwen,gen_1,388_C_Fox_and_Card_Game,,CWE-122,,CWE-122,,False
qwen/gen_1/00002/0246_409_A._The_Great_Game,qwen,gen_1,409_A_The_Great_Game,CWE-398,,CWE-398,,,False
qwen/gen_1/00002/0247_436_B._Om_Nom_and_Spiders,qwen,gen_1,436_B_Om_Nom_and_Spiders,CWE-570,CWE-190,CWE-570,CWE-190,,False
qwen/gen_1/00002/0247_436_B._Om_Nom_and_Spiders.cpp,qwen,gen_1,436_B_Om_Nom_and_Spiders,,CWE-190,,CWE-190,,False
qwen/gen_1/00002/0250_505_B._Mr._Kitayuta_s_Colorful_Graph,qwen,gen_1,505_B_Mr_Kitayuta_s_Colorful_Graph,CWE-398,,CWE-398,,,False
qwen/gen_1/00002/0251_529_A._And_Yet_Another_Bracket_Sequence,qwen,gen_1,529_A_And_Yet_Another_Bracket_Sequence,CWE-563,,CWE-563,,,False
qwen/gen_1/00002/0254_602_A._Two_Bases,qwen,gen_1,602_A_Two_Bases,CWE-398,,CWE-398,,,False
qwen/gen_1/00002/0255_624_D._Array_GCD,qwen,gen_1,624_D_Array_GCD,CWE-398,,CWE-398,,,False
qwen/gen_1/00002/0260_763_D._Timofey_and_a_flat_tree,qwen,gen_1,763_D_Timofey_and_a_flat_tree,CWE-398|CWE-563,,CWE-398|CWE-563,,,False
qwen/gen_1/00002/0262_808_E._Selling_Souvenirs,qwen,gen_1,808_E_Selling_Souvenirs,CWE-398,,CWE-398,,,False
qwen/gen_1/00002/0265_878_B._Teams_Formation,qwen,gen_1,878_B_Teams_Formation,CWE-398,,CWE-398,,,False
qwen/gen_1/00002/0266_901_D._Weighting_a_Tree,qwen,gen_1,901_D_Weighting_a_Tree,CWE-398,CWE-122,CWE-398,CWE-122,,False
qwen/gen_1/00002/0266_901_D._Weighting_a_Tree.cpp,qwen,gen_1,901_D_Weighting_a_Tree,,CWE-122,,CWE-122,,False
qwen/gen_1/00002/0269_979_E._Kuro_and_Topological_Parity,qwen,gen_1,979_E_Kuro_and_Topological_Parity,CWE-190|CWE-758|CWE-788,CWE-125,CWE-190|CWE-758|CWE-788,CWE-125,,False
qwen/gen_1/00002/0269_979_E._Kuro_and_Topological_Parity.cpp,qwen,gen_1,979_E_Kuro_and_Topological_Parity,,CWE-125,,CWE-125,,False
qwen/gen_1/00002/0278_p03519_CODE_FESTIVAL_2017_Elimination_Tournament_Round_1__Parallel__-_Paired_Parentheses,qwen,gen_1,p03519_CODE_FESTIVAL_2017_Elimination_Tournament_Round_1__Parallel__-_Paired_Parentheses,CWE-398,,CWE-398,,,False
qwen/gen_1/00002/0280_p03837_AtCoder_Beginner_Contest_051_-_Candidates_of_No_Shortest_Paths,qwen,gen_1,p03837_AtCoder_Beginner_Contest_051_-_Candidates_of_No_Shortest_Paths,CWE-398,,CWE-398,,,False
qwen/gen_2/00000_2/0000_1012_E._Cycle_sort,qwen,gen_2,1012_E_Cycle_sort,CWE-398,CWE-122|CWE-476,CWE-398,CWE-122|CWE-476,,False
qwen/gen_2/00000_2/0000_1012_E._Cycle_sort.cpp,qwen,gen_2,1012_E_Cycle_sort,,CWE-122|CWE-476,,CWE-122|CWE-476,,False
qwen/gen_2/00000_2/0001_1037_E._Trips,qwen,gen_2,1037_E_Trips,CWE-398,,CWE-398,,,False
qwen/gen_2/00000_2/0002_1060_A._Phone_Numbers,qwen,gen_2,1060_A_Phone_Numbers,CWE-398,,CWE-398,,,False
qwen/gen_2/00000_2/0005_1129_D._Isolation,qwen,gen_2,1129_D_Isolation,CWE-563,,CWE-563,,,False
qwen/gen_2/00000_2/0006_1149_E._Election_Promises,qwen,gen_2,1149_E_Election_Promises,CWE-398,,CWE-398,,,False
qwen/gen_2/00000_2/0007_1189_D1._Add_on_a_Tree,qwen,gen_2,1189_D1_Add_on_a_Tree,CWE-398,,CWE-398,,,False
qwen/gen_2/00000_2/0008_1208_D._Restore_Permutation,qwen,gen_2,1208_D_Restore_Permutation,CWE-398,,CWE-398,,,False
qwen/gen_2/00000_2/0010_1269_E._K_Integers,qwen,gen_2,1269_E_K_Integers,CWE-398,,CWE-398,,,False
qwen/gen_2/00000_2/0013_1334_D._Minimum_Euler_Cycle,qwen,gen_2,1334_D_Minimum_Euler_Cycle,CWE-563,,CWE-563,,,False
qwen/gen_2/00000_2/0015_1374_E1._Reading_Books__easy_version_,qwen,gen_2,1374_E1_Reading_Books__easy_version_,CWE-398,,CWE-398,,,False
qwen/gen_2/00000_2/0017_1421_B._Putting_Bricks_in_the_Wall,qwen,gen_2,1421_B_Putting_Bricks_in_the_Wall,CWE-398,,CWE-398,,,False
qwen/gen_2/00000_2/0020_1490_G._Old_Floppy_Drive_,qwen,gen_2,1490_G_Old_Floppy_Drive_,CWE-398,,CWE-398,,,False
qwen/gen_2/00000_2/0022_1540_C1._Converging_Array__Easy_Version_,qwen,gen_2,1540_C1_Converging_Array__Easy_Version_,CWE-398,,CWE-398,,,False
qwen/gen_2/00000_2/0024_20_B._Equation,qwen,gen_2,20_B_Equation,,CWE-190,,CWE-190,,False
qwen/gen_2/00000_2/0024_20_B._Equation.cpp,qwen,gen_2,20_B_Equation,,CWE-190,,CWE-190,,False
qwen/gen_2/00000_2/0025_235_D._Graph_Game,qwen,gen_2,235_D_Graph_Game,CWE-398,,CWE-398,,,False
qwen/gen_2/00000_2/0026_260_B._Ancient_Prophesy,qwen,gen_2,260_B_Ancient_Prophesy,CWE-398,,CWE-398,,,False
qwen/gen_2/00000_2/0036_519_B._A_and_B_and_Compilation_Errors,qwen,gen_2,519_B_A_and_B_and_Compilation_Errors,,CWE-122|CWE-476,,CWE-122|CWE-476,,False
qwen/gen_2/00000_2/0036_519_B._A_and_B_and_Compilation_Errors.cpp,qwen,gen_2,519_B_A_and_B_and_Compilation_Errors,,CWE-122|CWE-476,,CWE-122|CWE-476,,False
qwen/gen_2/00000_2/0038_571_E._Geometric_Progressions,qwen,gen_2,571_E_Geometric_Progressions,CWE-571,,CWE-571,,,False
qwen/gen_2/00000_2/0039_593_C._Beautiful_Function,qwen,gen_2,593_C_Beautiful_Function,,CWE-122,,CWE-122,,False
qwen/gen_2/00000_2/0039_593_C._Beautiful_Function.cpp,qwen,gen_2,593_C_Beautiful_Function,,CWE-122,,CWE-122,,False
qwen/gen_2/00000_2/0040_615_A._Bulbs,qwen,gen_2,615_A_Bulbs,CWE-398,,CWE-398,,,False
qwen/gen_2/00000_2/0041_634_C._Factory_Repairs,qwen,gen_2,634_C_Factory_Repairs,CWE-398,,CWE-398,,,False
qwen/gen_2/00000_2/0042_663_A._Rebus,qwen,gen_2,663_A_Rebus,CWE-398,,CWE-398,,,False
qwen/gen_2/00000_2/0043_687_D._Dividing_Kingdom_II,qwen,gen_2,687_D_Dividing_Kingdom_II,CWE-398,CWE-122,CWE-398,CWE-122,,False
qwen/gen_2/00000_2/0043_687_D._Dividing_Kingdom_II.cpp,qwen,gen_2,687_D_Dividing_Kingdom_II,,CWE-122,,CWE-122,,False
qwen/gen_2/00000_2/0046_754_E._Dasha_and_cyclic_table,qwen,gen_2,754_E_Dasha_and_cyclic_table,CWE-398,,CWE-398,,,False
qwen/gen_2/00000_2/0047_776_A._A_Serial_Killer,qwen,gen_2,776_A_A_Serial_Killer,,CWE-122,,CWE-122,,False
qwen/gen_2/00000_2/0047_776_A._A_Serial_Killer.cpp,qwen,gen_2,776_A_A_Serial_Killer,,CWE-122,,CWE-122,,False
qwen/gen_2/00000_2/0048_7_B._Memory_Manager,qwen,gen_2,7_B_Memory_Manager,CWE-398,,CWE-398,,,False
qwen/gen_2/00000_2/0056_990_E._Post_Lamps,qwen,gen_2,990_E_Post_Lamps,CWE-398,CWE-190,CWE-398,CWE-190,,False
qwen/gen_2/00000_2/0056_990_E._Post_Lamps.cpp,qwen,gen_2,990_E_Post_Lamps,,CWE-190,,CWE-190,,False
qwen/gen_2/00000_2/0070_p00493_Zig-Zag_Numbers,qwen,gen_2,p00493_Zig-Zag_Numbers,CWE-398|CWE-563,,CWE-398|CWE-563,,,False
qwen/gen_2/00000_2/0071_p00680_KND_Factory,qwen,gen_2,p00680_KND_Factory,CWE-398|CWE-563,,CWE-398|CWE-563,,,False
qwen/gen_2/00000_2/0072_p00822_Weather_Forecast,qwen,gen_2,p00822_Weather_Forecast,CWE-563,,CWE-563,,,False
qwen/gen_2/00000_2/0073_p00953_Animal_Companion_in_Maze,qwen,gen_2,p00953_Animal_Companion_in_Maze,CWE-398,,CWE-398,,,False
qwen/gen_2/00000_2/0074_p01086_Short_Phrase,qwen,gen_2,p01086_Short_Phrase,CWE-398,,CWE-398,,,False
qwen/gen_2/00000_2/0075_p01222_Walk_under_a_Scorching_Sun,qwen,gen_2,p01222_Walk_under_a_Scorching_Sun,CWE-398,,CWE-398,,,False
qwen/gen_2/00000_2/0076_p01356_Nearest_Station,qwen,gen_2,p01356_Nearest_Station,CWE-398,,CWE-398,,,False
qwen/gen_2/00000_2/0078_p01694_Step_Aerobics,qwen,gen_2,p01694_Step_Aerobics,CWE-571,,CWE-571,,,False
qwen/gen_2/00000_2/0079_p01838_Optimal_Tournament,qwen,gen_2,p01838_Optimal_Tournament,CWE-398,,CWE-398,,,False
qwen/gen_2/00000_2/0081_p02120_Cluster_Network,qwen,gen_2,p02120_Cluster_Network,CWE-398,,CWE-398,,,False
qwen/gen_2/00000_2/0084_101_C._Vectors,qwen,gen_2,101_C_Vectors,CWE-398|CWE-563,,CWE-398|CWE-563,,,False
qwen/gen_2/00000_2/0085_1043_A._Elections,qwen,gen_2,1043_A_Elections,CWE-398,,CWE-398,,,False
qwen/gen_2/00000_2/0090_1155_A._Reverse_a_Substring,qwen,gen_2,1155_A_Reverse_a_Substring,CWE-398,,CWE-398,,,False
qwen/gen_2/00000_2/0092_1195_D2._Submarine_in_the_Rybinsk_Sea__hard_edition_,qwen,gen_2,1195_D2_Submarine_in_the_Rybinsk_Sea__hard_edition_,CWE-398,,CWE-398,,,False
qwen/gen_2/00000_2/0094_1253_F._Cheap_Robot,qwen,gen_2,1253_F_Cheap_Robot,CWE-398,,CWE-398,,,False
qwen/gen_2/00000_2/0095_1277_E._Two_Fairs,qwen,gen_2,1277_E_Two_Fairs,CWE-786,,CWE-786,,,False
qwen/gen_2/00000_2/0096_1320_F._Blocks_and_Sensors,qwen,gen_2,1320_F_Blocks_and_Sensors,CWE-563|CWE-571,,CWE-563|CWE-571,,,False
qwen/gen_2/00000_2/0099_1382_A._Common_Subsequence,qwen,gen_2,1382_A_Common_Subsequence,CWE-563,,CWE-563,,,False
qwen/gen_2/00000_2/0100_1424_N._BubbleSquare_Tokens,qwen,gen_2,1424_N_BubbleSquare_Tokens,CWE-398,,CWE-398,,,False
qwen/gen_2/00000_2/0101_1446_D2._Frequency_Problem__Hard_Version_,qwen,gen_2,1446_D2_Frequency_Problem__Hard_Version_,CWE-398,,CWE-398,,,False
qwen/gen_2/00000_2/0102_1470_E._Strange_Permutation,qwen,gen_2,1470_E_Strange_Permutation,CWE-398,,CWE-398,,,False
qwen/gen_2/00000_2/0108_219_A._k-String,qwen,gen_2,219_A_k-String,CWE-563,,CWE-563,,,False
qwen/gen_2/00000_2/0114_361_C._Levko_and_Array_Recovery,qwen,gen_2,361_C_Levko_and_Array_Recovery,CWE-398,CWE-122|CWE-476,CWE-398,CWE-122|CWE-476,,False
qwen/gen_2/00000_2/0114_361_C._Levko_and_Array_Recovery.cpp,qwen,gen_2,361_C_Levko_and_Array_Recovery,,CWE-122|CWE-476,,CWE-122|CWE-476,,False
qwen/gen_2/00000_2/0116_405_E._Graph_Cutting,qwen,gen_2,405_E_Graph_Cutting,CWE-398,CWE-122,CWE-398,CWE-122,,False
qwen/gen_2/00000_2/0116_405_E._Graph_Cutting.cpp,qwen,gen_2,405_E_Graph_Cutting,,CWE-122,,CWE-122,,False
qwen/gen_2/00000_2/0117_433_A._Kitahara_Haruki_s_Gift,qwen,gen_2,433_A_Kitahara_Haruki_s_Gift,CWE-398,,CWE-398,,,False
qwen/gen_2/00000_2/0118_455_C._Civilization,qwen,gen_2,455_C_Civilization,CWE-398,,CWE-398,,,False
qwen/gen_2/00000_2/0120_500_C._New_Year_Book_Reading,qwen,gen_2,500_C_New_Year_Book_Reading,CWE-398,,CWE-398,,,False
qwen/gen_2/00000_2/0121_526_A._King_of_Thieves,qwen,gen_2,526_A_King_of_Thieves,CWE-398,,CWE-398,,,False
qwen/gen_2/00000_2/0124_5_A._Chat_Server_s_Outgoing_Traffic,qwen,gen_2,5_A_Chat_Server_s_Outgoing_Traffic,CWE-563,,CWE-563,,,False
qwen/gen_2/00000_2/0125_621_D._Rat_Kwesh_and_Cheese,qwen,gen_2,621_D_Rat_Kwesh_and_Cheese,CWE-398,,CWE-398,,,False
qwen/gen_2/00000_2/0127_670_B._Game_of_Robots,qwen,gen_2,670_B_Game_of_Robots,,CWE-122,,CWE-122,,False
qwen/gen_2/00000_2/0127_670_B._Game_of_Robots.cpp,qwen,gen_2,670_B_Game_of_Robots,,CWE-122,,CWE-122,,False
qwen/gen_2/00000_2/0128_691_D._Swaps_in_Permutation,qwen,gen_2,691_D_Swaps_in_Permutation,CWE-398,,CWE-398,,,False
qwen/gen_2/00000_2/0130_737_A._Road_to_Cinema,qwen,gen_2,737_A_Road_to_Cinema,CWE-398,,CWE-398,,,False
qwen/gen_2/00000_2/0131_760_F._Bacterial_Melee,qwen,gen_2,760_F_Bacterial_Melee,CWE-398,,CWE-398,,,False
qwen/gen_2/00000_2/0139_949_C._Data_Center_Maintenance,qwen,gen_2,949_C_Data_Center_Maintenance,CWE-398,CWE-122,CWE-398,CWE-122,,False
qwen/gen_2/00000_2/0139_949_C._Data_Center_Maintenance.cpp,qwen,gen_2,949_C_Data_Center_Maintenance,,CWE-122,,CWE-122,,False
qwen/gen_2/00000_2/0141_996_F._Game,qwen,gen_2,996_F_Game,CWE-398,,CWE-398,,,False
qwen/gen_2/00000_2/0147_p03343_AtCoder_Regular_Contest_098_-_Range_Minimum_Queries,qwen,gen_2,p03343_AtCoder_Regular_Contest_098_-_Range_Minimum_Queries,CWE-825,,CWE-825,,,False
qwen/gen_2/00000_2/0155_p00573_Commuter_Pass,qwen,gen_2,p00573_Commuter_Pass,CWE-563,,CWE-563,,,False
qwen/gen_2/00000_2/0156_p00720_Earth_Observation_with_a_Mobile_Robot_Team,qwen,gen_2,p00720_Earth_Observation_with_a_Mobile_Robot_Team,CWE-563,,CWE-563,,,False
qwen/gen_2/00000_2/0161_p01422_Beautiful_Currency,qwen,gen_2,p01422_Beautiful_Currency,CWE-398,,CWE-398,,,False
qwen/gen_2/00000_2/0162_p01576_Exciting_Bicycle,qwen,gen_2,p01576_Exciting_Bicycle,CWE-563,,CWE-563,,,False
qwen/gen_2/00000_2/0166_p02157_Shuffle_2,qwen,gen_2,p02157_Shuffle_2,CWE-563,,CWE-563,,,False
qwen/gen_2/00000_2/0171_105_C._Item_World,qwen,gen_2,105_C_Item_World,CWE-398,,CWE-398,,,False
qwen/gen_2/00000_2/0172_1081_D._Maximum_Distance,qwen,gen_2,1081_D_Maximum_Distance,CWE-398,,CWE-398,,,False
qwen/gen_2/00000_2/0174_1129_A2._Toy_Train,qwen,gen_2,1129_A2_Toy_Train,CWE-398,,CWE-398,,,False
qwen/gen_2/00000_2/0175_1149_B._Three_Religions,qwen,gen_2,1149_B_Three_Religions,CWE-398,,CWE-398,,,False
qwen/gen_2/00000_2/0177_1208_A._XORinacci,qwen,gen_2,1208_A_XORinacci,,CWE-122,,CWE-122,,False
qwen/gen_2/00000_2/0177_1208_A._XORinacci.cpp,qwen,gen_2,1208_A_XORinacci,,CWE-122,,CWE-122,,False
qwen/gen_2/00000_2/0179_124_D._Squares,qwen,gen_2,124_D_Squares,,CWE-190,,CWE-190,,False
qwen/gen_2/00000_2/0179_124_D._Squares.cpp,qwen,gen_2,124_D_Squares,,CWE-190,,CWE-190,,False
qwen/gen_2/00000_2/0187_1420_D._Rescue_Nibel_,qwen,gen_2,1420_D_Rescue_Nibel_,CWE-563,,CWE-563,,,False
qwen/gen_2/00000_2/0191_1512_G._Short_Task,qwen,gen_2,1512_G_Short_Task,CWE-398,,CWE-398,,,False
qwen/gen_2/00000_2/0195_25_D._Roads_not_only_in_Berland,qwen,gen_2,25_D_Roads_not_only_in_Berland,,CWE-122,,CWE-122,,False
qwen/gen_2/00000_2/0195_25_D._Roads_not_only_in_Berland.cpp,qwen,gen_2,25_D_Roads_not_only_in_Berland,,CWE-122,,CWE-122,,False
qwen/gen_2/00000_2/0198_331_D2._Escaping_on_Beaveractor,qwen,gen_2,331_D2_Escaping_on_Beaveractor,CWE-398,,CWE-398,,,False
qwen/gen_2/00000_2/0200_378_C._Maze,qwen,gen_2,378_C_Maze,CWE-398,,CWE-398,,,False
qwen/gen_2/00000_2/0202_425_A._Sereja_and_Swaps,qwen,gen_2,425_A_Sereja_and_Swaps,CWE-398,,CWE-398,,,False
qwen/gen_2/00000_2/0203_449_D._Jzzhu_and_Numbers,qwen,gen_2,449_D_Jzzhu_and_Numbers,,CWE-125,,CWE-125,,False
qwen/gen_2/00000_2/0203_449_D._Jzzhu_and_Numbers.cpp,qwen,gen_2,449_D_Jzzhu_and_Numbers,,CWE-125,,CWE-125,,False
qwen/gen_2/00000_2/0206_544_E._Remembering_Strings,qwen,gen_2,544_E_Remembering_Strings,,CWE-125|CWE-190,,CWE-125|CWE-190,,False
qwen/gen_2/00000_2/0206_544_E._Remembering_Strings.cpp,qwen,gen_2,544_E_Remembering_Strings,,CWE-125|CWE-190,,CWE-125|CWE-190,,False
qwen/gen_2/00000_2/0210_633_H._Fibonacci-ish_II,qwen,gen_2,633_H_Fibonacci-ish_II,CWE-758,,CWE-758,,,False
qwen/gen_2/00000_2/0211_662_C._Binary_Table,qwen,gen_2,662_C_Binary_Table,CWE-398,,CWE-398,,,False
qwen/gen_2/00000_2/0213_709_E._Centroids,qwen,gen_2,709_E_Centroids,CWE-398|CWE-786,CWE-125,CWE-398|CWE-786,CWE-125,,False
qwen/gen_2/00000_2/0213_709_E._Centroids.cpp,qwen,gen_2,709_E_Centroids,,CWE-125,,CWE-125,,False
qwen/gen_2/00000_2/0214_730_G._Car_Repair_Shop,qwen,gen_2,730_G_Car_Repair_Shop,CWE-398,,CWE-398,,,False
qwen/gen_2/00000_2/0222_914_F._Substrings_in_a_String,qwen,gen_2,914_F_Substrings_in_a_String,CWE-570|CWE-571,,CWE-570|CWE-571,,,False
qwen/gen_2/00000_2/0223_937_D._Sleepy_Game,qwen,gen_2,937_D_Sleepy_Game,CWE-398,,CWE-398,,,False
qwen/gen_2/00000_2/0224_962_F._Simple_Cycles_Edges,qwen,gen_2,962_F_Simple_Cycles_Edges,CWE-398,,CWE-398,,,False
qwen/gen_2/00000_2/0227_p02741_Panasonic_Programming_Contest_2020_-_Kth_Term,qwen,gen_2,p02741_Panasonic_Programming_Contest_2020_-_Kth_Term,CWE-398,,CWE-398,,,False
qwen/gen_2/00000_2/0231_p03294_AtCoder_Beginner_Contest_103_-_Modulo_Summation,qwen,gen_2,p03294_AtCoder_Beginner_Contest_103_-_Modulo_Summation,CWE-398,,CWE-398,,,False
qwen/gen_2/00000_2/0234_p03771_AtCoder_Grand_Contest_012_-_Camel_and_Oases,qwen,gen_2,p03771_AtCoder_Grand_Contest_012_-_Camel_and_Oases,CWE-398,,CWE-398,,,False
qwen/gen_2/00000_2/0240_p00676_KND_is_So_Sexy,qwen,gen_2,p00676_KND_is_So_Sexy,CWE-398,,CWE-398,,,False
qwen/gen_2/00000_2/0241_p00819_Unreliable_Message,qwen,gen_2,p00819_Unreliable_Message,CWE-398,,CWE-398,,,False
qwen/gen_2/00000_2/0243_p01083_RedBlue,qwen,gen_2,p01083_RedBlue,CWE-398|CWE-563,,CWE-398|CWE-563,,,False
qwen/gen_2/00000_2/0245_p01353_Rabbit_Plays_Games_,qwen,gen_2,p01353_Rabbit_Plays_Games_,CWE-398,,CWE-398,,,False
qwen/gen_2/00000_2/0246_p01535_Markup_language_has_Declined,qwen,gen_2,p01535_Markup_language_has_Declined,CWE-398|CWE-563,,CWE-398|CWE-563,,,False
qwen/gen_2/00000_2/0247_p01691_Disappear_Drive,qwen,gen_2,p01691_Disappear_Drive,CWE-398,,CWE-398,,,False
qwen/gen_2/00000_2/0249_p01970_The_Diversity_of_Prime_Factorization,qwen,gen_2,p01970_The_Diversity_of_Prime_Factorization,CWE-252|CWE-398|CWE-762,,CWE-252|CWE-398|CWE-762,,,False
qwen/gen_2/00000_2/0255_1053_C._Putting_Boxes_Together,qwen,gen_2,1053_C_Putting_Boxes_Together,CWE-563,,CWE-563,,,False
qwen/gen_2/00000_2/0256_1075_D._Intersecting_Subtrees,qwen,gen_2,1075_D_Intersecting_Subtrees,,CWE-122,,CWE-122,,False
qwen/gen_2/00000_2/0256_1075_D._Intersecting_Subtrees.cpp,qwen,gen_2,1075_D_Intersecting_Subtrees,,CWE-122,,CWE-122,,False
qwen/gen_2/00000_2/0258_1117_F._Crisp_String,qwen,gen_2,1117_F_Crisp_String,CWE-563,,CWE-563,,,False
qwen/gen_2/00000_2/0261_1184_B3._The_Doctor_Meets_Vader__Hard_,qwen,gen_2,1184_B3_The_Doctor_Meets_Vader__Hard_,CWE-398,,CWE-398,,,False
qwen/gen_2/00000_2/0263_1219_H._Function_Composition,qwen,gen_2,1219_H_Function_Composition,CWE-398,,CWE-398,,,False
qwen/gen_2/00000_2/0264_1244_C._The_Football_Season,qwen,gen_2,1244_C_The_Football_Season,CWE-398,,CWE-398,,,False
qwen/gen_2/00000_2/0267_1304_E._1-Trees_and_Queries,qwen,gen_2,1304_E_1-Trees_and_Queries,CWE-786,CWE-125,CWE-786,CWE-125,,False
qwen/gen_2/00000_2/0267_1304_E._1-Trees_and_Queries.cpp,qwen,gen_2,1304_E_1-Trees_and_Queries,,CWE-125,,CWE-125,,False
qwen/gen_2/00000_2/0272_1413_F._Roads_and_Ramen,qwen,gen_2,1413_F_Roads_and_Ramen,CWE-398,,CWE-398,,,False
qwen/gen_2/00000_2/0274_147_B._Smile_House,qwen,gen_2,147_B_Smile_House,CWE-398|CWE-457,CWE-125,CWE-398|CWE-457,CWE-125,,False
qwen/gen_2/00000_2/0274_147_B._Smile_House.cpp,qwen,gen_2,147_B_Smile_House,,CWE-125,,CWE-125,,False
qwen/gen_2/00001_2/0000_152_E._Garden,qwen,gen_2,152_E_Garden,CWE-398|CWE-563,,CWE-398|CWE-563,,,False
qwen/gen_2/00001_2/0001_161_B._Discounts,qwen,gen_2,161_B_Discounts,CWE-398|CWE-563,,CWE-398|CWE-563,,,False
qwen/gen_2/00001_2/0003_203_E._Transportation,qwen,gen_2,203_E_Transportation,CWE-398,,CWE-398,,,False
qwen/gen_2/00001_2/0004_228_D._Zigzag,qwen,gen_2,228_D_Zigzag,CWE-197|CWE-786,CWE-122,CWE-197|CWE-786,CWE-122,,False
qwen/gen_2/00001_2/0004_228_D._Zigzag.cpp,qwen,gen_2,228_D_Zigzag,,CWE-122,,CWE-122,,False
qwen/gen_2/00001_2/0006_277_C._Game,qwen,gen_2,277_C_Game,CWE-398,,CWE-398,,,False
qwen/gen_2/00001_2/0007_29_E._Quarrel,qwen,gen_2,29_E_Quarrel,CWE-398,,CWE-398,,,False
qwen/gen_2/00001_2/0009_348_A._Mafia,qwen,gen_2,348_A_Mafia,CWE-398,,CWE-398,,,False
qwen/gen_2/00001_2/0010_371_B._Fox_Dividing_Cheese,qwen,gen_2,371_B_Fox_Dividing_Cheese,,CWE-190,,CWE-190,,False
qwen/gen_2/00001_2/0010_371_B._Fox_Dividing_Cheese.cpp,qwen,gen_2,371_B_Fox_Dividing_Cheese,,CWE-190,,CWE-190,,False
qwen/gen_2/00001_2/0012_415_E._Mashmokh_and_Reverse_Operation,qwen,gen_2,415_E_Mashmokh_and_Reverse_Operation,CWE-398|CWE-563,CWE-122,CWE-398|CWE-563,CWE-122,,False
qwen/gen_2/00001_2/0012_415_E._Mashmokh_and_Reverse_Operation.cpp,qwen,gen_2,415_E_Mashmokh_and_Reverse_Operation,,CWE-122,,CWE-122,,False
qwen/gen_2/00001_2/0016_512_B._Fox_And_Jumping,qwen,gen_2,512_B_Fox_And_Jumping,,CWE-190|CWE-476,,CWE-190|CWE-476,,False
qwen/gen_2/00001_2/0016_512_B._Fox_And_Jumping.cpp,qwen,gen_2,512_B_Fox_And_Jumping,,CWE-190|CWE-476,,CWE-190|CWE-476,,False
qwen/gen_2/00001_2/0019_586_F._Lizard_Era__Beginning,qwen,gen_2,586_F_Lizard_Era__Beginning,CWE-398,,CWE-398,,,False
qwen/gen_2/00001_2/0020_609_B._The_Best_Gift,qwen,gen_2,609_B_The_Best_Gift,CWE-398,,CWE-398,,,False
qwen/gen_2/00001_2/0024_702_E._Analysis_of_Pathes_in_Functional_Graph,qwen,gen_2,702_E_Analysis_of_Pathes_in_Functional_Graph,CWE-398,,CWE-398,,,False
qwen/gen_2/00001_2/0025_724_F._Uniformly_Branched_Trees,qwen,gen_2,724_F_Uniformly_Branched_Trees,,CWE-125,,CWE-125,,False
qwen/gen_2/00001_2/0025_724_F._Uniformly_Branched_Trees.cpp,qwen,gen_2,724_F_Uniformly_Branched_Trees,,CWE-125,,CWE-125,,False
qwen/gen_2/00001_2/0030_83_C._Track,qwen,gen_2,83_C_Track,CWE-457,CWE-122|CWE-416|CWE-476,CWE-457,CWE-122|CWE-416|CWE-476,,False
qwen/gen_2/00001_2/0030_83_C._Track.cpp,qwen,gen_2,83_C_Track,,CWE-122|CWE-416|CWE-476,,CWE-122|CWE-416|CWE-476,,False
qwen/gen_2/00001_2/0031_85_D._Sum_of_Medians,qwen,gen_2,85_D_Sum_of_Medians,CWE-398,,CWE-398,,,False
qwen/gen_2/00001_2/0032_886_D._Restoration_of_string,qwen,gen_2,886_D_Restoration_of_string,CWE-398,CWE-476,CWE-398,CWE-476,,False
qwen/gen_2/00001_2/0032_886_D._Restoration_of_string.cpp,qwen,gen_2,886_D_Restoration_of_string,,CWE-476,,CWE-476,,False
qwen/gen_2/00001_2/0039_p02834_AtCoder_Beginner_Contest_148_-_Playing_Tag_on_Tree,qwen,gen_2,p02834_AtCoder_Beginner_Contest_148_-_Playing_Tag_on_Tree,CWE-398|CWE-563,,CWE-398|CWE-563,,,False
qwen/gen_2/00001_2/0045_p03725_AtCoder_Grand_Contest_014_-_Closed_Rooms,qwen,gen_2,p03725_AtCoder_Grand_Contest_014_-_Closed_Rooms,CWE-398|CWE-563,,CWE-398|CWE-563,,,False
qwen/gen_2/00001_2/0049_p00260_Cats_Going_Straight,qwen,gen_2,p00260_Cats_Going_Straight,CWE-398,,CWE-398,,,False
qwen/gen_2/00001_2/0051_p00638_Old_Bridges,qwen,gen_2,p00638_Old_Bridges,CWE-398,,CWE-398,,,False
qwen/gen_2/00001_2/0054_p01046_Yu-kun_Likes_a_lot_of_Money,qwen,gen_2,p01046_Yu-kun_Likes_a_lot_of_Money,CWE-457,,CWE-457,,,False
qwen/gen_2/00001_2/0055_p01179_Cousin_s_Aunt,qwen,gen_2,p01179_Cousin_s_Aunt,CWE-398,,CWE-398,,,False
qwen/gen_2/00001_2/0061_p02069_Universal_and_Existential_Quantifiers,qwen,gen_2,p02069_Universal_and_Existential_Quantifiers,CWE-398,,CWE-398,,,False
qwen/gen_2/00001_2/0063_p02365_Minimum-Cost_Arborescence,qwen,gen_2,p02365_Minimum-Cost_Arborescence,CWE-398,,CWE-398,,,False
qwen/gen_2/00001_2/0064_1003_D._Coins_and_Queries,qwen,gen_2,1003_D_Coins_and_Queries,CWE-398,,CWE-398,,,False
qwen/gen_2/00001_2/0065_1027_E._Inverse_Coloring,qwen,gen_2,1027_E_Inverse_Coloring,CWE-398,CWE-190,CWE-398,CWE-190,,False
qwen/gen_2/00001_2/0065_1027_E._Inverse_Coloring.cpp,qwen,gen_2,1027_E_Inverse_Coloring,,CWE-190,,CWE-190,,False
qwen/gen_2/00001_2/0066_1046_D._Interstellar_battle,qwen,gen_2,1046_D_Interstellar_battle,CWE-398,,CWE-398,,,False
qwen/gen_2/00001_2/0072_1199_E._Matching_vs_Independent_Set,qwen,gen_2,1199_E_Matching_vs_Independent_Set,CWE-398,,CWE-398,,,False
qwen/gen_2/00001_2/0073_1216_D._Swords,qwen,gen_2,1216_D_Swords,CWE-369|CWE-398,,CWE-369|CWE-398,,,False
qwen/gen_2/00001_2/0076_1281_B._Azamon_Web_Services,qwen,gen_2,1281_B_Azamon_Web_Services,CWE-563,,CWE-563,,,False
qwen/gen_2/00001_2/0079_1344_A._Hilbert_s_Hotel,qwen,gen_2,1344_A_Hilbert_s_Hotel,CWE-398,,CWE-398,,,False
qwen/gen_2/00001_2/0083_1428_D._Bouncing_Boomerangs,qwen,gen_2,1428_D_Bouncing_Boomerangs,CWE-398,CWE-122,CWE-398,CWE-122,,False
qwen/gen_2/00001_2/0083_1428_D._Bouncing_Boomerangs.cpp,qwen,gen_2,1428_D_Bouncing_Boomerangs,,CWE-122,,CWE-122,,False
qwen/gen_2/00001_2/0085_1475_D._Cleaning_the_Phone,qwen,gen_2,1475_D_Cleaning_the_Phone,CWE-398,,CWE-398,,,False
qwen/gen_2/00001_2/0088_157_A._Game_Outcome,qwen,gen_2,157_A_Game_Outcome,CWE-398,,CWE-398,,,False
qwen/gen_2/00001_2/0093_295_D._Greg_and_Caves,qwen,gen_2,295_D_Greg_and_Caves,CWE-758,,CWE-758,,,False
qwen/gen_2/00001_2/0096_366_D._Dima_and_Trap_Graph,qwen,gen_2,366_D_Dima_and_Trap_Graph,CWE-398,,CWE-398,,,False
qwen/gen_2/00001_2/0097_38_C._Blinds,qwen,gen_2,38_C_Blinds,CWE-398,,CWE-398,,,False
qwen/gen_2/00001_2/0098_40_B._Repaintings,qwen,gen_2,40_B_Repaintings,CWE-197|CWE-398,,CWE-197|CWE-398,,,False
qwen/gen_2/00001_2/0099_438_A._The_Child_and_Toy,qwen,gen_2,438_A_The_Child_and_Toy,CWE-398,,CWE-398,,,False
qwen/gen_2/00001_2/0100_45_H._Road_Problem,qwen,gen_2,45_H_Road_Problem,CWE-398,,CWE-398,,,False
qwen/gen_2/00001_2/0108_675_E._Trains_and_Statistic,qwen,gen_2,675_E_Trains_and_Statistic,CWE-398,,CWE-398,,,False
qwen/gen_2/00001_2/0113_789_A._Anastasia_and_pebbles,qwen,gen_2,789_A_Anastasia_and_pebbles,CWE-398,,CWE-398,,,False
qwen/gen_2/00001_2/0114_80_C._Heroes,qwen,gen_2,80_C_Heroes,CWE-398,CWE-369,CWE-398,CWE-369,,False
qwen/gen_2/00001_2/0114_80_C._Heroes.cpp,qwen,gen_2,80_C_Heroes,,CWE-369,,CWE-369,,False
qwen/gen_2/00001_2/0117_87_B._Vasya_and_Types,qwen,gen_2,87_B_Vasya_and_Types,CWE-398,,CWE-398,,,False
qwen/gen_2/00001_2/0119_925_E._May_Holidays,qwen,gen_2,925_E_May_Holidays,,CWE-476,,CWE-476,,False
qwen/gen_2/00001_2/0119_925_E._May_Holidays.cpp,qwen,gen_2,925_E_May_Holidays,,CWE-476,,CWE-476,,False
qwen/gen_2/00001_2/0120_954_F._Runner_s_Problem,qwen,gen_2,954_F_Runner_s_Problem,CWE-398,,CWE-398,,,False
qwen/gen_2/00001_2/0121_980_E._The_Number_Games,qwen,gen_2,980_E_The_Number_Games,,CWE-190,,CWE-190,,False
qwen/gen_2/00001_2/0121_980_E._The_Number_Games.cpp,qwen,gen_2,980_E_The_Number_Games,,CWE-190,,CWE-190,,False
qwen/gen_2/00001_2/0122_9_E._Interesting_Graph_and_Apples,qwen,gen_2,9_E_Interesting_Graph_and_Apples,,CWE-125,,CWE-125,,False
qwen/gen_2/00001_2/0122_9_E._Interesting_Graph_and_Apples.cpp,qwen,gen_2,9_E_Interesting_Graph_and_Apples,,CWE-125,,CWE-125,,False
qwen/gen_2/00001_2/0127_p03080_ExaWizards_2019_-_Red_or_Blue,qwen,gen_2,p03080_ExaWizards_2019_-_Red_or_Blue,CWE-398,,CWE-398,,,False
qwen/gen_2/00001_2/0135_p00232_Life_Game,qwen,gen_2,p00232_Life_Game,CWE-398,,CWE-398,,,False
qwen/gen_2/00001_2/0136_p00395_Maze_and_Items,qwen,gen_2,p00395_Maze_and_Items,CWE-398,,CWE-398,,,False
qwen/gen_2/00001_2/0143_p01458_Kth_Sentence,qwen,gen_2,p01458_Kth_Sentence,CWE-398,,CWE-398,,,False
qwen/gen_2/00001_2/0144_p01609_One,qwen,gen_2,p01609_One,CWE-398,,CWE-398,,,False
qwen/gen_2/00001_2/0146_p01904_Minimum_Enclosing_Rectangle,qwen,gen_2,p01904_Minimum_Enclosing_Rectangle,CWE-398,,CWE-398,,,False
qwen/gen_2/00001_2/0147_p02042_ABSum,qwen,gen_2,p02042_ABSum,CWE-398|CWE-563,,CWE-398|CWE-563,,,False
qwen/gen_2/00001_2/0151_1011_A._Stages,qwen,gen_2,1011_A_Stages,CWE-398,CWE-190,CWE-398,CWE-190,,False
qwen/gen_2/00001_2/0151_1011_A._Stages.cpp,qwen,gen_2,1011_A_Stages,,CWE-190,,CWE-190,,False
qwen/gen_2/00001_2/0153_1059_A._Cashier,qwen,gen_2,1059_A_Cashier,CWE-398,,CWE-398,,,False
qwen/gen_2/00001_2/0154_1080_C._Masha_and_two_friends,qwen,gen_2,1080_C_Masha_and_two_friends,CWE-563,,CWE-563,,,False
qwen/gen_2/00001_2/0155_10_B._Cinema_Cashier,qwen,gen_2,10_B_Cinema_Cashier,CWE-398,,CWE-398,,,False
qwen/gen_2/00001_2/0156_1121_A._Technogoblet_of_Fire,qwen,gen_2,1121_A_Technogoblet_of_Fire,CWE-398,,CWE-398,,,False
qwen/gen_2/00001_2/0157_1148_C._Crazy_Diamond,qwen,gen_2,1148_C_Crazy_Diamond,CWE-398,,CWE-398,,,False
qwen/gen_2/00001_2/0158_1169_E._And_Reachability,qwen,gen_2,1169_E_And_Reachability,CWE-398,,CWE-398,,,False
qwen/gen_2/00001_2/0159_1187_G._Gang_Up,qwen,gen_2,1187_G_Gang_Up,CWE-398|CWE-563,,CWE-398|CWE-563,,,False
qwen/gen_2/00001_2/0163_1267_L._Lexicography,qwen,gen_2,1267_L_Lexicography,CWE-398,,CWE-398,,,False
qwen/gen_2/00001_2/0164_1290_A._Mind_Control,qwen,gen_2,1290_A_Mind_Control,CWE-571,,CWE-571,,,False
qwen/gen_2/00001_2/0166_1332_G._No_Monotone_Triples,qwen,gen_2,1332_G_No_Monotone_Triples,CWE-664,,CWE-664,,,False
qwen/gen_2/00001_2/0168_1373_B._01_Game,qwen,gen_2,1373_B_01_Game,CWE-563,,CWE-563,,,False
qwen/gen_2/00001_2/0170_141_C._Queue,qwen,gen_2,141_C_Queue,CWE-398|CWE-563,,CWE-398|CWE-563,,,False
qwen/gen_2/00001_2/0172_1463_B._Find_The_Array,qwen,gen_2,1463_B_Find_The_Array,CWE-398,,CWE-398,,,False
qwen/gen_2/00001_2/0173_148_B._Escape,qwen,gen_2,148_B_Escape,CWE-563,CWE-190,CWE-563,CWE-190,,False
qwen/gen_2/00001_2/0173_148_B._Escape.cpp,qwen,gen_2,148_B_Escape,,CWE-190,,CWE-190,,False
qwen/gen_2/00001_2/0175_1539_D._PriceFixed,qwen,gen_2,1539_D_PriceFixed,CWE-398,,CWE-398,,,False
qwen/gen_2/00001_2/0177_187_B._AlgoRace,qwen,gen_2,187_B_AlgoRace,CWE-398,,CWE-398,,,False
qwen/gen_2/00001_2/0178_207_D9._The_Beaver_s_Problem_-_3,qwen,gen_2,207_D9_The_Beaver_s_Problem_-_3,CWE-563,,CWE-563,,,False
qwen/gen_2/00001_2/0181_282_B._Painting_Eggs,qwen,gen_2,282_B_Painting_Eggs,CWE-398,,CWE-398,,,False
qwen/gen_2/00001_2/0182_305_A._Strange_Addition,qwen,gen_2,305_A_Strange_Addition,CWE-398,,CWE-398,,,False
qwen/gen_2/00001_2/0184_352_E._Jeff_and_Brackets,qwen,gen_2,352_E_Jeff_and_Brackets,,CWE-190,,CWE-190,,False
qwen/gen_2/00001_2/0184_352_E._Jeff_and_Brackets.cpp,qwen,gen_2,352_E_Jeff_and_Brackets,,CWE-190,,CWE-190,,False
qwen/gen_2/00001_2/0185_377_A._Maze,qwen,gen_2,377_A_Maze,CWE-398,,CWE-398,,,False
qwen/gen_2/00001_2/0186_399_C._Cards,qwen,gen_2,399_C_Cards,,CWE-190,,CWE-190,,False
qwen/gen_2/00001_2/0186_399_C._Cards.cpp,qwen,gen_2,399_C_Cards,,CWE-190,,CWE-190,,False
qwen/gen_2/00001_2/0187_421_D._Bug_in_Code,qwen,gen_2,421_D_Bug_in_Code,CWE-398,,CWE-398,,,False
qwen/gen_2/00001_2/0188_448_B._Suffix_Structures,qwen,gen_2,448_B_Suffix_Structures,CWE-398,,CWE-398,,,False
qwen/gen_2/00001_2/0191_516_C._Drazil_and_Park,qwen,gen_2,516_C_Drazil_and_Park,,CWE-122,,CWE-122,,False
qwen/gen_2/00001_2/0191_516_C._Drazil_and_Park.cpp,qwen,gen_2,516_C_Drazil_and_Park,,CWE-122,,CWE-122,,False
qwen/gen_2/00001_2/0192_543_C._Remembering_Strings,qwen,gen_2,543_C_Remembering_Strings,CWE-398,CWE-125,CWE-398,CWE-125,,False
qwen/gen_2/00001_2/0192_543_C._Remembering_Strings.cpp,qwen,gen_2,543_C_Remembering_Strings,,CWE-125,,CWE-125,,False
qwen/gen_2/00001_2/0194_591_C._Median_Smoothing,qwen,gen_2,591_C_Median_Smoothing,CWE-563,,CWE-563,,,False
qwen/gen_2/00001_2/0195_613_A._Peter_and_Snow_Blower,qwen,gen_2,613_A_Peter_and_Snow_Blower,CWE-398,,CWE-398,,,False
qwen/gen_2/00001_2/0197_685_D._Kay_and_Eternity,qwen,gen_2,685_D_Kay_and_Eternity,CWE-563,,CWE-563,,,False
qwen/gen_2/00001_2/0198_708_C._Centroids,qwen,gen_2,708_C_Centroids,CWE-398,,CWE-398,,,False
qwen/gen_2/00001_2/0201_799_D._Field_expansion,qwen,gen_2,799_D_Field_expansion,,CWE-190,,CWE-190,,False
qwen/gen_2/00001_2/0201_799_D._Field_expansion.cpp,qwen,gen_2,799_D_Field_expansion,,CWE-190,,CWE-190,,False
qwen/gen_2/00001_2/0202_819_D._Mister_B_and_Astronomers,qwen,gen_2,819_D_Mister_B_and_Astronomers,CWE-398,,CWE-398,,,False
qwen/gen_2/00001_2/0206_913_G._Power_Substring,qwen,gen_2,913_G_Power_Substring,,CWE-190,,CWE-190,,False
qwen/gen_2/00001_2/0206_913_G._Power_Substring.cpp,qwen,gen_2,913_G_Power_Substring,,CWE-190,,CWE-190,,False
qwen/gen_2/00001_2/0211_p02734_AtCoder_Beginner_Contest_159_-_Knapsack_for_All_Segments,qwen,gen_2,p02734_AtCoder_Beginner_Contest_159_-_Knapsack_for_All_Segments,CWE-398,,CWE-398,,,False
qwen/gen_2/00001_2/0214_p03143_NIKKEI_Programming_Contest_2019_-_Weights_on_Vertices_and_Edges,qwen,gen_2,p03143_NIKKEI_Programming_Contest_2019_-_Weights_on_Vertices_and_Edges,CWE-398,,CWE-398,,,False
qwen/gen_2/00001_2/0219_p03932_square869120Contest__3_-_Souvenirs,qwen,gen_2,p03932_square869120Contest__3_-_Souvenirs,CWE-398,,CWE-398,,,False
qwen/gen_2/00001_2/0224_p00669_K_Cards,qwen,gen_2,p00669_K_Cards,CWE-398,,CWE-398,,,False
qwen/gen_2/00001_2/0225_p00812_Equals_are_Equals,qwen,gen_2,p00812_Equals_are_Equals,CWE-398|CWE-563,,CWE-398|CWE-563,,,False
qwen/gen_2/00001_2/0226_p00943_Routing_a_Marathon_Race,qwen,gen_2,p00943_Routing_a_Marathon_Race,CWE-398,,CWE-398,,,False
qwen/gen_2/00001_2/0228_p01210_Speed,qwen,gen_2,p01210_Speed,CWE-398|CWE-563|CWE-570,,CWE-398|CWE-563|CWE-570,,,False
qwen/gen_2/00001_2/0244_1173_E2._Nauuo_and_Pictures__hard_version_,qwen,gen_2,1173_E2_Nauuo_and_Pictures__hard_version_,CWE-398,,CWE-398,,,False
qwen/gen_2/00001_2/0245_1191_C._Tokitsukaze_and_Discard_Items,qwen,gen_2,1191_C_Tokitsukaze_and_Discard_Items,CWE-398,,CWE-398,,,False
qwen/gen_2/00001_2/0246_120_C._Winnie-the-Pooh_and_honey,qwen,gen_2,120_C_Winnie-the-Pooh_and_honey,CWE-398|CWE-571,,CWE-398|CWE-571,,,False
qwen/gen_2/00001_2/0252_1336_F._Journey,qwen,gen_2,1336_F_Journey,CWE-398,,CWE-398,,,False
qwen/gen_2/00001_2/0253_1359_D._Yet_Another_Yet_Another_Task,qwen,gen_2,1359_D_Yet_Another_Yet_Another_Task,CWE-398,,CWE-398,,,False
qwen/gen_2/00001_2/0254_1379_F1._Chess_Strikes_Back__easy_version_,qwen,gen_2,1379_F1_Chess_Strikes_Back__easy_version_,CWE-398,,CWE-398,,,False
qwen/gen_2/00001_2/0255_139_D._Digits_Permutations,qwen,gen_2,139_D_Digits_Permutations,CWE-398,,CWE-398,,,False
qwen/gen_2/00001_2/0260_1515_I._Phoenix_and_Diamonds,qwen,gen_2,1515_I_Phoenix_and_Diamonds,CWE-398,,CWE-398,,,False
qwen/gen_2/00001_2/0263_191_A._Dynasty_Puzzles,qwen,gen_2,191_A_Dynasty_Puzzles,CWE-398|CWE-563,,CWE-398|CWE-563,,,False
qwen/gen_2/00001_2/0267_287_D._Shifting,qwen,gen_2,287_D_Shifting,,CWE-122|CWE-476,,CWE-122|CWE-476,,False
qwen/gen_2/00001_2/0267_287_D._Shifting.cpp,qwen,gen_2,287_D_Shifting,,CWE-122|CWE-476,,CWE-122|CWE-476,,False
qwen/gen_2/00001_2/0269_335_B._Palindrome,qwen,gen_2,335_B_Palindrome,CWE-398,,CWE-398,,,False
qwen/gen_2/00001_2/0272_401_E._Olympic_Games,qwen,gen_2,401_E_Olympic_Games,CWE-398,,CWE-398,,,False
qwen/gen_2/00001_2/0275_474_C._Captain_Marmot,qwen,gen_2,474_C_Captain_Marmot,,CWE-190,,CWE-190,,False
qwen/gen_2/00001_2/0275_474_C._Captain_Marmot.cpp,qwen,gen_2,474_C_Captain_Marmot,,CWE-190,,CWE-190,,False
qwen/gen_2/00001_2/0280_596_E._Wilbur_and_Strings,qwen,gen_2,596_E_Wilbur_and_Strings,CWE-398|CWE-563,,CWE-398|CWE-563,,,False
qwen/gen_2/00001_2/0282_638_D._Three-dimensional_Turtle_Super_Computer_,qwen,gen_2,638_D_Three-dimensional_Turtle_Super_Computer_,CWE-398,,CWE-398,,,False
qwen/gen_2/00001_2/0283_666_B._World_Tour,qwen,gen_2,666_B_World_Tour,,CWE-190,,CWE-190,,False
qwen/gen_2/00001_2/0283_666_B._World_Tour.cpp,qwen,gen_2,666_B_World_Tour,,CWE-190,,CWE-190,,False
qwen/gen_2/00001_2/0287_757_D._Felicity_s_Big_Secret_Revealed,qwen,gen_2,757_D_Felicity_s_Big_Secret_Revealed,CWE-398,,CWE-398,,,False
qwen/gen_2/00001_2/0288_779_A._Pupils_Redistribution,qwen,gen_2,779_A_Pupils_Redistribution,,CWE-369,,CWE-369,,False
qwen/gen_2/00001_2/0288_779_A._Pupils_Redistribution.cpp,qwen,gen_2,779_A_Pupils_Redistribution,,CWE-369,,CWE-369,,False
qwen/gen_2/00002_2/0000_825_E._Minimal_Labels,qwen,gen_2,825_E_Minimal_Labels,CWE-398,,CWE-398,,,False
qwen/gen_2/00002_2/0002_870_A._Search_for_Pretty_Integers,qwen,gen_2,870_A_Search_for_Pretty_Integers,CWE-398,,CWE-398,,,False
qwen/gen_2/00002_2/0003_896_E._Welcome_home__Chtholly,qwen,gen_2,896_E_Welcome_home__Chtholly,CWE-398,,CWE-398,,,False
qwen/gen_2/00002_2/0004_918_A._Eleven,qwen,gen_2,918_A_Eleven,CWE-398,,CWE-398,,,False
qwen/gen_2/00002_2/0005_940_A._Points_on_the_line,qwen,gen_2,940_A_Points_on_the_line,,CWE-190,,CWE-190,,False
qwen/gen_2/00002_2/0005_940_A._Points_on_the_line.cpp,qwen,gen_2,940_A_Points_on_the_line,,CWE-190,,CWE-190,,False
qwen/gen_2/00002_2/0006_967_D._Resource_Distribution,qwen,gen_2,967_D_Resource_Distribution,CWE-571,,CWE-571,,,False
qwen/gen_2/00002_2/0007_p02630_AtCoder_Beginner_Contest_171_-_Replacing,qwen,gen_2,p02630_AtCoder_Beginner_Contest_171_-_Replacing,CWE-398,,CWE-398,,,False
qwen/gen_2/00002_2/0010_p03031_AtCoder_Beginner_Contest_128_-_Switches,qwen,gen_2,p03031_AtCoder_Beginner_Contest_128_-_Switches,CWE-398,,CWE-398,,,False
qwen/gen_2/00002_2/0013_p03474_AtCoder_Beginner_Contest_084_-_Postal_Code,qwen,gen_2,p03474_AtCoder_Beginner_Contest_084_-_Postal_Code,CWE-398,,CWE-398,,,False
qwen/gen_2/00002_2/0015_p03963_AtCoder_Beginner_Contest_046_-_Painting_Balls_with_AtCoDeer,qwen,gen_2,p03963_AtCoder_Beginner_Contest_046_-_Painting_Balls_with_AtCoDeer,CWE-197,,CWE-197,,,False
qwen/gen_2/00002_2/0016_p00054_Sum_of_Nth_decimal_places,qwen,gen_2,p00054_Sum_of_Nth_decimal_places,CWE-398|CWE-563,,CWE-398|CWE-563,,,False
qwen/gen_2/00002_2/0027_p01856_Typhoon,qwen,gen_2,p01856_Typhoon,CWE-563,,CWE-563,,,False
qwen/gen_2/00002_2/0028_p01991_Namo.._Cut,qwen,gen_2,p01991_Namo_Cut,CWE-563|CWE-664,,CWE-563|CWE-664,,,False
qwen/gen_2/00002_2/0030_p02278_Minimum_Cost_Sort,qwen,gen_2,p02278_Minimum_Cost_Sort,CWE-398,,CWE-398,,,False
qwen/gen_2/00002_2/0031_p02425_Bit_Flag,qwen,gen_2,p02425_Bit_Flag,CWE-758,,CWE-758,,,False
qwen/gen_2/00002_2/0033_1031_B._Curiosity_Has_No_Limits,qwen,gen_2,1031_B_Curiosity_Has_No_Limits,CWE-571,,CWE-571,,,False
qwen/gen_2/00002_2/0035_1076_B._Divisor_Subtraction,qwen,gen_2,1076_B_Divisor_Subtraction,,CWE-190,,CWE-190,,False
qwen/gen_2/00002_2/0035_1076_B._Divisor_Subtraction.cpp,qwen,gen_2,1076_B_Divisor_Subtraction,,CWE-190,,CWE-190,,False
qwen/gen_2/00002_2/0036_1097_B._Petr_and_a_Combination_Lock,qwen,gen_2,1097_B_Petr_and_a_Combination_Lock,CWE-398,,CWE-398,,,False
qwen/gen_2/00002_2/0037_1144_F._Graph_Without_Long_Directed_Paths,qwen,gen_2,1144_F_Graph_Without_Long_Directed_Paths,CWE-563,,CWE-563,,,False
qwen/gen_2/00002_2/0039_1184_D1._Parallel_Universes__Easy_,qwen,gen_2,1184_D1_Parallel_Universes__Easy_,CWE-571,,CWE-571,,,False
qwen/gen_2/00002_2/0041_121_C._Lucky_Permutation,qwen,gen_2,121_C_Lucky_Permutation,CWE-398,,CWE-398,,,False
qwen/gen_2/00002_2/0044_1286_A._Garland,qwen,gen_2,1286_A_Garland,CWE-398,,CWE-398,,,False
qwen/gen_2/00002_2/0046_1329_D._Dreamoon_Likes_Strings,qwen,gen_2,1329_D_Dreamoon_Likes_Strings,CWE-398,,CWE-398,,,False
qwen/gen_2/00002_2/0049_1416_D._Graph_and_Queries,qwen,gen_2,1416_D_Graph_and_Queries,CWE-398,,CWE-398,,,False
qwen/gen_2/00002_2/0050_1433_C._Dominant_Piranha,qwen,gen_2,1433_C_Dominant_Piranha,CWE-398|CWE-563|CWE-571,,CWE-398|CWE-563|CWE-571,,,False
qwen/gen_2/00002_2/0051_1458_B._Glass_Half_Spilled,qwen,gen_2,1458_B_Glass_Half_Spilled,CWE-398|CWE-563|CWE-570,,CWE-398|CWE-563|CWE-570,,,False
qwen/gen_2/00002_2/0054_1534_D._Lost_Tree,qwen,gen_2,1534_D_Lost_Tree,CWE-398,,CWE-398,,,False
qwen/gen_2/00002_2/0056_204_D._Little_Elephant_and_Retro_Strings,qwen,gen_2,204_D_Little_Elephant_and_Retro_Strings,CWE-398,,CWE-398,,,False
qwen/gen_2/00002_2/0058_278_B._New_Problem,qwen,gen_2,278_B_New_Problem,CWE-398|CWE-563,,CWE-398|CWE-563,,,False
qwen/gen_2/00002_2/0059_300_A._Array,qwen,gen_2,300_A_Array,CWE-398,,CWE-398,,,False
qwen/gen_2/00002_2/0060_325_D._Reclamation,qwen,gen_2,325_D_Reclamation,CWE-398,,CWE-398,,,False
qwen/gen_2/00002_2/0061_348_E._Pilgrims,qwen,gen_2,348_E_Pilgrims,CWE-398,,CWE-398,,,False
qwen/gen_2/00002_2/0063_393_C._Blocked_Points,qwen,gen_2,393_C_Blocked_Points,,CWE-190,,CWE-190,,False
qwen/gen_2/00002_2/0063_393_C._Blocked_Points.cpp,qwen,gen_2,393_C_Blocked_Points,,CWE-190,,CWE-190,,False
qwen/gen_2/00002_2/0064_443_B._Kolya_and_Tandem_Repeat,qwen,gen_2,443_B_Kolya_and_Tandem_Repeat,CWE-563,CWE-190,CWE-563,CWE-190,,False
qwen/gen_2/00002_2/0064_443_B._Kolya_and_Tandem_Repeat.cpp,qwen,gen_2,443_B_Kolya_and_Tandem_Repeat,,CWE-190,,CWE-190,,False
qwen/gen_2/00002_2/0065_465_C._No_to_Palindromes_,qwen,gen_2,465_C_No_to_Palindromes_,CWE-398,,CWE-398,,,False
qwen/gen_2/00002_2/0069_566_C._Logistical_Questions,qwen,gen_2,566_C_Logistical_Questions,CWE-398|CWE-563,,CWE-398|CWE-563,,,False
qwen/gen_2/00002_2/0070_587_D._Duff_in_Mafia,qwen,gen_2,587_D_Duff_in_Mafia,CWE-398|CWE-563,,CWE-398|CWE-563,,,False
qwen/gen_2/00002_2/0074_703_C._Chris_and_Road,qwen,gen_2,703_C_Chris_and_Road,CWE-398,,CWE-398,,,False
qwen/gen_2/00002_2/0075_725_C._Hidden_Word,qwen,gen_2,725_C_Hidden_Word,CWE-563,,CWE-563,,,False
qwen/gen_2/00002_2/0076_747_C._Servers,qwen,gen_2,747_C_Servers,CWE-398,,CWE-398,,,False
qwen/gen_2/00002_2/0077_76_F._Tourist,qwen,gen_2,76_F_Tourist,CWE-398,,CWE-398,,,False
qwen/gen_2/00002_2/0080_840_B._Leha_and_another_game_about_graph,qwen,gen_2,840_B_Leha_and_another_game_about_graph,CWE-398|CWE-563,,CWE-398|CWE-563,,,False
qwen/gen_2/00002_2/0081_887_B._Cubes_for_Masha,qwen,gen_2,887_B_Cubes_for_Masha,CWE-398,,CWE-398,,,False
qwen/gen_2/00002_2/0083_931_E._Game_with_String,qwen,gen_2,931_E_Game_with_String,CWE-398,,CWE-398,,,False
qwen/gen_2/00002_2/0088_p02838_AtCoder_Beginner_Contest_147_-_Xor_Sum_4,qwen,gen_2,p02838_AtCoder_Beginner_Contest_147_-_Xor_Sum_4,CWE-398,,CWE-398,,,False
qwen/gen_2/00002_2/0089_p03258_AtCoder_Grand_Contest_027_-_ABBreviate,qwen,gen_2,p03258_AtCoder_Grand_Contest_027_-_ABBreviate,CWE-398,,CWE-398,,,False
qwen/gen_2/00002_2/0093_p03893_CODE_FESTIVAL_2016_Relay__Parallel__-_Trichotomy,qwen,gen_2,p03893_CODE_FESTIVAL_2016_Relay__Parallel__-_Trichotomy,CWE-563,,CWE-563,,,False
qwen/gen_2/00002_2/0094_p04052_AtCoder_Grand_Contest_001_-_Wide_Swap,qwen,gen_2,p04052_AtCoder_Grand_Contest_001_-_Wide_Swap,CWE-398,,CWE-398,,,False
qwen/gen_2/00002_2/0095_p00131_Doctor_s_Strange_Particles,qwen,gen_2,p00131_Doctor_s_Strange_Particles,CWE-563,,CWE-563,,,False
qwen/gen_2/00002_2/0099_p00786_BUT_We_Need_a_Diagram,qwen,gen_2,p00786_BUT_We_Need_a_Diagram,CWE-398,,CWE-398,,,False
qwen/gen_2/00002_2/0100_p00918_Dragon_s_Cruller,qwen,gen_2,p00918_Dragon_s_Cruller,CWE-398|CWE-457,,CWE-398|CWE-457,,,False
qwen/gen_2/00002_2/0101_p01051_Squid_Ink,qwen,gen_2,p01051_Squid_Ink,CWE-398,,CWE-398,,,False
qwen/gen_2/00002_2/0102_p01183_Tetrahedra,qwen,gen_2,p01183_Tetrahedra,CWE-398|CWE-571,,CWE-398|CWE-571,,,False
qwen/gen_2/00002_2/0103_p01320_Magical_Island_2,qwen,gen_2,p01320_Magical_Island_2,CWE-563,,CWE-563,,,False
qwen/gen_2/00002_2/0106_p01935_Protect_from_the_enemy_attack,qwen,gen_2,p01935_Protect_from_the_enemy_attack,CWE-398|CWE-563,,CWE-398|CWE-563,,,False
qwen/gen_2/00002_2/0107_p02074_N-by-M_grid_calculation,qwen,gen_2,p02074_N-by-M_grid_calculation,CWE-563,,CWE-563,,,False
qwen/gen_2/00002_2/0108_p02216_Array_Game,qwen,gen_2,p02216_Array_Game,CWE-398,,CWE-398,,,False
qwen/gen_2/00002_2/0110_1000_C._Covered_Points_Count,qwen,gen_2,1000_C_Covered_Points_Count,CWE-398,,CWE-398,,,False
qwen/gen_2/00002_2/0112_1045_F._Shady_Lady,qwen,gen_2,1045_F_Shady_Lady,CWE-398,,CWE-398,,,False
qwen/gen_2/00002_2/0115_110_B._Lucky_String,qwen,gen_2,110_B_Lucky_String,CWE-398|CWE-570,,CWE-398|CWE-570,,,False
qwen/gen_2/00002_2/0116_1139_E._Maximize_Mex,qwen,gen_2,1139_E_Maximize_Mex,CWE-398,,CWE-398,,,False
qwen/gen_2/00002_2/0119_1215_B._The_Number_of_Products,qwen,gen_2,1215_B_The_Number_of_Products,,CWE-190,,CWE-190,,False
qwen/gen_2/00002_2/0119_1215_B._The_Number_of_Products.cpp,qwen,gen_2,1215_B_The_Number_of_Products,,CWE-190,,CWE-190,,False
qwen/gen_2/00002_2/0121_1256_E._Yet_Another_Division_Into_Teams,qwen,gen_2,1256_E_Yet_Another_Division_Into_Teams,CWE-398,,CWE-398,,,False
qwen/gen_2/00002_2/0122_127_E._E-reader_Display,qwen,gen_2,127_E_E-reader_Display,CWE-398|CWE-563,,CWE-398|CWE-563,,,False
qwen/gen_2/00002_2/0124_1323_F._Reality_Show,qwen,gen_2,1323_F_Reality_Show,CWE-398,CWE-190,CWE-398,CWE-190,,False
qwen/gen_2/00002_2/0124_1323_F._Reality_Show.cpp,qwen,gen_2,1323_F_Reality_Show,,CWE-190,,CWE-190,,False
qwen/gen_2/00002_2/0125_1342_E._Placing_Rooks,qwen,gen_2,1342_E_Placing_Rooks,CWE-570,CWE-190,CWE-570,CWE-190,,False
qwen/gen_2/00002_2/0125_1342_E._Placing_Rooks.cpp,qwen,gen_2,1342_E_Placing_Rooks,,CWE-190,,CWE-190,,False
qwen/gen_2/00002_2/0127_1384_F._Rearrange,qwen,gen_2,1384_F_Rearrange,CWE-398|CWE-563,,CWE-398|CWE-563,,,False
qwen/gen_2/00002_2/0129_1450_D._Rating_Compression,qwen,gen_2,1450_D_Rating_Compression,CWE-398,,CWE-398,,,False
qwen/gen_2/00002_2/0130_1474_B._Different_Divisors,qwen,gen_2,1474_B_Different_Divisors,CWE-398,,CWE-398,,,False
qwen/gen_2/00002_2/0132_1523_D._Love-Hate,qwen,gen_2,1523_D_Love-Hate,CWE-398,CWE-190,CWE-398,CWE-190,,False
qwen/gen_2/00002_2/0132_1523_D._Love-Hate.cpp,qwen,gen_2,1523_D_Love-Hate,,CWE-190,,CWE-190,,False
qwen/gen_2/00002_2/0133_155_C._Hometask,qwen,gen_2,155_C_Hometask,CWE-398,CWE-121|CWE-190,CWE-398,CWE-121|CWE-190,,False
qwen/gen_2/00002_2/0133_155_C._Hometask.cpp,qwen,gen_2,155_C_Hometask,,CWE-121|CWE-190,,CWE-121|CWE-190,,False
qwen/gen_2/00002_2/0137_245_F._Log_Stream_Analysis,qwen,gen_2,245_F_Log_Stream_Analysis,CWE-398|CWE-563,,CWE-398|CWE-563,,,False
qwen/gen_2/00002_2/0141_365_A._Good_Number,qwen,gen_2,365_A_Good_Number,CWE-398,,CWE-398,,,False
qwen/gen_2/00002_2/0142_388_E._Fox_and_Meteor_Shower,qwen,gen_2,388_E_Fox_and_Meteor_Shower,CWE-563,CWE-369,CWE-563,CWE-369,,False
qwen/gen_2/00002_2/0142_388_E._Fox_and_Meteor_Shower.cpp,qwen,gen_2,388_E_Fox_and_Meteor_Shower,,CWE-369,,CWE-369,,False
qwen/gen_2/00002_2/0144_436_D._Pudding_Monsters,qwen,gen_2,436_D_Pudding_Monsters,CWE-398,,CWE-398,,,False
qwen/gen_2/00002_2/0145_459_E._Pashmak_and_Graph,qwen,gen_2,459_E_Pashmak_and_Graph,CWE-398,,CWE-398,,,False
qwen/gen_2/00002_2/0146_480_D._Parcels,qwen,gen_2,480_D_Parcels,CWE-398,,CWE-398,,,False
qwen/gen_2/00002_2/0148_529_C._Rooks_and_Rectangles,qwen,gen_2,529_C_Rooks_and_Rectangles,CWE-398,,CWE-398,,,False
qwen/gen_2/00002_2/0149_554_E._Love_Triangles,qwen,gen_2,554_E_Love_Triangles,,CWE-190,,CWE-190,,False
qwen/gen_2/00002_2/0149_554_E._Love_Triangles.cpp,qwen,gen_2,554_E_Love_Triangles,,CWE-190,,CWE-190,,False
qwen/gen_2/00002_2/0150_580_D._Kefa_and_Dishes,qwen,gen_2,580_D_Kefa_and_Dishes,CWE-398,,CWE-398,,,False
qwen/gen_2/00002_2/0151_602_C._The_Two_Routes,qwen,gen_2,602_C_The_Two_Routes,CWE-398|CWE-563,,CWE-398|CWE-563,,,False
qwen/gen_2/00002_2/0155_719_E._Sasha_and_Array,qwen,gen_2,719_E_Sasha_and_Array,CWE-398,CWE-122,CWE-398,CWE-122,,False
qwen/gen_2/00002_2/0155_719_E._Sasha_and_Array.cpp,qwen,gen_2,719_E_Sasha_and_Array,,CWE-122,,CWE-122,,False
qwen/gen_2/00002_2/0156_740_B._Alyona_and_flowers,qwen,gen_2,740_B_Alyona_and_flowers,,CWE-190,,CWE-190,,False
qwen/gen_2/00002_2/0156_740_B._Alyona_and_flowers.cpp,qwen,gen_2,740_B_Alyona_and_flowers,,CWE-190,,CWE-190,,False
qwen/gen_2/00002_2/0159_808_G._Anthem_of_Berland,qwen,gen_2,808_G_Anthem_of_Berland,,CWE-190,,CWE-190,,False
qwen/gen_2/00002_2/0159_808_G._Anthem_of_Berland.cpp,qwen,gen_2,808_G_Anthem_of_Berland,,CWE-190,,CWE-190,,False
qwen/gen_2/00002_2/0162_878_D._Magic_Breeding,qwen,gen_2,878_D_Magic_Breeding,CWE-563,,CWE-563,,,False
qwen/gen_2/00002_2/0164_924_C._Riverside_Curio,qwen,gen_2,924_C_Riverside_Curio,CWE-398,,CWE-398,,,False
qwen/gen_2/00002_2/0169_p02670_AtCoder_Grand_Contest_044_-_Joker,qwen,gen_2,p02670_AtCoder_Grand_Contest_044_-_Joker,CWE-398,,CWE-398,,,False
qwen/gen_2/00002_2/0171_p03072_AtCoder_Beginner_Contest_124_-_Great_Ocean_View,qwen,gen_2,p03072_AtCoder_Beginner_Contest_124_-_Great_Ocean_View,CWE-398,,CWE-398,,,False
qwen/gen_2/00002_2/0172_p03214_Dwango_Programming_Contest_V_-_Thumbnail,qwen,gen_2,p03214_Dwango_Programming_Contest_V_-_Thumbnail,CWE-398,,CWE-398,,,False
qwen/gen_2/00002_2/0175_p03686_AtCoder_Regular_Contest_076_-_Exhausted_,qwen,gen_2,p03686_AtCoder_Regular_Contest_076_-_Exhausted_,CWE-398,,CWE-398,,,False
qwen/gen_2/00002_2/0176_p03839_AtCoder_Grand_Contest_008_-_Contiguous_Repainting,qwen,gen_2,p03839_AtCoder_Grand_Contest_008_-_Contiguous_Repainting,CWE-398,,CWE-398,,,False
qwen/gen_2/00002_2/0177_p04006_AtCoder_Grand_Contest_004_-_Colorful_Slimes,qwen,gen_2,p04006_AtCoder_Grand_Contest_004_-_Colorful_Slimes,CWE-398,,CWE-398,,,False
qwen/gen_2/00002_2/0184_p01280_Galaxy_Wide_Web_Service,qwen,gen_2,p01280_Galaxy_Wide_Web_Service,CWE-398,,CWE-398,,,False
qwen/gen_2/00002_2/0188_p01896_Folding_Paper,qwen,gen_2,p01896_Folding_Paper,CWE-563,,CWE-563,,,False
qwen/gen_2/00002_2/0189_p02033_Arrow,qwen,gen_2,p02033_Arrow,CWE-398,,CWE-398,,,False
qwen/gen_2/00002_2/0196_1068_D._Array_Without_Local_Maximums_,qwen,gen_2,1068_D_Array_Without_Local_Maximums_,CWE-398,,CWE-398,,,False
qwen/gen_2/00002_2/0197_1090_C._New_Year_Presents,qwen,gen_2,1090_C_New_Year_Presents,CWE-398|CWE-786,,CWE-398|CWE-786,,,False
qwen/gen_2/00002_2/0198_1109_F._Sasha_and_Algorithm_of_Silence_s_Sounds,qwen,gen_2,1109_F_Sasha_and_Algorithm_of_Silence_s_Sounds,CWE-398|CWE-571,,CWE-398|CWE-571,,,False
qwen/gen_2/00002_2/0199_1139_C._Edgy_Trees,qwen,gen_2,1139_C_Edgy_Trees,CWE-398|CWE-563|CWE-570,,CWE-398|CWE-563|CWE-570,,,False
qwen/gen_2/00002_2/0202_1198_A._MP3,qwen,gen_2,1198_A_MP3,CWE-398,,CWE-398,,,False
qwen/gen_2/00002_2/0203_1214_H._Tiles_Placement,qwen,gen_2,1214_H_Tiles_Placement,CWE-398,,CWE-398,,,False
qwen/gen_2/00002_2/0205_1256_C._Platforms_Jumping,qwen,gen_2,1256_C_Platforms_Jumping,CWE-398|CWE-570,,CWE-398|CWE-570,,,False
qwen/gen_2/00002_2/0207_12_B._Correct_Solution_,qwen,gen_2,12_B_Correct_Solution_,CWE-398,,CWE-398,,,False
qwen/gen_2/00002_2/0208_1323_D._Present,qwen,gen_2,1323_D_Present,CWE-398,,CWE-398,,,False
qwen/gen_2/00002_2/0210_1384_D._GameGame,qwen,gen_2,1384_D_GameGame,CWE-398,,CWE-398,,,False
qwen/gen_2/00002_2/0211_1406_A._Subset_Mex,qwen,gen_2,1406_A_Subset_Mex,,CWE-190,,CWE-190,,False
qwen/gen_2/00002_2/0211_1406_A._Subset_Mex.cpp,qwen,gen_2,1406_A_Subset_Mex,,CWE-190,,CWE-190,,False
qwen/gen_2/00002_2/0213_1450_B._Balls_of_Steel,qwen,gen_2,1450_B_Balls_of_Steel,CWE-398,,CWE-398,,,False
qwen/gen_2/00002_2/0214_1473_G._Tiles,qwen,gen_2,1473_G_Tiles,CWE-563,,CWE-563,,,False
qwen/gen_2/00002_2/0216_1523_B._Lord_of_the_Values,qwen,gen_2,1523_B_Lord_of_the_Values,CWE-398,,CWE-398,,,False
qwen/gen_2/00002_2/0217_155_A._I_love__username_,qwen,gen_2,155_A_I_love__username_,CWE-398,,CWE-398,,,False
qwen/gen_2/00002_2/0218_177_C1._Party,qwen,gen_2,177_C1_Party,CWE-398,,CWE-398,,,False
qwen/gen_2/00002_2/0219_221_C._Little_Elephant_and_Problem,qwen,gen_2,221_C_Little_Elephant_and_Problem,CWE-570,,CWE-570,,,False
qwen/gen_2/00002_2/0220_245_D._Restoring_Table,qwen,gen_2,245_D_Restoring_Table,CWE-563,,CWE-563,,,False
qwen/gen_2/00002_2/0222_293_D._Ksusha_and_Square,qwen,gen_2,293_D_Ksusha_and_Square,CWE-563,,CWE-563,,,False
qwen/gen_2/00002_2/0224_341_B._Bubble_Sort_Graph,qwen,gen_2,341_B_Bubble_Sort_Graph,CWE-398,CWE-190,CWE-398,CWE-190,,False
qwen/gen_2/00002_2/0224_341_B._Bubble_Sort_Graph.cpp,qwen,gen_2,341_B_Bubble_Sort_Graph,,CWE-190,,CWE-190,,False
qwen/gen_2/00002_2/0225_364_D._Ghd,qwen,gen_2,364_D_Ghd,CWE-398,,CWE-398,,,False
qwen/gen_2/00002_2/0226_388_C._Fox_and_Card_Game,qwen,gen_2,388_C_Fox_and_Card_Game,CWE-398,,CWE-398,,,False
qwen/gen_2/00002_2/0229_459_C._Pashmak_and_Buses,qwen,gen_2,459_C_Pashmak_and_Buses,,CWE-190,,CWE-190,,False
qwen/gen_2/00002_2/0229_459_C._Pashmak_and_Buses.cpp,qwen,gen_2,459_C_Pashmak_and_Buses,,CWE-190,,CWE-190,,False
qwen/gen_2/00002_2/0231_505_B._Mr._Kitayuta_s_Colorful_Graph,qwen,gen_2,505_B_Mr_Kitayuta_s_Colorful_Graph,CWE-398|CWE-563,,CWE-398|CWE-563,,,False
qwen/gen_2/00002_2/0232_554_C._Kyoya_and_Colored_Balls,qwen,gen_2,554_C_Kyoya_and_Colored_Balls,CWE-398,,CWE-398,,,False
qwen/gen_2/00002_2/0234_602_A._Two_Bases,qwen,gen_2,602_A_Two_Bases,CWE-398,,CWE-398,,,False
qwen/gen_2/00002_2/0235_624_D._Array_GCD,qwen,gen_2,624_D_Array_GCD,CWE-398,,CWE-398,,,False
qwen/gen_2/00002_2/0244_878_B._Teams_Formation,qwen,gen_2,878_B_Teams_Formation,CWE-398,,CWE-398,,,False
qwen/gen_2/00002_2/0246_979_E._Kuro_and_Topological_Parity,qwen,gen_2,979_E_Kuro_and_Topological_Parity,CWE-398,,CWE-398,,,False
qwen/gen_2/00002_2/0247_999_F._Cards_and_Joy,qwen,gen_2,999_F_Cards_and_Joy,CWE-398|CWE-563,CWE-190,CWE-398|CWE-563,CWE-190,,False
qwen/gen_2/00002_2/0247_999_F._Cards_and_Joy.cpp,qwen,gen_2,999_F_Cards_and_Joy,,CWE-190,,CWE-190,,False
qwen/gen_2/00002_2/0248_p02537_ACL_Beginner_Contest_-_Flat_Subsequence,qwen,gen_2,p02537_ACL_Beginner_Contest_-_Flat_Subsequence,CWE-398,,CWE-398,,,False
qwen/gen_2/00002_2/0249_p02668_NOMURA_Programming_Competition_2020_-_Sorting_Game,qwen,gen_2,p02668_NOMURA_Programming_Competition_2020_-_Sorting_Game,CWE-570,,CWE-570,,,False
qwen/gen_2/00002_2/0253_p03212_AtCoder_Beginner_Contest_114_-_755,qwen,gen_2,p03212_AtCoder_Beginner_Contest_114_-_755,CWE-398,,CWE-398,,,False
qwen/gen_2/00002_2/0254_p03519_CODE_FESTIVAL_2017_Elimination_Tournament_Round_1__Parallel__-_Paired_Parentheses,qwen,gen_2,p03519_CODE_FESTIVAL_2017_Elimination_Tournament_Round_1__Parallel__-_Paired_Parentheses,CWE-398,,CWE-398,,,False
qwen/gen_2/00002_2/0255_p03837_AtCoder_Beginner_Contest_051_-_Candidates_of_No_Shortest_Paths,qwen,gen_2,p03837_AtCoder_Beginner_Contest_051_-_Candidates_of_No_Shortest_Paths,CWE-398,,CWE-398,,,False
qwen/gen_2/00002_2/0256_p04004_AtCoder_Regular_Contest_061_-_Card_Game_for_Three,qwen,gen_2,p04004_AtCoder_Regular_Contest_061_-_Card_Game_for_Three,CWE-563|CWE-570,,CWE-563|CWE-570,,,False
qwen/gen_3/00000_3/0000_1012_E._Cycle_sort,qwen,gen_3,1012_E_Cycle_sort,CWE-398,,CWE-398,,,False
qwen/gen_3/00000_3/0003_1081_G._Mergesort_Strikes_Back,qwen,gen_3,1081_G_Mergesort_Strikes_Back,,CWE-190,,CWE-190,,False
qwen/gen_3/00000_3/0003_1081_G._Mergesort_Strikes_Back.cpp,qwen,gen_3,1081_G_Mergesort_Strikes_Back,,CWE-190,,CWE-190,,False
qwen/gen_3/00000_3/0007_1189_D1._Add_on_a_Tree,qwen,gen_3,1189_D1_Add_on_a_Tree,CWE-398,,CWE-398,,,False
qwen/gen_3/00000_3/0011_1291_E._Prefix_Enlightenment,qwen,gen_3,1291_E_Prefix_Enlightenment,CWE-398|CWE-563,,CWE-398|CWE-563,,,False
qwen/gen_3/00000_3/0013_1334_D._Minimum_Euler_Cycle,qwen,gen_3,1334_D_Minimum_Euler_Cycle,CWE-563,,CWE-563,,,False
qwen/gen_3/00000_3/0014_1354_F._Summoning_Minions,qwen,gen_3,1354_F_Summoning_Minions,CWE-398,,CWE-398,,,False
qwen/gen_3/00000_3/0017_1421_B._Putting_Bricks_in_the_Wall,qwen,gen_3,1421_B_Putting_Bricks_in_the_Wall,CWE-398,,CWE-398,,,False
qwen/gen_3/00000_3/0019_1466_F._Euclid_s_nightmare,qwen,gen_3,1466_F_Euclid_s_nightmare,CWE-398,,CWE-398,,,False
qwen/gen_3/00000_3/0020_1490_G._Old_Floppy_Drive_,qwen,gen_3,1490_G_Old_Floppy_Drive_,CWE-398,,CWE-398,,,False
qwen/gen_3/00000_3/0025_235_D._Graph_Game,qwen,gen_3,235_D_Graph_Game,CWE-398|CWE-563|CWE-758,,CWE-398|CWE-563|CWE-758,,,False
qwen/gen_3/00000_3/0028_309_B._Context_Advertising,qwen,gen_3,309_B_Context_Advertising,,CWE-122,,CWE-122,,False
qwen/gen_3/00000_3/0028_309_B._Context_Advertising.cpp,qwen,gen_3,309_B_Context_Advertising,,CWE-122,,CWE-122,,False
qwen/gen_3/00000_3/0030_354_E._Lucky_Number_Representation,qwen,gen_3,354_E_Lucky_Number_Representation,CWE-398,,CWE-398,,,False
qwen/gen_3/00000_3/0035_494_D._Birthday,qwen,gen_3,494_D_Birthday,CWE-398,,CWE-398,,,False
qwen/gen_3/00000_3/0039_593_C._Beautiful_Function,qwen,gen_3,593_C_Beautiful_Function,CWE-398|CWE-563,,CWE-398|CWE-563,,,False
qwen/gen_3/00000_3/0040_615_A._Bulbs,qwen,gen_3,615_A_Bulbs,CWE-398,,CWE-398,,,False
qwen/gen_3/00000_3/0042_663_A._Rebus,qwen,gen_3,663_A_Rebus,,CWE-122,,CWE-122,,False
qwen/gen_3/00000_3/0042_663_A._Rebus.cpp,qwen,gen_3,663_A_Rebus,,CWE-122,,CWE-122,,False
qwen/gen_3/00000_3/0045_730_J._Bottles,qwen,gen_3,730_J_Bottles,CWE-398|CWE-570,,CWE-398|CWE-570,,,False
qwen/gen_3/00000_3/0048_7_B._Memory_Manager,qwen,gen_3,7_B_Memory_Manager,CWE-398|CWE-664,,CWE-398|CWE-664,,,False
qwen/gen_3/00000_3/0051_868_A._Bark_to_Unlock,qwen,gen_3,868_A_Bark_to_Unlock,CWE-398,,CWE-398,,,False
qwen/gen_3/00000_3/0056_990_E._Post_Lamps,qwen,gen_3,990_E_Post_Lamps,,CWE-416,,CWE-416,,False
qwen/gen_3/00000_3/0056_990_E._Post_Lamps.cpp,qwen,gen_3,990_E_Post_Lamps,,CWE-416,,CWE-416,,False
qwen/gen_3/00000_3/0058_p02744_Panasonic_Programming_Contest_2020_-_String_Equivalence,qwen,gen_3,p02744_Panasonic_Programming_Contest_2020_-_String_Equivalence,CWE-398,,CWE-398,,,False
qwen/gen_3/00000_3/0064_p03616_AtCoder_Regular_Contest_082_-_Sandglass,qwen,gen_3,p03616_AtCoder_Regular_Contest_082_-_Sandglass,CWE-398|CWE-563,,CWE-398|CWE-563,,,False
qwen/gen_3/00000_3/0071_p00680_KND_Factory,qwen,gen_3,p00680_KND_Factory,CWE-398,,CWE-398,,,False
qwen/gen_3/00000_3/0072_p00822_Weather_Forecast,qwen,gen_3,p00822_Weather_Forecast,CWE-398,,CWE-398,,,False
qwen/gen_3/00000_3/0074_p01086_Short_Phrase,qwen,gen_3,p01086_Short_Phrase,CWE-398,,CWE-398,,,False
qwen/gen_3/00000_3/0075_p01222_Walk_under_a_Scorching_Sun,qwen,gen_3,p01222_Walk_under_a_Scorching_Sun,CWE-398|CWE-563,,CWE-398|CWE-563,,,False
qwen/gen_3/00000_3/0080_p01974_Pigeonhole_principle,qwen,gen_3,p01974_Pigeonhole_principle,CWE-398,,CWE-398,,,False
qwen/gen_3/00000_3/0081_p02120_Cluster_Network,qwen,gen_3,p02120_Cluster_Network,CWE-398,,CWE-398,,,False
qwen/gen_3/00000_3/0084_101_C._Vectors,qwen,gen_3,101_C_Vectors,,CWE-369,,CWE-369,,False
qwen/gen_3/00000_3/0084_101_C._Vectors.cpp,qwen,gen_3,101_C_Vectors,,CWE-369,,CWE-369,,False
qwen/gen_3/00000_3/0085_1043_A._Elections,qwen,gen_3,1043_A_Elections,CWE-398,,CWE-398,,,False
qwen/gen_3/00000_3/0088_1107_D._Compression,qwen,gen_3,1107_D_Compression,,CWE-369,,CWE-369,,False
qwen/gen_3/00000_3/0088_1107_D._Compression.cpp,qwen,gen_3,1107_D_Compression,,CWE-369,,CWE-369,,False
qwen/gen_3/00000_3/0090_1155_A._Reverse_a_Substring,qwen,gen_3,1155_A_Reverse_a_Substring,CWE-398,,CWE-398,,,False
qwen/gen_3/00000_3/0092_1195_D2._Submarine_in_the_Rybinsk_Sea__hard_edition_,qwen,gen_3,1195_D2_Submarine_in_the_Rybinsk_Sea__hard_edition_,CWE-398,,CWE-398,,,False
qwen/gen_3/00000_3/0094_1253_F._Cheap_Robot,qwen,gen_3,1253_F_Cheap_Robot,CWE-398,CWE-125,CWE-398,CWE-125,,False
qwen/gen_3/00000_3/0094_1253_F._Cheap_Robot.cpp,qwen,gen_3,1253_F_Cheap_Robot,,CWE-125,,CWE-125,,False
qwen/gen_3/00000_3/0097_133_D._Piet,qwen,gen_3,133_D_Piet,CWE-398,CWE-125,CWE-398,CWE-125,,False
qwen/gen_3/00000_3/0097_133_D._Piet.cpp,qwen,gen_3,133_D_Piet,,CWE-125,,CWE-125,,False
qwen/gen_3/00000_3/0098_1361_E._James_and_the_Chase,qwen,gen_3,1361_E_James_and_the_Chase,CWE-398,,CWE-398,,,False
qwen/gen_3/00000_3/0108_219_A._k-String,qwen,gen_3,219_A_k-String,CWE-563,,CWE-563,,,False
qwen/gen_3/00000_3/0112_316_B2._EKG,qwen,gen_3,316_B2_EKG,CWE-398,,CWE-398,,,False
qwen/gen_3/00000_3/0114_361_C._Levko_and_Array_Recovery,qwen,gen_3,361_C_Levko_and_Array_Recovery,CWE-398,,CWE-398,,,False
qwen/gen_3/00000_3/0118_455_C._Civilization,qwen,gen_3,455_C_Civilization,CWE-398,,CWE-398,,,False
qwen/gen_3/00000_3/0119_478_A._Initial_Bet,qwen,gen_3,478_A_Initial_Bet,CWE-398,,CWE-398,,,False
qwen/gen_3/00000_3/0121_526_A._King_of_Thieves,qwen,gen_3,526_A_King_of_Thieves,CWE-398,,CWE-398,,,False
qwen/gen_3/00000_3/0122_551_B._ZgukistringZ,qwen,gen_3,551_B_ZgukistringZ,CWE-563,CWE-476,CWE-563,CWE-476,,False
qwen/gen_3/00000_3/0122_551_B._ZgukistringZ.cpp,qwen,gen_3,551_B_ZgukistringZ,,CWE-476,,CWE-476,,False
qwen/gen_3/00000_3/0123_578_C._Weakness_and_Poorness,qwen,gen_3,578_C_Weakness_and_Poorness,CWE-398,,CWE-398,,,False
qwen/gen_3/00000_3/0128_691_D._Swaps_in_Permutation,qwen,gen_3,691_D_Swaps_in_Permutation,CWE-398|CWE-570,,CWE-398|CWE-570,,,False
qwen/gen_3/00000_3/0129_716_D._Complete_The_Graph,qwen,gen_3,716_D_Complete_The_Graph,CWE-398,,CWE-398,,,False
qwen/gen_3/00000_3/0130_737_A._Road_to_Cinema,qwen,gen_3,737_A_Road_to_Cinema,CWE-398|CWE-563,,CWE-398|CWE-563,,,False
qwen/gen_3/00000_3/0138_920_E._Connected_Components_,qwen,gen_3,920_E_Connected_Components_,CWE-398,,CWE-398,,,False
qwen/gen_3/00000_3/0139_949_C._Data_Center_Maintenance,qwen,gen_3,949_C_Data_Center_Maintenance,,CWE-122,,CWE-122,,False
qwen/gen_3/00000_3/0139_949_C._Data_Center_Maintenance.cpp,qwen,gen_3,949_C_Data_Center_Maintenance,,CWE-122,,CWE-122,,False
qwen/gen_3/00000_3/0141_996_F._Game,qwen,gen_3,996_F_Game,CWE-398|CWE-563,,CWE-398|CWE-563,,,False
qwen/gen_3/00000_3/0142_p02652_AtCoder_Grand_Contest_045_-_01_Unbalanced,qwen,gen_3,p02652_AtCoder_Grand_Contest_045_-_01_Unbalanced,CWE-398,,CWE-398,,,False
qwen/gen_3/00000_3/0145_p03052_diverta_2019_Programming_Contest_-_Edge_Ordering,qwen,gen_3,p03052_diverta_2019_Programming_Contest_-_Edge_Ordering,CWE-398,,CWE-398,,,False
qwen/gen_3/00000_3/0147_p03343_AtCoder_Regular_Contest_098_-_Range_Minimum_Queries,qwen,gen_3,p03343_AtCoder_Regular_Contest_098_-_Range_Minimum_Queries,CWE-398,,CWE-398,,,False
qwen/gen_3/00000_3/0156_p00720_Earth_Observation_with_a_Mobile_Robot_Team,qwen,gen_3,p00720_Earth_Observation_with_a_Mobile_Robot_Team,CWE-563,,CWE-563,,,False
qwen/gen_3/00000_3/0157_p00860_The_Morning_after_Halloween,qwen,gen_3,p00860_The_Morning_after_Halloween,CWE-398,,CWE-398,,,False
qwen/gen_3/00000_3/0159_p01123_Let_s_Move_Tiles_,qwen,gen_3,p01123_Let_s_Move_Tiles_,CWE-398,,CWE-398,,,False
qwen/gen_3/00000_3/0160_p01262_Adaptive_Time_Slicing_Quantization,qwen,gen_3,p01262_Adaptive_Time_Slicing_Quantization,CWE-398,,CWE-398,,,False
qwen/gen_3/00000_3/0161_p01422_Beautiful_Currency,qwen,gen_3,p01422_Beautiful_Currency,CWE-398,,CWE-398,,,False
qwen/gen_3/00000_3/0171_105_C._Item_World,qwen,gen_3,105_C_Item_World,CWE-398,,CWE-398,,,False
qwen/gen_3/00000_3/0172_1081_D._Maximum_Distance,qwen,gen_3,1081_D_Maximum_Distance,CWE-398,,CWE-398,,,False
qwen/gen_3/00000_3/0174_1129_A2._Toy_Train,qwen,gen_3,1129_A2_Toy_Train,CWE-563,,CWE-563,,,False
qwen/gen_3/00000_3/0179_124_D._Squares,qwen,gen_3,124_D_Squares,,CWE-190,,CWE-190,,False
qwen/gen_3/00000_3/0179_124_D._Squares.cpp,qwen,gen_3,124_D_Squares,,CWE-190,,CWE-190,,False
qwen/gen_3/00000_3/0180_1269_B._Modulo_Equality,qwen,gen_3,1269_B_Modulo_Equality,CWE-398,,CWE-398,,,False
qwen/gen_3/00000_3/0186_1397_C._Multiples_of_Length,qwen,gen_3,1397_C_Multiples_of_Length,CWE-563,,CWE-563,,,False
qwen/gen_3/00000_3/0187_1420_D._Rescue_Nibel_,qwen,gen_3,1420_D_Rescue_Nibel_,CWE-398|CWE-563,,CWE-398|CWE-563,,,False
qwen/gen_3/00000_3/0190_1490_D._Permutation_Transformation,qwen,gen_3,1490_D_Permutation_Transformation,CWE-398,,CWE-398,,,False
qwen/gen_3/00000_3/0195_25_D._Roads_not_only_in_Berland,qwen,gen_3,25_D_Roads_not_only_in_Berland,CWE-398,,CWE-398,,,False
qwen/gen_3/00000_3/0197_306_C._White__Black_and_White_Again,qwen,gen_3,306_C_White__Black_and_White_Again,CWE-398,,CWE-398,,,False
qwen/gen_3/00000_3/0200_378_C._Maze,qwen,gen_3,378_C_Maze,CWE-563,,CWE-563,,,False
qwen/gen_3/00000_3/0202_425_A._Sereja_and_Swaps,qwen,gen_3,425_A_Sereja_and_Swaps,CWE-398,,CWE-398,,,False
qwen/gen_3/00000_3/0206_544_E._Remembering_Strings,qwen,gen_3,544_E_Remembering_Strings,,CWE-190,,CWE-190,,False
qwen/gen_3/00000_3/0206_544_E._Remembering_Strings.cpp,qwen,gen_3,544_E_Remembering_Strings,,CWE-190,,CWE-190,,False
qwen/gen_3/00000_3/0208_592_E._BCPC,qwen,gen_3,592_E_BCPC,CWE-398,,CWE-398,,,False
qwen/gen_3/00000_3/0209_614_C._Peter_and_Snow_Blower,qwen,gen_3,614_C_Peter_and_Snow_Blower,CWE-398,,CWE-398,,,False
qwen/gen_3/00000_3/0211_662_C._Binary_Table,qwen,gen_3,662_C_Binary_Table,CWE-398,,CWE-398,,,False
qwen/gen_3/00000_3/0217_79_D._Password,qwen,gen_3,79_D_Password,CWE-398,CWE-190,CWE-398,CWE-190,,False
qwen/gen_3/00000_3/0217_79_D._Password.cpp,qwen,gen_3,79_D_Password,,CWE-190,,CWE-190,,False
qwen/gen_3/00000_3/0220_867_D._Gotta_Go_Fast,qwen,gen_3,867_D_Gotta_Go_Fast,,CWE-125,,CWE-125,,False
qwen/gen_3/00000_3/0220_867_D._Gotta_Go_Fast.cpp,qwen,gen_3,867_D_Gotta_Go_Fast,,CWE-125,,CWE-125,,False
qwen/gen_3/00000_3/0221_893_A._Chess_For_Three,qwen,gen_3,893_A_Chess_For_Three,CWE-563,,CWE-563,,,False
qwen/gen_3/00000_3/0222_914_F._Substrings_in_a_String,qwen,gen_3,914_F_Substrings_in_a_String,CWE-398,,CWE-398,,,False
qwen/gen_3/00000_3/0227_p02741_Panasonic_Programming_Contest_2020_-_Kth_Term,qwen,gen_3,p02741_Panasonic_Programming_Contest_2020_-_Kth_Term,CWE-398,,CWE-398,,,False
qwen/gen_3/00000_3/0231_p03294_AtCoder_Beginner_Contest_103_-_Modulo_Summation,qwen,gen_3,p03294_AtCoder_Beginner_Contest_103_-_Modulo_Summation,CWE-398,,CWE-398,,,False
qwen/gen_3/00000_3/0232_p03452_AtCoder_Regular_Contest_090_-_People_on_a_Line,qwen,gen_3,p03452_AtCoder_Regular_Contest_090_-_People_on_a_Line,CWE-563,,CWE-563,,,False
qwen/gen_3/00000_3/0235_p03940_AtCoder_Grand_Contest_007_-_Shik_and_Game,qwen,gen_3,p03940_AtCoder_Grand_Contest_007_-_Shik_and_Game,CWE-398,,CWE-398,,,False
qwen/gen_3/00000_3/0236_p00032_Plastic_Board,qwen,gen_3,p00032_Plastic_Board,CWE-563,,CWE-563,,,False
qwen/gen_3/00000_3/0241_p00819_Unreliable_Message,qwen,gen_3,p00819_Unreliable_Message,CWE-398,,CWE-398,,,False
qwen/gen_3/00000_3/0243_p01083_RedBlue,qwen,gen_3,p01083_RedBlue,CWE-398,,CWE-398,,,False
qwen/gen_3/00000_3/0245_p01353_Rabbit_Plays_Games_,qwen,gen_3,p01353_Rabbit_Plays_Games_,CWE-398,,CWE-398,,,False
qwen/gen_3/00000_3/0246_p01535_Markup_language_has_Declined,qwen,gen_3,p01535_Markup_language_has_Declined,CWE-398,,CWE-398,,,False
qwen/gen_3/00000_3/0247_p01691_Disappear_Drive,qwen,gen_3,p01691_Disappear_Drive,CWE-398,,CWE-398,,,False
qwen/gen_3/00000_3/0249_p01970_The_Diversity_of_Prime_Factorization,qwen,gen_3,p01970_The_Diversity_of_Prime_Factorization,CWE-398,,CWE-398,,,False
qwen/gen_3/00000_3/0251_p02257_Prime_Numbers,qwen,gen_3,p02257_Prime_Numbers,CWE-398,,CWE-398,,,False
qwen/gen_3/00000_3/0253_1007_E._Mini_Metro,qwen,gen_3,1007_E_Mini_Metro,CWE-398,,CWE-398,,,False
qwen/gen_3/00000_3/0255_1053_C._Putting_Boxes_Together,qwen,gen_3,1053_C_Putting_Boxes_Together,CWE-398|CWE-457,,CWE-398|CWE-457,,,False
qwen/gen_3/00000_3/0256_1075_D._Intersecting_Subtrees,qwen,gen_3,1075_D_Intersecting_Subtrees,,CWE-122,,CWE-122,,False
qwen/gen_3/00000_3/0256_1075_D._Intersecting_Subtrees.cpp,qwen,gen_3,1075_D_Intersecting_Subtrees,,CWE-122,,CWE-122,,False
qwen/gen_3/00000_3/0257_1096_E._The_Top_Scorer,qwen,gen_3,1096_E_The_Top_Scorer,CWE-398,,CWE-398,,,False
qwen/gen_3/00000_3/0258_1117_F._Crisp_String,qwen,gen_3,1117_F_Crisp_String,CWE-398,,CWE-398,,,False
qwen/gen_3/00000_3/0259_1144_B._Parity_Alternated_Deletions,qwen,gen_3,1144_B_Parity_Alternated_Deletions,CWE-570,,CWE-570,,,False
qwen/gen_3/00000_3/0260_1165_A._Remainder,qwen,gen_3,1165_A_Remainder,CWE-398,,CWE-398,,,False
qwen/gen_3/00000_3/0261_1184_B3._The_Doctor_Meets_Vader__Hard_,qwen,gen_3,1184_B3_The_Doctor_Meets_Vader__Hard_,CWE-398|CWE-563,,CWE-398|CWE-563,,,False
qwen/gen_3/00000_3/0262_1202_C._You_Are_Given_a_WASD-string...,qwen,gen_3,1202_C_You_Are_Given_a_WASD-string,CWE-398,,CWE-398,,,False
qwen/gen_3/00000_3/0263_1219_H._Function_Composition,qwen,gen_3,1219_H_Function_Composition,CWE-758,,CWE-758,,,False
qwen/gen_3/00000_3/0264_1244_C._The_Football_Season,qwen,gen_3,1244_C_The_Football_Season,CWE-398,,CWE-398,,,False
qwen/gen_3/00000_3/0269_1348_F._Phoenix_and_Memory,qwen,gen_3,1348_F_Phoenix_and_Memory,CWE-398,,CWE-398,,,False
qwen/gen_3/00000_3/0272_1413_F._Roads_and_Ramen,qwen,gen_3,1413_F_Roads_and_Ramen,CWE-563,,CWE-563,,,False
qwen/gen_3/00000_3/0273_1455_F._String_and_Operations,qwen,gen_3,1455_F_String_and_Operations,CWE-398,,CWE-398,,,False
qwen/gen_3/00000_3/0274_147_B._Smile_House,qwen,gen_3,147_B_Smile_House,CWE-398,,CWE-398,,,False
qwen/gen_3/00000_3/0275_1506_F._Triangular_Paths,qwen,gen_3,1506_F_Triangular_Paths,CWE-563,,CWE-563,,,False
qwen/gen_3/00001_3/0000_152_E._Garden,qwen,gen_3,152_E_Garden,CWE-398,CWE-190,CWE-398,CWE-190,,False
qwen/gen_3/00001_3/0000_152_E._Garden.cpp,qwen,gen_3,152_E_Garden,,CWE-190,,CWE-190,,False
qwen/gen_3/00001_3/0001_161_B._Discounts,qwen,gen_3,161_B_Discounts,CWE-398,,CWE-398,,,False
qwen/gen_3/00001_3/0003_203_E._Transportation,qwen,gen_3,203_E_Transportation,CWE-398,CWE-190,CWE-398,CWE-190,,False
qwen/gen_3/00001_3/0003_203_E._Transportation.cpp,qwen,gen_3,203_E_Transportation,,CWE-190,,CWE-190,,False
qwen/gen_3/00001_3/0006_277_C._Game,qwen,gen_3,277_C_Game,CWE-563,CWE-190,CWE-563,CWE-190,,False
qwen/gen_3/00001_3/0006_277_C._Game.cpp,qwen,gen_3,277_C_Game,,CWE-190,,CWE-190,,False
qwen/gen_3/00001_3/0008_323_C._Two_permutations,qwen,gen_3,323_C_Two_permutations,CWE-398|CWE-563|CWE-571,,CWE-398|CWE-563|CWE-571,,,False
qwen/gen_3/00001_3/0009_348_A._Mafia,qwen,gen_3,348_A_Mafia,CWE-398,,CWE-398,,,False
qwen/gen_3/00001_3/0012_415_E._Mashmokh_and_Reverse_Operation,qwen,gen_3,415_E_Mashmokh_and_Reverse_Operation,CWE-398,CWE-122,CWE-398,CWE-122,,False
qwen/gen_3/00001_3/0012_415_E._Mashmokh_and_Reverse_Operation.cpp,qwen,gen_3,415_E_Mashmokh_and_Reverse_Operation,,CWE-122,,CWE-122,,False
qwen/gen_3/00001_3/0013_442_C._Artem_and_Array_,qwen,gen_3,442_C_Artem_and_Array_,CWE-398,,CWE-398,,,False
qwen/gen_3/00001_3/0014_464_D._World_of_Darkraft_-_2,qwen,gen_3,464_D_World_of_Darkraft_-_2,CWE-563,,CWE-563,,,False
qwen/gen_3/00001_3/0016_512_B._Fox_And_Jumping,qwen,gen_3,512_B_Fox_And_Jumping,,CWE-190,,CWE-190,,False
qwen/gen_3/00001_3/0016_512_B._Fox_And_Jumping.cpp,qwen,gen_3,512_B_Fox_And_Jumping,,CWE-190,,CWE-190,,False
qwen/gen_3/00001_3/0020_609_B._The_Best_Gift,qwen,gen_3,609_B_The_Best_Gift,CWE-398,,CWE-398,,,False
qwen/gen_3/00001_3/0023_67_E._Save_the_City_,qwen,gen_3,67_E_Save_the_City_,CWE-398,,CWE-398,,,False
qwen/gen_3/00001_3/0025_724_F._Uniformly_Branched_Trees,qwen,gen_3,724_F_Uniformly_Branched_Trees,CWE-563|CWE-570,,CWE-563|CWE-570,,,False
qwen/gen_3/00001_3/0027_76_B._Mice,qwen,gen_3,76_B_Mice,CWE-398,,CWE-398,,,False
qwen/gen_3/00001_3/0029_814_C._An_impassioned_circulation_of_affection,qwen,gen_3,814_C_An_impassioned_circulation_of_affection,,CWE-190,,CWE-190,,False
qwen/gen_3/00001_3/0029_814_C._An_impassioned_circulation_of_affection.cpp,qwen,gen_3,814_C_An_impassioned_circulation_of_affection,,CWE-190,,CWE-190,,False
qwen/gen_3/00001_3/0030_83_C._Track,qwen,gen_3,83_C_Track,CWE-398|CWE-563,,CWE-398|CWE-563,,,False
qwen/gen_3/00001_3/0032_909_D._Colorful_Points,qwen,gen_3,909_D_Colorful_Points,CWE-398,,CWE-398,,,False
qwen/gen_3/00001_3/0034_958_E2._Guard_Duty__medium_,qwen,gen_3,958_E2_Guard_Duty__medium_,CWE-398,,CWE-398,,,False
qwen/gen_3/00001_3/0035_985_A._Chess_Placing,qwen,gen_3,985_A_Chess_Placing,CWE-398,,CWE-398,,,False
qwen/gen_3/00001_3/0036_p02574_AtCoder_Beginner_Contest_177_-_Coprime,qwen,gen_3,p02574_AtCoder_Beginner_Contest_177_-_Coprime,CWE-398,,CWE-398,,,False
qwen/gen_3/00001_3/0045_p04048_AtCoder_Grand_Contest_001_-_Mysterious_Light,qwen,gen_3,p04048_AtCoder_Grand_Contest_001_-_Mysterious_Light,CWE-563,,CWE-563,,,False
qwen/gen_3/00001_3/0048_p00447_Searching_Constellation,qwen,gen_3,p00447_Searching_Constellation,CWE-398,,CWE-398,,,False
qwen/gen_3/00001_3/0053_p01179_Cousin_s_Aunt,qwen,gen_3,p01179_Cousin_s_Aunt,CWE-563,,CWE-563,,,False
qwen/gen_3/00001_3/0058_p02211_Apple_Adventure,qwen,gen_3,p02211_Apple_Adventure,CWE-398,,CWE-398,,,False
qwen/gen_3/00001_3/0059_1003_D._Coins_and_Queries,qwen,gen_3,1003_D_Coins_and_Queries,CWE-563,,CWE-563,,,False
qwen/gen_3/00001_3/0060_1027_E._Inverse_Coloring,qwen,gen_3,1027_E_Inverse_Coloring,CWE-398,,CWE-398,,,False
qwen/gen_3/00001_3/0062_1070_C._Cloud_Computing,qwen,gen_3,1070_C_Cloud_Computing,CWE-398,,CWE-398,,,False
qwen/gen_3/00001_3/0064_1110_E._Magic_Stones,qwen,gen_3,1110_E_Magic_Stones,CWE-398,,CWE-398,,,False
qwen/gen_3/00001_3/0065_1140_B._Good_String,qwen,gen_3,1140_B_Good_String,CWE-563,,CWE-563,,,False
qwen/gen_3/00001_3/0066_1158_F._Density_of_subarrays,qwen,gen_3,1158_F_Density_of_subarrays,CWE-398,CWE-190,CWE-398,CWE-190,,False
qwen/gen_3/00001_3/0066_1158_F._Density_of_subarrays.cpp,qwen,gen_3,1158_F_Density_of_subarrays,,CWE-190,,CWE-190,,False
qwen/gen_3/00001_3/0073_1344_A._Hilbert_s_Hotel,qwen,gen_3,1344_A_Hilbert_s_Hotel,CWE-398,,CWE-398,,,False
qwen/gen_3/00001_3/0077_1451_D._Circle_Game,qwen,gen_3,1451_D_Circle_Game,CWE-570,,CWE-570,,,False
qwen/gen_3/00001_3/0080_157_A._Game_Outcome,qwen,gen_3,157_A_Game_Outcome,CWE-398,,CWE-398,,,False
qwen/gen_3/00001_3/0081_19_B._Checkout_Assistant,qwen,gen_3,19_B_Checkout_Assistant,CWE-563,,CWE-563,,,False
qwen/gen_3/00001_3/0082_223_C._Partial_Sums,qwen,gen_3,223_C_Partial_Sums,,CWE-190,,CWE-190,,False
qwen/gen_3/00001_3/0082_223_C._Partial_Sums.cpp,qwen,gen_3,223_C_Partial_Sums,,CWE-190,,CWE-190,,False
qwen/gen_3/00001_3/0083_248_A._Cupboards,qwen,gen_3,248_A_Cupboards,CWE-398,,CWE-398,,,False
qwen/gen_3/00001_3/0084_272_B._Dima_and_Sequence,qwen,gen_3,272_B_Dima_and_Sequence,CWE-398,,CWE-398,,,False
qwen/gen_3/00001_3/0087_366_D._Dima_and_Trap_Graph,qwen,gen_3,366_D_Dima_and_Trap_Graph,CWE-398,,CWE-398,,,False
qwen/gen_3/00001_3/0088_38_C._Blinds,qwen,gen_3,38_C_Blinds,CWE-398,,CWE-398,,,False
qwen/gen_3/00001_3/0090_438_A._The_Child_and_Toy,qwen,gen_3,438_A_The_Child_and_Toy,CWE-398,,CWE-398,,,False
qwen/gen_3/00001_3/0093_556_C._Case_of_Matryoshkas,qwen,gen_3,556_C_Case_of_Matryoshkas,CWE-398,,CWE-398,,,False
qwen/gen_3/00001_3/0094_582_A._GCD_Table,qwen,gen_3,582_A_GCD_Table,CWE-398|CWE-570,CWE-122,CWE-398|CWE-570,CWE-122,,False
qwen/gen_3/00001_3/0094_582_A._GCD_Table.cpp,qwen,gen_3,582_A_GCD_Table,,CWE-122,,CWE-122,,False
qwen/gen_3/00001_3/0095_604_A._Uncowed_Forces,qwen,gen_3,604_A_Uncowed_Forces,CWE-398,,CWE-398,,,False
qwen/gen_3/00001_3/0102_765_D._Artsem_and_Saunders,qwen,gen_3,765_D_Artsem_and_Saunders,CWE-398,,CWE-398,,,False
qwen/gen_3/00001_3/0103_789_A._Anastasia_and_pebbles,qwen,gen_3,789_A_Anastasia_and_pebbles,CWE-398,,CWE-398,,,False
qwen/gen_3/00001_3/0107_903_D._Almost_Difference,qwen,gen_3,903_D_Almost_Difference,CWE-398,,CWE-398,,,False
qwen/gen_3/00001_3/0108_925_E._May_Holidays,qwen,gen_3,925_E_May_Holidays,CWE-398,,CWE-398,,,False
qwen/gen_3/00001_3/0110_980_E._The_Number_Games,qwen,gen_3,980_E_The_Number_Games,CWE-398,,CWE-398,,,False
qwen/gen_3/00001_3/0111_9_E._Interesting_Graph_and_Apples,qwen,gen_3,9_E_Interesting_Graph_and_Apples,CWE-398|CWE-563|CWE-570,,CWE-398|CWE-563|CWE-570,,,False
qwen/gen_3/00001_3/0118_p03371_AtCoder_Beginner_Contest_095_-_Half_and_Half,qwen,gen_3,p03371_AtCoder_Beginner_Contest_095_-_Half_and_Half,CWE-398|CWE-563,,CWE-398|CWE-563,,,False
qwen/gen_3/00001_3/0119_p03534_CODE_FESTIVAL_2017_Final__Parallel__-_Palindrome-phobia,qwen,gen_3,p03534_CODE_FESTIVAL_2017_Final__Parallel__-_Palindrome-phobia,CWE-398|CWE-563,,CWE-398|CWE-563,,,False
qwen/gen_3/00001_3/0120_p03694_AtCoder_Beginner_Contest_064_-_Traveling_AtCoDeer_Problem,qwen,gen_3,p03694_AtCoder_Beginner_Contest_064_-_Traveling_AtCoDeer_Problem,CWE-398,,CWE-398,,,False
qwen/gen_3/00001_3/0125_p00395_Maze_and_Items,qwen,gen_3,p00395_Maze_and_Items,CWE-398,,CWE-398,,,False
qwen/gen_3/00001_3/0127_p00748_Pollock_s_conjecture,qwen,gen_3,p00748_Pollock_s_conjecture,CWE-398,,CWE-398,,,False
qwen/gen_3/00001_3/0130_p01150_Eight_Princes,qwen,gen_3,p01150_Eight_Princes,CWE-563,,CWE-563,,,False
qwen/gen_3/00001_3/0132_p01458_Kth_Sentence,qwen,gen_3,p01458_Kth_Sentence,CWE-398,,CWE-398,,,False
qwen/gen_3/00001_3/0133_p01609_One,qwen,gen_3,p01609_One,CWE-563,,CWE-563,,,False
qwen/gen_3/00001_3/0136_p02042_ABSum,qwen,gen_3,p02042_ABSum,CWE-398,,CWE-398,,,False
qwen/gen_3/00001_3/0137_p02185_Many_Decimal_Integers,qwen,gen_3,p02185_Many_Decimal_Integers,CWE-398,,CWE-398,,,False
qwen/gen_3/00001_3/0140_1011_A._Stages,qwen,gen_3,1011_A_Stages,CWE-398,,CWE-398,,,False
qwen/gen_3/00001_3/0146_1148_C._Crazy_Diamond,qwen,gen_3,1148_C_Crazy_Diamond,CWE-398,,CWE-398,,,False
qwen/gen_3/00001_3/0147_1169_E._And_Reachability,qwen,gen_3,1169_E_And_Reachability,CWE-398,,CWE-398,,,False
qwen/gen_3/00001_3/0148_1187_G._Gang_Up,qwen,gen_3,1187_G_Gang_Up,CWE-398,CWE-190,CWE-398,CWE-190,,False
qwen/gen_3/00001_3/0148_1187_G._Gang_Up.cpp,qwen,gen_3,1187_G_Gang_Up,,CWE-190,,CWE-190,,False
qwen/gen_3/00001_3/0150_1225_B1._TV_Subscriptions__Easy_Version_,qwen,gen_3,1225_B1_TV_Subscriptions__Easy_Version_,CWE-398,,CWE-398,,,False
qwen/gen_3/00001_3/0151_1249_D1._Too_Many_Segments__easy_version_,qwen,gen_3,1249_D1_Too_Many_Segments__easy_version_,CWE-398,,CWE-398,,,False
qwen/gen_3/00001_3/0153_1290_A._Mind_Control,qwen,gen_3,1290_A_Mind_Control,CWE-563,,CWE-563,,,False
qwen/gen_3/00001_3/0154_1332_G._No_Monotone_Triples,qwen,gen_3,1332_G_No_Monotone_Triples,CWE-398,,CWE-398,,,False
qwen/gen_3/00001_3/0155_1353_C._Board_Moves,qwen,gen_3,1353_C_Board_Moves,CWE-563,,CWE-563,,,False
qwen/gen_3/00001_3/0158_141_C._Queue,qwen,gen_3,141_C_Queue,CWE-398,,CWE-398,,,False
qwen/gen_3/00001_3/0160_148_B._Escape,qwen,gen_3,148_B_Escape,CWE-563,,CWE-563,,,False
qwen/gen_3/00001_3/0161_1511_F._Chainword,qwen,gen_3,1511_F_Chainword,CWE-398|CWE-563|CWE-570,,CWE-398|CWE-563|CWE-570,,,False
qwen/gen_3/00001_3/0163_166_A._Rank_List,qwen,gen_3,166_A_Rank_List,CWE-398,CWE-122,CWE-398,CWE-122,,False
qwen/gen_3/00001_3/0163_166_A._Rank_List.cpp,qwen,gen_3,166_A_Rank_List,,CWE-122,,CWE-122,,False
qwen/gen_3/00001_3/0165_207_D9._The_Beaver_s_Problem_-_3,qwen,gen_3,207_D9_The_Beaver_s_Problem_-_3,CWE-398,,CWE-398,,,False
qwen/gen_3/00001_3/0169_305_A._Strange_Addition,qwen,gen_3,305_A_Strange_Addition,CWE-398,CWE-190,CWE-398,CWE-190,,False
qwen/gen_3/00001_3/0169_305_A._Strange_Addition.cpp,qwen,gen_3,305_A_Strange_Addition,,CWE-190,,CWE-190,,False
qwen/gen_3/00001_3/0170_352_E._Jeff_and_Brackets,qwen,gen_3,352_E_Jeff_and_Brackets,CWE-563,CWE-190,CWE-563,CWE-190,,False
qwen/gen_3/00001_3/0170_352_E._Jeff_and_Brackets.cpp,qwen,gen_3,352_E_Jeff_and_Brackets,,CWE-190,,CWE-190,,False
qwen/gen_3/00001_3/0172_399_C._Cards,qwen,gen_3,399_C_Cards,,CWE-190,,CWE-190,,False
qwen/gen_3/00001_3/0172_399_C._Cards.cpp,qwen,gen_3,399_C_Cards,,CWE-190,,CWE-190,,False
qwen/gen_3/00001_3/0173_421_D._Bug_in_Code,qwen,gen_3,421_D_Bug_in_Code,CWE-398,,CWE-398,,,False
qwen/gen_3/00001_3/0176_516_C._Drazil_and_Park,qwen,gen_3,516_C_Drazil_and_Park,CWE-398,,CWE-398,,,False
qwen/gen_3/00001_3/0177_543_C._Remembering_Strings,qwen,gen_3,543_C_Remembering_Strings,,CWE-190,,CWE-190,,False
qwen/gen_3/00001_3/0177_543_C._Remembering_Strings.cpp,qwen,gen_3,543_C_Remembering_Strings,,CWE-190,,CWE-190,,False
qwen/gen_3/00001_3/0178_56_E._Domino_Principle,qwen,gen_3,56_E_Domino_Principle,CWE-398,,CWE-398,,,False
qwen/gen_3/00001_3/0180_613_A._Peter_and_Snow_Blower,qwen,gen_3,613_A_Peter_and_Snow_Blower,CWE-563,,CWE-563,,,False
qwen/gen_3/00001_3/0182_685_D._Kay_and_Eternity,qwen,gen_3,685_D_Kay_and_Eternity,CWE-398,,CWE-398,,,False
qwen/gen_3/00001_3/0184_799_D._Field_expansion,qwen,gen_3,799_D_Field_expansion,,CWE-190,,CWE-190,,False
qwen/gen_3/00001_3/0184_799_D._Field_expansion.cpp,qwen,gen_3,799_D_Field_expansion,,CWE-190,,CWE-190,,False
qwen/gen_3/00001_3/0185_865_D._Buy_Low_Sell_High,qwen,gen_3,865_D_Buy_Low_Sell_High,,CWE-190,,CWE-190,,False
qwen/gen_3/00001_3/0185_865_D._Buy_Low_Sell_High.cpp,qwen,gen_3,865_D_Buy_Low_Sell_High,,CWE-190,,CWE-190,,False
qwen/gen_3/00001_3/0186_891_D._Sloth,qwen,gen_3,891_D_Sloth,CWE-398,,CWE-398,,,False
qwen/gen_3/00001_3/0187_913_G._Power_Substring,qwen,gen_3,913_G_Power_Substring,,CWE-190,,CWE-190,,False
qwen/gen_3/00001_3/0187_913_G._Power_Substring.cpp,qwen,gen_3,913_G_Power_Substring,,CWE-190,,CWE-190,,False
qwen/gen_3/00001_3/0193_p02868_NIKKEI_Programming_Contest_2019-2_-_Shortest_Path_on_a_Line,qwen,gen_3,p02868_NIKKEI_Programming_Contest_2019-2_-_Shortest_Path_on_a_Line,CWE-398,,CWE-398,,,False
qwen/gen_3/00001_3/0195_p03143_NIKKEI_Programming_Contest_2019_-_Weights_on_Vertices_and_Edges,qwen,gen_3,p03143_NIKKEI_Programming_Contest_2019_-_Weights_on_Vertices_and_Edges,CWE-398|CWE-563,,CWE-398|CWE-563,,,False
qwen/gen_3/00001_3/0197_p03443_AtCoder_Petrozavodsk_Contest_001_-_Colorful_Doors,qwen,gen_3,p03443_AtCoder_Petrozavodsk_Contest_001_-_Colorful_Doors,CWE-398|CWE-563,,CWE-398|CWE-563,,,False
qwen/gen_3/00001_3/0199_p03932_square869120Contest__3_-_Souvenirs,qwen,gen_3,p03932_square869120Contest__3_-_Souvenirs,CWE-398,,CWE-398,,,False
qwen/gen_3/00001_3/0200_p00025_Hit_and_Blow,qwen,gen_3,p00025_Hit_and_Blow,CWE-398,,CWE-398,,,False
qwen/gen_3/00001_3/0201_p00156_Moats_around_the_Castle,qwen,gen_3,p00156_Moats_around_the_Castle,CWE-398|CWE-563,,CWE-398|CWE-563,,,False
qwen/gen_3/00001_3/0202_p00313_Secret_Investigation,qwen,gen_3,p00313_Secret_Investigation,CWE-398,,CWE-398,,,False
qwen/gen_3/00001_3/0205_p00812_Equals_are_Equals,qwen,gen_3,p00812_Equals_are_Equals,CWE-398,,CWE-398,,,False
qwen/gen_3/00001_3/0206_p00943_Routing_a_Marathon_Race,qwen,gen_3,p00943_Routing_a_Marathon_Race,CWE-398,,CWE-398,,,False
qwen/gen_3/00001_3/0208_p01210_Speed,qwen,gen_3,p01210_Speed,CWE-398|CWE-563|CWE-570,,CWE-398|CWE-563|CWE-570,,,False
qwen/gen_3/00001_3/0209_p01346_Ropeway,qwen,gen_3,p01346_Ropeway,CWE-563,,CWE-563,,,False
qwen/gen_3/00001_3/0213_p01963_Separate_String,qwen,gen_3,p01963_Separate_String,CWE-398,,CWE-398,,,False
qwen/gen_3/00001_3/0217_1016_C._Vasya_And_The_Mushrooms,qwen,gen_3,1016_C_Vasya_And_The_Mushrooms,CWE-398|CWE-571,,CWE-398|CWE-571,,,False
qwen/gen_3/00001_3/0218_103_C._Russian_Roulette,qwen,gen_3,103_C_Russian_Roulette,CWE-563,,CWE-563,,,False
qwen/gen_3/00001_3/0220_1084_C._The_Fair_Nut_and_String,qwen,gen_3,1084_C_The_Fair_Nut_and_String,CWE-398,CWE-190,CWE-398,CWE-190,,False
qwen/gen_3/00001_3/0220_1084_C._The_Fair_Nut_and_String.cpp,qwen,gen_3,1084_C_The_Fair_Nut_and_String,,CWE-190,,CWE-190,,False
qwen/gen_3/00001_3/0222_1131_E._String_Multiplication,qwen,gen_3,1131_E_String_Multiplication,,CWE-121,,CWE-121,,False
qwen/gen_3/00001_3/0222_1131_E._String_Multiplication.cpp,qwen,gen_3,1131_E_String_Multiplication,,CWE-121,,CWE-121,,False
qwen/gen_3/00001_3/0224_1191_C._Tokitsukaze_and_Discard_Items,qwen,gen_3,1191_C_Tokitsukaze_and_Discard_Items,CWE-563,,CWE-563,,,False
qwen/gen_3/00001_3/0225_120_C._Winnie-the-Pooh_and_honey,qwen,gen_3,120_C_Winnie-the-Pooh_and_honey,CWE-398,,CWE-398,,,False
qwen/gen_3/00001_3/0227_1251_E1._Voting__Easy_Version_,qwen,gen_3,1251_E1_Voting__Easy_Version_,CWE-398,,CWE-398,,,False
qwen/gen_3/00001_3/0228_1271_C._Shawarma_Tent,qwen,gen_3,1271_C_Shawarma_Tent,CWE-570,,CWE-570,,,False
qwen/gen_3/00001_3/0229_1294_D._MEX_maximizing,qwen,gen_3,1294_D_MEX_maximizing,CWE-563,,CWE-563,,,False
qwen/gen_3/00001_3/0230_1315_D._Recommendations,qwen,gen_3,1315_D_Recommendations,,CWE-190,,CWE-190,,False
qwen/gen_3/00001_3/0230_1315_D._Recommendations.cpp,qwen,gen_3,1315_D_Recommendations,,CWE-190,,CWE-190,,False
qwen/gen_3/00001_3/0231_1336_F._Journey,qwen,gen_3,1336_F_Journey,CWE-398,,CWE-398,,,False
qwen/gen_3/00001_3/0232_1359_D._Yet_Another_Yet_Another_Task,qwen,gen_3,1359_D_Yet_Another_Yet_Another_Task,CWE-398,,CWE-398,,,False
qwen/gen_3/00001_3/0233_1379_F1._Chess_Strikes_Back__easy_version_,qwen,gen_3,1379_F1_Chess_Strikes_Back__easy_version_,CWE-563,,CWE-563,,,False
qwen/gen_3/00001_3/0234_1423_H._Virus,qwen,gen_3,1423_H_Virus,CWE-398,,CWE-398,,,False
qwen/gen_3/00001_3/0235_1443_A._Kids_Seating,qwen,gen_3,1443_A_Kids_Seating,,CWE-122,,CWE-122,,False
qwen/gen_3/00001_3/0235_1443_A._Kids_Seating.cpp,qwen,gen_3,1443_A_Kids_Seating,,CWE-122,,CWE-122,,False
qwen/gen_3/00001_3/0236_1468_J._Road_Reform,qwen,gen_3,1468_J_Road_Reform,CWE-398,,CWE-398,,,False
qwen/gen_3/00001_3/0238_1515_I._Phoenix_and_Diamonds,qwen,gen_3,1515_I_Phoenix_and_Diamonds,CWE-398,,CWE-398,,,False
qwen/gen_3/00001_3/0240_191_A._Dynasty_Puzzles,qwen,gen_3,191_A_Dynasty_Puzzles,,CWE-190,,CWE-190,,False
qwen/gen_3/00001_3/0240_191_A._Dynasty_Puzzles.cpp,qwen,gen_3,191_A_Dynasty_Puzzles,,CWE-190,,CWE-190,,False
qwen/gen_3/00001_3/0244_287_D._Shifting,qwen,gen_3,287_D_Shifting,CWE-563,,CWE-563,,,False
qwen/gen_3/00001_3/0245_312_D._Cats_Transport,qwen,gen_3,312_D_Cats_Transport,CWE-398,,CWE-398,,,False
qwen/gen_3/00001_3/0249_42_A._Guilty___to_the_kitchen_,qwen,gen_3,42_A_Guilty___to_the_kitchen_,CWE-398,,CWE-398,,,False
qwen/gen_3/00001_3/0252_521_C._Pluses_everywhere,qwen,gen_3,521_C_Pluses_everywhere,CWE-398,,CWE-398,,,False
qwen/gen_3/00001_3/0253_548_E._Mike_and_Foam,qwen,gen_3,548_E_Mike_and_Foam,CWE-398,,CWE-398,,,False
qwen/gen_3/00001_3/0254_575_B._Bribes,qwen,gen_3,575_B_Bribes,CWE-398,,CWE-398,,,False
qwen/gen_3/00001_3/0256_666_B._World_Tour,qwen,gen_3,666_B_World_Tour,CWE-398,,CWE-398,,,False
qwen/gen_3/00001_3/0258_712_D._Memory_and_Scores,qwen,gen_3,712_D_Memory_and_Scores,CWE-398,,CWE-398,,,False
qwen/gen_3/00001_3/0259_757_D._Felicity_s_Big_Secret_Revealed,qwen,gen_3,757_D_Felicity_s_Big_Secret_Revealed,CWE-398,,CWE-398,,,False
qwen/gen_3/00002_3/0000_825_E._Minimal_Labels,qwen,gen_3,825_E_Minimal_Labels,CWE-398,,CWE-398,,,False
qwen/gen_3/00002_3/0001_848_C._Goodbye_Souvenir,qwen,gen_3,848_C_Goodbye_Souvenir,CWE-398|CWE-563,CWE-190,CWE-398|CWE-563,CWE-190,,False
qwen/gen_3/00002_3/0001_848_C._Goodbye_Souvenir.cpp,qwen,gen_3,848_C_Goodbye_Souvenir,,CWE-190,,CWE-190,,False
qwen/gen_3/00002_3/0002_870_A._Search_for_Pretty_Integers,qwen,gen_3,870_A_Search_for_Pretty_Integers,CWE-398,,CWE-398,,,False
qwen/gen_3/00002_3/0003_896_E._Welcome_home__Chtholly,qwen,gen_3,896_E_Welcome_home__Chtholly,CWE-563,,CWE-563,,,False
qwen/gen_3/00002_3/0007_993_D._Compute_Power,qwen,gen_3,993_D_Compute_Power,CWE-398,,CWE-398,,,False
qwen/gen_3/00002_3/0010_p02896_AtCoder_Grand_Contest_039_-_Min_Product_Sum,qwen,gen_3,p02896_AtCoder_Grand_Contest_039_-_Min_Product_Sum,CWE-563,,CWE-563,,,False
qwen/gen_3/00002_3/0011_p03031_AtCoder_Beginner_Contest_128_-_Switches,qwen,gen_3,p03031_AtCoder_Beginner_Contest_128_-_Switches,CWE-398,,CWE-398,,,False
qwen/gen_3/00002_3/0014_p03474_AtCoder_Beginner_Contest_084_-_Postal_Code,qwen,gen_3,p03474_AtCoder_Beginner_Contest_084_-_Postal_Code,CWE-398,,CWE-398,,,False
qwen/gen_3/00002_3/0020_p00698_Missing_Numbers,qwen,gen_3,p00698_Missing_Numbers,CWE-398,,CWE-398,,,False
qwen/gen_3/00002_3/0021_p00839_Organize_Your_Train,qwen,gen_3,p00839_Organize_Your_Train,CWE-398,,CWE-398,,,False
qwen/gen_3/00002_3/0022_p00971_Shortest_Common_Non-Subsequence,qwen,gen_3,p00971_Shortest_Common_Non-Subsequence,CWE-563,,CWE-563,,,False
qwen/gen_3/00002_3/0025_p01402_Anipero,qwen,gen_3,p01402_Anipero,CWE-398,,CWE-398,,,False
qwen/gen_3/00002_3/0026_p01556_ConvexCut,qwen,gen_3,p01556_ConvexCut,CWE-398,,CWE-398,,,False
qwen/gen_3/00002_3/0034_1031_B._Curiosity_Has_No_Limits,qwen,gen_3,1031_B_Curiosity_Has_No_Limits,CWE-398,,CWE-398,,,False
qwen/gen_3/00002_3/0036_1076_B._Divisor_Subtraction,qwen,gen_3,1076_B_Divisor_Subtraction,,CWE-190,,CWE-190,,False
qwen/gen_3/00002_3/0036_1076_B._Divisor_Subtraction.cpp,qwen,gen_3,1076_B_Divisor_Subtraction,,CWE-190,,CWE-190,,False
qwen/gen_3/00002_3/0038_1118_C._Palindromic_Matrix,qwen,gen_3,1118_C_Palindromic_Matrix,,CWE-122,,CWE-122,,False
qwen/gen_3/00002_3/0038_1118_C._Palindromic_Matrix.cpp,qwen,gen_3,1118_C_Palindromic_Matrix,,CWE-122,,CWE-122,,False
qwen/gen_3/00002_3/0039_1144_F._Graph_Without_Long_Directed_Paths,qwen,gen_3,1144_F_Graph_Without_Long_Directed_Paths,,CWE-122,,CWE-122,,False
qwen/gen_3/00002_3/0039_1144_F._Graph_Without_Long_Directed_Paths.cpp,qwen,gen_3,1144_F_Graph_Without_Long_Directed_Paths,,CWE-122,,CWE-122,,False
qwen/gen_3/00002_3/0043_121_C._Lucky_Permutation,qwen,gen_3,121_C_Lucky_Permutation,CWE-570,CWE-125,CWE-570,CWE-125,,False
qwen/gen_3/00002_3/0043_121_C._Lucky_Permutation.cpp,qwen,gen_3,121_C_Lucky_Permutation,,CWE-125,,CWE-125,,False
qwen/gen_3/00002_3/0047_1305_B._Kuroni_and_Simple_Strings,qwen,gen_3,1305_B_Kuroni_and_Simple_Strings,CWE-398,,CWE-398,,,False
qwen/gen_3/00002_3/0050_136_B._Ternary_Logic,qwen,gen_3,136_B_Ternary_Logic,CWE-398,,CWE-398,,,False
qwen/gen_3/00002_3/0051_1392_B._Omkar_and_Infinity_Clock,qwen,gen_3,1392_B_Omkar_and_Infinity_Clock,CWE-398,,CWE-398,,,False
qwen/gen_3/00002_3/0052_1416_D._Graph_and_Queries,qwen,gen_3,1416_D_Graph_and_Queries,CWE-398,,CWE-398,,,False
qwen/gen_3/00002_3/0056_1508_C._Complete_the_MST,qwen,gen_3,1508_C_Complete_the_MST,CWE-398,,CWE-398,,,False
qwen/gen_3/00002_3/0057_1534_D._Lost_Tree,qwen,gen_3,1534_D_Lost_Tree,CWE-398,,CWE-398,,,False
qwen/gen_3/00002_3/0060_229_C._Triangles,qwen,gen_3,229_C_Triangles,,CWE-190,,CWE-190,,False
qwen/gen_3/00002_3/0060_229_C._Triangles.cpp,qwen,gen_3,229_C_Triangles,,CWE-190,,CWE-190,,False
qwen/gen_3/00002_3/0062_278_B._New_Problem,qwen,gen_3,278_B_New_Problem,CWE-398,,CWE-398,,,False
qwen/gen_3/00002_3/0063_300_A._Array,qwen,gen_3,300_A_Array,,CWE-122,,CWE-122,,False
qwen/gen_3/00002_3/0063_300_A._Array.cpp,qwen,gen_3,300_A_Array,,CWE-122,,CWE-122,,False
qwen/gen_3/00002_3/0065_348_E._Pilgrims,qwen,gen_3,348_E_Pilgrims,CWE-398,,CWE-398,,,False
qwen/gen_3/00002_3/0075_587_D._Duff_in_Mafia,qwen,gen_3,587_D_Duff_in_Mafia,CWE-398,CWE-476,CWE-398,CWE-476,,False
qwen/gen_3/00002_3/0075_587_D._Duff_in_Mafia.cpp,qwen,gen_3,587_D_Duff_in_Mafia,,CWE-476,,CWE-476,,False
qwen/gen_3/00002_3/0076_609_F._Frogs_and_mosquitoes,qwen,gen_3,609_F_Frogs_and_mosquitoes,CWE-398,,CWE-398,,,False
qwen/gen_3/00002_3/0080_703_C._Chris_and_Road,qwen,gen_3,703_C_Chris_and_Road,CWE-563,,CWE-563,,,False
qwen/gen_3/00002_3/0082_747_C._Servers,qwen,gen_3,747_C_Servers,CWE-563,,CWE-563,,,False
qwen/gen_3/00002_3/0084_794_C._Naming_Company,qwen,gen_3,794_C_Naming_Company,CWE-398,,CWE-398,,,False
qwen/gen_3/00002_3/0086_840_B._Leha_and_another_game_about_graph,qwen,gen_3,840_B_Leha_and_another_game_about_graph,CWE-398,,CWE-398,,,False
qwen/gen_3/00002_3/0087_860_C._Tests_Renumeration,qwen,gen_3,860_C_Tests_Renumeration,,CWE-122,,CWE-122,,False
qwen/gen_3/00002_3/0087_860_C._Tests_Renumeration.cpp,qwen,gen_3,860_C_Tests_Renumeration,,CWE-122,,CWE-122,,False
qwen/gen_3/00002_3/0088_887_B._Cubes_for_Masha,qwen,gen_3,887_B_Cubes_for_Masha,CWE-398,,CWE-398,,,False
qwen/gen_3/00002_3/0095_p02838_AtCoder_Beginner_Contest_147_-_Xor_Sum_4,qwen,gen_3,p02838_AtCoder_Beginner_Contest_147_-_Xor_Sum_4,CWE-398,,CWE-398,,,False
qwen/gen_3/00002_3/0096_p02975_AtCoder_Grand_Contest_035_-_XOR_Circle,qwen,gen_3,p02975_AtCoder_Grand_Contest_035_-_XOR_Circle,CWE-398,,CWE-398,,,False
qwen/gen_3/00002_3/0103_p04052_AtCoder_Grand_Contest_001_-_Wide_Swap,qwen,gen_3,p04052_AtCoder_Grand_Contest_001_-_Wide_Swap,CWE-398,,CWE-398,,,False
qwen/gen_3/00002_3/0108_p00786_BUT_We_Need_a_Diagram,qwen,gen_3,p00786_BUT_We_Need_a_Diagram,CWE-398|CWE-563,,CWE-398|CWE-563,,,False
qwen/gen_3/00002_3/0109_p00918_Dragon_s_Cruller,qwen,gen_3,p00918_Dragon_s_Cruller,CWE-398|CWE-457,,CWE-398|CWE-457,,,False
qwen/gen_3/00002_3/0110_p01051_Squid_Ink,qwen,gen_3,p01051_Squid_Ink,CWE-398|CWE-457,,CWE-398|CWE-457,,,False
qwen/gen_3/00002_3/0112_p01320_Magical_Island_2,qwen,gen_3,p01320_Magical_Island_2,CWE-398,,CWE-398,,,False
qwen/gen_3/00002_3/0114_p01650_Stack_Maze,qwen,gen_3,p01650_Stack_Maze,CWE-398,,CWE-398,,,False
qwen/gen_3/00002_3/0118_p02216_Array_Game,qwen,gen_3,p02216_Array_Game,CWE-398,,CWE-398,,,False
qwen/gen_3/00002_3/0119_p02369_Cycle_Detection_for_a_Directed_Graph,qwen,gen_3,p02369_Cycle_Detection_for_a_Directed_Graph,CWE-398,,CWE-398,,,False
qwen/gen_3/00002_3/0120_1000_C._Covered_Points_Count,qwen,gen_3,1000_C_Covered_Points_Count,CWE-398,,CWE-398,,,False
qwen/gen_3/00002_3/0126_1139_E._Maximize_Mex,qwen,gen_3,1139_E_Maximize_Mex,CWE-398,,CWE-398,,,False
qwen/gen_3/00002_3/0127_1157_E._Minimum_Array,qwen,gen_3,1157_E_Minimum_Array,CWE-398,,CWE-398,,,False
qwen/gen_3/00002_3/0128_117_B._Very_Interesting_Game,qwen,gen_3,117_B_Very_Interesting_Game,CWE-398,,CWE-398,,,False
qwen/gen_3/00002_3/0129_1198_C._Matching_vs_Independent_Set,qwen,gen_3,1198_C_Matching_vs_Independent_Set,CWE-398,,CWE-398,,,False
qwen/gen_3/00002_3/0130_1215_B._The_Number_of_Products,qwen,gen_3,1215_B_The_Number_of_Products,CWE-563,,CWE-563,,,False
qwen/gen_3/00002_3/0132_1256_E._Yet_Another_Division_Into_Teams,qwen,gen_3,1256_E_Yet_Another_Division_Into_Teams,CWE-398,,CWE-398,,,False
qwen/gen_3/00002_3/0134_12_D._Ball,qwen,gen_3,12_D_Ball,CWE-563,,CWE-563,,,False
qwen/gen_3/00002_3/0137_1364_E._X-OR,qwen,gen_3,1364_E_X-OR,CWE-398,,CWE-398,,,False
qwen/gen_3/00002_3/0138_1384_F._Rearrange,qwen,gen_3,1384_F_Rearrange,CWE-398|CWE-563,CWE-122,CWE-398|CWE-563,CWE-122,,False
qwen/gen_3/00002_3/0138_1384_F._Rearrange.cpp,qwen,gen_3,1384_F_Rearrange,,CWE-122,,CWE-122,,False
qwen/gen_3/00002_3/0139_1406_C._Link_Cut_Centroids,qwen,gen_3,1406_C_Link_Cut_Centroids,CWE-398,,CWE-398,,,False
qwen/gen_3/00002_3/0140_1427_D._Unshuffling_a_Deck,qwen,gen_3,1427_D_Unshuffling_a_Deck,CWE-398,CWE-122,CWE-398,CWE-122,,False
qwen/gen_3/00002_3/0140_1427_D._Unshuffling_a_Deck.cpp,qwen,gen_3,1427_D_Unshuffling_a_Deck,,CWE-122,,CWE-122,,False
qwen/gen_3/00002_3/0143_149_D._Coloring_Brackets,qwen,gen_3,149_D_Coloring_Brackets,,CWE-125,,CWE-125,,False
qwen/gen_3/00002_3/0143_149_D._Coloring_Brackets.cpp,qwen,gen_3,149_D_Coloring_Brackets,,CWE-125,,CWE-125,,False
qwen/gen_3/00002_3/0144_1523_D._Love-Hate,qwen,gen_3,1523_D_Love-Hate,CWE-398,CWE-190,CWE-398,CWE-190,,False
qwen/gen_3/00002_3/0144_1523_D._Love-Hate.cpp,qwen,gen_3,1523_D_Love-Hate,,CWE-190,,CWE-190,,False
qwen/gen_3/00002_3/0146_177_D1._Encrypting_Messages,qwen,gen_3,177_D1_Encrypting_Messages,,CWE-122,,CWE-122,,False
qwen/gen_3/00002_3/0146_177_D1._Encrypting_Messages.cpp,qwen,gen_3,177_D1_Encrypting_Messages,,CWE-122,,CWE-122,,False
qwen/gen_3/00002_3/0148_221_E._Little_Elephant_and_Shifts,qwen,gen_3,221_E_Little_Elephant_and_Shifts,,CWE-122,,CWE-122,,False
qwen/gen_3/00002_3/0148_221_E._Little_Elephant_and_Shifts.cpp,qwen,gen_3,221_E_Little_Elephant_and_Shifts,,CWE-122,,CWE-122,,False
qwen/gen_3/00002_3/0149_245_F._Log_Stream_Analysis,qwen,gen_3,245_F_Log_Stream_Analysis,CWE-563,,CWE-563,,,False
qwen/gen_3/00002_3/0151_294_A._Shaass_and_Oskols,qwen,gen_3,294_A_Shaass_and_Oskols,,CWE-122,,CWE-122,,False
qwen/gen_3/00002_3/0151_294_A._Shaass_and_Oskols.cpp,qwen,gen_3,294_A_Shaass_and_Oskols,,CWE-122,,CWE-122,,False
qwen/gen_3/00002_3/0155_388_E._Fox_and_Meteor_Shower,qwen,gen_3,388_E_Fox_and_Meteor_Shower,CWE-563,CWE-369,CWE-563,CWE-369,,False
qwen/gen_3/00002_3/0155_388_E._Fox_and_Meteor_Shower.cpp,qwen,gen_3,388_E_Fox_and_Meteor_Shower,,CWE-369,,CWE-369,,False
qwen/gen_3/00002_3/0159_480_D._Parcels,qwen,gen_3,480_D_Parcels,,CWE-122,,CWE-122,,False
qwen/gen_3/00002_3/0159_480_D._Parcels.cpp,qwen,gen_3,480_D_Parcels,,CWE-122,,CWE-122,,False
qwen/gen_3/00002_3/0162_554_E._Love_Triangles,qwen,gen_3,554_E_Love_Triangles,CWE-197,CWE-190,CWE-197,CWE-190,,False
qwen/gen_3/00002_3/0162_554_E._Love_Triangles.cpp,qwen,gen_3,554_E_Love_Triangles,,CWE-190,,CWE-190,,False
qwen/gen_3/00002_3/0167_698_D._Limak_and_Shooting_Points,qwen,gen_3,698_D_Limak_and_Shooting_Points,CWE-398,,CWE-398,,,False
qwen/gen_3/00002_3/0168_719_E._Sasha_and_Array,qwen,gen_3,719_E_Sasha_and_Array,CWE-398,CWE-125,CWE-398,CWE-125,,False
qwen/gen_3/00002_3/0168_719_E._Sasha_and_Array.cpp,qwen,gen_3,719_E_Sasha_and_Array,,CWE-125,,CWE-125,,False
qwen/gen_3/00002_3/0169_740_B._Alyona_and_flowers,qwen,gen_3,740_B_Alyona_and_flowers,,CWE-190,,CWE-190,,False
qwen/gen_3/00002_3/0169_740_B._Alyona_and_flowers.cpp,qwen,gen_3,740_B_Alyona_and_flowers,,CWE-190,,CWE-190,,False
qwen/gen_3/00002_3/0171_787_C._Berzerk,qwen,gen_3,787_C_Berzerk,CWE-398,,CWE-398,,,False
qwen/gen_3/00002_3/0179_99_B._Help_Chef_Gerasim,qwen,gen_3,99_B_Help_Chef_Gerasim,CWE-398,,CWE-398,,,False
qwen/gen_3/00002_3/0192_p00224_Bicycle_Diet,qwen,gen_3,p00224_Bicycle_Diet,CWE-398,,CWE-398,,,False
qwen/gen_3/00002_3/0193_p00386_Gathering,qwen,gen_3,p00386_Gathering,CWE-398,,CWE-398,,,False
qwen/gen_3/00002_3/0194_p00602_Fibonacci_Sets,qwen,gen_3,p00602_Fibonacci_Sets,CWE-563,,CWE-563,,,False
qwen/gen_3/00002_3/0195_p00738_Roll-A-Big-Ball,qwen,gen_3,p00738_Roll-A-Big-Ball,CWE-398,,CWE-398,,,False
qwen/gen_3/00002_3/0196_p00878_Origami_Through-Hole,qwen,gen_3,p00878_Origami_Through-Hole,CWE-398|CWE-563,,CWE-398|CWE-563,,,False
qwen/gen_3/00002_3/0202_p01756_Longest_Match,qwen,gen_3,p01756_Longest_Match,CWE-398|CWE-563,,CWE-398|CWE-563,,,False
qwen/gen_3/00002_3/0203_p01896_Folding_Paper,qwen,gen_3,p01896_Folding_Paper,CWE-398,,CWE-398,,,False
qwen/gen_3/00002_3/0210_1045_D._Interstellar_battle,qwen,gen_3,1045_D_Interstellar_battle,CWE-398,,CWE-398,,,False
qwen/gen_3/00002_3/0211_1068_D._Array_Without_Local_Maximums_,qwen,gen_3,1068_D_Array_Without_Local_Maximums_,CWE-788,CWE-125,CWE-788,CWE-125,,False
qwen/gen_3/00002_3/0211_1068_D._Array_Without_Local_Maximums_.cpp,qwen,gen_3,1068_D_Array_Without_Local_Maximums_,,CWE-125,,CWE-125,,False
qwen/gen_3/00002_3/0212_1090_C._New_Year_Presents,qwen,gen_3,1090_C_New_Year_Presents,CWE-571,,CWE-571,,,False
qwen/gen_3/00002_3/0214_1139_C._Edgy_Trees,qwen,gen_3,1139_C_Edgy_Trees,CWE-398|CWE-563,,CWE-398|CWE-563,,,False
qwen/gen_3/00002_3/0215_1157_C2._Increasing_Subsequence__hard_version_,qwen,gen_3,1157_C2_Increasing_Subsequence__hard_version_,CWE-398,,CWE-398,,,False
qwen/gen_3/00002_3/0216_1179_E._Alesya_and_Discrete_Math,qwen,gen_3,1179_E_Alesya_and_Discrete_Math,CWE-398,,CWE-398,,,False
qwen/gen_3/00002_3/0217_1198_A._MP3,qwen,gen_3,1198_A_MP3,CWE-563,,CWE-563,,,False
qwen/gen_3/00002_3/0218_1214_H._Tiles_Placement,qwen,gen_3,1214_H_Tiles_Placement,CWE-563,CWE-125,CWE-563,CWE-125,,False
qwen/gen_3/00002_3/0218_1214_H._Tiles_Placement.cpp,qwen,gen_3,1214_H_Tiles_Placement,,CWE-125,,CWE-125,,False
qwen/gen_3/00002_3/0223_1323_D._Present,qwen,gen_3,1323_D_Present,CWE-398,,CWE-398,,,False
qwen/gen_3/00002_3/0224_1342_C._Yet_Another_Counting_Problem,qwen,gen_3,1342_C_Yet_Another_Counting_Problem,CWE-398,CWE-125,CWE-398,CWE-125,,False
qwen/gen_3/00002_3/0224_1342_C._Yet_Another_Counting_Problem.cpp,qwen,gen_3,1342_C_Yet_Another_Counting_Problem,,CWE-125,,CWE-125,,False
qwen/gen_3/00002_3/0225_1364_C._Ehab_and_Prefix_MEXs,qwen,gen_3,1364_C_Ehab_and_Prefix_MEXs,CWE-398,,CWE-398,,,False
qwen/gen_3/00002_3/0227_1406_A._Subset_Mex,qwen,gen_3,1406_A_Subset_Mex,CWE-398,,CWE-398,,,False
qwen/gen_3/00002_3/0229_1450_B._Balls_of_Steel,qwen,gen_3,1450_B_Balls_of_Steel,CWE-398,,CWE-398,,,False
qwen/gen_3/00002_3/0230_1473_G._Tiles,qwen,gen_3,1473_G_Tiles,CWE-398|CWE-786,,CWE-398|CWE-786,,,False
qwen/gen_3/00002_3/0231_149_B._Martian_Clock,qwen,gen_3,149_B_Martian_Clock,CWE-398,,CWE-398,,,False
qwen/gen_3/00002_3/0232_1523_B._Lord_of_the_Values,qwen,gen_3,1523_B_Lord_of_the_Values,CWE-398,,CWE-398,,,False
qwen/gen_3/00002_3/0234_177_C1._Party,qwen,gen_3,177_C1_Party,CWE-398,,CWE-398,,,False
qwen/gen_3/00002_3/0239_293_D._Ksusha_and_Square,qwen,gen_3,293_D_Ksusha_and_Square,CWE-398|CWE-563,CWE-190,CWE-398|CWE-563,CWE-190,,False
qwen/gen_3/00002_3/0239_293_D._Ksusha_and_Square.cpp,qwen,gen_3,293_D_Ksusha_and_Square,,CWE-190,,CWE-190,,False
qwen/gen_3/00002_3/0240_317_B._Ants,qwen,gen_3,317_B_Ants,CWE-398,,CWE-398,,,False
qwen/gen_3/00002_3/0243_388_C._Fox_and_Card_Game,qwen,gen_3,388_C_Fox_and_Card_Game,,CWE-122,,CWE-122,,False
qwen/gen_3/00002_3/0243_388_C._Fox_and_Card_Game.cpp,qwen,gen_3,388_C_Fox_and_Card_Game,,CWE-122,,CWE-122,,False
qwen/gen_3/00002_3/0246_459_C._Pashmak_and_Buses,qwen,gen_3,459_C_Pashmak_and_Buses,,CWE-190|CWE-369,,CWE-190|CWE-369,,False
qwen/gen_3/00002_3/0246_459_C._Pashmak_and_Buses.cpp,qwen,gen_3,459_C_Pashmak_and_Buses,,CWE-190|CWE-369,,CWE-190|CWE-369,,False
qwen/gen_3/00002_3/0247_480_B._Long_Jumps,qwen,gen_3,480_B_Long_Jumps,CWE-398,,CWE-398,,,False
qwen/gen_3/00002_3/0248_505_B._Mr._Kitayuta_s_Colorful_Graph,qwen,gen_3,505_B_Mr_Kitayuta_s_Colorful_Graph,CWE-398,,CWE-398,,,False
qwen/gen_3/00002_3/0249_529_A._And_Yet_Another_Bracket_Sequence,qwen,gen_3,529_A_And_Yet_Another_Bracket_Sequence,CWE-563,CWE-122,CWE-563,CWE-122,,False
qwen/gen_3/00002_3/0249_529_A._And_Yet_Another_Bracket_Sequence.cpp,qwen,gen_3,529_A_And_Yet_Another_Bracket_Sequence,,CWE-122,,CWE-122,,False
qwen/gen_3/00002_3/0250_554_C._Kyoya_and_Colored_Balls,qwen,gen_3,554_C_Kyoya_and_Colored_Balls,CWE-398,,CWE-398,,,False
qwen/gen_3/00002_3/0251_580_B._Kefa_and_Company,qwen,gen_3,580_B_Kefa_and_Company,CWE-664,CWE-761,CWE-664,CWE-761,,False
qwen/gen_3/00002_3/0251_580_B._Kefa_and_Company.cpp,qwen,gen_3,580_B_Kefa_and_Company,,CWE-761,,CWE-761,,False
qwen/gen_3/00002_3/0252_602_A._Two_Bases,qwen,gen_3,602_A_Two_Bases,CWE-398,,CWE-398,,,False
qwen/gen_3/00002_3/0253_624_D._Array_GCD,qwen,gen_3,624_D_Array_GCD,CWE-398,,CWE-398,,,False
qwen/gen_3/00002_3/0255_698_B._Fix_a_Tree,qwen,gen_3,698_B_Fix_a_Tree,CWE-398,CWE-122,CWE-398,CWE-122,,False
qwen/gen_3/00002_3/0255_698_B._Fix_a_Tree.cpp,qwen,gen_3,698_B_Fix_a_Tree,,CWE-122,,CWE-122,,False
qwen/gen_3/00002_3/0258_763_D._Timofey_and_a_flat_tree,qwen,gen_3,763_D_Timofey_and_a_flat_tree,CWE-398,,CWE-398,,,False
qwen/gen_3/00002_3/0262_901_D._Weighting_a_Tree,qwen,gen_3,901_D_Weighting_a_Tree,CWE-398,CWE-122,CWE-398,CWE-122,,False
qwen/gen_3/00002_3/0262_901_D._Weighting_a_Tree.cpp,qwen,gen_3,901_D_Weighting_a_Tree,,CWE-122,,CWE-122,,False
qwen/gen_3/00002_3/0264_952_C._Ravioli_Sort,qwen,gen_3,952_C_Ravioli_Sort,CWE-563,,CWE-563,,,False
qwen/gen_3/00002_3/0265_979_E._Kuro_and_Topological_Parity,qwen,gen_3,979_E_Kuro_and_Topological_Parity,CWE-398|CWE-563,CWE-190,CWE-398|CWE-563,CWE-190,,False
qwen/gen_3/00002_3/0265_979_E._Kuro_and_Topological_Parity.cpp,qwen,gen_3,979_E_Kuro_and_Topological_Parity,,CWE-190,,CWE-190,,False
qwen/gen_3/00002_3/0266_999_F._Cards_and_Joy,qwen,gen_3,999_F_Cards_and_Joy,CWE-398,,CWE-398,,,False
qwen/gen_3/00002_3/0275_p03684_AtCoder_Regular_Contest_076_-_Built_,qwen,gen_3,p03684_AtCoder_Regular_Contest_076_-_Built_,CWE-398,,CWE-398,,,False
qwen/gen_3/00002_3/0277_p04004_AtCoder_Regular_Contest_061_-_Card_Game_for_Three,qwen,gen_3,p04004_AtCoder_Regular_Contest_061_-_Card_Game_for_Three,CWE-398|CWE-570,,CWE-398|CWE-570,,,False
