sample_id,model,generation,problem_key,violation_idx,violation_text,cwes
human/soln1/00000/0059_p02879_AtCoder_Beginner_Contest_144_-_9x9.cpp,human,soln1,p02879_AtCoder_Beginner_Contest_144_-_9x9,0,file derived/cpp/human/soln1/00000/0059_p02879_AtCoder_Beginner_Contest_144_-_9x9.cpp line 7 column 5 function main,CWE-190
human/soln1/00000/0244_p01219_Private_Teacher.cpp,human,soln1,p01219_Private_Teacher,0,file derived/cpp/human/soln1/00000/0244_p01219_Private_Teacher.cpp line 97 column 11 function main,CWE-120|CWE-190
human/soln1/00000/0152_p00074_Videotape.cpp,human,soln1,p00074_Videotape,0,file derived/cpp/human/soln1/00000/0152_p00074_Videotape.cpp line 27 column 3 function main,CWE-120|CWE-190
human/soln1/00000/0068_p00167_Bubble_Sort.cpp,human,soln1,p00167_Bubble_Sort,0,file derived/cpp/human/soln1/00000/0068_p00167_Bubble_Sort.cpp line 5 column 2 function main,CWE-120|CWE-190
human/soln1/00000/0146_p03194_CADDi_2018_for_Beginners_-_Product_and_GCD.cpp,human,soln1,p03194_CADDi_2018_for_Beginners_-_Product_and_GCD,0,file derived/cpp/human/soln1/00000/0146_p03194_CADDi_2018_for_Beginners_-_Product_and_GCD.cpp line 10 column 5 function main,CWE-190
human/soln1/00000/0236_p00032_Plastic_Board.cpp,human,soln1,p00032_Plastic_Board,0,file derived/cpp/human/soln1/00000/0236_p00032_Plastic_Board.cpp line 14 column 3 function main,CWE-190
human/soln1/00000/0067_p00035_Is_it_Convex_.cpp,human,soln1,p00035_Is_it_Convex_,0,file derived/cpp/human/soln1/00000/0067_p00035_Is_it_Convex_.cpp line 52 column 6 function main,CWE-120|CWE-190
human/soln1/00000/0153_p00206_Next_Trip.cpp,human,soln1,p00206_Next_Trip,0,file derived/cpp/human/soln1/00000/0153_p00206_Next_Trip.cpp line 12 column 7 function main,CWE-190
human/soln1/00000/0066_p03943_AtCoder_Beginner_Contest_047_-_Fighting_over_Candies.cpp,human,soln1,p03943_AtCoder_Beginner_Contest_047_-_Fighting_over_Candies,0,file derived/cpp/human/soln1/00000/0066_p03943_AtCoder_Beginner_Contest_047_-_Fighting_over_Candies.cpp line 9 column 1 function main,CWE-190
human/soln1/00000/0227_p02741_Panasonic_Programming_Contest_2020_-_Kth_Term.cpp,human,soln1,p02741_Panasonic_Programming_Contest_2020_-_Kth_Term,0,file derived/cpp/human/soln1/00000/0227_p02741_Panasonic_Programming_Contest_2020_-_Kth_Term.cpp line 9 column 3 function main,CWE-119
human/soln1/00000/0083_p02408_Finding_Missing_Cards.cpp,human,soln1,p02408_Finding_Missing_Cards,0,file derived/cpp/human/soln1/00000/0083_p02408_Finding_Missing_Cards.cpp line 11 column 5 function main,CWE-120|CWE-190
human/soln1/00002/0277_p03212_AtCoder_Beginner_Contest_114_-_755.cpp,human,soln1,p03212_AtCoder_Beginner_Contest_114_-_755,0,file derived/cpp/human/soln1/00002/0277_p03212_AtCoder_Beginner_Contest_114_-_755.cpp line 14 column 2 function main,CWE-120|CWE-190
human/soln1/00002/0146_1523_D._Love-Hate.cpp,human,soln1,1523_D_Love-Hate,0,file derived/cpp/human/soln1/00002/0146_1523_D._Love-Hate.cpp line 39 column 2 function main,CWE-120|CWE-190
human/soln1/00002/0019_p00184_Tsuruga_Castle.cpp,human,soln1,p00184_Tsuruga_Castle,0,file derived/cpp/human/soln1/00002/0019_p00184_Tsuruga_Castle.cpp line 5 column 11 function main,CWE-120|CWE-190
human/soln1/00002/0113_p01183_Tetrahedra.cpp,human,soln1,p01183_Tetrahedra,0,file derived/cpp/human/soln1/00002/0113_p01183_Tetrahedra.cpp line 31 column 12 function main,CWE-120|CWE-190
human/soln1/00002/0017_p03963_AtCoder_Beginner_Contest_046_-_Painting_Balls_with_AtCoDeer.cpp,human,soln1,p03963_AtCoder_Beginner_Contest_046_-_Painting_Balls_with_AtCoDeer,0,file derived/cpp/human/soln1/00002/0017_p03963_AtCoder_Beginner_Contest_046_-_Painting_Balls_with_AtCoDeer.cpp line 10 column 3 function main,CWE-190
human/soln1/00002/0104_p03893_CODE_FESTIVAL_2016_Relay__Parallel__-_Trichotomy.cpp,human,soln1,p03893_CODE_FESTIVAL_2016_Relay__Parallel__-_Trichotomy,0,file derived/cpp/human/soln1/00002/0104_p03893_CODE_FESTIVAL_2016_Relay__Parallel__-_Trichotomy.cpp line 9 column 5 function main,CWE-120|CWE-190
human/soln1/00002/0027_p01402_Anipero.cpp,human,soln1,p01402_Anipero,0,file derived/cpp/human/soln1/00002/0027_p01402_Anipero.cpp line 13 column 2 function main,CWE-120|CWE-190
human/soln1/00001/0060_p01931_Check_answers.cpp,human,soln1,p01931_Check_answers,0,file /tmp/esbmc-cpp-headers-c064-e508-0336/string line 1437 column 3 function operator[],
human/soln1/00001/0043_p03407_AtCoder_Beginner_Contest_091_-_Two_Coins.cpp,human,soln1,p03407_AtCoder_Beginner_Contest_091_-_Two_Coins,0,file derived/cpp/human/soln1/00001/0043_p03407_AtCoder_Beginner_Contest_091_-_Two_Coins.cpp line 2 column 40 function main,CWE-190
human/soln1/00001/0152_p02472_Addition_of_Big_Integers.cpp,human,soln1,p02472_Addition_of_Big_Integers,0,file derived/cpp/human/soln1/00001/0152_p02472_Addition_of_Big_Integers.cpp line 206 column 5 function main,CWE-120|CWE-190
human/soln1/00001/0131_p03371_AtCoder_Beginner_Contest_095_-_Half_and_Half.cpp,human,soln1,p03371_AtCoder_Beginner_Contest_095_-_Half_and_Half,0,file derived/cpp/human/soln1/00001/0131_p03371_AtCoder_Beginner_Contest_095_-_Half_and_Half.cpp line 8 column 3 function main,CWE-190
human/soln1/00001/0128_p02943_AtCoder_Grand_Contest_037_-_Reversing_and_Concatenating.cpp,human,soln1,p02943_AtCoder_Grand_Contest_037_-_Reversing_and_Concatenating,0,file derived/cpp/human/soln1/00001/0128_p02943_AtCoder_Grand_Contest_037_-_Reversing_and_Concatenating.cpp line 24 column 2 function main,CWE-120|CWE-190
human/soln1/00001/0129_p03080_ExaWizards_2019_-_Red_or_Blue.cpp,human,soln1,p03080_ExaWizards_2019_-_Red_or_Blue,0,file derived/cpp/human/soln1/00001/0129_p03080_ExaWizards_2019_-_Red_or_Blue.cpp line 7 column 8 function main,CWE-190
human/soln1/00001/0144_p01289_Strange_Couple.cpp,human,soln1,p01289_Strange_Couple,0,file derived/cpp/human/soln1/00001/0144_p01289_Strange_Couple.cpp line 103 column 3 function main,CWE-120|CWE-190
human/soln1/00001/0262_1515_I._Phoenix_and_Diamonds.cpp,human,soln1,1515_I_Phoenix_and_Diamonds,0,file derived/cpp/human/soln1/00001/0262_1515_I._Phoenix_and_Diamonds.cpp line 72 column 2 function main,CWE-120|CWE-190
human/soln1/00001/0125_p02548_AtCoder_Beginner_Contest_179_-_A_x_B___C.cpp,human,soln1,p02548_AtCoder_Beginner_Contest_179_-_A_x_B___C,0,file derived/cpp/human/soln1/00001/0125_p02548_AtCoder_Beginner_Contest_179_-_A_x_B___C.cpp line 7 column 3 function main,CWE-190
human/soln1/00001/0146_p01609_One.cpp,human,soln1,p01609_One,0,file derived/cpp/human/soln1/00001/0146_p01609_One.cpp line 120 column 3 function main,CWE-120|CWE-190
human/soln1/00001/0238_p02398_How_Many_Divisors_.cpp,human,soln1,p02398_How_Many_Divisors_,0,file derived/cpp/human/soln1/00001/0238_p02398_How_Many_Divisors_.cpp line 4 column 2 function main,CWE-120|CWE-190
human/soln1/00001/0226_p00669_K_Cards.cpp,human,soln1,p00669_K_Cards,0,file derived/cpp/human/soln1/00001/0226_p00669_K_Cards.cpp line 75 column 3 function main,CWE-120|CWE-190
human/soln2/00000/0105_1547_C._Pair_Programming.cpp,human,soln2,1547_C_Pair_Programming,0,file derived/cpp/human/soln2/00000/0105_1547_C._Pair_Programming.cpp line 10 column 9 function main,CWE-190
human/soln2/00000/0230_p03150_KEYENCE_Programming_Contest_2019_-_KEYENCE_String.cpp,human,soln2,p03150_KEYENCE_Programming_Contest_2019_-_KEYENCE_String,0,file /tmp/esbmc-cpp-headers-491e-f206-b175/string line 999 column 5 function substr,
human/soln2/00000/0164_p01878_Destiny_Draw.cpp,human,soln2,p01878_Destiny_Draw,0,file derived/cpp/human/soln2/00000/0164_p01878_Destiny_Draw.cpp line 59 column 5 function main,CWE-120|CWE-190
human/soln2/00000/0158_p00991_Grid.cpp,human,soln2,p00991_Grid,0,file derived/cpp/human/soln2/00000/0158_p00991_Grid.cpp line 64 column 10 function main,CWE-120|CWE-190
human/soln2/00000/0234_p03771_AtCoder_Grand_Contest_012_-_Camel_and_Oases.cpp,human,soln2,p03771_AtCoder_Grand_Contest_012_-_Camel_and_Oases,0,file derived/cpp/human/soln2/00000/0234_p03771_AtCoder_Grand_Contest_012_-_Camel_and_Oases.cpp line 10 column 2 function main,CWE-120|CWE-190
human/soln2/00000/0233_p03612_AtCoder_Beginner_Contest_072_-_Derangement.cpp,human,soln2,p03612_AtCoder_Beginner_Contest_072_-_Derangement,0,file derived/cpp/human/soln2/00000/0233_p03612_AtCoder_Beginner_Contest_072_-_Derangement.cpp line 13 column 2 function main,CWE-120|CWE-190
human/soln2/00000/0237_p00163_Highway_Toll.cpp,human,soln2,p00163_Highway_Toll,0,file derived/cpp/human/soln2/00000/0237_p00163_Highway_Toll.cpp line 71 column 3 function main,CWE-190
human/soln2/00000/0082_p02260_Selection_Sort.cpp,human,soln2,p02260_Selection_Sort,0,file derived/cpp/human/soln2/00000/0082_p02260_Selection_Sort.cpp line 6 column 3 function main,CWE-120|CWE-190
human/soln2/00000/0236_p00032_Plastic_Board.cpp,human,soln2,p00032_Plastic_Board,0,file derived/cpp/human/soln2/00000/0236_p00032_Plastic_Board.cpp line 9 column 9 function main,CWE-190
human/soln2/00000/0251_p02257_Prime_Numbers.cpp,human,soln2,p02257_Prime_Numbers,0,file derived/cpp/human/soln2/00000/0251_p02257_Prime_Numbers.cpp line 12 column 2 function main,CWE-120|CWE-190
human/soln2/00000/0061_p03153_KEYENCE_Programming_Contest_2019_-_Connecting_Cities.cpp,human,soln2,p03153_KEYENCE_Programming_Contest_2019_-_Connecting_Cities,0,file derived/cpp/human/soln2/00000/0061_p03153_KEYENCE_Programming_Contest_2019_-_Connecting_Cities.cpp line 32 column 2 function main,CWE-120|CWE-190
human/soln2/00000/0077_p01538_Kakezan.cpp,human,soln2,p01538_Kakezan,0,file derived/cpp/human/soln2/00000/0077_p01538_Kakezan.cpp line 11 column 25 function seisu_1,CWE-190
human/soln2/00000/0153_p00206_Next_Trip.cpp,human,soln2,p00206_Next_Trip,0,file derived/cpp/human/soln2/00000/0153_p00206_Next_Trip.cpp line 11 column 4 function main,CWE-190
human/soln2/00000/0083_p02408_Finding_Missing_Cards.cpp,human,soln2,p02408_Finding_Missing_Cards,0,file derived/cpp/human/soln2/00000/0083_p02408_Finding_Missing_Cards.cpp line 19 column 3 function main,CWE-119
human/soln2/00002/0024_p00971_Shortest_Common_Non-Subsequence.cpp,human,soln2,p00971_Shortest_Common_Non-Subsequence,0,file derived/cpp/human/soln2/00002/0024_p00971_Shortest_Common_Non-Subsequence.cpp line 45 column 3 function main,CWE-120|CWE-190
human/soln2/00002/0279_p03519_CODE_FESTIVAL_2017_Elimination_Tournament_Round_1__Parallel__-_Paired_Parentheses.cpp,human,soln2,p03519_CODE_FESTIVAL_2017_Elimination_Tournament_Round_1__Parallel__-_Paired_Parentheses,0,file derived/cpp/human/soln2/00002/0279_p03519_CODE_FESTIVAL_2017_Elimination_Tournament_Round_1__Parallel__-_Paired_Parentheses.cpp line 76 column 2 function main,CWE-119
human/soln2/00002/0014_p03474_AtCoder_Beginner_Contest_084_-_Postal_Code.cpp,human,soln2,p03474_AtCoder_Beginner_Contest_084_-_Postal_Code,0,file derived/cpp/human/soln2/00002/0014_p03474_AtCoder_Beginner_Contest_084_-_Postal_Code.cpp line 6 column 5 function main,CWE-120|CWE-190
human/soln2/00002/0276_p03069_Tenka1_Programmer_Beginner_Contest_2019_-_Stones.cpp,human,soln2,p03069_Tenka1_Programmer_Beginner_Contest_2019_-_Stones,0,file derived/cpp/human/soln2/00002/0276_p03069_Tenka1_Programmer_Beginner_Contest_2019_-_Stones.cpp line 10 column 3 function main,CWE-120|CWE-190
human/soln2/00002/0185_p02799_Keyence_Programming_Contest_2020_-_Bichromization.cpp,human,soln2,p02799_Keyence_Programming_Contest_2020_-_Bichromization,0,file derived/cpp/human/soln2/00002/0185_p02799_Keyence_Programming_Contest_2020_-_Bichromization.cpp line 83 column 5 function main,CWE-120|CWE-190
human/soln2/00002/0008_p02630_AtCoder_Beginner_Contest_171_-_Replacing.cpp,human,soln2,p02630_AtCoder_Beginner_Contest_171_-_Replacing,0,file derived/cpp/human/soln2/00002/0008_p02630_AtCoder_Beginner_Contest_171_-_Replacing.cpp line 7 column 3 function main,CWE-120|CWE-190
human/soln2/00002/0103_p03729_AtCoder_Beginner_Contest_060_-_Shiritori.cpp,human,soln2,p03729_AtCoder_Beginner_Contest_060_-_Shiritori,0,file /tmp/esbmc-cpp-headers-5283-6755-6a63/string line 1437 column 3 function operator[],
human/soln2/00002/0017_p03963_AtCoder_Beginner_Contest_046_-_Painting_Balls_with_AtCoDeer.cpp,human,soln2,p03963_AtCoder_Beginner_Contest_046_-_Painting_Balls_with_AtCoDeer,0,file derived/cpp/human/soln2/00002/0017_p03963_AtCoder_Beginner_Contest_046_-_Painting_Balls_with_AtCoDeer.cpp line 7 column 26 function main,CWE-190
human/soln2/00002/0032_p02137_Special_Chat.cpp,human,soln2,p02137_Special_Chat,0,file derived/cpp/human/soln2/00002/0032_p02137_Special_Chat.cpp line 39 column 3 function main,CWE-120|CWE-190
human/soln2/00002/0144_1474_B._Different_Divisors.cpp,human,soln2,1474_B_Different_Divisors,0,file derived/cpp/human/soln2/00002/0144_1474_B._Different_Divisors.cpp line 30 column 5 function main,CWE-120|CWE-190
human/soln2/00002/0027_p01402_Anipero.cpp,human,soln2,p01402_Anipero,0,file derived/cpp/human/soln2/00002/0027_p01402_Anipero.cpp line 12 column 9 function main,CWE-120|CWE-190
human/soln2/00002/0101_p03414_AtCoder_Regular_Contest_092_-_Two_Faced_Edges.cpp,human,soln2,p03414_AtCoder_Regular_Contest_092_-_Two_Faced_Edges,0,file derived/cpp/human/soln2/00002/0101_p03414_AtCoder_Regular_Contest_092_-_Two_Faced_Edges.cpp line 53 column 2 function main,CWE-120|CWE-190
human/soln2/00001/0231_p01346_Ropeway.cpp,human,soln2,p01346_Ropeway,0,file derived/cpp/human/soln2/00001/0231_p01346_Ropeway.cpp line 51 column 10 function main,CWE-120|CWE-190
human/soln2/00001/0225_p00483_Planetary_Exploration.cpp,human,soln2,p00483_Planetary_Exploration,0,file derived/cpp/human/soln2/00001/0225_p00483_Planetary_Exploration.cpp line 10 column 3 function main,CWE-120|CWE-190
human/soln2/00001/0134_p03849_AtCoder_Regular_Contest_066_-_Xor_Sum.cpp,human,soln2,p03849_AtCoder_Regular_Contest_066_-_Xor_Sum,0,file derived/cpp/human/soln2/00001/0134_p03849_AtCoder_Regular_Contest_066_-_Xor_Sum.cpp line 19 column 5 function main,CWE-120|CWE-190
human/soln2/00001/0230_p01210_Speed.cpp,human,soln2,p01210_Speed,0,file derived/cpp/human/soln2/00001/0230_p01210_Speed.cpp line 109 column 11 function main,CWE-120|CWE-190
human/soln2/00001/0145_p01458_Kth_Sentence.cpp,human,soln2,p01458_Kth_Sentence,0,file derived/cpp/human/soln2/00001/0145_p01458_Kth_Sentence.cpp line 103 column 10 function main,CWE-120|CWE-190
human/soln2/00001/0128_p02943_AtCoder_Grand_Contest_037_-_Reversing_and_Concatenating.cpp,human,soln2,p02943_AtCoder_Grand_Contest_037_-_Reversing_and_Concatenating,0,array bounds violated: array `p' lower bound,CWE-119
human/soln2/00001/0143_p01150_Eight_Princes.cpp,human,soln2,p01150_Eight_Princes,0,file derived/cpp/human/soln2/00001/0143_p01150_Eight_Princes.cpp line 37 column 12 function main,CWE-120|CWE-190
human/soln2/00001/0037_p02574_AtCoder_Beginner_Contest_177_-_Coprime.cpp,human,soln2,p02574_AtCoder_Beginner_Contest_177_-_Coprime,0,file derived/cpp/human/soln2/00001/0037_p02574_AtCoder_Beginner_Contest_177_-_Coprime.cpp line 18 column 5 function main,CWE-120|CWE-190
human/soln2/00001/0238_p02398_How_Many_Divisors_.cpp,human,soln2,p02398_How_Many_Divisors_,0,file derived/cpp/human/soln2/00001/0238_p02398_How_Many_Divisors_.cpp line 9 column 4 function main,CWE-190
qwen/gen_3/00002_3/0233_155_A._I_love__username_.cpp,qwen,gen_3,155_A_I_love__username_,0,file /tmp/esbmc-cpp-headers-fdca-9c26-67fb/vector line 671 column 5 function operator[],
qwen/gen_3/00002_3/0184_p03072_AtCoder_Beginner_Contest_124_-_Great_Ocean_View.cpp,qwen,gen_3,p03072_AtCoder_Beginner_Contest_124_-_Great_Ocean_View,0,file /tmp/esbmc-cpp-headers-4d3a-961c-bfeb/vector line 671 column 5 function operator[],
qwen/gen_3/00002_3/0067_393_C._Blocked_Points.cpp,qwen,gen_3,393_C_Blocked_Points,0,file derived/cpp/qwen/gen_3/00002_3/0067_393_C._Blocked_Points.cpp line 10 column 9 function main,CWE-190
qwen/gen_3/00002_3/0102_p03893_CODE_FESTIVAL_2016_Relay__Parallel__-_Trichotomy.cpp,qwen,gen_3,p03893_CODE_FESTIVAL_2016_Relay__Parallel__-_Trichotomy,0,file derived/cpp/qwen/gen_3/00002_3/0102_p03893_CODE_FESTIVAL_2016_Relay__Parallel__-_Trichotomy.cpp line 7 column 5 function main,CWE-190
qwen/gen_3/00002_3/0016_p00054_Sum_of_Nth_decimal_places.cpp,qwen,gen_3,p00054_Sum_of_Nth_decimal_places,0,file derived/cpp/qwen/gen_3/00002_3/0016_p00054_Sum_of_Nth_decimal_places.cpp line 10 column 13 function main,CWE-190
qwen/gen_3/00002_3/0027_p01711_Idempotent_Filter.cpp,qwen,gen_3,p01711_Idempotent_Filter,0,file /tmp/esbmc-cpp-headers-d760-bc2c-6ed2/string line 1437 column 3 function operator[],
qwen/gen_3/00002_3/0072_513_A._Game.cpp,qwen,gen_3,513_A_Game,0,file derived/cpp/qwen/gen_3/00002_3/0072_513_A._Game.cpp line 7 column 5 function main,CWE-190
qwen/gen_3/00002_3/0154_365_A._Good_Number.cpp,qwen,gen_3,365_A_Good_Number,0,file /tmp/esbmc-cpp-headers-4793-b8cc-aee3/bitset line 290 column 5 function set,
qwen/gen_3/00002_3/0101_p03729_AtCoder_Beginner_Contest_060_-_Shiritori.cpp,qwen,gen_3,p03729_AtCoder_Beginner_Contest_060_-_Shiritori,0,file /tmp/esbmc-cpp-headers-60fe-95d7-8677/string line 1470 column 3 function back,
qwen/gen_3/00002_3/0259_787_A._The_Monster.cpp,qwen,gen_3,787_A_The_Monster,0,file derived/cpp/qwen/gen_3/00002_3/0259_787_A._The_Monster.cpp line 12 column 9 function main,CWE-190
qwen/gen_3/00002_3/0170_764_A._Taymyr_is_calling_you.cpp,qwen,gen_3,764_A_Taymyr_is_calling_you,0,file /tmp/esbmc-cpp-headers-be1b-c640-be66/vector line 670 column 5 function operator[],
qwen/gen_3/00000_3/0230_p03150_KEYENCE_Programming_Contest_2019_-_KEYENCE_String.cpp,qwen,gen_3,p03150_KEYENCE_Programming_Contest_2019_-_KEYENCE_String,0,file /tmp/esbmc-cpp-headers-fb6b-088d-fe01/string line 999 column 5 function substr,
qwen/gen_3/00000_3/0042_663_A._Rebus.cpp,qwen,gen_3,663_A_Rebus,0,file /tmp/esbmc-cpp-headers-a21e-edb4-3e15/ios line 254 column 3 function rdstate,CWE-476|CWE-825
qwen/gen_3/00000_3/0047_776_A._A_Serial_Killer.cpp,qwen,gen_3,776_A_A_Serial_Killer,0,file /tmp/esbmc-cpp-headers-c473-a04c-77bc/string line 3366 column 3 function operator==,
qwen/gen_3/00000_3/0152_p00074_Videotape.cpp,qwen,gen_3,p00074_Videotape,0,file derived/cpp/qwen/gen_3/00000_3/0152_p00074_Videotape.cpp line 10 column 9 function main,CWE-190
qwen/gen_3/00000_3/0264_1244_C._The_Football_Season.cpp,qwen,gen_3,1244_C_The_Football_Season,0,file derived/cpp/qwen/gen_3/00000_3/0264_1244_C._The_Football_Season.cpp line 17 column 13 function main,CWE-190
qwen/gen_3/00000_3/0031_379_A._New_Year_Candles.cpp,qwen,gen_3,379_A_New_Year_Candles,0,file derived/cpp/qwen/gen_3/00000_3/0031_379_A._New_Year_Candles.cpp line 11 column 9 function main,CWE-190
qwen/gen_3/00000_3/0111_290_D._Orange.cpp,qwen,gen_3,290_D_Orange,0,file derived/cpp/qwen/gen_3/00000_3/0111_290_D._Orange.cpp line 11 column 9 function main,CWE-119|CWE-476
qwen/gen_3/00000_3/0124_5_A._Chat_Server_s_Outgoing_Traffic.cpp,qwen,gen_3,5_A_Chat_Server_s_Outgoing_Traffic,0,file /tmp/esbmc-cpp-headers-0155-9fea-80d7/ios line 254 column 3 function rdstate,CWE-476
qwen/gen_3/00000_3/0093_1236_A._Stones.cpp,qwen,gen_3,1236_A_Stones,0,file derived/cpp/qwen/gen_3/00000_3/0093_1236_A._Stones.cpp line 13 column 9 function main,CWE-190
qwen/gen_3/00000_3/0251_p02257_Prime_Numbers.cpp,qwen,gen_3,p02257_Prime_Numbers,0,file /tmp/esbmc-cpp-headers-ac64-2db9-cf7d/vector line 520 column 5 function end,
qwen/gen_3/00000_3/0048_7_B._Memory_Manager.cpp,qwen,gen_3,7_B_Memory_Manager,0,file derived/cpp/qwen/gen_3/00000_3/0048_7_B._Memory_Manager.cpp line 23 column 12 function main,CWE-190
qwen/gen_3/00000_3/0127_670_B._Game_of_Robots.cpp,qwen,gen_3,670_B_Game_of_Robots,0,file /tmp/esbmc-cpp-headers-3caf-3dcb-a5f0/vector line 670 column 5 function operator[],
qwen/gen_3/00000_3/0027_284_B._Cows_and_Poker_Game.cpp,qwen,gen_3,284_B_Cows_and_Poker_Game,0,file derived/cpp/qwen/gen_3/00000_3/0027_284_B._Cows_and_Poker_Game.cpp line 11 column 9 function main,CWE-119|CWE-476
qwen/gen_3/00000_3/0153_p00206_Next_Trip.cpp,qwen,gen_3,p00206_Next_Trip,0,file derived/cpp/qwen/gen_3/00000_3/0153_p00206_Next_Trip.cpp line 13 column 13 function main,CWE-190
qwen/gen_3/00000_3/0066_p03943_AtCoder_Beginner_Contest_047_-_Fighting_over_Candies.cpp,qwen,gen_3,p03943_AtCoder_Beginner_Contest_047_-_Fighting_over_Candies,0,file derived/cpp/qwen/gen_3/00000_3/0066_p03943_AtCoder_Beginner_Contest_047_-_Fighting_over_Candies.cpp line 7 column 5 function main,CWE-190
qwen/gen_3/00000_3/0002_1060_A._Phone_Numbers.cpp,qwen,gen_3,1060_A_Phone_Numbers,0,file /tmp/esbmc-cpp-headers-0900-f838-1bb3/algorithm line 299 column 5 function count,CWE-119|CWE-476
qwen/gen_3/00000_3/0227_p02741_Panasonic_Programming_Contest_2020_-_Kth_Term.cpp,qwen,gen_3,p02741_Panasonic_Programming_Contest_2020_-_Kth_Term,0,file derived/cpp/qwen/gen_3/00000_3/0227_p02741_Panasonic_Programming_Contest_2020_-_Kth_Term.cpp line 7 column 5 function main,CWE-119
qwen/gen_3/00001_3/0261_802_I._Fake_News__hard_.cpp,qwen,gen_3,802_I_Fake_News__hard_,0,file derived/cpp/qwen/gen_3/00001_3/0261_802_I._Fake_News__hard_.cpp line 12 column 12 function main,CWE-190
qwen/gen_3/00001_3/0188_936_A._Save_Energy_.cpp,qwen,gen_3,936_A_Save_Energy_,0,file derived/cpp/qwen/gen_3/00001_3/0188_936_A._Save_Energy_.cpp line 19 column 9 function main,CWE-190
qwen/gen_3/00001_3/0103_789_A._Anastasia_and_pebbles.cpp,qwen,gen_3,789_A_Anastasia_and_pebbles,0,file derived/cpp/qwen/gen_3/00001_3/0103_789_A._Anastasia_and_pebbles.cpp line 18 column 9 function main,CWE-190
qwen/gen_3/00001_3/0228_1271_C._Shawarma_Tent.cpp,qwen,gen_3,1271_C_Shawarma_Tent,0,file /tmp/esbmc-cpp-headers-18bc-5cf6-2d76/vector line 671 column 5 function operator[],
qwen/gen_3/00001_3/0156_1373_B._01_Game.cpp,qwen,gen_3,1373_B_01_Game,0,file derived/cpp/qwen/gen_3/00001_3/0156_1373_B._01_Game.cpp line 10 column 10 function main,CWE-190
qwen/gen_3/00001_3/0056_p01797_Kimagure_Cleaner.cpp,qwen,gen_3,p01797_Kimagure_Cleaner,0,file derived/cpp/qwen/gen_3/00001_3/0056_p01797_Kimagure_Cleaner.cpp line 28 column 25 function main,CWE-190
qwen/gen_3/00001_3/0149_1206_F._Almost_All.cpp,qwen,gen_3,1206_F_Almost_All,0,arithmetic overflow on sub,CWE-190
qwen/gen_3/00001_3/0091_483_B._Friends_and_Presents.cpp,qwen,gen_3,483_B_Friends_and_Presents,0,file derived/cpp/qwen/gen_3/00001_3/0091_483_B._Friends_and_Presents.cpp line 11 column 3 function main,CWE-190
qwen/gen_3/00001_3/0207_p01076_Graph_Making.cpp,qwen,gen_3,p01076_Graph_Making,0,file derived/cpp/qwen/gen_3/00001_3/0207_p01076_Graph_Making.cpp line 10 column 5 function main,CWE-190
qwen/gen_3/00001_3/0226_1230_A._Dawid_and_Bags_of_Candies.cpp,qwen,gen_3,1230_A_Dawid_and_Bags_of_Candies,0,file derived/cpp/qwen/gen_3/00001_3/0226_1230_A._Dawid_and_Bags_of_Candies.cpp line 10 column 3 function main,CWE-190
qwen/gen_3/00001_3/0167_259_B._Little_Elephant_and_Magic_Square.cpp,qwen,gen_3,259_B_Little_Elephant_and_Magic_Square,0,file /tmp/esbmc-cpp-headers-1123-8027-b28e/vector line 433 column 7 function operator=,CWE-476
qwen/gen_3/00001_3/0097_650_B._Image_Preview.cpp,qwen,gen_3,650_B_Image_Preview,0,file derived/cpp/qwen/gen_3/00001_3/0097_650_B._Image_Preview.cpp line 24 column 5 function main,CWE-119
qwen/gen_3/00001_3/0042_p03407_AtCoder_Beginner_Contest_091_-_Two_Coins.cpp,qwen,gen_3,p03407_AtCoder_Beginner_Contest_091_-_Two_Coins,0,file derived/cpp/qwen/gen_3/00001_3/0042_p03407_AtCoder_Beginner_Contest_091_-_Two_Coins.cpp line 9 column 3 function main,CWE-190
qwen/gen_3/00001_3/0079_1500_B._Two_chandeliers.cpp,qwen,gen_3,1500_B_Two_chandeliers,0,file /tmp/esbmc-cpp-headers-f4e0-21b3-273a/vector line 671 column 5 function operator[],
qwen/gen_3/00001_3/0100_720_C._Homework.cpp,qwen,gen_3,720_C_Homework,0,file derived/cpp/qwen/gen_3/00001_3/0100_720_C._Homework.cpp line 9 column 12 function main,CWE-190
qwen/gen_3/00001_3/0157_1396_A._Multiples_of_Length.cpp,qwen,gen_3,1396_A_Multiples_of_Length,0,file /tmp/esbmc-cpp-headers-68f2-c6ec-ec27/vector line 671 column 5 function operator[],
qwen/gen_3/00001_3/0045_p04048_AtCoder_Grand_Contest_001_-_Mysterious_Light.cpp,qwen,gen_3,p04048_AtCoder_Grand_Contest_001_-_Mysterious_Light,0,file derived/cpp/qwen/gen_3/00001_3/0045_p04048_AtCoder_Grand_Contest_001_-_Mysterious_Light.cpp line 69 column 7 function main,CWE-190
qwen/gen_3/00001_3/0074_1366_A._Shovels_and_Swords.cpp,qwen,gen_3,1366_A_Shovels_and_Swords,0,file derived/cpp/qwen/gen_3/00001_3/0074_1366_A._Shovels_and_Swords.cpp line 13 column 18 function main,CWE-190
qwen/gen_3/00001_3/0105_855_D._Rowena_Ravenclaw_s_Diadem.cpp,qwen,gen_3,855_D_Rowena_Ravenclaw_s_Diadem,0,arithmetic overflow on add,CWE-190
qwen/gen_3/00001_3/0139_p02472_Addition_of_Big_Integers.cpp,qwen,gen_3,p02472_Addition_of_Big_Integers,0,file /tmp/esbmc-cpp-headers-1e8f-f3ae-c494/string line 1437 column 3 function operator[],
qwen/gen_3/00001_3/0053_p01179_Cousin_s_Aunt.cpp,qwen,gen_3,p01179_Cousin_s_Aunt,0,file derived/cpp/qwen/gen_3/00001_3/0053_p01179_Cousin_s_Aunt.cpp line 13 column 12 function main,CWE-190
qwen/gen_3/00001_3/0015_488_C._Fight_the_Monster.cpp,qwen,gen_3,488_C_Fight_the_Monster,0,file derived/cpp/qwen/gen_3/00001_3/0015_488_C._Fight_the_Monster.cpp line 28 column 45 function main,CWE-190
qwen/gen_3/00001_3/0037_p02705_AtCoder_Beginner_Contest_163_-_Circle_Pond.cpp,qwen,gen_3,p02705_AtCoder_Beginner_Contest_163_-_Circle_Pond,0,file derived/cpp/qwen/gen_3/00001_3/0037_p02705_AtCoder_Beginner_Contest_163_-_Circle_Pond.cpp line 10 column 3 function main,CWE-190
qwen/gen_3/00001_3/0247_381_A._Sereja_and_Dima.cpp,qwen,gen_3,381_A_Sereja_and_Dima,0,file derived/cpp/qwen/gen_3/00001_3/0247_381_A._Sereja_and_Dima.cpp line 19 column 5 function main,CWE-190
qwen/gen_3/00001_3/0257_690_A1._Collective_Mindsets__easy_.cpp,qwen,gen_3,690_A1_Collective_Mindsets__easy_,0,file derived/cpp/qwen/gen_3/00001_3/0257_690_A1._Collective_Mindsets__easy_.cpp line 20 column 5 function main,CWE-190
qwen/gen_3/00001_3/0181_633_A._Ebony_and_Ivory.cpp,qwen,gen_3,633_A_Ebony_and_Ivory,0,file derived/cpp/qwen/gen_3/00001_3/0181_633_A._Ebony_and_Ivory.cpp line 9 column 5 function main,CWE-190
qwen/gen_3/00001_3/0155_1353_C._Board_Moves.cpp,qwen,gen_3,1353_C_Board_Moves,0,file derived/cpp/qwen/gen_3/00001_3/0155_1353_C._Board_Moves.cpp line 9 column 10 function main,CWE-190
qwen/gen_3/00001_3/0095_604_A._Uncowed_Forces.cpp,qwen,gen_3,604_A_Uncowed_Forces,0,file derived/cpp/qwen/gen_3/00001_3/0095_604_A._Uncowed_Forces.cpp line 28 column 3 function main,CWE-190
qwen/gen_3/00001_3/0057_p01931_Check_answers.cpp,qwen,gen_3,p01931_Check_answers,0,file /tmp/esbmc-cpp-headers-5ab1-88d1-4c22/string line 1437 column 3 function operator[],
qwen/gen_3/00001_3/0035_985_A._Chess_Placing.cpp,qwen,gen_3,985_A_Chess_Placing,0,file /tmp/esbmc-cpp-headers-5afc-4382-c4ff/vector line 520 column 5 function end,
qwen/gen_3/00001_3/0077_1451_D._Circle_Game.cpp,qwen,gen_3,1451_D_Circle_Game,0,file derived/cpp/qwen/gen_3/00001_3/0077_1451_D._Circle_Game.cpp line 10 column 10 function main,CWE-190
qwen/gen_3/00001_3/0242_239_A._Two_Bags_of_Potatoes.cpp,qwen,gen_3,239_A_Two_Bags_of_Potatoes,0,file derived/cpp/qwen/gen_3/00001_3/0242_239_A._Two_Bags_of_Potatoes.cpp line 12 column 3 function main,CWE-190
qwen/gen_3/00001_3/0008_323_C._Two_permutations.cpp,qwen,gen_3,323_C_Two_permutations,0,file derived/cpp/qwen/gen_3/00001_3/0008_323_C._Two_permutations.cpp line 36 column 18 function main,CWE-190
qwen/gen_3/00001_3/0182_685_D._Kay_and_Eternity.cpp,qwen,gen_3,685_D_Kay_and_Eternity,0,file derived/cpp/qwen/gen_3/00001_3/0182_685_D._Kay_and_Eternity.cpp line 22 column 17 function main,CWE-190
qwen/gen_3/00001_3/0170_352_E._Jeff_and_Brackets.cpp,qwen,gen_3,352_E_Jeff_and_Brackets,0,file derived/cpp/qwen/gen_3/00001_3/0170_352_E._Jeff_and_Brackets.cpp line 23 column 3 function main,CWE-190
qwen/gen_3/00001_3/0094_582_A._GCD_Table.cpp,qwen,gen_3,582_A_GCD_Table,0,arithmetic overflow on mul,CWE-190
qwen/gen_3/00001_3/0215_p02250_Multiple_String_Matching.cpp,qwen,gen_3,p02250_Multiple_String_Matching,0,file /tmp/esbmc-cpp-headers-0832-f4ff-73cb/string line 1924 column 3 function find,
qwen/gen_3/00001_3/0116_p03080_ExaWizards_2019_-_Red_or_Blue.cpp,qwen,gen_3,p03080_ExaWizards_2019_-_Red_or_Blue,0,file /tmp/esbmc-cpp-headers-8d67-4150-827f/string line 1437 column 3 function operator[],
qwen/gen_3/00001_3/0118_p03371_AtCoder_Beginner_Contest_095_-_Half_and_Half.cpp,qwen,gen_3,p03371_AtCoder_Beginner_Contest_095_-_Half_and_Half,0,file derived/cpp/qwen/gen_3/00001_3/0118_p03371_AtCoder_Beginner_Contest_095_-_Half_and_Half.cpp line 15 column 5 function main,CWE-190
qwen/gen_3/00001_3/0070_1281_B._Azamon_Web_Services.cpp,qwen,gen_3,1281_B_Azamon_Web_Services,0,file derived/cpp/qwen/gen_3/00001_3/0070_1281_B._Azamon_Web_Services.cpp line 11 column 12 function main,CWE-190
qwen/gen_3/00001_3/0145_1121_A._Technogoblet_of_Fire.cpp,qwen,gen_3,1121_A_Technogoblet_of_Fire,0,file /tmp/esbmc-cpp-headers-a6d2-fdb7-2764/vector line 670 column 5 function operator[],
qwen/gen_1/00000/0042_663_A._Rebus.cpp,qwen,gen_1,663_A_Rebus,0,file /tmp/esbmc-cpp-headers-1a7b-8a3e-04ad/vector line 671 column 5 function operator[],
qwen/gen_1/00000/0152_p00074_Videotape.cpp,qwen,gen_1,p00074_Videotape,0,file derived/cpp/qwen/gen_1/00000/0152_p00074_Videotape.cpp line 8 column 9 function main,CWE-190
qwen/gen_1/00000/0193_209_B._Pixels.cpp,qwen,gen_1,209_B_Pixels,0,file derived/cpp/qwen/gen_1/00000/0193_209_B._Pixels.cpp line 8 column 5 function main,CWE-190
qwen/gen_1/00000/0264_1244_C._The_Football_Season.cpp,qwen,gen_1,1244_C_The_Football_Season,0,file derived/cpp/qwen/gen_1/00000/0264_1244_C._The_Football_Season.cpp line 19 column 9 function main,CWE-190
qwen/gen_1/00000/0218_820_A._Mister_B_and_Book_Reading.cpp,qwen,gen_1,820_A_Mister_B_and_Book_Reading,0,file derived/cpp/qwen/gen_1/00000/0218_820_A._Mister_B_and_Book_Reading.cpp line 14 column 9 function main,CWE-190
qwen/gen_1/00000/0192_167_C._Wizards_and_Numbers.cpp,qwen,gen_1,167_C_Wizards_and_Numbers,0,file derived/cpp/qwen/gen_1/00000/0192_167_C._Wizards_and_Numbers.cpp line 9 column 12 function main,CWE-190
qwen/gen_1/00000/0107_195_A._Let_s_Watch_Football.cpp,qwen,gen_1,195_A_Let_s_Watch_Football,0,file derived/cpp/qwen/gen_1/00000/0107_195_A._Let_s_Watch_Football.cpp line 8 column 5 function main,CWE-190
qwen/gen_1/00000/0151_p03986_AtCoder_Grand_Contest_005_-_STring.cpp,qwen,gen_1,p03986_AtCoder_Grand_Contest_005_-_STring,0,file derived/cpp/qwen/gen_1/00000/0151_p03986_AtCoder_Grand_Contest_005_-_STring.cpp line 10 column 10 function main,CWE-119|CWE-476
qwen/gen_1/00000/0090_1155_A._Reverse_a_Substring.cpp,qwen,gen_1,1155_A_Reverse_a_Substring,0,file /tmp/esbmc-cpp-headers-1ec0-ec76-7b5b/string line 1437 column 3 function operator[],
qwen/gen_1/00000/0031_379_A._New_Year_Candles.cpp,qwen,gen_1,379_A_New_Year_Candles,0,file derived/cpp/qwen/gen_1/00000/0031_379_A._New_Year_Candles.cpp line 12 column 9 function main,CWE-190
qwen/gen_1/00000/0124_5_A._Chat_Server_s_Outgoing_Traffic.cpp,qwen,gen_1,5_A_Chat_Server_s_Outgoing_Traffic,0,file /tmp/esbmc-cpp-headers-e11d-40b3-36b1/ios line 254 column 3 function rdstate,CWE-476
qwen/gen_1/00000/0236_p00032_Plastic_Board.cpp,qwen,gen_1,p00032_Plastic_Board,0,file derived/cpp/qwen/gen_1/00000/0236_p00032_Plastic_Board.cpp line 12 column 16 function main,CWE-190
qwen/gen_1/00000/0048_7_B._Memory_Manager.cpp,qwen,gen_1,7_B_Memory_Manager,0,file derived/cpp/qwen/gen_1/00000/0048_7_B._Memory_Manager.cpp line 26 column 12 function main,CWE-190
qwen/gen_1/00000/0194_235_A._LCM_Challenge.cpp,qwen,gen_1,235_A_LCM_Challenge,0,file derived/cpp/qwen/gen_1/00000/0194_235_A._LCM_Challenge.cpp line 17 column 5 function lcm,CWE-190
qwen/gen_1/00000/0153_p00206_Next_Trip.cpp,qwen,gen_1,p00206_Next_Trip,0,file derived/cpp/qwen/gen_1/00000/0153_p00206_Next_Trip.cpp line 13 column 13 function main,CWE-190
qwen/gen_1/00000/0066_p03943_AtCoder_Beginner_Contest_047_-_Fighting_over_Candies.cpp,qwen,gen_1,p03943_AtCoder_Beginner_Contest_047_-_Fighting_over_Candies,0,file derived/cpp/qwen/gen_1/00000/0066_p03943_AtCoder_Beginner_Contest_047_-_Fighting_over_Candies.cpp line 7 column 5 function main,CWE-190
qwen/gen_1/00000/0002_1060_A._Phone_Numbers.cpp,qwen,gen_1,1060_A_Phone_Numbers,0,file derived/cpp/qwen/gen_1/00000/0002_1060_A._Phone_Numbers.cpp line 12 column 10 function main,CWE-119|CWE-476
qwen/gen_1/00000/0227_p02741_Panasonic_Programming_Contest_2020_-_Kth_Term.cpp,qwen,gen_1,p02741_Panasonic_Programming_Contest_2020_-_Kth_Term,0,file derived/cpp/qwen/gen_1/00000/0227_p02741_Panasonic_Programming_Contest_2020_-_Kth_Term.cpp line 8 column 5 function main,CWE-119
qwen/gen_1/00002/0074_513_A._Game.cpp,qwen,gen_1,513_A_Game,0,file derived/cpp/qwen/gen_1/00002/0074_513_A._Game.cpp line 7 column 5 function main,CWE-190
qwen/gen_1/00002/0079_630_E._A_rectangle.cpp,qwen,gen_1,630_E_A_rectangle,0,file derived/cpp/qwen/gen_1/00002/0079_630_E._A_rectangle.cpp line 9 column 5 function main,CWE-190
qwen/gen_1/00002/0246_409_A._The_Great_Game.cpp,qwen,gen_1,409_A_The_Great_Game,0,file derived/cpp/qwen/gen_1/00002/0246_409_A._The_Great_Game.cpp line 9 column 10 function main,CWE-119|CWE-476
qwen/gen_1/00002/0235_155_A._I_love__username_.cpp,qwen,gen_1,155_A_I_love__username_,0,file /tmp/esbmc-cpp-headers-25ce-08b8-f123/vector line 520 column 5 function end,
qwen/gen_1/00002/0155_365_A._Good_Number.cpp,qwen,gen_1,365_A_Good_Number,0,file /tmp/esbmc-cpp-headers-1566-ad34-a56a/bitset line 290 column 5 function set,
qwen/gen_1/00002/0004_918_A._Eleven.cpp,qwen,gen_1,918_A_Eleven,0,arithmetic overflow on add,CWE-190
qwen/gen_1/00002/0152_294_A._Shaass_and_Oskols.cpp,qwen,gen_1,294_A_Shaass_and_Oskols,0,file /tmp/esbmc-cpp-headers-f715-826f-d3a9/vector line 670 column 5 function operator[],
qwen/gen_1/00002/0069_393_C._Blocked_Points.cpp,qwen,gen_1,393_C_Blocked_Points,0,file derived/cpp/qwen/gen_1/00002/0069_393_C._Blocked_Points.cpp line 10 column 9 function main,CWE-190
qwen/gen_1/00002/0103_p03729_AtCoder_Beginner_Contest_060_-_Shiritori.cpp,qwen,gen_1,p03729_AtCoder_Beginner_Contest_060_-_Shiritori,0,file /tmp/esbmc-cpp-headers-c51a-44cd-67bf/string line 1470 column 3 function back,
qwen/gen_1/00002/0017_p03963_AtCoder_Beginner_Contest_046_-_Painting_Balls_with_AtCoDeer.cpp,qwen,gen_1,p03963_AtCoder_Beginner_Contest_046_-_Painting_Balls_with_AtCoDeer,0,file derived/cpp/qwen/gen_1/00002/0017_p03963_AtCoder_Beginner_Contest_046_-_Painting_Balls_with_AtCoDeer.cpp line 11 column 5 function main,CWE-190
qwen/gen_1/00002/0181_99_B._Help_Chef_Gerasim.cpp,qwen,gen_1,99_B_Help_Chef_Gerasim,0,file /tmp/esbmc-cpp-headers-c458-9729-ae41/vector line 520 column 5 function end,
qwen/gen_1/00002/0018_p00054_Sum_of_Nth_decimal_places.cpp,qwen,gen_1,p00054_Sum_of_Nth_decimal_places,0,file derived/cpp/qwen/gen_1/00002/0018_p00054_Sum_of_Nth_decimal_places.cpp line 10 column 13 function main,CWE-190
qwen/gen_1/00002/0261_787_A._The_Monster.cpp,qwen,gen_1,787_A_The_Monster,0,file derived/cpp/qwen/gen_1/00002/0261_787_A._The_Monster.cpp line 19 column 9 function main,CWE-190
qwen/gen_1/00002/0275_p03069_Tenka1_Programmer_Beginner_Contest_2019_-_Stones.cpp,qwen,gen_1,p03069_Tenka1_Programmer_Beginner_Contest_2019_-_Stones,0,file /tmp/esbmc-cpp-headers-6a0c-0ba3-fed5/string line 1437 column 3 function operator[],
qwen/gen_1/00001/0020_609_B._The_Best_Gift.cpp,qwen,gen_1,609_B_The_Best_Gift,0,arithmetic overflow on add,CWE-190
qwen/gen_1/00001/0267_239_A._Two_Bags_of_Potatoes.cpp,qwen,gen_1,239_A_Two_Bags_of_Potatoes,0,file derived/cpp/qwen/gen_1/00001/0267_239_A._Two_Bags_of_Potatoes.cpp line 9 column 9 function main,CWE-190
qwen/gen_1/00001/0286_690_A1._Collective_Mindsets__easy_.cpp,qwen,gen_1,690_A1_Collective_Mindsets__easy_,0,file derived/cpp/qwen/gen_1/00001/0286_690_A1._Collective_Mindsets__easy_.cpp line 8 column 10 function main,CWE-190
qwen/gen_1/00001/0034_931_A._Friends_Meeting.cpp,qwen,gen_1,931_A_Friends_Meeting,0,file derived/cpp/qwen/gen_1/00001/0034_931_A._Friends_Meeting.cpp line 8 column 5 function main,CWE-190
qwen/gen_1/00001/0060_p01931_Check_answers.cpp,qwen,gen_1,p01931_Check_answers,0,file /tmp/esbmc-cpp-headers-6ad9-4567-7367/string line 1437 column 3 function operator[],
qwen/gen_1/00001/0240_103_C._Russian_Roulette.cpp,qwen,gen_1,103_C_Russian_Roulette,0,file /tmp/esbmc-cpp-headers-442f-eca3-4aff/vector line 520 column 5 function end,
qwen/gen_1/00001/0117_835_A._Key_races.cpp,qwen,gen_1,835_A_Key_races,0,file derived/cpp/qwen/gen_1/00001/0117_835_A._Key_races.cpp line 7 column 5 function main,CWE-190
qwen/gen_1/00001/0043_p03407_AtCoder_Beginner_Contest_091_-_Two_Coins.cpp,qwen,gen_1,p03407_AtCoder_Beginner_Contest_091_-_Two_Coins,0,file derived/cpp/qwen/gen_1/00001/0043_p03407_AtCoder_Beginner_Contest_091_-_Two_Coins.cpp line 8 column 9 function main,CWE-190
qwen/gen_1/00001/0107_604_A._Uncowed_Forces.cpp,qwen,gen_1,604_A_Uncowed_Forces,0,file derived/cpp/qwen/gen_1/00001/0107_604_A._Uncowed_Forces.cpp line 19 column 5 function main,CWE-190
qwen/gen_1/00001/0041_p03107_AtCoder_Beginner_Contest_120_-_Unification.cpp,qwen,gen_1,p03107_AtCoder_Beginner_Contest_120_-_Unification,0,file derived/cpp/qwen/gen_1/00001/0041_p03107_AtCoder_Beginner_Contest_120_-_Unification.cpp line 11 column 10 function main,CWE-119|CWE-476
qwen/gen_1/00001/0273_381_A._Sereja_and_Dima.cpp,qwen,gen_1,381_A_Sereja_and_Dima,0,file derived/cpp/qwen/gen_1/00001/0273_381_A._Sereja_and_Dima.cpp line 15 column 5 function main,CWE-190
qwen/gen_1/00001/0229_p01076_Graph_Making.cpp,qwen,gen_1,p01076_Graph_Making,0,file derived/cpp/qwen/gen_1/00001/0229_p01076_Graph_Making.cpp line 11 column 9 function main,CWE-190
qwen/gen_1/00001/0134_p03849_AtCoder_Regular_Contest_066_-_Xor_Sum.cpp,qwen,gen_1,p03849_AtCoder_Regular_Contest_066_-_Xor_Sum,0,file derived/cpp/qwen/gen_1/00001/0134_p03849_AtCoder_Regular_Contest_066_-_Xor_Sum.cpp line 25 column 5 function main,CWE-190
qwen/gen_1/00001/0237_p02250_Multiple_String_Matching.cpp,qwen,gen_1,p02250_Multiple_String_Matching,0,file derived/cpp/qwen/gen_1/00001/0237_p02250_Multiple_String_Matching.cpp line 18 column 12 function main,CWE-190
qwen/gen_1/00001/0115_789_A._Anastasia_and_pebbles.cpp,qwen,gen_1,789_A_Anastasia_and_pebbles,0,file derived/cpp/qwen/gen_1/00001/0115_789_A._Anastasia_and_pebbles.cpp line 15 column 9 function main,CWE-190
qwen/gen_1/00001/0081_1366_A._Shovels_and_Swords.cpp,qwen,gen_1,1366_A_Shovels_and_Swords,0,file derived/cpp/qwen/gen_1/00001/0081_1366_A._Shovels_and_Swords.cpp line 8 column 12 function main,CWE-190
qwen/gen_1/00001/0198_633_A._Ebony_and_Ivory.cpp,qwen,gen_1,633_A_Ebony_and_Ivory,0,file derived/cpp/qwen/gen_1/00001/0198_633_A._Ebony_and_Ivory.cpp line 9 column 9 function main,CWE-190
qwen/gen_1/00001/0192_492_D._Vanya_and_Computer_Game.cpp,qwen,gen_1,492_D_Vanya_and_Computer_Game,0,file derived/cpp/qwen/gen_1/00001/0192_492_D._Vanya_and_Computer_Game.cpp line 12 column 9 function main,CWE-190
qwen/gen_1/00001/0125_p02548_AtCoder_Beginner_Contest_179_-_A_x_B___C.cpp,qwen,gen_1,p02548_AtCoder_Beginner_Contest_179_-_A_x_B___C,0,file derived/cpp/qwen/gen_1/00001/0125_p02548_AtCoder_Beginner_Contest_179_-_A_x_B___C.cpp line 8 column 5 function main,CWE-190
qwen/gen_1/00001/0182_259_B._Little_Elephant_and_Magic_Square.cpp,qwen,gen_1,259_B_Little_Elephant_and_Magic_Square,0,file /tmp/esbmc-cpp-headers-21f3-125b-d8eb/vector line 437 column 9 function operator=,CWE-476
qwen/gen_1/00001/0047_p04048_AtCoder_Grand_Contest_001_-_Mysterious_Light.cpp,qwen,gen_1,p04048_AtCoder_Grand_Contest_001_-_Mysterious_Light,0,file derived/cpp/qwen/gen_1/00001/0047_p04048_AtCoder_Grand_Contest_001_-_Mysterious_Light.cpp line 7 column 5 function main,CWE-190
qwen/gen_1/00001/0238_p02398_How_Many_Divisors_.cpp,qwen,gen_1,p02398_How_Many_Divisors_,0,file derived/cpp/qwen/gen_1/00001/0238_p02398_How_Many_Divisors_.cpp line 9 column 9 function main,CWE-190
qwen/gen_1/00001/0100_40_B._Repaintings.cpp,qwen,gen_1,40_B_Repaintings,0,file derived/cpp/qwen/gen_1/00001/0100_40_B._Repaintings.cpp line 15 column 15 function main,CWE-190
qwen/gen_2/00000_2/0239_p00490_Best_Pizza.cpp,qwen,gen_2,p00490_Best_Pizza,0,file derived/cpp/qwen/gen_2/00000_2/0239_p00490_Best_Pizza.cpp line 21 column 17 function main,CWE-190
qwen/gen_2/00000_2/0230_p03150_KEYENCE_Programming_Contest_2019_-_KEYENCE_String.cpp,qwen,gen_2,p03150_KEYENCE_Programming_Contest_2019_-_KEYENCE_String,0,file /tmp/esbmc-cpp-headers-b67e-a0e4-2f6a/string line 999 column 5 function substr,
qwen/gen_2/00000_2/0004_1101_A._Minimum_Integer.cpp,qwen,gen_2,1101_A_Minimum_Integer,0,file derived/cpp/qwen/gen_2/00000_2/0004_1101_A._Minimum_Integer.cpp line 7 column 11 function main,CWE-190
qwen/gen_2/00000_2/0042_663_A._Rebus.cpp,qwen,gen_2,663_A_Rebus,0,file /tmp/esbmc-cpp-headers-fd63-15d8-e0f9/string line 1470 column 3 function back,
qwen/gen_2/00000_2/0152_p00074_Videotape.cpp,qwen,gen_2,p00074_Videotape,0,file derived/cpp/qwen/gen_2/00000_2/0152_p00074_Videotape.cpp line 8 column 9 function main,CWE-190
qwen/gen_2/00000_2/0264_1244_C._The_Football_Season.cpp,qwen,gen_2,1244_C_The_Football_Season,0,file derived/cpp/qwen/gen_2/00000_2/0264_1244_C._The_Football_Season.cpp line 24 column 9 function main,CWE-190
qwen/gen_2/00000_2/0090_1155_A._Reverse_a_Substring.cpp,qwen,gen_2,1155_A_Reverse_a_Substring,0,file /tmp/esbmc-cpp-headers-d47f-c088-0509/string line 1437 column 3 function operator[],
qwen/gen_2/00000_2/0031_379_A._New_Year_Candles.cpp,qwen,gen_2,379_A_New_Year_Candles,0,file derived/cpp/qwen/gen_2/00000_2/0031_379_A._New_Year_Candles.cpp line 11 column 9 function main,CWE-190
qwen/gen_2/00000_2/0135_851_B._Arpa_and_an_exam_about_geometry.cpp,qwen,gen_2,851_B_Arpa_and_an_exam_about_geometry,0,file derived/cpp/qwen/gen_2/00000_2/0135_851_B._Arpa_and_an_exam_about_geometry.cpp line 12 column 5 function main,CWE-190
qwen/gen_2/00000_2/0144_p02916_AtCoder_Beginner_Contest_140_-_Buffet.cpp,qwen,gen_2,p02916_AtCoder_Beginner_Contest_140_-_Buffet,0,file /tmp/esbmc-cpp-headers-74b3-1632-880f/vector line 670 column 5 function operator[],
qwen/gen_2/00000_2/0124_5_A._Chat_Server_s_Outgoing_Traffic.cpp,qwen,gen_2,5_A_Chat_Server_s_Outgoing_Traffic,0,file /tmp/esbmc-cpp-headers-f3be-cb3a-a8a4/ios line 254 column 3 function rdstate,CWE-476
qwen/gen_2/00000_2/0093_1236_A._Stones.cpp,qwen,gen_2,1236_A_Stones,0,file derived/cpp/qwen/gen_2/00000_2/0093_1236_A._Stones.cpp line 13 column 9 function main,CWE-190
qwen/gen_2/00000_2/0236_p00032_Plastic_Board.cpp,qwen,gen_2,p00032_Plastic_Board,0,file derived/cpp/qwen/gen_2/00000_2/0236_p00032_Plastic_Board.cpp line 12 column 13 function main,CWE-190
qwen/gen_2/00000_2/0153_p00206_Next_Trip.cpp,qwen,gen_2,p00206_Next_Trip,0,file derived/cpp/qwen/gen_2/00000_2/0153_p00206_Next_Trip.cpp line 11 column 13 function main,CWE-190
qwen/gen_2/00000_2/0066_p03943_AtCoder_Beginner_Contest_047_-_Fighting_over_Candies.cpp,qwen,gen_2,p03943_AtCoder_Beginner_Contest_047_-_Fighting_over_Candies,0,file derived/cpp/qwen/gen_2/00000_2/0066_p03943_AtCoder_Beginner_Contest_047_-_Fighting_over_Candies.cpp line 8 column 5 function main,CWE-190
qwen/gen_2/00000_2/0002_1060_A._Phone_Numbers.cpp,qwen,gen_2,1060_A_Phone_Numbers,0,file /tmp/esbmc-cpp-headers-e1f8-24fe-add0/vector line 670 column 5 function operator[],
qwen/gen_2/00000_2/0227_p02741_Panasonic_Programming_Contest_2020_-_Kth_Term.cpp,qwen,gen_2,p02741_Panasonic_Programming_Contest_2020_-_Kth_Term,0,file derived/cpp/qwen/gen_2/00000_2/0227_p02741_Panasonic_Programming_Contest_2020_-_Kth_Term.cpp line 8 column 5 function main,CWE-119
qwen/gen_2/00000_2/0030_354_E._Lucky_Number_Representation.cpp,qwen,gen_2,354_E_Lucky_Number_Representation,0,file derived/cpp/qwen/gen_2/00000_2/0030_354_E._Lucky_Number_Representation.cpp line 13 column 12 function main,CWE-190
qwen/gen_2/00001_2/0238_103_C._Russian_Roulette.cpp,qwen,gen_2,103_C_Russian_Roulette,0,file /tmp/esbmc-cpp-headers-8247-803f-d152/vector line 671 column 5 function operator[],
qwen/gen_2/00001_2/0229_p01346_Ropeway.cpp,qwen,gen_2,p01346_Ropeway,0,file derived/cpp/qwen/gen_2/00001_2/0229_p01346_Ropeway.cpp line 14 column 5 function main,CWE-190
qwen/gen_2/00001_2/0092_248_A._Cupboards.cpp,qwen,gen_2,248_A_Cupboards,0,file /tmp/esbmc-cpp-headers-05fe-d16e-dbb9/vector line 520 column 5 function end,
qwen/gen_2/00001_2/0034_931_A._Friends_Meeting.cpp,qwen,gen_2,931_A_Friends_Meeting,0,file derived/cpp/qwen/gen_2/00001_2/0034_931_A._Friends_Meeting.cpp line 9 column 5 function main,CWE-190
qwen/gen_2/00001_2/0227_p01076_Graph_Making.cpp,qwen,gen_2,p01076_Graph_Making,0,file derived/cpp/qwen/gen_2/00001_2/0227_p01076_Graph_Making.cpp line 11 column 9 function main,CWE-190
qwen/gen_2/00001_2/0043_p03407_AtCoder_Beginner_Contest_091_-_Two_Coins.cpp,qwen,gen_2,p03407_AtCoder_Beginner_Contest_091_-_Two_Coins,0,file derived/cpp/qwen/gen_2/00001_2/0043_p03407_AtCoder_Beginner_Contest_091_-_Two_Coins.cpp line 8 column 5 function main,CWE-190
qwen/gen_2/00001_2/0189_46_C._Hamsters_and_Tigers.cpp,qwen,gen_2,46_C_Hamsters_and_Tigers,0,file /tmp/esbmc-cpp-headers-ea31-af63-bc0a/string line 1437 column 3 function operator[],
qwen/gen_2/00001_2/0127_p03080_ExaWizards_2019_-_Red_or_Blue.cpp,qwen,gen_2,p03080_ExaWizards_2019_-_Red_or_Blue,0,file derived/cpp/qwen/gen_2/00001_2/0127_p03080_ExaWizards_2019_-_Red_or_Blue.cpp line 11 column 10 function main,CWE-119|CWE-476
qwen/gen_2/00001_2/0203_845_B._Luba_And_The_Ticket.cpp,qwen,gen_2,845_B_Luba_And_The_Ticket,0,file /tmp/esbmc-cpp-headers-4cb6-fe51-dd0d/string line 1437 column 3 function operator[],
qwen/gen_2/00001_2/0015_488_C._Fight_the_Monster.cpp,qwen,gen_2,488_C_Fight_the_Monster,0,file derived/cpp/qwen/gen_2/00001_2/0015_488_C._Fight_the_Monster.cpp line 20 column 44 function main,CWE-190
qwen/gen_2/00001_2/0123_p02548_AtCoder_Beginner_Contest_179_-_A_x_B___C.cpp,qwen,gen_2,p02548_AtCoder_Beginner_Contest_179_-_A_x_B___C,0,file derived/cpp/qwen/gen_2/00001_2/0123_p02548_AtCoder_Beginner_Contest_179_-_A_x_B___C.cpp line 8 column 5 function main,CWE-190
qwen/gen_2/00001_2/0115_835_A._Key_races.cpp,qwen,gen_2,835_A_Key_races,0,file derived/cpp/qwen/gen_2/00001_2/0115_835_A._Key_races.cpp line 7 column 5 function main,CWE-190
qwen/gen_2/00001_2/0046_p03889_CODE_FESTIVAL_2016_Relay__Parallel__-_Mirror_String.cpp,qwen,gen_2,p03889_CODE_FESTIVAL_2016_Relay__Parallel__-_Mirror_String,0,file /../lib/gcc/x86_64-linux-gnu/13/../../../../include/c++/13/bits/move.h line 198 column 7 function swap,CWE-119|CWE-476
qwen/gen_2/00001_2/0236_p02398_How_Many_Divisors_.cpp,qwen,gen_2,p02398_How_Many_Divisors_,0,file derived/cpp/qwen/gen_2/00001_2/0236_p02398_How_Many_Divisors_.cpp line 10 column 9 function main,CWE-190
qwen/gen_2/00001_2/0173_148_B._Escape.cpp,qwen,gen_2,148_B_Escape,0,file derived/cpp/qwen/gen_2/00001_2/0173_148_B._Escape.cpp line 13 column 9 function main,CWE-190
qwen/gen_2/00001_2/0262_171_C._A_Piece_of_Cake.cpp,qwen,gen_2,171_C_A_Piece_of_Cake,0,file /tmp/esbmc-cpp-headers-a27e-4a94-a4ab/numeric line 13 column 5 function accumulate,CWE-190
qwen/gen_2/00001_2/0284_690_A1._Collective_Mindsets__easy_.cpp,qwen,gen_2,690_A1_Collective_Mindsets__easy_,0,file derived/cpp/qwen/gen_2/00001_2/0284_690_A1._Collective_Mindsets__easy_.cpp line 10 column 9 function main,CWE-190
qwen/gen_2/00001_2/0288_779_A._Pupils_Redistribution.cpp,qwen,gen_2,779_A_Pupils_Redistribution,0,file /tmp/esbmc-cpp-headers-21ba-8e9a-5bca/vector line 671 column 5 function operator[],
qwen/gen_2/00001_2/0047_p04048_AtCoder_Grand_Contest_001_-_Mysterious_Light.cpp,qwen,gen_2,p04048_AtCoder_Grand_Contest_001_-_Mysterious_Light,0,file derived/cpp/qwen/gen_2/00001_2/0047_p04048_AtCoder_Grand_Contest_001_-_Mysterious_Light.cpp line 9 column 5 function main,CWE-190
qwen/gen_2/00001_2/0196_633_A._Ebony_and_Ivory.cpp,qwen,gen_2,633_A_Ebony_and_Ivory,0,file derived/cpp/qwen/gen_2/00001_2/0196_633_A._Ebony_and_Ivory.cpp line 9 column 9 function main,CWE-190
qwen/gen_2/00002_2/0063_393_C._Blocked_Points.cpp,qwen,gen_2,393_C_Blocked_Points,0,file derived/cpp/qwen/gen_2/00002_2/0063_393_C._Blocked_Points.cpp line 18 column 5 function main,CWE-190
qwen/gen_2/00002_2/0252_p03069_Tenka1_Programmer_Beginner_Contest_2019_-_Stones.cpp,qwen,gen_2,p03069_Tenka1_Programmer_Beginner_Contest_2019_-_Stones,0,file /tmp/esbmc-cpp-headers-55d5-3c3d-5212/string line 1437 column 3 function operator[],
qwen/gen_2/00002_2/0237_698_B._Fix_a_Tree.cpp,qwen,gen_2,698_B_Fix_a_Tree,0,file /tmp/esbmc-cpp-headers-28c6-0a3d-6cd2/vector line 671 column 5 function operator[],
qwen/gen_2/00002_2/0046_1329_D._Dreamoon_Likes_Strings.cpp,qwen,gen_2,1329_D_Dreamoon_Likes_Strings,0,file derived/cpp/qwen/gen_2/00002_2/0046_1329_D._Dreamoon_Likes_Strings.cpp line 11 column 10 function main,CWE-190
qwen/gen_2/00002_2/0125_1342_E._Placing_Rooks.cpp,qwen,gen_2,1342_E_Placing_Rooks,0,file derived/cpp/qwen/gen_2/00002_2/0125_1342_E._Placing_Rooks.cpp line 48 column 5 function main,CWE-190
qwen/gen_2/00002_2/0134_177_D1._Encrypting_Messages.cpp,qwen,gen_2,177_D1_Encrypting_Messages,0,file derived/cpp/qwen/gen_2/00002_2/0134_177_D1._Encrypting_Messages.cpp line 25 column 3 function main,CWE-190
qwen/gen_2/00002_2/0238_719_B._Anatoly_and_Cockroaches.cpp,qwen,gen_2,719_B_Anatoly_and_Cockroaches,0,file /tmp/esbmc-cpp-headers-a8d6-2de1-093e/string line 1437 column 3 function operator[],
qwen/gen_2/00002_2/0047_136_B._Ternary_Logic.cpp,qwen,gen_2,136_B_Ternary_Logic,0,file derived/cpp/qwen/gen_2/00002_2/0047_136_B._Ternary_Logic.cpp line 21 column 9 function main,CWE-190
qwen/gen_2/00002_2/0186_p01600_Tree_Construction.cpp,qwen,gen_2,p01600_Tree_Construction,0,file derived/cpp/qwen/gen_2/00002_2/0186_p01600_Tree_Construction.cpp line 17 column 5 function main,CWE-190
qwen/gen_2/00002_2/0092_p03729_AtCoder_Beginner_Contest_060_-_Shiritori.cpp,qwen,gen_2,p03729_AtCoder_Beginner_Contest_060_-_Shiritori,0,file /tmp/esbmc-cpp-headers-9336-8f41-7899/string line 1470 column 3 function back,
qwen/gen_2/00002_2/0105_p01801_Wall_Making_Game.cpp,qwen,gen_2,p01801_Wall_Making_Game,0,file /tmp/esbmc-cpp-headers-9578-b4e3-06d3/string line 3408 column 3 function operator==,
qwen/gen_2/00002_2/0210_1384_D._GameGame.cpp,qwen,gen_2,1384_D_GameGame,0,file derived/cpp/qwen/gen_2/00002_2/0210_1384_D._GameGame.cpp line 11 column 10 function main,CWE-190
qwen/gen_2/00002_2/0167_99_B._Help_Chef_Gerasim.cpp,qwen,gen_2,99_B_Help_Chef_Gerasim,0,file /tmp/esbmc-cpp-headers-4df2-e31c-59d2/vector line 520 column 5 function end,
qwen/gen_2/00002_2/0026_p01711_Idempotent_Filter.cpp,qwen,gen_2,p01711_Idempotent_Filter,0,file /tmp/esbmc-cpp-headers-d953-02fd-61ec/string line 1437 column 3 function operator[],
qwen/gen_2/00002_2/0031_p02425_Bit_Flag.cpp,qwen,gen_2,p02425_Bit_Flag,0,file derived/cpp/qwen/gen_2/00002_2/0031_p02425_Bit_Flag.cpp line 33 column 7 function main,CWE-190
qwen/gen_2/00002_2/0071_630_E._A_rectangle.cpp,qwen,gen_2,630_E_A_rectangle,0,file derived/cpp/qwen/gen_2/00002_2/0071_630_E._A_rectangle.cpp line 10 column 3 function main,CWE-190
qwen/gen_2/00002_2/0157_764_A._Taymyr_is_calling_you.cpp,qwen,gen_2,764_A_Taymyr_is_calling_you,0,file derived/cpp/qwen/gen_2/00002_2/0157_764_A._Taymyr_is_calling_you.cpp line 12 column 9 function main,CWE-190
qwen/gen_2/00002_2/0133_155_C._Hometask.cpp,qwen,gen_2,155_C_Hometask,0,file /tmp/esbmc-cpp-headers-242c-521f-c7bd/string line 1437 column 3 function operator[],
qwen/gen_2/00002_2/0015_p03963_AtCoder_Beginner_Contest_046_-_Painting_Balls_with_AtCoDeer.cpp,qwen,gen_2,p03963_AtCoder_Beginner_Contest_046_-_Painting_Balls_with_AtCoDeer,0,file derived/cpp/qwen/gen_2/00002_2/0015_p03963_AtCoder_Beginner_Contest_046_-_Painting_Balls_with_AtCoDeer.cpp line 13 column 9 function main,CWE-119
qwen/gen_2/00002_2/0152_625_A._Guest_From_the_Past.cpp,qwen,gen_2,625_A_Guest_From_the_Past,0,file derived/cpp/qwen/gen_2/00002_2/0152_625_A._Guest_From_the_Past.cpp line 18 column 3 function main,CWE-190
qwen/gen_2/00002_2/0250_p02797_Keyence_Programming_Contest_2020_-_Subarray_Sum.cpp,qwen,gen_2,p02797_Keyence_Programming_Contest_2020_-_Subarray_Sum,0,file /tmp/esbmc-cpp-headers-d03a-ccf9-13a9/vector line 671 column 5 function operator[],
qwen/gen_2/00002_2/0033_1031_B._Curiosity_Has_No_Limits.cpp,qwen,gen_2,1031_B_Curiosity_Has_No_Limits,0,file /tmp/esbmc-cpp-headers-f523-f7e9-09f6/vector line 671 column 5 function operator[],
qwen/gen_2/00002_2/0188_p01896_Folding_Paper.cpp,qwen,gen_2,p01896_Folding_Paper,0,arithmetic overflow on mul,CWE-190
qwen/gen_2/00002_2/0166_97_B._Superset.cpp,qwen,gen_2,97_B_Superset,0,file /tmp/esbmc-cpp-headers-1124-599f-a7f6/vector line 585 column 5 function size,
gemma/gen_3/00002_3/0072_630_E._A_rectangle.cpp,gemma,gen_3,630_E_A_rectangle,0,file derived/cpp/gemma/gen_3/00002_3/0072_630_E._A_rectangle.cpp line 10 column 3 function main,CWE-190
gemma/gen_3/00002_3/0064_393_C._Blocked_Points.cpp,gemma,gen_3,393_C_Blocked_Points,0,file derived/cpp/gemma/gen_3/00002_3/0064_393_C._Blocked_Points.cpp line 19 column 5 function main,CWE-190
gemma/gen_3/00002_3/0046_1329_D._Dreamoon_Likes_Strings.cpp,gemma,gen_3,1329_D_Dreamoon_Likes_Strings,0,file derived/cpp/gemma/gen_3/00002_3/0046_1329_D._Dreamoon_Likes_Strings.cpp line 11 column 12 function main,CWE-190
gemma/gen_3/00002_3/0032_p02425_Bit_Flag.cpp,gemma,gen_3,p02425_Bit_Flag,0,file derived/cpp/gemma/gen_3/00002_3/0032_p02425_Bit_Flag.cpp line 37 column 13 function main,CWE-190
gemma/gen_3/00002_3/0018_p00184_Tsuruga_Castle.cpp,gemma,gen_3,p00184_Tsuruga_Castle,0,file /tmp/esbmc-cpp-headers-0313-0536-8e1e/vector line 520 column 5 function end,
gemma/gen_3/00002_3/0152_808_G._Anthem_of_Berland.cpp,gemma,gen_3,808_G_Anthem_of_Berland,0,file /tmp/esbmc-cpp-headers-6f06-ff51-8432/string line 999 column 5 function substr,
gemma/gen_3/00002_3/0122_1342_E._Placing_Rooks.cpp,gemma,gen_3,1342_E_Placing_Rooks,0,file derived/cpp/gemma/gen_3/00002_3/0122_1342_E._Placing_Rooks.cpp line 48 column 5 function main,CWE-190
gemma/gen_3/00002_3/0229_698_B._Fix_a_Tree.cpp,gemma,gen_3,698_B_Fix_a_Tree,0,file /tmp/esbmc-cpp-headers-b843-0f43-2e6d/vector line 671 column 5 function operator[],
gemma/gen_3/00002_3/0150_764_A._Taymyr_is_calling_you.cpp,gemma,gen_3,764_A_Taymyr_is_calling_you,0,file derived/cpp/gemma/gen_3/00002_3/0150_764_A._Taymyr_is_calling_you.cpp line 12 column 5 function main,CWE-190
gemma/gen_3/00002_3/0034_1031_B._Curiosity_Has_No_Limits.cpp,gemma,gen_3,1031_B_Curiosity_Has_No_Limits,0,file /tmp/esbmc-cpp-headers-56f4-9d3e-260f/vector line 671 column 5 function operator[],
gemma/gen_3/00002_3/0016_p03963_AtCoder_Beginner_Contest_046_-_Painting_Balls_with_AtCoDeer.cpp,gemma,gen_3,p03963_AtCoder_Beginner_Contest_046_-_Painting_Balls_with_AtCoDeer,0,file derived/cpp/gemma/gen_3/00002_3/0016_p03963_AtCoder_Beginner_Contest_046_-_Painting_Balls_with_AtCoDeer.cpp line 16 column 5 function main,CWE-119
gemma/gen_3/00002_3/0027_p01711_Idempotent_Filter.cpp,gemma,gen_3,p01711_Idempotent_Filter,0,file /tmp/esbmc-cpp-headers-1fee-e732-eaa5/string line 1437 column 3 function operator[],
gemma/gen_3/00002_3/0228_673_A._Bear_and_Game.cpp,gemma,gen_3,673_A_Bear_and_Game,0,file /tmp/esbmc-cpp-headers-a04f-0048-0029/vector line 671 column 5 function operator[],
gemma/gen_3/00002_3/0230_719_B._Anatoly_and_Cockroaches.cpp,gemma,gen_3,719_B_Anatoly_and_Cockroaches,0,file /tmp/esbmc-cpp-headers-d3f5-7d39-c341/string line 1437 column 3 function operator[],
gemma/gen_3/00002_3/0181_p01600_Tree_Construction.cpp,gemma,gen_3,p01600_Tree_Construction,0,file derived/cpp/gemma/gen_3/00002_3/0181_p01600_Tree_Construction.cpp line 17 column 5 function main,CWE-190
gemma/gen_3/00002_3/0145_625_A._Guest_From_the_Past.cpp,gemma,gen_3,625_A_Guest_From_the_Past,0,arithmetic overflow on div,CWE-190
gemma/gen_3/00002_3/0203_1384_D._GameGame.cpp,gemma,gen_3,1384_D_GameGame,0,file derived/cpp/gemma/gen_3/00002_3/0203_1384_D._GameGame.cpp line 11 column 12 function main,CWE-190
gemma/gen_3/00002_3/0243_p02797_Keyence_Programming_Contest_2020_-_Subarray_Sum.cpp,gemma,gen_3,p02797_Keyence_Programming_Contest_2020_-_Subarray_Sum,0,file /tmp/esbmc-cpp-headers-8357-bbfd-d0ea/vector line 671 column 5 function operator[],
gemma/gen_3/00002_3/0160_99_B._Help_Chef_Gerasim.cpp,gemma,gen_3,99_B_Help_Chef_Gerasim,0,file /tmp/esbmc-cpp-headers-f43e-4232-0e8a/vector line 520 column 5 function end,
gemma/gen_3/00002_3/0245_p03069_Tenka1_Programmer_Beginner_Contest_2019_-_Stones.cpp,gemma,gen_3,p03069_Tenka1_Programmer_Beginner_Contest_2019_-_Stones,0,file /tmp/esbmc-cpp-headers-b8cb-a2b3-9f36/string line 1437 column 3 function operator[],
gemma/gen_3/00002_3/0091_p03729_AtCoder_Beginner_Contest_060_-_Shiritori.cpp,gemma,gen_3,p03729_AtCoder_Beginner_Contest_060_-_Shiritori,0,file /tmp/esbmc-cpp-headers-98f2-6d9f-dd08/string line 1470 column 3 function back,
gemma/gen_3/00002_3/0103_p01801_Wall_Making_Game.cpp,gemma,gen_3,p01801_Wall_Making_Game,0,file /tmp/esbmc-cpp-headers-2464-8628-cc87/string line 3408 column 3 function operator==,
gemma/gen_3/00002_3/0236_901_D._Weighting_a_Tree.cpp,gemma,gen_3,901_D_Weighting_a_Tree,0,file /tmp/esbmc-cpp-headers-8ca5-5272-9f50/vector line 670 column 5 function operator[],
gemma/gen_3/00002_3/0133_294_A._Shaass_and_Oskols.cpp,gemma,gen_3,294_A_Shaass_and_Oskols,0,file /tmp/esbmc-cpp-headers-934e-e6cd-d34e/vector line 670 column 5 function operator[],
gemma/gen_3/00002_3/0232_787_A._The_Monster.cpp,gemma,gen_3,787_A_The_Monster,0,file derived/cpp/gemma/gen_3/00002_3/0232_787_A._The_Monster.cpp line 13 column 13 function main,CWE-190
gemma/gen_3/00000_3/0237_1369_D._TediousLee.cpp,gemma,gen_3,1369_D_TediousLee,0,file derived/cpp/gemma/gen_3/00000_3/0237_1369_D._TediousLee.cpp line 30 column 11 function main,CWE-190
gemma/gen_3/00000_3/0212_p00676_KND_is_So_Sexy.cpp,gemma,gen_3,p00676_KND_is_So_Sexy,0,file derived/cpp/gemma/gen_3/00000_3/0212_p00676_KND_is_So_Sexy.cpp line 10 column 5 function main,CWE-190
gemma/gen_3/00000_3/0162_1311_C._Perform_the_Combo.cpp,gemma,gen_3,1311_C_Perform_the_Combo,0,file derived/cpp/gemma/gen_3/00000_3/0162_1311_C._Perform_the_Combo.cpp line 12 column 12 function main,CWE-190
gemma/gen_3/00000_3/0028_379_A._New_Year_Candles.cpp,gemma,gen_3,379_A_New_Year_Candles,0,file derived/cpp/gemma/gen_3/00000_3/0028_379_A._New_Year_Candles.cpp line 14 column 5 function main,CWE-190
gemma/gen_3/00000_3/0207_p03940_AtCoder_Grand_Contest_007_-_Shik_and_Game.cpp,gemma,gen_3,p03940_AtCoder_Grand_Contest_007_-_Shik_and_Game,0,file derived/cpp/gemma/gen_3/00000_3/0207_p03940_AtCoder_Grand_Contest_007_-_Shik_and_Game.cpp line 32 column 3 function main,CWE-190
gemma/gen_3/00000_3/0157_1208_A._XORinacci.cpp,gemma,gen_3,1208_A_XORinacci,0,file derived/cpp/gemma/gen_3/00000_3/0157_1208_A._XORinacci.cpp line 8 column 10 function main,CWE-190
gemma/gen_3/00000_3/0137_p00074_Videotape.cpp,gemma,gen_3,p00074_Videotape,0,file derived/cpp/gemma/gen_3/00000_3/0137_p00074_Videotape.cpp line 10 column 5 function main,CWE-190
gemma/gen_3/00000_3/0059_p03943_AtCoder_Beginner_Contest_047_-_Fighting_over_Candies.cpp,gemma,gen_3,p03943_AtCoder_Beginner_Contest_047_-_Fighting_over_Candies,0,file derived/cpp/gemma/gen_3/00000_3/0059_p03943_AtCoder_Beginner_Contest_047_-_Fighting_over_Candies.cpp line 9 column 3 function main,CWE-190
gemma/gen_3/00000_3/0166_1397_C._Multiples_of_Length.cpp,gemma,gen_3,1397_C_Multiples_of_Length,0,file /tmp/esbmc-cpp-headers-15cd-e617-6c80/vector line 671 column 5 function operator[],
gemma/gen_3/00000_3/0231_1244_C._The_Football_Season.cpp,gemma,gen_3,1244_C_The_Football_Season,0,file derived/cpp/gemma/gen_3/00000_3/0231_1244_C._The_Football_Season.cpp line 15 column 5 function main,CWE-190
gemma/gen_3/00000_3/0032_519_B._A_and_B_and_Compilation_Errors.cpp,gemma,gen_3,519_B_A_and_B_and_Compilation_Errors,0,arithmetic overflow on sub,CWE-190
gemma/gen_3/00000_3/0111_5_A._Chat_Server_s_Outgoing_Traffic.cpp,gemma,gen_3,5_A_Chat_Server_s_Outgoing_Traffic,0,file /tmp/esbmc-cpp-headers-1331-36b4-13f8/ios line 254 column 3 function rdstate,CWE-476
gemma/gen_3/00000_3/0107_478_A._Initial_Bet.cpp,gemma,gen_3,478_A_Initial_Bet,0,file derived/cpp/gemma/gen_3/00000_3/0107_478_A._Initial_Bet.cpp line 11 column 5 function main,CWE-190
gemma/gen_3/00000_3/0204_p03150_KEYENCE_Programming_Contest_2019_-_KEYENCE_String.cpp,gemma,gen_3,p03150_KEYENCE_Programming_Contest_2019_-_KEYENCE_String,0,file /tmp/esbmc-cpp-headers-880b-0727-cba9/string line 2281 column 3 function erase,
gemma/gen_3/00000_3/0001_1081_G._Mergesort_Strikes_Back.cpp,gemma,gen_3,1081_G_Mergesort_Strikes_Back,0,file derived/cpp/gemma/gen_3/00000_3/0001_1081_G._Mergesort_Strikes_Back.cpp line 119 column 5 function main,CWE-190
gemma/gen_3/00000_3/0130_p02916_AtCoder_Beginner_Contest_140_-_Buffet.cpp,gemma,gen_3,p02916_AtCoder_Beginner_Contest_140_-_Buffet,0,file /tmp/esbmc-cpp-headers-b263-e4b2-183d/vector line 670 column 5 function operator[],
gemma/gen_3/00000_3/0103_385_A._Bear_and_Raspberry.cpp,gemma,gen_3,385_A_Bear_and_Raspberry,0,file derived/cpp/gemma/gen_3/00000_3/0103_385_A._Bear_and_Raspberry.cpp line 17 column 3 function main,CWE-190
gemma/gen_3/00000_3/0178_39_E._What_Has_Dirichlet_Got_to_Do_with_That_.cpp,gemma,gen_3,39_E_What_Has_Dirichlet_Got_to_Do_with_That_,0,file derived/cpp/gemma/gen_3/00000_3/0178_39_E._What_Has_Dirichlet_Got_to_Do_with_That_.cpp line 28 column 30 function main,CWE-190
gemma/gen_3/00000_3/0227_1165_A._Remainder.cpp,gemma,gen_3,1165_A_Remainder,0,file derived/cpp/gemma/gen_3/00000_3/0227_1165_A._Remainder.cpp line 25 column 10 function main,CWE-119|CWE-476
gemma/gen_3/00000_3/0141_p00991_Grid.cpp,gemma,gen_3,p00991_Grid,0,file derived/cpp/gemma/gen_3/00000_3/0141_p00991_Grid.cpp line 12 column 3 function main,CWE-190
gemma/gen_3/00000_3/0189_754_B._Ilya_and_tic-tac-toe_game.cpp,gemma,gen_3,754_B_Ilya_and_tic-tac-toe_game,0,file /tmp/esbmc-cpp-headers-82ca-44be-f610/string line 1437 column 3 function operator[],
gemma/gen_3/00000_3/0025_284_B._Cows_and_Poker_Game.cpp,gemma,gen_3,284_B_Cows_and_Poker_Game,0,file /tmp/esbmc-cpp-headers-1413-a2d6-c2ce/string line 1437 column 3 function operator[],
gemma/gen_3/00000_3/0170_1512_G._Short_Task.cpp,gemma,gen_3,1512_G_Short_Task,0,file derived/cpp/gemma/gen_3/00000_3/0170_1512_G._Short_Task.cpp line 11 column 12 function main,CWE-190
gemma/gen_3/00000_3/0076_101_C._Vectors.cpp,gemma,gen_3,101_C_Vectors,0,file derived/cpp/gemma/gen_3/00000_3/0076_101_C._Vectors.cpp line 47 column 5 function main,CWE-190
gemma/gen_3/00000_3/0181_494_A._Treasure.cpp,gemma,gen_3,494_A_Treasure,0,file derived/cpp/gemma/gen_3/00000_3/0181_494_A._Treasure.cpp line 73 column 13 function main,CWE-119|CWE-476
gemma/gen_3/00000_3/0022_20_B._Equation.cpp,gemma,gen_3,20_B_Equation,0,file derived/cpp/gemma/gen_3/00000_3/0022_20_B._Equation.cpp line 29 column 5 function main,CWE-190
gemma/gen_3/00000_3/0002_1101_A._Minimum_Integer.cpp,gemma,gen_3,1101_A_Minimum_Integer,0,file derived/cpp/gemma/gen_3/00000_3/0002_1101_A._Minimum_Integer.cpp line 10 column 10 function main,CWE-190
gemma/gen_3/00000_3/0095_195_A._Let_s_Watch_Football.cpp,gemma,gen_3,195_A_Let_s_Watch_Football,0,file derived/cpp/gemma/gen_3/00000_3/0095_195_A._Let_s_Watch_Football.cpp line 18 column 7 function main,CWE-190
gemma/gen_3/00000_3/0057_p03616_AtCoder_Regular_Contest_082_-_Sandglass.cpp,gemma,gen_3,p03616_AtCoder_Regular_Contest_082_-_Sandglass,0,file derived/cpp/gemma/gen_3/00000_3/0057_p03616_AtCoder_Regular_Contest_082_-_Sandglass.cpp line 23 column 5 function main,CWE-190
gemma/gen_3/00000_3/0068_p01356_Nearest_Station.cpp,gemma,gen_3,p01356_Nearest_Station,0,file derived/cpp/gemma/gen_3/00000_3/0068_p01356_Nearest_Station.cpp line 14 column 9 function main,CWE-190
gemma/gen_3/00000_3/0055_p03297_AtCoder_Grand_Contest_026_-_rng_10s.cpp,gemma,gen_3,p03297_AtCoder_Grand_Contest_026_-_rng_10s,0,file derived/cpp/gemma/gen_3/00000_3/0055_p03297_AtCoder_Grand_Contest_026_-_rng_10s.cpp line 9 column 10 function main,CWE-190
gemma/gen_3/00000_3/0171_167_C._Wizards_and_Numbers.cpp,gemma,gen_3,167_C_Wizards_and_Numbers,0,file derived/cpp/gemma/gen_3/00000_3/0171_167_C._Wizards_and_Numbers.cpp line 10 column 12 function main,CWE-190
gemma/gen_3/00001_3/0053_p01931_Check_answers.cpp,gemma,gen_3,p01931_Check_answers,0,file /tmp/esbmc-cpp-headers-98cb-a3c0-a3de/string line 1437 column 3 function operator[],
gemma/gen_3/00001_3/0259_779_A._Pupils_Redistribution.cpp,gemma,gen_3,779_A_Pupils_Redistribution,0,file /tmp/esbmc-cpp-headers-62b2-436e-e465/vector line 520 column 5 function end,
gemma/gen_3/00001_3/0069_1281_B._Azamon_Web_Services.cpp,gemma,gen_3,1281_B_Azamon_Web_Services,0,file derived/cpp/gemma/gen_3/00001_3/0069_1281_B._Azamon_Web_Services.cpp line 10 column 10 function main,CWE-190
gemma/gen_3/00001_3/0041_p04048_AtCoder_Grand_Contest_001_-_Mysterious_Light.cpp,gemma,gen_3,p04048_AtCoder_Grand_Contest_001_-_Mysterious_Light,0,file derived/cpp/gemma/gen_3/00001_3/0041_p04048_AtCoder_Grand_Contest_001_-_Mysterious_Light.cpp line 10 column 3 function main,CWE-190
gemma/gen_3/00001_3/0207_p01076_Graph_Making.cpp,gemma,gen_3,p01076_Graph_Making,0,file derived/cpp/gemma/gen_3/00001_3/0207_p01076_Graph_Making.cpp line 26 column 7 function main,CWE-190
gemma/gen_3/00001_3/0226_1230_A._Dawid_and_Bags_of_Candies.cpp,gemma,gen_3,1230_A_Dawid_and_Bags_of_Candies,0,file derived/cpp/gemma/gen_3/00001_3/0226_1230_A._Dawid_and_Bags_of_Candies.cpp line 10 column 3 function main,CWE-190
gemma/gen_3/00001_3/0052_p01797_Kimagure_Cleaner.cpp,gemma,gen_3,p01797_Kimagure_Cleaner,0,file derived/cpp/gemma/gen_3/00001_3/0052_p01797_Kimagure_Cleaner.cpp line 28 column 25 function main,CWE-190
gemma/gen_3/00001_3/0097_650_B._Image_Preview.cpp,gemma,gen_3,650_B_Image_Preview,0,file /tmp/esbmc-cpp-headers-da72-c7ab-f58f/string line 1437 column 3 function operator[],
gemma/gen_3/00001_3/0179_685_D._Kay_and_Eternity.cpp,gemma,gen_3,685_D_Kay_and_Eternity,0,file derived/cpp/gemma/gen_3/00001_3/0179_685_D._Kay_and_Eternity.cpp line 22 column 17 function main,CWE-190
gemma/gen_3/00001_3/0149_1310_B._Double_Elimination.cpp,gemma,gen_3,1310_B_Double_Elimination,0,file derived/cpp/gemma/gen_3/00001_3/0149_1310_B._Double_Elimination.cpp line 16 column 3 function main,CWE-190
gemma/gen_3/00001_3/0168_352_E._Jeff_and_Brackets.cpp,gemma,gen_3,352_E_Jeff_and_Brackets,0,file derived/cpp/gemma/gen_3/00001_3/0168_352_E._Jeff_and_Brackets.cpp line 23 column 5 function main,CWE-190
gemma/gen_3/00001_3/0144_1206_F._Almost_All.cpp,gemma,gen_3,1206_F_Almost_All,0,arithmetic overflow on sub,CWE-190
gemma/gen_3/00001_3/0260_802_I._Fake_News__hard_.cpp,gemma,gen_3,802_I_Fake_News__hard_,0,file derived/cpp/gemma/gen_3/00001_3/0260_802_I._Fake_News__hard_.cpp line 12 column 12 function main,CWE-190
gemma/gen_3/00001_3/0140_1121_A._Technogoblet_of_Fire.cpp,gemma,gen_3,1121_A_Technogoblet_of_Fire,0,file /tmp/esbmc-cpp-headers-00d2-91a5-9fb9/vector line 670 column 5 function operator[],
gemma/gen_3/00001_3/0078_1500_B._Two_chandeliers.cpp,gemma,gen_3,1500_B_Two_chandeliers,0,file /tmp/esbmc-cpp-headers-6a6e-2e8e-4dee/vector line 671 column 5 function operator[],
gemma/gen_3/00001_3/0076_1451_D._Circle_Game.cpp,gemma,gen_3,1451_D_Circle_Game,0,file derived/cpp/gemma/gen_3/00001_3/0076_1451_D._Circle_Game.cpp line 12 column 5 function main,CWE-190
gemma/gen_3/00001_3/0178_633_A._Ebony_and_Ivory.cpp,gemma,gen_3,633_A_Ebony_and_Ivory,0,file derived/cpp/gemma/gen_3/00001_3/0178_633_A._Ebony_and_Ivory.cpp line 10 column 9 function main,CWE-190
gemma/gen_3/00001_3/0131_p01904_Minimum_Enclosing_Rectangle.cpp,gemma,gen_3,p01904_Minimum_Enclosing_Rectangle,0,file /tmp/esbmc-cpp-headers-6dfd-be24-c810/vector line 671 column 5 function operator[],
gemma/gen_3/00001_3/0214_p02250_Multiple_String_Matching.cpp,gemma,gen_3,p02250_Multiple_String_Matching,0,file /tmp/esbmc-cpp-headers-9e67-f9bd-2af9/string line 1924 column 3 function find,
gemma/gen_3/00001_3/0217_103_C._Russian_Roulette.cpp,gemma,gen_3,103_C_Russian_Roulette,0,file /tmp/esbmc-cpp-headers-7106-7dce-b41e/vector line 670 column 5 function operator[],
gemma/gen_3/00001_3/0152_1373_B._01_Game.cpp,gemma,gen_3,1373_B_01_Game,0,file derived/cpp/gemma/gen_3/00001_3/0152_1373_B._01_Game.cpp line 10 column 10 function main,CWE-190
gemma/gen_3/00001_3/0245_381_A._Sereja_and_Dima.cpp,gemma,gen_3,381_A_Sereja_and_Dima,0,file derived/cpp/gemma/gen_3/00001_3/0245_381_A._Sereja_and_Dima.cpp line 20 column 5 function main,CWE-190
gemma/gen_3/00001_3/0033_p02705_AtCoder_Beginner_Contest_163_-_Circle_Pond.cpp,gemma,gen_3,p02705_AtCoder_Beginner_Contest_163_-_Circle_Pond,0,file derived/cpp/gemma/gen_3/00001_3/0033_p02705_AtCoder_Beginner_Contest_163_-_Circle_Pond.cpp line 10 column 3 function main,CWE-190
gemma/gen_3/00001_3/0099_720_C._Homework.cpp,gemma,gen_3,720_C_Homework,0,file derived/cpp/gemma/gen_3/00001_3/0099_720_C._Homework.cpp line 9 column 12 function main,CWE-190
gemma/gen_3/00001_3/0189_989_E._A_Trance_of_Nightfall.cpp,gemma,gen_3,989_E_A_Trance_of_Nightfall,0,file derived/cpp/gemma/gen_3/00001_3/0189_989_E._A_Trance_of_Nightfall.cpp line 23 column 5 function main,CWE-190
gemma/gen_3/00001_3/0256_690_A1._Collective_Mindsets__easy_.cpp,gemma,gen_3,690_A1_Collective_Mindsets__easy_,0,file derived/cpp/gemma/gen_3/00001_3/0256_690_A1._Collective_Mindsets__easy_.cpp line 20 column 9 function main,CWE-190
gemma/gen_3/00001_3/0021_724_F._Uniformly_Branched_Trees.cpp,gemma,gen_3,724_F_Uniformly_Branched_Trees,0,file derived/cpp/gemma/gen_3/00001_3/0021_724_F._Uniformly_Branched_Trees.cpp line 48 column 5 function main,CWE-190
gemma/gen_3/00001_3/0095_604_A._Uncowed_Forces.cpp,gemma,gen_3,604_A_Uncowed_Forces,0,file derived/cpp/gemma/gen_3/00001_3/0095_604_A._Uncowed_Forces.cpp line 58 column 3 function main,CWE-190
gemma/gen_3/00001_3/0104_855_D._Rowena_Ravenclaw_s_Diadem.cpp,gemma,gen_3,855_D_Rowena_Ravenclaw_s_Diadem,0,arithmetic overflow on add,CWE-190
gemma/gen_3/00001_3/0196_p03443_AtCoder_Petrozavodsk_Contest_001_-_Colorful_Doors.cpp,gemma,gen_3,p03443_AtCoder_Petrozavodsk_Contest_001_-_Colorful_Doors,0,arithmetic overflow on mul,CWE-190
gemma/gen_3/00001_3/0118_p03849_AtCoder_Regular_Contest_066_-_Xor_Sum.cpp,gemma,gen_3,p03849_AtCoder_Regular_Contest_066_-_Xor_Sum,0,file derived/cpp/gemma/gen_3/00001_3/0118_p03849_AtCoder_Regular_Contest_066_-_Xor_Sum.cpp line 38 column 5 function main,CWE-190
gemma/gen_3/00001_3/0038_p03407_AtCoder_Beginner_Contest_091_-_Two_Coins.cpp,gemma,gen_3,p03407_AtCoder_Beginner_Contest_091_-_Two_Coins,0,file derived/cpp/gemma/gen_3/00001_3/0038_p03407_AtCoder_Beginner_Contest_091_-_Two_Coins.cpp line 9 column 3 function main,CWE-190
gemma/gen_3/00001_3/0101_789_A._Anastasia_and_pebbles.cpp,gemma,gen_3,789_A_Anastasia_and_pebbles,0,file derived/cpp/gemma/gen_3/00001_3/0101_789_A._Anastasia_and_pebbles.cpp line 18 column 5 function main,CWE-190
gemma/gen_3/00001_3/0135_p02472_Addition_of_Big_Integers.cpp,gemma,gen_3,p02472_Addition_of_Big_Integers,0,file /tmp/esbmc-cpp-headers-676d-e005-e799/string line 1437 column 3 function operator[],
gemma/gen_3/00001_3/0073_1366_A._Shovels_and_Swords.cpp,gemma,gen_3,1366_A_Shovels_and_Swords,0,file derived/cpp/gemma/gen_3/00001_3/0073_1366_A._Shovels_and_Swords.cpp line 10 column 10 function main,CWE-190
gemma/gen_3/00001_3/0240_239_A._Two_Bags_of_Potatoes.cpp,gemma,gen_3,239_A_Two_Bags_of_Potatoes,0,file derived/cpp/gemma/gen_3/00001_3/0240_239_A._Two_Bags_of_Potatoes.cpp line 10 column 5 function main,CWE-190
gemma/gen_3/00001_3/0151_1353_C._Board_Moves.cpp,gemma,gen_3,1353_C_Board_Moves,0,file derived/cpp/gemma/gen_3/00001_3/0151_1353_C._Board_Moves.cpp line 8 column 10 function main,CWE-190
gemma/gen_3/00001_3/0114_p03080_ExaWizards_2019_-_Red_or_Blue.cpp,gemma,gen_3,p03080_ExaWizards_2019_-_Red_or_Blue,0,file /tmp/esbmc-cpp-headers-d0b7-d561-df76/string line 1437 column 3 function operator[],
gemma/gen_3/00001_3/0153_1396_A._Multiples_of_Length.cpp,gemma,gen_3,1396_A_Multiples_of_Length,0,file /tmp/esbmc-cpp-headers-e625-fb63-a96c/vector line 671 column 5 function operator[],
gemma/gen_1/00000/0070_p01356_Nearest_Station.cpp,gemma,gen_1,p01356_Nearest_Station,0,file derived/cpp/gemma/gen_1/00000/0070_p01356_Nearest_Station.cpp line 14 column 5 function main,CWE-190
gemma/gen_1/00000/0004_1101_A._Minimum_Integer.cpp,gemma,gen_1,1101_A_Minimum_Integer,0,file derived/cpp/gemma/gen_1/00000/0004_1101_A._Minimum_Integer.cpp line 10 column 10 function main,CWE-190
gemma/gen_1/00000/0099_195_A._Let_s_Watch_Football.cpp,gemma,gen_1,195_A_Let_s_Watch_Football,0,file derived/cpp/gemma/gen_1/00000/0099_195_A._Let_s_Watch_Football.cpp line 18 column 7 function main,CWE-190
gemma/gen_1/00000/0007_1189_D1._Add_on_a_Tree.cpp,gemma,gen_1,1189_D1_Add_on_a_Tree,0,file /tmp/esbmc-cpp-headers-13eb-f9b1-06d7/vector line 520 column 5 function end,
gemma/gen_1/00000/0176_39_E._What_Has_Dirichlet_Got_to_Do_with_That_.cpp,gemma,gen_1,39_E_What_Has_Dirichlet_Got_to_Do_with_That_,0,file derived/cpp/gemma/gen_1/00000/0176_39_E._What_Has_Dirichlet_Got_to_Do_with_That_.cpp line 28 column 30 function main,CWE-190
gemma/gen_1/00000/0164_1397_C._Multiples_of_Length.cpp,gemma,gen_1,1397_C_Multiples_of_Length,0,file /tmp/esbmc-cpp-headers-9849-1501-7efa/vector line 671 column 5 function operator[],
gemma/gen_1/00000/0230_1244_C._The_Football_Season.cpp,gemma,gen_1,1244_C_The_Football_Season,0,file derived/cpp/gemma/gen_1/00000/0230_1244_C._The_Football_Season.cpp line 9 column 5 function main,CWE-190
gemma/gen_1/00000/0105_385_A._Bear_and_Raspberry.cpp,gemma,gen_1,385_A_Bear_and_Raspberry,0,file derived/cpp/gemma/gen_1/00000/0105_385_A._Bear_and_Raspberry.cpp line 17 column 3 function main,CWE-190
gemma/gen_1/00000/0188_754_B._Ilya_and_tic-tac-toe_game.cpp,gemma,gen_1,754_B_Ilya_and_tic-tac-toe_game,0,file /tmp/esbmc-cpp-headers-a927-c12e-cb87/string line 1437 column 3 function operator[],
gemma/gen_1/00000/0160_1311_C._Perform_the_Combo.cpp,gemma,gen_1,1311_C_Perform_the_Combo,0,file derived/cpp/gemma/gen_1/00000/0160_1311_C._Perform_the_Combo.cpp line 12 column 12 function main,CWE-190
gemma/gen_1/00000/0138_p00074_Videotape.cpp,gemma,gen_1,p00074_Videotape,0,file derived/cpp/gemma/gen_1/00000/0138_p00074_Videotape.cpp line 10 column 5 function main,CWE-190
gemma/gen_1/00000/0060_p03943_AtCoder_Beginner_Contest_047_-_Fighting_over_Candies.cpp,gemma,gen_1,p03943_AtCoder_Beginner_Contest_047_-_Fighting_over_Candies,0,file derived/cpp/gemma/gen_1/00000/0060_p03943_AtCoder_Beginner_Contest_047_-_Fighting_over_Candies.cpp line 9 column 3 function main,CWE-190
gemma/gen_1/00000/0132_p02916_AtCoder_Beginner_Contest_140_-_Buffet.cpp,gemma,gen_1,p02916_AtCoder_Beginner_Contest_140_-_Buffet,0,file /tmp/esbmc-cpp-headers-a61d-6990-8b08/vector line 670 column 5 function operator[],
gemma/gen_1/00000/0208_p00163_Highway_Toll.cpp,gemma,gen_1,p00163_Highway_Toll,0,file derived/cpp/gemma/gen_1/00000/0208_p00163_Highway_Toll.cpp line 159 column 13 function main,CWE-190
gemma/gen_1/00000/0035_519_B._A_and_B_and_Compilation_Errors.cpp,gemma,gen_1,519_B_A_and_B_and_Compilation_Errors,0,arithmetic overflow on sub,CWE-190
gemma/gen_1/00000/0078_101_C._Vectors.cpp,gemma,gen_1,101_C_Vectors,0,file derived/cpp/gemma/gen_1/00000/0078_101_C._Vectors.cpp line 21 column 3 function main,CWE-190
gemma/gen_1/00000/0226_1165_A._Remainder.cpp,gemma,gen_1,1165_A_Remainder,0,file /tmp/esbmc-cpp-headers-c47b-63a1-2688/string line 1437 column 3 function operator[],
gemma/gen_1/00000/0144_p00991_Grid.cpp,gemma,gen_1,p00991_Grid,0,file derived/cpp/gemma/gen_1/00000/0144_p00991_Grid.cpp line 12 column 5 function main,CWE-190
gemma/gen_1/00000/0120_784_B._Kids__Riddle.cpp,gemma,gen_1,784_B_Kids__Riddle,0,file /home/runner/work/esbmc/esbmc/src/c2goto/library/stdlib.c line 413 column 5 function itoa,CWE-190
gemma/gen_1/00000/0114_5_A._Chat_Server_s_Outgoing_Traffic.cpp,gemma,gen_1,5_A_Chat_Server_s_Outgoing_Traffic,0,file /tmp/esbmc-cpp-headers-f4ac-8618-5294/ios line 254 column 3 function rdstate,CWE-476
gemma/gen_1/00000/0155_1208_A._XORinacci.cpp,gemma,gen_1,1208_A_XORinacci,0,file derived/cpp/gemma/gen_1/00000/0155_1208_A._XORinacci.cpp line 9 column 10 function main,CWE-190
gemma/gen_1/00000/0166_1466_C._Canine_poetry.cpp,gemma,gen_1,1466_C_Canine_poetry,0,file derived/cpp/gemma/gen_1/00000/0166_1466_C._Canine_poetry.cpp line 12 column 10 function main,CWE-190
gemma/gen_1/00000/0061_p00035_Is_it_Convex_.cpp,gemma,gen_1,p00035_Is_it_Convex_,0,file derived/cpp/gemma/gen_1/00000/0061_p00035_Is_it_Convex_.cpp line 12 column 5 function main,CWE-190
gemma/gen_1/00000/0168_1512_G._Short_Task.cpp,gemma,gen_1,1512_G_Short_Task,0,file derived/cpp/gemma/gen_1/00000/0168_1512_G._Short_Task.cpp line 10 column 12 function main,CWE-190
gemma/gen_1/00000/0202_p03150_KEYENCE_Programming_Contest_2019_-_KEYENCE_String.cpp,gemma,gen_1,p03150_KEYENCE_Programming_Contest_2019_-_KEYENCE_String,0,file /tmp/esbmc-cpp-headers-a655-06e6-3c49/string line 2281 column 3 function erase,
gemma/gen_1/00000/0139_p00206_Next_Trip.cpp,gemma,gen_1,p00206_Next_Trip,0,file derived/cpp/gemma/gen_1/00000/0139_p00206_Next_Trip.cpp line 13 column 13 function main,CWE-190
gemma/gen_1/00000/0030_379_A._New_Year_Candles.cpp,gemma,gen_1,379_A_New_Year_Candles,0,file derived/cpp/gemma/gen_1/00000/0030_379_A._New_Year_Candles.cpp line 14 column 5 function main,CWE-190
gemma/gen_1/00000/0023_20_B._Equation.cpp,gemma,gen_1,20_B_Equation,0,file derived/cpp/gemma/gen_1/00000/0023_20_B._Equation.cpp line 29 column 5 function main,CWE-190
gemma/gen_1/00000/0109_478_A._Initial_Bet.cpp,gemma,gen_1,478_A_Initial_Bet,0,file derived/cpp/gemma/gen_1/00000/0109_478_A._Initial_Bet.cpp line 11 column 5 function main,CWE-190
gemma/gen_1/00000/0002_1060_A._Phone_Numbers.cpp,gemma,gen_1,1060_A_Phone_Numbers,0,file /tmp/esbmc-cpp-headers-29b6-5e3a-0ccc/vector line 670 column 5 function operator[],
gemma/gen_1/00000/0026_284_B._Cows_and_Poker_Game.cpp,gemma,gen_1,284_B_Cows_and_Poker_Game,0,file /tmp/esbmc-cpp-headers-33e7-6e35-1bc6/string line 1437 column 3 function operator[],
gemma/gen_1/00002/0100_p01801_Wall_Making_Game.cpp,gemma,gen_1,p01801_Wall_Making_Game,0,file /tmp/esbmc-cpp-headers-85d7-a501-ef63/string line 1101 column 3 function basic_string,CWE-119|CWE-476
gemma/gen_1/00002/0032_p02425_Bit_Flag.cpp,gemma,gen_1,p02425_Bit_Flag,0,file derived/cpp/gemma/gen_1/00002/0032_p02425_Bit_Flag.cpp line 31 column 13 function main,CWE-190
gemma/gen_1/00002/0126_155_C._Hometask.cpp,gemma,gen_1,155_C_Hometask,0,file /tmp/esbmc-cpp-headers-df45-43f0-cd67/string line 1437 column 3 function operator[],
gemma/gen_1/00002/0044_1329_D._Dreamoon_Likes_Strings.cpp,gemma,gen_1,1329_D_Dreamoon_Likes_Strings,0,file derived/cpp/gemma/gen_1/00002/0044_1329_D._Dreamoon_Likes_Strings.cpp line 11 column 10 function main,CWE-190
gemma/gen_1/00002/0037_1097_B._Petr_and_a_Combination_Lock.cpp,gemma,gen_1,1097_B_Petr_and_a_Combination_Lock,0,file /tmp/esbmc-cpp-headers-0fbe-7cb7-7a44/vector line 520 column 5 function end,
gemma/gen_1/00002/0034_1031_B._Curiosity_Has_No_Limits.cpp,gemma,gen_1,1031_B_Curiosity_Has_No_Limits,0,file /tmp/esbmc-cpp-headers-07bd-314f-3d87/vector line 671 column 5 function operator[],
gemma/gen_1/00002/0027_p01711_Idempotent_Filter.cpp,gemma,gen_1,p01711_Idempotent_Filter,0,file /tmp/esbmc-cpp-headers-98a9-0843-de4a/string line 1437 column 3 function operator[],
gemma/gen_1/00002/0219_673_A._Bear_and_Game.cpp,gemma,gen_1,673_A_Bear_and_Game,0,file /tmp/esbmc-cpp-headers-4da7-5815-530b/vector line 671 column 5 function operator[],
gemma/gen_1/00002/0180_p01896_Folding_Paper.cpp,gemma,gen_1,p01896_Folding_Paper,0,arithmetic overflow on mul,CWE-190
gemma/gen_1/00002/0071_630_E._A_rectangle.cpp,gemma,gen_1,630_E_A_rectangle,0,file derived/cpp/gemma/gen_1/00002/0071_630_E._A_rectangle.cpp line 10 column 3 function main,CWE-190
gemma/gen_1/00002/0178_p01600_Tree_Construction.cpp,gemma,gen_1,p01600_Tree_Construction,0,file derived/cpp/gemma/gen_1/00002/0178_p01600_Tree_Construction.cpp line 18 column 5 function main,CWE-190
gemma/gen_1/00002/0196_1384_D._GameGame.cpp,gemma,gen_1,1384_D_GameGame,0,file derived/cpp/gemma/gen_1/00002/0196_1384_D._GameGame.cpp line 11 column 12 function main,CWE-190
gemma/gen_1/00002/0235_p03069_Tenka1_Programmer_Beginner_Contest_2019_-_Stones.cpp,gemma,gen_1,p03069_Tenka1_Programmer_Beginner_Contest_2019_-_Stones,0,file /tmp/esbmc-cpp-headers-0eb1-ea0d-0c93/string line 1437 column 3 function operator[],
gemma/gen_1/00002/0017_p03963_AtCoder_Beginner_Contest_046_-_Painting_Balls_with_AtCoDeer.cpp,gemma,gen_1,p03963_AtCoder_Beginner_Contest_046_-_Painting_Balls_with_AtCoDeer,0,file derived/cpp/gemma/gen_1/00002/0017_p03963_AtCoder_Beginner_Contest_046_-_Painting_Balls_with_AtCoDeer.cpp line 15 column 3 function main,CWE-119
gemma/gen_1/00002/0132_294_A._Shaass_and_Oskols.cpp,gemma,gen_1,294_A_Shaass_and_Oskols,0,file /tmp/esbmc-cpp-headers-2a58-8d57-58c2/vector line 670 column 5 function operator[],
gemma/gen_1/00002/0157_99_B._Help_Chef_Gerasim.cpp,gemma,gen_1,99_B_Help_Chef_Gerasim,0,file /tmp/esbmc-cpp-headers-45d0-4f77-68b5/vector line 520 column 5 function end,
gemma/gen_1/00002/0144_625_A._Guest_From_the_Past.cpp,gemma,gen_1,625_A_Guest_From_the_Past,0,file derived/cpp/gemma/gen_1/00002/0144_625_A._Guest_From_the_Past.cpp line 20 column 9 function main,CWE-190
gemma/gen_1/00002/0228_901_D._Weighting_a_Tree.cpp,gemma,gen_1,901_D_Weighting_a_Tree,0,file /tmp/esbmc-cpp-headers-bccb-b319-0df6/vector line 670 column 5 function operator[],
gemma/gen_1/00002/0045_136_B._Ternary_Logic.cpp,gemma,gen_1,136_B_Ternary_Logic,0,file derived/cpp/gemma/gen_1/00002/0045_136_B._Ternary_Logic.cpp line 21 column 9 function main,CWE-190
gemma/gen_1/00002/0148_764_A._Taymyr_is_calling_you.cpp,gemma,gen_1,764_A_Taymyr_is_calling_you,0,file derived/cpp/gemma/gen_1/00002/0148_764_A._Taymyr_is_calling_you.cpp line 12 column 5 function main,CWE-190
gemma/gen_1/00002/0221_719_B._Anatoly_and_Cockroaches.cpp,gemma,gen_1,719_B_Anatoly_and_Cockroaches,0,file /tmp/esbmc-cpp-headers-9947-6c04-e689/string line 1437 column 3 function operator[],
gemma/gen_1/00002/0061_393_C._Blocked_Points.cpp,gemma,gen_1,393_C_Blocked_Points,0,file derived/cpp/gemma/gen_1/00002/0061_393_C._Blocked_Points.cpp line 18 column 5 function main,CWE-190
gemma/gen_1/00002/0118_1342_E._Placing_Rooks.cpp,gemma,gen_1,1342_E_Placing_Rooks,0,file derived/cpp/gemma/gen_1/00002/0118_1342_E._Placing_Rooks.cpp line 35 column 5 function main,CWE-190
gemma/gen_1/00001/0244_239_A._Two_Bags_of_Potatoes.cpp,gemma,gen_1,239_A_Two_Bags_of_Potatoes,0,file derived/cpp/gemma/gen_1/00001/0244_239_A._Two_Bags_of_Potatoes.cpp line 12 column 3 function main,CWE-190
gemma/gen_1/00001/0070_1344_A._Hilbert_s_Hotel.cpp,gemma,gen_1,1344_A_Hilbert_s_Hotel,0,file derived/cpp/gemma/gen_1/00001/0070_1344_A._Hilbert_s_Hotel.cpp line 11 column 10 function main,CWE-190
gemma/gen_1/00001/0052_p01931_Check_answers.cpp,gemma,gen_1,p01931_Check_answers,0,file /tmp/esbmc-cpp-headers-c5aa-3bf3-4ebd/string line 1437 column 3 function operator[],
gemma/gen_1/00001/0094_604_A._Uncowed_Forces.cpp,gemma,gen_1,604_A_Uncowed_Forces,0,file derived/cpp/gemma/gen_1/00001/0094_604_A._Uncowed_Forces.cpp line 28 column 5 function main,CWE-190
gemma/gen_1/00001/0091_483_B._Friends_and_Presents.cpp,gemma,gen_1,483_B_Friends_and_Presents,0,file derived/cpp/gemma/gen_1/00001/0091_483_B._Friends_and_Presents.cpp line 15 column 9 function main,CWE-190
gemma/gen_1/00001/0041_p04048_AtCoder_Grand_Contest_001_-_Mysterious_Light.cpp,gemma,gen_1,p04048_AtCoder_Grand_Contest_001_-_Mysterious_Light,0,file derived/cpp/gemma/gen_1/00001/0041_p04048_AtCoder_Grand_Contest_001_-_Mysterious_Light.cpp line 14 column 5 function main,CWE-190
gemma/gen_1/00001/0128_p01150_Eight_Princes.cpp,gemma,gen_1,p01150_Eight_Princes,0,file derived/cpp/gemma/gen_1/00001/0128_p01150_Eight_Princes.cpp line 9 column 9 function factorial,CWE-190
gemma/gen_1/00001/0249_381_A._Sereja_and_Dima.cpp,gemma,gen_1,381_A_Sereja_and_Dima,0,file derived/cpp/gemma/gen_1/00001/0249_381_A._Sereja_and_Dima.cpp line 19 column 5 function main,CWE-190
gemma/gen_1/00001/0137_p02472_Addition_of_Big_Integers.cpp,gemma,gen_1,p02472_Addition_of_Big_Integers,0,file /tmp/esbmc-cpp-headers-1692-df0b-23de/string line 1437 column 3 function operator[],
gemma/gen_1/00001/0102_789_A._Anastasia_and_pebbles.cpp,gemma,gen_1,789_A_Anastasia_and_pebbles,0,file derived/cpp/gemma/gen_1/00001/0102_789_A._Anastasia_and_pebbles.cpp line 18 column 9 function main,CWE-190
gemma/gen_1/00001/0111_p02548_AtCoder_Beginner_Contest_179_-_A_x_B___C.cpp,gemma,gen_1,p02548_AtCoder_Beginner_Contest_179_-_A_x_B___C,0,file derived/cpp/gemma/gen_1/00001/0111_p02548_AtCoder_Beginner_Contest_179_-_A_x_B___C.cpp line 10 column 3 function main,CWE-190
gemma/gen_1/00001/0147_1206_F._Almost_All.cpp,gemma,gen_1,1206_F_Almost_All,0,arithmetic overflow on sub,CWE-190
gemma/gen_1/00001/0048_p01179_Cousin_s_Aunt.cpp,gemma,gen_1,p01179_Cousin_s_Aunt,0,file derived/cpp/gemma/gen_1/00001/0048_p01179_Cousin_s_Aunt.cpp line 13 column 12 function main,CWE-190
gemma/gen_1/00001/0239_1493_C._K-beautiful_Strings.cpp,gemma,gen_1,1493_C_K-beautiful_Strings,0,file derived/cpp/gemma/gen_1/00001/0239_1493_C._K-beautiful_Strings.cpp line 12 column 12 function main,CWE-190
gemma/gen_1/00001/0105_855_D._Rowena_Ravenclaw_s_Diadem.cpp,gemma,gen_1,855_D_Rowena_Ravenclaw_s_Diadem,0,file /tmp/esbmc-cpp-headers-7ae4-7410-9693/vector line 671 column 5 function operator[],
gemma/gen_1/00001/0074_1451_D._Circle_Game.cpp,gemma,gen_1,1451_D_Circle_Game,0,file derived/cpp/gemma/gen_1/00001/0074_1451_D._Circle_Game.cpp line 54 column 5 function main,CWE-190
gemma/gen_1/00001/0265_802_I._Fake_News__hard_.cpp,gemma,gen_1,802_I_Fake_News__hard_,0,file derived/cpp/gemma/gen_1/00001/0265_802_I._Fake_News__hard_.cpp line 12 column 12 function main,CWE-190
gemma/gen_1/00001/0155_1373_B._01_Game.cpp,gemma,gen_1,1373_B_01_Game,0,file derived/cpp/gemma/gen_1/00001/0155_1373_B._01_Game.cpp line 9 column 12 function main,CWE-190
gemma/gen_1/00001/0022_724_F._Uniformly_Branched_Trees.cpp,gemma,gen_1,724_F_Uniformly_Branched_Trees,0,file derived/cpp/gemma/gen_1/00001/0022_724_F._Uniformly_Branched_Trees.cpp line 60 column 3 function main,CWE-190
gemma/gen_1/00001/0115_p03080_ExaWizards_2019_-_Red_or_Blue.cpp,gemma,gen_1,p03080_ExaWizards_2019_-_Red_or_Blue,0,file /tmp/esbmc-cpp-headers-6f36-96b1-d7ae/string line 1437 column 3 function operator[],
gemma/gen_1/00001/0013_488_C._Fight_the_Monster.cpp,gemma,gen_1,488_C_Fight_the_Monster,0,file derived/cpp/gemma/gen_1/00001/0013_488_C._Fight_the_Monster.cpp line 30 column 45 function main,CWE-190
gemma/gen_1/00001/0033_p02705_AtCoder_Beginner_Contest_163_-_Circle_Pond.cpp,gemma,gen_1,p02705_AtCoder_Beginner_Contest_163_-_Circle_Pond,0,file derived/cpp/gemma/gen_1/00001/0033_p02705_AtCoder_Beginner_Contest_163_-_Circle_Pond.cpp line 10 column 3 function main,CWE-190
gemma/gen_1/00001/0143_1121_A._Technogoblet_of_Fire.cpp,gemma,gen_1,1121_A_Technogoblet_of_Fire,0,file /tmp/esbmc-cpp-headers-1f35-6907-f9a5/vector line 670 column 5 function operator[],
gemma/gen_1/00001/0181_633_A._Ebony_and_Ivory.cpp,gemma,gen_1,633_A_Ebony_and_Ivory,0,file derived/cpp/gemma/gen_1/00001/0181_633_A._Ebony_and_Ivory.cpp line 9 column 3 function main,CWE-190
gemma/gen_1/00001/0224_1131_E._String_Multiplication.cpp,gemma,gen_1,1131_E_String_Multiplication,0,file derived/cpp/gemma/gen_1/00001/0224_1131_E._String_Multiplication.cpp line 33 column 10 function main,CWE-476
gemma/gen_1/00001/0096_650_B._Image_Preview.cpp,gemma,gen_1,650_B_Image_Preview,0,file derived/cpp/gemma/gen_1/00001/0096_650_B._Image_Preview.cpp line 29 column 5 function main,CWE-119
gemma/gen_1/00001/0076_1500_B._Two_chandeliers.cpp,gemma,gen_1,1500_B_Two_chandeliers,0,file /tmp/esbmc-cpp-headers-4cf1-caf0-927a/vector line 671 column 5 function operator[],
gemma/gen_1/00001/0067_1281_B._Azamon_Web_Services.cpp,gemma,gen_1,1281_B_Azamon_Web_Services,0,file derived/cpp/gemma/gen_1/00001/0067_1281_B._Azamon_Web_Services.cpp line 11 column 12 function main,CWE-190
gemma/gen_1/00001/0038_p03407_AtCoder_Beginner_Contest_091_-_Two_Coins.cpp,gemma,gen_1,p03407_AtCoder_Beginner_Contest_091_-_Two_Coins,0,file derived/cpp/gemma/gen_1/00001/0038_p03407_AtCoder_Beginner_Contest_091_-_Two_Coins.cpp line 13 column 5 function main,CWE-190
gemma/gen_1/00001/0031_985_A._Chess_Placing.cpp,gemma,gen_1,985_A_Chess_Placing,0,file /tmp/esbmc-cpp-headers-48f0-e569-6817/vector line 520 column 5 function end,
gemma/gen_1/00001/0182_685_D._Kay_and_Eternity.cpp,gemma,gen_1,685_D_Kay_and_Eternity,0,file derived/cpp/gemma/gen_1/00001/0182_685_D._Kay_and_Eternity.cpp line 22 column 17 function main,CWE-190
gemma/gen_1/00001/0210_p01076_Graph_Making.cpp,gemma,gen_1,p01076_Graph_Making,0,file derived/cpp/gemma/gen_1/00001/0210_p01076_Graph_Making.cpp line 10 column 5 function main,CWE-190
gemma/gen_1/00001/0250_401_E._Olympic_Games.cpp,gemma,gen_1,401_E_Olympic_Games,0,file derived/cpp/gemma/gen_1/00001/0250_401_E._Olympic_Games.cpp line 78 column 3 function main,CWE-190
gemma/gen_1/00001/0228_1230_A._Dawid_and_Bags_of_Candies.cpp,gemma,gen_1,1230_A_Dawid_and_Bags_of_Candies,0,file derived/cpp/gemma/gen_1/00001/0228_1230_A._Dawid_and_Bags_of_Candies.cpp line 10 column 3 function main,CWE-190
gemma/gen_1/00001/0071_1366_A._Shovels_and_Swords.cpp,gemma,gen_1,1366_A_Shovels_and_Swords,0,file derived/cpp/gemma/gen_1/00001/0071_1366_A._Shovels_and_Swords.cpp line 9 column 12 function main,CWE-190
gemma/gen_1/00001/0260_690_A1._Collective_Mindsets__easy_.cpp,gemma,gen_1,690_A1_Collective_Mindsets__easy_,0,file derived/cpp/gemma/gen_1/00001/0260_690_A1._Collective_Mindsets__easy_.cpp line 20 column 5 function main,CWE-190
gemma/gen_1/00001/0169_352_E._Jeff_and_Brackets.cpp,gemma,gen_1,352_E_Jeff_and_Brackets,0,file /tmp/esbmc-cpp-headers-3b35-34c2-ab3e/vector line 671 column 5 function operator[],
gemma/gen_1/00001/0152_1310_B._Double_Elimination.cpp,gemma,gen_1,1310_B_Double_Elimination,0,file derived/cpp/gemma/gen_1/00001/0152_1310_B._Double_Elimination.cpp line 17 column 5 function main,CWE-190
gemma/gen_1/00001/0191_936_A._Save_Energy_.cpp,gemma,gen_1,936_A_Save_Energy_,0,file derived/cpp/gemma/gen_1/00001/0191_936_A._Save_Energy_.cpp line 19 column 9 function main,CWE-190
gemma/gen_1/00001/0217_p02250_Multiple_String_Matching.cpp,gemma,gen_1,p02250_Multiple_String_Matching,0,file /tmp/esbmc-cpp-headers-4e17-eda8-aed5/string line 1924 column 3 function find,
gemma/gen_1/00001/0194_p02603_M-SOLUTIONS_Programming_Contest_2020_-_Road_to_Millionaire.cpp,gemma,gen_1,p02603_M-SOLUTIONS_Programming_Contest_2020_-_Road_to_Millionaire,0,file /tmp/esbmc-cpp-headers-6ff2-88aa-ce27/vector line 670 column 5 function operator[],
gemma/gen_1/00001/0064_1216_D._Swords.cpp,gemma,gen_1,1216_D_Swords,0,file /tmp/esbmc-cpp-headers-aeb9-c199-8a6e/vector line 520 column 5 function end,
gemma/gen_2/00000_2/0155_1512_G._Short_Task.cpp,gemma,gen_2,1512_G_Short_Task,0,file derived/cpp/gemma/gen_2/00000_2/0155_1512_G._Short_Task.cpp line 76 column 5 function main,CWE-190
gemma/gen_2/00000_2/0163_39_E._What_Has_Dirichlet_Got_to_Do_with_That_.cpp,gemma,gen_2,39_E_What_Has_Dirichlet_Got_to_Do_with_That_,0,file derived/cpp/gemma/gen_2/00000_2/0163_39_E._What_Has_Dirichlet_Got_to_Do_with_That_.cpp line 27 column 30 function main,CWE-190
gemma/gen_2/00000_2/0146_1311_C._Perform_the_Combo.cpp,gemma,gen_2,1311_C_Perform_the_Combo,0,file derived/cpp/gemma/gen_2/00000_2/0146_1311_C._Perform_the_Combo.cpp line 11 column 10 function main,CWE-190
gemma/gen_2/00000_2/0019_20_B._Equation.cpp,gemma,gen_2,20_B_Equation,0,file derived/cpp/gemma/gen_2/00000_2/0019_20_B._Equation.cpp line 29 column 5 function main,CWE-190
gemma/gen_2/00000_2/0114_p02916_AtCoder_Beginner_Contest_140_-_Buffet.cpp,gemma,gen_2,p02916_AtCoder_Beginner_Contest_140_-_Buffet,0,file /tmp/esbmc-cpp-headers-9728-e893-0047/vector line 670 column 5 function operator[],
gemma/gen_2/00000_2/0023_379_A._New_Year_Candles.cpp,gemma,gen_2,379_A_New_Year_Candles,0,file derived/cpp/gemma/gen_2/00000_2/0023_379_A._New_Year_Candles.cpp line 14 column 5 function main,CWE-190
gemma/gen_2/00000_2/0213_1165_A._Remainder.cpp,gemma,gen_2,1165_A_Remainder,0,file derived/cpp/gemma/gen_2/00000_2/0213_1165_A._Remainder.cpp line 25 column 10 function main,CWE-119|CWE-476
gemma/gen_2/00000_2/0217_1244_C._The_Football_Season.cpp,gemma,gen_2,1244_C_The_Football_Season,0,file derived/cpp/gemma/gen_2/00000_2/0217_1244_C._The_Football_Season.cpp line 15 column 9 function main,CWE-190
gemma/gen_2/00000_2/0181_893_A._Chess_For_Three.cpp,gemma,gen_2,893_A_Chess_For_Three,0,file /tmp/esbmc-cpp-headers-3514-f97b-5037/vector line 671 column 5 function operator[],
gemma/gen_2/00000_2/0078_195_A._Let_s_Watch_Football.cpp,gemma,gen_2,195_A_Let_s_Watch_Football,0,file derived/cpp/gemma/gen_2/00000_2/0078_195_A._Let_s_Watch_Football.cpp line 18 column 7 function main,CWE-190
gemma/gen_2/00000_2/0156_167_C._Wizards_and_Numbers.cpp,gemma,gen_2,167_C_Wizards_and_Numbers,0,file derived/cpp/gemma/gen_2/00000_2/0156_167_C._Wizards_and_Numbers.cpp line 60 column 9 function main,CWE-190
gemma/gen_2/00000_2/0086_385_A._Bear_and_Raspberry.cpp,gemma,gen_2,385_A_Bear_and_Raspberry,0,file derived/cpp/gemma/gen_2/00000_2/0086_385_A._Bear_and_Raspberry.cpp line 17 column 5 function main,CWE-190
gemma/gen_2/00000_2/0052_p00035_Is_it_Convex_.cpp,gemma,gen_2,p00035_Is_it_Convex_,0,file derived/cpp/gemma/gen_2/00000_2/0052_p00035_Is_it_Convex_.cpp line 11 column 5 function main,CWE-190
gemma/gen_2/00000_2/0059_101_C._Vectors.cpp,gemma,gen_2,101_C_Vectors,0,file derived/cpp/gemma/gen_2/00000_2/0059_101_C._Vectors.cpp line 26 column 3 function main,CWE-190
gemma/gen_2/00000_2/0189_p03150_KEYENCE_Programming_Contest_2019_-_KEYENCE_String.cpp,gemma,gen_2,p03150_KEYENCE_Programming_Contest_2019_-_KEYENCE_String,0,file /tmp/esbmc-cpp-headers-96f0-df4e-2c13/string line 2281 column 3 function erase,
gemma/gen_2/00000_2/0153_1466_C._Canine_poetry.cpp,gemma,gen_2,1466_C_Canine_poetry,0,file derived/cpp/gemma/gen_2/00000_2/0153_1466_C._Canine_poetry.cpp line 11 column 10 function main,CWE-190
gemma/gen_2/00000_2/0095_5_A._Chat_Server_s_Outgoing_Traffic.cpp,gemma,gen_2,5_A_Chat_Server_s_Outgoing_Traffic,0,file /tmp/esbmc-cpp-headers-530a-b230-1630/ios line 254 column 3 function rdstate,CWE-476
gemma/gen_2/00000_2/0121_p00074_Videotape.cpp,gemma,gen_2,p00074_Videotape,0,file derived/cpp/gemma/gen_2/00000_2/0121_p00074_Videotape.cpp line 10 column 5 function main,CWE-190
gemma/gen_2/00000_2/0122_p00206_Next_Trip.cpp,gemma,gen_2,p00206_Next_Trip,0,file derived/cpp/gemma/gen_2/00000_2/0122_p00206_Next_Trip.cpp line 14 column 13 function main,CWE-190
gemma/gen_2/00000_2/0047_p03297_AtCoder_Grand_Contest_026_-_rng_10s.cpp,gemma,gen_2,p03297_AtCoder_Grand_Contest_026_-_rng_10s,0,file derived/cpp/gemma/gen_2/00000_2/0047_p03297_AtCoder_Grand_Contest_026_-_rng_10s.cpp line 9 column 10 function main,CWE-190
gemma/gen_2/00000_2/0090_478_A._Initial_Bet.cpp,gemma,gen_2,478_A_Initial_Bet,0,file derived/cpp/gemma/gen_2/00000_2/0090_478_A._Initial_Bet.cpp line 10 column 3 function main,CWE-190
gemma/gen_2/00000_2/0223_1369_D._TediousLee.cpp,gemma,gen_2,1369_D_TediousLee,0,file derived/cpp/gemma/gen_2/00000_2/0223_1369_D._TediousLee.cpp line 31 column 9 function main,CWE-190
gemma/gen_2/00000_2/0120_p03986_AtCoder_Grand_Contest_005_-_STring.cpp,gemma,gen_2,p03986_AtCoder_Grand_Contest_005_-_STring,0,file derived/cpp/gemma/gen_2/00000_2/0120_p03986_AtCoder_Grand_Contest_005_-_STring.cpp line 13 column 10 function main,CWE-119|CWE-476
gemma/gen_2/00000_2/0150_1397_C._Multiples_of_Length.cpp,gemma,gen_2,1397_C_Multiples_of_Length,0,file /tmp/esbmc-cpp-headers-e5cb-e031-3382/vector line 671 column 5 function operator[],
gemma/gen_2/00000_2/0003_1101_A._Minimum_Integer.cpp,gemma,gen_2,1101_A_Minimum_Integer,0,file derived/cpp/gemma/gen_2/00000_2/0003_1101_A._Minimum_Integer.cpp line 10 column 10 function main,CWE-190
gemma/gen_2/00000_2/0194_p00490_Best_Pizza.cpp,gemma,gen_2,p00490_Best_Pizza,0,file derived/cpp/gemma/gen_2/00000_2/0194_p00490_Best_Pizza.cpp line 37 column 5 function main,CWE-190
gemma/gen_2/00000_2/0141_1208_A._XORinacci.cpp,gemma,gen_2,1208_A_XORinacci,0,file derived/cpp/gemma/gen_2/00000_2/0141_1208_A._XORinacci.cpp line 9 column 10 function main,CWE-190
gemma/gen_2/00000_2/0193_p03940_AtCoder_Grand_Contest_007_-_Shik_and_Game.cpp,gemma,gen_2,p03940_AtCoder_Grand_Contest_007_-_Shik_and_Game,0,file derived/cpp/gemma/gen_2/00000_2/0193_p03940_AtCoder_Grand_Contest_007_-_Shik_and_Game.cpp line 32 column 3 function main,CWE-190
gemma/gen_2/00000_2/0051_p03943_AtCoder_Beginner_Contest_047_-_Fighting_over_Candies.cpp,gemma,gen_2,p03943_AtCoder_Beginner_Contest_047_-_Fighting_over_Candies,0,file derived/cpp/gemma/gen_2/00000_2/0051_p03943_AtCoder_Beginner_Contest_047_-_Fighting_over_Candies.cpp line 9 column 3 function main,CWE-190
gemma/gen_2/00000_2/0027_519_B._A_and_B_and_Compilation_Errors.cpp,gemma,gen_2,519_B_A_and_B_and_Compilation_Errors,0,arithmetic overflow on sub,CWE-190
gemma/gen_2/00000_2/0006_1189_D1._Add_on_a_Tree.cpp,gemma,gen_2,1189_D1_Add_on_a_Tree,0,file /tmp/esbmc-cpp-headers-e60d-1219-b4cc/vector line 520 column 5 function end,
gemma/gen_2/00001_2/0188_936_A._Save_Energy_.cpp,gemma,gen_2,936_A_Save_Energy_,0,file derived/cpp/gemma/gen_2/00001_2/0188_936_A._Save_Energy_.cpp line 56 column 17 function main,CWE-190
gemma/gen_2/00001_2/0114_p02548_AtCoder_Beginner_Contest_179_-_A_x_B___C.cpp,gemma,gen_2,p02548_AtCoder_Beginner_Contest_179_-_A_x_B___C,0,file derived/cpp/gemma/gen_2/00001_2/0114_p02548_AtCoder_Beginner_Contest_179_-_A_x_B___C.cpp line 10 column 3 function main,CWE-190
gemma/gen_2/00001_2/0077_1366_A._Shovels_and_Swords.cpp,gemma,gen_2,1366_A_Shovels_and_Swords,0,file derived/cpp/gemma/gen_2/00001_2/0077_1366_A._Shovels_and_Swords.cpp line 10 column 10 function main,CWE-190
gemma/gen_2/00001_2/0080_1451_D._Circle_Game.cpp,gemma,gen_2,1451_D_Circle_Game,0,file derived/cpp/gemma/gen_2/00001_2/0080_1451_D._Circle_Game.cpp line 10 column 10 function main,CWE-190
gemma/gen_2/00001_2/0040_p03407_AtCoder_Beginner_Contest_091_-_Two_Coins.cpp,gemma,gen_2,p03407_AtCoder_Beginner_Contest_091_-_Two_Coins,0,file derived/cpp/gemma/gen_2/00001_2/0040_p03407_AtCoder_Beginner_Contest_091_-_Two_Coins.cpp line 9 column 3 function main,CWE-190
gemma/gen_2/00001_2/0156_1373_B._01_Game.cpp,gemma,gen_2,1373_B_01_Game,0,file derived/cpp/gemma/gen_2/00001_2/0156_1373_B._01_Game.cpp line 10 column 10 function main,CWE-190
gemma/gen_2/00001_2/0149_1206_F._Almost_All.cpp,gemma,gen_2,1206_F_Almost_All,0,arithmetic overflow on sub,CWE-190
gemma/gen_2/00001_2/0082_1500_B._Two_chandeliers.cpp,gemma,gen_2,1500_B_Two_chandeliers,0,file /tmp/esbmc-cpp-headers-cff5-a848-2f11/vector line 671 column 5 function operator[],
gemma/gen_2/00001_2/0118_p03080_ExaWizards_2019_-_Red_or_Blue.cpp,gemma,gen_2,p03080_ExaWizards_2019_-_Red_or_Blue,0,file /tmp/esbmc-cpp-headers-87d1-6684-b4ed/string line 1437 column 3 function operator[],
gemma/gen_2/00001_2/0264_802_I._Fake_News__hard_.cpp,gemma,gen_2,802_I_Fake_News__hard_,0,file derived/cpp/gemma/gen_2/00001_2/0264_802_I._Fake_News__hard_.cpp line 12 column 12 function main,CWE-190
gemma/gen_2/00001_2/0237_1493_C._K-beautiful_Strings.cpp,gemma,gen_2,1493_C_K-beautiful_Strings,0,file derived/cpp/gemma/gen_2/00001_2/0237_1493_C._K-beautiful_Strings.cpp line 12 column 12 function main,CWE-190
gemma/gen_2/00001_2/0101_650_B._Image_Preview.cpp,gemma,gen_2,650_B_Image_Preview,0,file derived/cpp/gemma/gen_2/00001_2/0101_650_B._Image_Preview.cpp line 51 column 9 function main,CWE-119
gemma/gen_2/00001_2/0243_239_A._Two_Bags_of_Potatoes.cpp,gemma,gen_2,239_A_Two_Bags_of_Potatoes,0,file derived/cpp/gemma/gen_2/00001_2/0243_239_A._Two_Bags_of_Potatoes.cpp line 10 column 5 function main,CWE-190
gemma/gen_2/00001_2/0206_p01076_Graph_Making.cpp,gemma,gen_2,p01076_Graph_Making,0,file derived/cpp/gemma/gen_2/00001_2/0206_p01076_Graph_Making.cpp line 26 column 7 function main,CWE-190
gemma/gen_2/00001_2/0225_1230_A._Dawid_and_Bags_of_Candies.cpp,gemma,gen_2,1230_A_Dawid_and_Bags_of_Candies,0,file derived/cpp/gemma/gen_2/00001_2/0225_1230_A._Dawid_and_Bags_of_Candies.cpp line 10 column 3 function main,CWE-190
gemma/gen_2/00001_2/0139_p02472_Addition_of_Big_Integers.cpp,gemma,gen_2,p02472_Addition_of_Big_Integers,0,file /tmp/esbmc-cpp-headers-c71b-bd83-a506/string line 1437 column 3 function operator[],
gemma/gen_2/00001_2/0263_779_A._Pupils_Redistribution.cpp,gemma,gen_2,779_A_Pupils_Redistribution,0,file /tmp/esbmc-cpp-headers-1928-bd4b-8b43/vector line 520 column 5 function end,
gemma/gen_2/00001_2/0103_720_C._Homework.cpp,gemma,gen_2,720_C_Homework,0,file derived/cpp/gemma/gen_2/00001_2/0103_720_C._Homework.cpp line 10 column 10 function main,CWE-190
gemma/gen_2/00001_2/0214_p02250_Multiple_String_Matching.cpp,gemma,gen_2,p02250_Multiple_String_Matching,0,file /tmp/esbmc-cpp-headers-fe56-9dc9-cd74/string line 1924 column 3 function find,
gemma/gen_2/00001_2/0217_103_C._Russian_Roulette.cpp,gemma,gen_2,103_C_Russian_Roulette,0,file derived/cpp/gemma/gen_2/00001_2/0217_103_C._Russian_Roulette.cpp line 33 column 13 function main,CWE-190
gemma/gen_2/00001_2/0013_488_C._Fight_the_Monster.cpp,gemma,gen_2,488_C_Fight_the_Monster,0,file derived/cpp/gemma/gen_2/00001_2/0013_488_C._Fight_the_Monster.cpp line 30 column 45 function main,CWE-190
gemma/gen_2/00001_2/0100_604_A._Uncowed_Forces.cpp,gemma,gen_2,604_A_Uncowed_Forces,0,file derived/cpp/gemma/gen_2/00001_2/0100_604_A._Uncowed_Forces.cpp line 34 column 3 function main,CWE-190
gemma/gen_2/00001_2/0044_p04048_AtCoder_Grand_Contest_001_-_Mysterious_Light.cpp,gemma,gen_2,p04048_AtCoder_Grand_Contest_001_-_Mysterious_Light,0,file derived/cpp/gemma/gen_2/00001_2/0044_p04048_AtCoder_Grand_Contest_001_-_Mysterious_Light.cpp line 11 column 5 function main,CWE-190
gemma/gen_2/00001_2/0208_p01346_Ropeway.cpp,gemma,gen_2,p01346_Ropeway,0,file derived/cpp/gemma/gen_2/00001_2/0208_p01346_Ropeway.cpp line 108 column 14 function main,CWE-190
gemma/gen_2/00001_2/0155_1353_C._Board_Moves.cpp,gemma,gen_2,1353_C_Board_Moves,0,file derived/cpp/gemma/gen_2/00001_2/0155_1353_C._Board_Moves.cpp line 11 column 5 function main,CWE-190
gemma/gen_2/00001_2/0073_1281_B._Azamon_Web_Services.cpp,gemma,gen_2,1281_B_Azamon_Web_Services,0,file derived/cpp/gemma/gen_2/00001_2/0073_1281_B._Azamon_Web_Services.cpp line 11 column 12 function main,CWE-190
gemma/gen_2/00001_2/0057_p01931_Check_answers.cpp,gemma,gen_2,p01931_Check_answers,0,file /tmp/esbmc-cpp-headers-d707-3111-931a/string line 1437 column 3 function operator[],
gemma/gen_2/00001_2/0180_633_A._Ebony_and_Ivory.cpp,gemma,gen_2,633_A_Ebony_and_Ivory,0,file derived/cpp/gemma/gen_2/00001_2/0180_633_A._Ebony_and_Ivory.cpp line 10 column 5 function main,CWE-190
gemma/gen_2/00001_2/0260_690_A1._Collective_Mindsets__easy_.cpp,gemma,gen_2,690_A1_Collective_Mindsets__easy_,0,file derived/cpp/gemma/gen_2/00001_2/0260_690_A1._Collective_Mindsets__easy_.cpp line 21 column 5 function main,CWE-190
gemma/gen_2/00001_2/0169_352_E._Jeff_and_Brackets.cpp,gemma,gen_2,352_E_Jeff_and_Brackets,0,file derived/cpp/gemma/gen_2/00001_2/0169_352_E._Jeff_and_Brackets.cpp line 23 column 5 function main,CWE-190
gemma/gen_2/00001_2/0145_1121_A._Technogoblet_of_Fire.cpp,gemma,gen_2,1121_A_Technogoblet_of_Fire,0,arithmetic overflow on add,CWE-190
gemma/gen_2/00001_2/0248_381_A._Sereja_and_Dima.cpp,gemma,gen_2,381_A_Sereja_and_Dima,0,file derived/cpp/gemma/gen_2/00001_2/0248_381_A._Sereja_and_Dima.cpp line 19 column 3 function main,CWE-190
gemma/gen_2/00001_2/0105_789_A._Anastasia_and_pebbles.cpp,gemma,gen_2,789_A_Anastasia_and_pebbles,0,file derived/cpp/gemma/gen_2/00001_2/0105_789_A._Anastasia_and_pebbles.cpp line 18 column 9 function main,CWE-190
gemma/gen_2/00001_2/0035_p02705_AtCoder_Beginner_Contest_163_-_Circle_Pond.cpp,gemma,gen_2,p02705_AtCoder_Beginner_Contest_163_-_Circle_Pond,0,file derived/cpp/gemma/gen_2/00001_2/0035_p02705_AtCoder_Beginner_Contest_163_-_Circle_Pond.cpp line 9 column 5 function main,CWE-190
gemma/gen_2/00001_2/0033_985_A._Chess_Placing.cpp,gemma,gen_2,985_A_Chess_Placing,0,file /tmp/esbmc-cpp-headers-ba72-ad73-e074/vector line 585 column 5 function size,
gemma/gen_2/00001_2/0181_685_D._Kay_and_Eternity.cpp,gemma,gen_2,685_D_Kay_and_Eternity,0,file derived/cpp/gemma/gen_2/00001_2/0181_685_D._Kay_and_Eternity.cpp line 22 column 17 function main,CWE-190
gemma/gen_2/00002_2/0063_393_C._Blocked_Points.cpp,gemma,gen_2,393_C_Blocked_Points,0,file derived/cpp/gemma/gen_2/00002_2/0063_393_C._Blocked_Points.cpp line 19 column 5 function main,CWE-190
gemma/gen_2/00002_2/0227_719_B._Anatoly_and_Cockroaches.cpp,gemma,gen_2,719_B_Anatoly_and_Cockroaches,0,file /tmp/esbmc-cpp-headers-ec60-9dc6-2a7f/string line 1437 column 3 function operator[],
gemma/gen_2/00002_2/0178_p01896_Folding_Paper.cpp,gemma,gen_2,p01896_Folding_Paper,0,arithmetic overflow on mul,CWE-190
gemma/gen_2/00002_2/0226_673_A._Bear_and_Game.cpp,gemma,gen_2,673_A_Bear_and_Game,0,file /tmp/esbmc-cpp-headers-8cdb-b401-d119/vector line 671 column 5 function operator[],
gemma/gen_2/00002_2/0043_1305_B._Kuroni_and_Simple_Strings.cpp,gemma,gen_2,1305_B_Kuroni_and_Simple_Strings,0,file derived/cpp/gemma/gen_2/00002_2/0043_1305_B._Kuroni_and_Simple_Strings.cpp line 19 column 10 function main,CWE-119|CWE-476
gemma/gen_2/00002_2/0044_1329_D._Dreamoon_Likes_Strings.cpp,gemma,gen_2,1329_D_Dreamoon_Likes_Strings,0,file derived/cpp/gemma/gen_2/00002_2/0044_1329_D._Dreamoon_Likes_Strings.cpp line 11 column 10 function main,CWE-190
gemma/gen_2/00002_2/0234_901_D._Weighting_a_Tree.cpp,gemma,gen_2,901_D_Weighting_a_Tree,0,file /tmp/esbmc-cpp-headers-a929-8834-385b/vector line 670 column 5 function operator[],
gemma/gen_2/00002_2/0102_p01801_Wall_Making_Game.cpp,gemma,gen_2,p01801_Wall_Making_Game,0,file /home/runner/work/esbmc/esbmc/src/c2goto/library/string.c line 106 column 5 function strcmp,CWE-476|CWE-825
gemma/gen_2/00002_2/0046_136_B._Ternary_Logic.cpp,gemma,gen_2,136_B_Ternary_Logic,0,file derived/cpp/gemma/gen_2/00002_2/0046_136_B._Ternary_Logic.cpp line 21 column 9 function main,CWE-190
gemma/gen_2/00002_2/0129_177_D1._Encrypting_Messages.cpp,gemma,gen_2,177_D1_Encrypting_Messages,0,file derived/cpp/gemma/gen_2/00002_2/0129_177_D1._Encrypting_Messages.cpp line 25 column 3 function main,CWE-190
gemma/gen_2/00002_2/0153_854_A._Fraction.cpp,gemma,gen_2,854_A_Fraction,0,file derived/cpp/gemma/gen_2/00002_2/0153_854_A._Fraction.cpp line 17 column 5 function main,CWE-190
gemma/gen_2/00002_2/0150_764_A._Taymyr_is_calling_you.cpp,gemma,gen_2,764_A_Taymyr_is_calling_you,0,file derived/cpp/gemma/gen_2/00002_2/0150_764_A._Taymyr_is_calling_you.cpp line 82 column 13 function main,CWE-190
gemma/gen_2/00002_2/0128_155_C._Hometask.cpp,gemma,gen_2,155_C_Hometask,0,file /tmp/esbmc-cpp-headers-e46d-dcf0-c4e2/string line 1437 column 3 function operator[],
gemma/gen_2/00002_2/0241_p03069_Tenka1_Programmer_Beginner_Contest_2019_-_Stones.cpp,gemma,gen_2,p03069_Tenka1_Programmer_Beginner_Contest_2019_-_Stones,0,file /tmp/esbmc-cpp-headers-dec0-e081-7f4b/string line 1437 column 3 function operator[],
gemma/gen_2/00002_2/0176_p01600_Tree_Construction.cpp,gemma,gen_2,p01600_Tree_Construction,0,file derived/cpp/gemma/gen_2/00002_2/0176_p01600_Tree_Construction.cpp line 18 column 5 function main,CWE-190
gemma/gen_2/00002_2/0239_p02797_Keyence_Programming_Contest_2020_-_Subarray_Sum.cpp,gemma,gen_2,p02797_Keyence_Programming_Contest_2020_-_Subarray_Sum,0,file derived/cpp/gemma/gen_2/00002_2/0239_p02797_Keyence_Programming_Contest_2020_-_Subarray_Sum.cpp line 34 column 9 function main,CWE-190
gemma/gen_2/00002_2/0071_630_E._A_rectangle.cpp,gemma,gen_2,630_E_A_rectangle,0,file derived/cpp/gemma/gen_2/00002_2/0071_630_E._A_rectangle.cpp line 10 column 3 function main,CWE-190
gemma/gen_2/00002_2/0090_p03729_AtCoder_Beginner_Contest_060_-_Shiritori.cpp,gemma,gen_2,p03729_AtCoder_Beginner_Contest_060_-_Shiritori,0,file /tmp/esbmc-cpp-headers-a00b-5dfe-0045/string line 1470 column 3 function back,
gemma/gen_2/00002_2/0213_317_B._Ants.cpp,gemma,gen_2,317_B_Ants,0,file derived/cpp/gemma/gen_2/00002_2/0213_317_B._Ants.cpp line 54 column 12 function main,CWE-190
gemma/gen_2/00002_2/0158_99_B._Help_Chef_Gerasim.cpp,gemma,gen_2,99_B_Help_Chef_Gerasim,0,file /tmp/esbmc-cpp-headers-b2d4-db04-2720/vector line 671 column 5 function operator[],
gemma/gen_2/00002_2/0145_625_A._Guest_From_the_Past.cpp,gemma,gen_2,625_A_Guest_From_the_Past,0,file derived/cpp/gemma/gen_2/00002_2/0145_625_A._Guest_From_the_Past.cpp line 19 column 9 function main,CWE-190
gemma/gen_2/00002_2/0075_747_C._Servers.cpp,gemma,gen_2,747_C_Servers,0,arithmetic overflow on mul,CWE-190
gemma/gen_2/00002_2/0015_p03963_AtCoder_Beginner_Contest_046_-_Painting_Balls_with_AtCoDeer.cpp,gemma,gen_2,p03963_AtCoder_Beginner_Contest_046_-_Painting_Balls_with_AtCoDeer,0,file derived/cpp/gemma/gen_2/00002_2/0015_p03963_AtCoder_Beginner_Contest_046_-_Painting_Balls_with_AtCoDeer.cpp line 15 column 3 function main,CWE-119
gemma/gen_2/00002_2/0025_p01711_Idempotent_Filter.cpp,gemma,gen_2,p01711_Idempotent_Filter,0,file /tmp/esbmc-cpp-headers-78fe-8e4e-83d1/string line 1437 column 3 function operator[],
gemma/gen_2/00002_2/0120_1342_E._Placing_Rooks.cpp,gemma,gen_2,1342_E_Placing_Rooks,0,file derived/cpp/gemma/gen_2/00002_2/0120_1342_E._Placing_Rooks.cpp line 35 column 5 function main,CWE-190
gemma/gen_2/00002_2/0200_1384_D._GameGame.cpp,gemma,gen_2,1384_D_GameGame,0,file derived/cpp/gemma/gen_2/00002_2/0200_1384_D._GameGame.cpp line 11 column 12 function main,CWE-190
gemma/gen_2/00002_2/0032_1031_B._Curiosity_Has_No_Limits.cpp,gemma,gen_2,1031_B_Curiosity_Has_No_Limits,0,file /tmp/esbmc-cpp-headers-2aa4-7de4-9664/vector line 671 column 5 function operator[],
gemma/gen_2/00002_2/0121_1364_E._X-OR.cpp,gemma,gen_2,1364_E_X-OR,0,arithmetic overflow on mul,CWE-190
gemma/gen_2/00002_2/0133_294_A._Shaass_and_Oskols.cpp,gemma,gen_2,294_A_Shaass_and_Oskols,0,file /tmp/esbmc-cpp-headers-2b7c-70dd-e6bb/vector line 670 column 5 function operator[],
llama/gen_3/00002_3/0079_630_E._A_rectangle.cpp,llama,gen_3,630_E_A_rectangle,0,file derived/cpp/llama/gen_3/00002_3/0079_630_E._A_rectangle.cpp line 7 column 5 function main,CWE-190
llama/gen_3/00002_3/0156_365_A._Good_Number.cpp,llama,gen_3,365_A_Good_Number,0,file derived/cpp/llama/gen_3/00002_3/0156_365_A._Good_Number.cpp line 15 column 9 function main,CWE-190
llama/gen_3/00002_3/0143_1450_D._Rating_Compression.cpp,llama,gen_3,1450_D_Rating_Compression,0,file derived/cpp/llama/gen_3/00002_3/0143_1450_D._Rating_Compression.cpp line 31 column 12 function main,CWE-190
llama/gen_3/00002_3/0187_p03072_AtCoder_Beginner_Contest_124_-_Great_Ocean_View.cpp,llama,gen_3,p03072_AtCoder_Beginner_Contest_124_-_Great_Ocean_View,0,file /tmp/esbmc-cpp-headers-ee6b-aba6-624b/vector line 671 column 5 function operator[],
llama/gen_3/00002_3/0117_p01801_Wall_Making_Game.cpp,llama,gen_3,p01801_Wall_Making_Game,0,file derived/cpp/llama/gen_3/00002_3/0117_p01801_Wall_Making_Game.cpp line 15 column 13 function main,CWE-476|CWE-825
llama/gen_3/00002_3/0063_253_A._Boys_and_Girls.cpp,llama,gen_3,253_A_Boys_and_Girls,0,file derived/cpp/llama/gen_3/00002_3/0063_253_A._Boys_and_Girls.cpp line 16 column 9 function main,CWE-190
llama/gen_3/00002_3/0223_1256_C._Platforms_Jumping.cpp,llama,gen_3,1256_C_Platforms_Jumping,0,file derived/cpp/llama/gen_3/00002_3/0223_1256_C._Platforms_Jumping.cpp line 28 column 9 function main,CWE-190
llama/gen_3/00002_3/0269_952_C._Ravioli_Sort.cpp,llama,gen_3,952_C_Ravioli_Sort,0,file derived/cpp/llama/gen_3/00002_3/0269_952_C._Ravioli_Sort.cpp line 14 column 5 function main,CWE-190
llama/gen_3/00002_3/0034_p02425_Bit_Flag.cpp,llama,gen_3,p02425_Bit_Flag,0,file derived/cpp/llama/gen_3/00002_3/0034_p02425_Bit_Flag.cpp line 8 column 12 function main,CWE-190
llama/gen_3/00002_3/0247_409_A._The_Great_Game.cpp,llama,gen_3,409_A_The_Great_Game,0,file derived/cpp/llama/gen_3/00002_3/0247_409_A._The_Great_Game.cpp line 8 column 10 function calculatePower,CWE-119|CWE-476
llama/gen_3/00002_3/0236_155_A._I_love__username_.cpp,llama,gen_3,155_A_I_love__username_,0,file /tmp/esbmc-cpp-headers-b8c7-bd71-9183/vector line 671 column 5 function operator[],
llama/gen_3/00002_3/0069_393_C._Blocked_Points.cpp,llama,gen_3,393_C_Blocked_Points,0,file derived/cpp/llama/gen_3/00002_3/0069_393_C._Blocked_Points.cpp line 11 column 9 function main,CWE-190
llama/gen_3/00002_3/0095_p02578_AtCoder_Beginner_Contest_176_-_Step.cpp,llama,gen_3,p02578_AtCoder_Beginner_Contest_176_-_Step,0,file /tmp/esbmc-cpp-headers-2509-6589-b700/vector line 520 column 5 function end,
llama/gen_3/00002_3/0103_p03729_AtCoder_Beginner_Contest_060_-_Shiritori.cpp,llama,gen_3,p03729_AtCoder_Beginner_Contest_060_-_Shiritori,0,file /tmp/esbmc-cpp-headers-7f9c-b011-17f5/string line 1470 column 3 function back,
llama/gen_3/00002_3/0235_1523_B._Lord_of_the_Values.cpp,llama,gen_3,1523_B_Lord_of_the_Values,0,file derived/cpp/llama/gen_3/00002_3/0235_1523_B._Lord_of_the_Values.cpp line 10 column 9 function main,
llama/gen_3/00002_3/0192_p03839_AtCoder_Grand_Contest_008_-_Contiguous_Repainting.cpp,llama,gen_3,p03839_AtCoder_Grand_Contest_008_-_Contiguous_Repainting,0,file derived/cpp/llama/gen_3/00002_3/0192_p03839_AtCoder_Grand_Contest_008_-_Contiguous_Repainting.cpp line 18 column 29 function main,CWE-190
llama/gen_3/00002_3/0136_12_D._Ball.cpp,llama,gen_3,12_D_Ball,0,file /tmp/esbmc-cpp-headers-9501-90a6-bde7/vector line 520 column 5 function end,
llama/gen_3/00002_3/0036_1031_B._Curiosity_Has_No_Limits.cpp,llama,gen_3,1031_B_Curiosity_Has_No_Limits,0,file /tmp/esbmc-cpp-headers-daac-cf89-b5ec/vector line 671 column 5 function operator[],
llama/gen_3/00002_3/0262_787_A._The_Monster.cpp,llama,gen_3,787_A_The_Monster,0,file derived/cpp/llama/gen_3/00002_3/0262_787_A._The_Monster.cpp line 10 column 9 function main,CWE-190
llama/gen_3/00002_3/0257_673_A._Bear_and_Game.cpp,llama,gen_3,673_A_Bear_and_Game,0,file /tmp/esbmc-cpp-headers-56e7-eeec-f83a/vector line 671 column 5 function operator[],
llama/gen_3/00002_3/0145_149_D._Coloring_Brackets.cpp,llama,gen_3,149_D_Coloring_Brackets,0,file /tmp/esbmc-cpp-headers-45fe-5816-0c74/vector line 433 column 7 function operator=,CWE-476
llama/gen_3/00002_3/0206_p01896_Folding_Paper.cpp,llama,gen_3,p01896_Folding_Paper,0,arithmetic overflow on mul,CWE-190
llama/gen_3/00002_3/0040_1118_C._Palindromic_Matrix.cpp,llama,gen_3,1118_C_Palindromic_Matrix,0,arithmetic overflow on mul,CWE-190
llama/gen_3/00002_3/0029_p01711_Idempotent_Filter.cpp,llama,gen_3,p01711_Idempotent_Filter,0,file /tmp/esbmc-cpp-headers-bd0d-2785-c4d1/ios line 254 column 3 function rdstate,CWE-476
llama/gen_3/00002_3/0274_p02797_Keyence_Programming_Contest_2020_-_Subarray_Sum.cpp,llama,gen_3,p02797_Keyence_Programming_Contest_2020_-_Subarray_Sum,0,file /tmp/esbmc-cpp-headers-fc02-10da-0ce8/vector line 671 column 5 function operator[],
llama/gen_3/00002_3/0153_294_A._Shaass_and_Oskols.cpp,llama,gen_3,294_A_Shaass_and_Oskols,0,file derived/cpp/llama/gen_3/00002_3/0153_294_A._Shaass_and_Oskols.cpp line 23 column 9 function main,CWE-190
llama/gen_3/00000_3/0109_268_A._Games.cpp,llama,gen_3,268_A_Games,0,file derived/cpp/llama/gen_3/00000_3/0109_268_A._Games.cpp line 7 column 5 function main,
llama/gen_3/00000_3/0099_1424_N._BubbleSquare_Tokens.cpp,llama,gen_3,1424_N_BubbleSquare_Tokens,0,file /tmp/esbmc-cpp-headers-d1eb-43cd-8b4e/vector line 670 column 5 function operator[],
llama/gen_3/00000_3/0059_p02879_AtCoder_Beginner_Contest_144_-_9x9.cpp,llama,gen_3,p02879_AtCoder_Beginner_Contest_144_-_9x9,0,file derived/cpp/llama/gen_3/00000_3/0059_p02879_AtCoder_Beginner_Contest_144_-_9x9.cpp line 11 column 9 function main,CWE-190
llama/gen_3/00000_3/0063_p03455_AtCoder_Beginner_Contest_086_-_Product.cpp,llama,gen_3,p03455_AtCoder_Beginner_Contest_086_-_Product,0,file derived/cpp/llama/gen_3/00000_3/0063_p03455_AtCoder_Beginner_Contest_086_-_Product.cpp line 7 column 5 function main,CWE-190
llama/gen_3/00000_3/0237_p00819_Unreliable_Message.cpp,llama,gen_3,p00819_Unreliable_Message,0,file derived/cpp/llama/gen_3/00000_3/0237_p00819_Unreliable_Message.cpp line 44 column 12 function main,CWE-190
llama/gen_3/00000_3/0004_1101_A._Minimum_Integer.cpp,llama,gen_3,1101_A_Minimum_Integer,0,file derived/cpp/llama/gen_3/00000_3/0004_1101_A._Minimum_Integer.cpp line 8 column 11 function main,CWE-190
llama/gen_3/00000_3/0034_44_B._Cola.cpp,llama,gen_3,44_B_Cola,0,file derived/cpp/llama/gen_3/00000_3/0034_44_B._Cola.cpp line 10 column 13 function main,CWE-190
llama/gen_3/00000_3/0016_1398_A._Bad_Triangle.cpp,llama,gen_3,1398_A_Bad_Triangle,0,file derived/cpp/llama/gen_3/00000_3/0016_1398_A._Bad_Triangle.cpp line 10 column 9 function main,
llama/gen_3/00000_3/0047_776_A._A_Serial_Killer.cpp,llama,gen_3,776_A_A_Serial_Killer,0,file /tmp/esbmc-cpp-headers-19df-d138-16cb/string line 3364 column 3 function operator==,
llama/gen_3/00000_3/0181_1311_C._Perform_the_Combo.cpp,llama,gen_3,1311_C_Perform_the_Combo,0,file derived/cpp/llama/gen_3/00000_3/0181_1311_C._Perform_the_Combo.cpp line 10 column 12 function main,CWE-190
llama/gen_3/00000_3/0267_1391_C._Cyclic_Permutations_.cpp,llama,gen_3,1391_C_Cyclic_Permutations_,0,file derived/cpp/llama/gen_3/00000_3/0267_1391_C._Cyclic_Permutations_.cpp line 23 column 9 function main,CWE-190
llama/gen_3/00000_3/0116_433_A._Kitahara_Haruki_s_Gift.cpp,llama,gen_3,433_A_Kitahara_Haruki_s_Gift,0,file derived/cpp/llama/gen_3/00000_3/0116_433_A._Kitahara_Haruki_s_Gift.cpp line 7 column 5 function main,
llama/gen_3/00000_3/0106_195_A._Let_s_Watch_Football.cpp,llama,gen_3,195_A_Let_s_Watch_Football,0,file derived/cpp/llama/gen_3/00000_3/0106_195_A._Let_s_Watch_Football.cpp line 7 column 5 function main,CWE-190
llama/gen_3/00000_3/0261_1264_A._Beautiful_Regional_Contest.cpp,llama,gen_3,1264_A_Beautiful_Regional_Contest,0,file derived/cpp/llama/gen_3/00000_3/0261_1264_A._Beautiful_Regional_Contest.cpp line 10 column 12 function main,CWE-190
llama/gen_3/00000_3/0031_379_A._New_Year_Candles.cpp,llama,gen_3,379_A_New_Year_Candles,0,file derived/cpp/llama/gen_3/00000_3/0031_379_A._New_Year_Candles.cpp line 12 column 9 function main,CWE-190
llama/gen_3/00000_3/0024_20_B._Equation.cpp,llama,gen_3,20_B_Equation,0,file derived/cpp/llama/gen_3/00000_3/0024_20_B._Equation.cpp line 29 column 5 function main,CWE-190
llama/gen_3/00000_3/0120_526_A._King_of_Thieves.cpp,llama,gen_3,526_A_King_of_Thieves,0,file /tmp/esbmc-cpp-headers-a5a7-c5c9-037d/string line 1437 column 3 function operator[],
llama/gen_3/00000_3/0223_p02741_Panasonic_Programming_Contest_2020_-_Kth_Term.cpp,llama,gen_3,p02741_Panasonic_Programming_Contest_2020_-_Kth_Term,0,file derived/cpp/llama/gen_3/00000_3/0223_p02741_Panasonic_Programming_Contest_2020_-_Kth_Term.cpp line 9 column 5 function main,CWE-119
llama/gen_3/00000_3/0202_494_A._Treasure.cpp,llama,gen_3,494_A_Treasure,0,file derived/cpp/llama/gen_3/00000_3/0202_494_A._Treasure.cpp line 69 column 10 function main,CWE-119|CWE-476
llama/gen_3/00000_3/0165_p02157_Shuffle_2.cpp,llama,gen_3,p02157_Shuffle_2,0,file derived/cpp/llama/gen_3/00000_3/0165_p02157_Shuffle_2.cpp line 61 column 63 function main,CWE-476
llama/gen_3/00000_3/0233_p00163_Highway_Toll.cpp,llama,gen_3,p00163_Highway_Toll,0,file derived/cpp/llama/gen_3/00000_3/0233_p00163_Highway_Toll.cpp line 23 column 9 function main,CWE-119
llama/gen_3/00000_3/0093_1236_A._Stones.cpp,llama,gen_3,1236_A_Stones,0,file derived/cpp/llama/gen_3/00000_3/0093_1236_A._Stones.cpp line 7 column 12 function main,CWE-190
llama/gen_3/00000_3/0185_1397_C._Multiples_of_Length.cpp,llama,gen_3,1397_C_Multiples_of_Length,0,file /tmp/esbmc-cpp-headers-9402-8459-c1d2/vector line 671 column 5 function operator[],
llama/gen_3/00000_3/0118_478_A._Initial_Bet.cpp,llama,gen_3,478_A_Initial_Bet,0,file derived/cpp/llama/gen_3/00000_3/0118_478_A._Initial_Bet.cpp line 8 column 9 function main,CWE-190
llama/gen_3/00000_3/0260_1244_C._The_Football_Season.cpp,llama,gen_3,1244_C_The_Football_Season,0,file derived/cpp/llama/gen_3/00000_3/0260_1244_C._The_Football_Season.cpp line 9 column 9 function main,CWE-190
llama/gen_3/00000_3/0213_79_D._Password.cpp,llama,gen_3,79_D_Password,0,file derived/cpp/llama/gen_3/00000_3/0213_79_D._Password.cpp line 18 column 5 function main,CWE-120|CWE-190
llama/gen_3/00000_3/0152_p00206_Next_Trip.cpp,llama,gen_3,p00206_Next_Trip,0,file derived/cpp/llama/gen_3/00000_3/0152_p00206_Next_Trip.cpp line 17 column 13 function main,CWE-190
llama/gen_3/00000_3/0052_893_D._Credit_Card.cpp,llama,gen_3,893_D_Credit_Card,0,file derived/cpp/llama/gen_3/00000_3/0052_893_D._Credit_Card.cpp line 18 column 9 function main,CWE-190
llama/gen_3/00000_3/0151_p00074_Videotape.cpp,llama,gen_3,p00074_Videotape,0,file derived/cpp/llama/gen_3/00000_3/0151_p00074_Videotape.cpp line 12 column 9 function main,CWE-190
llama/gen_3/00000_3/0217_893_A._Chess_For_Three.cpp,llama,gen_3,893_A_Chess_For_Three,0,file derived/cpp/llama/gen_3/00000_3/0217_893_A._Chess_For_Three.cpp line 11 column 5 function main,CWE-119
llama/gen_3/00000_3/0182_1334_A._Level_Statistics.cpp,llama,gen_3,1334_A_Level_Statistics,0,file derived/cpp/llama/gen_3/00000_3/0182_1334_A._Level_Statistics.cpp line 7 column 11 function main,CWE-190
llama/gen_3/00000_3/0143_p02916_AtCoder_Beginner_Contest_140_-_Buffet.cpp,llama,gen_3,p02916_AtCoder_Beginner_Contest_140_-_Buffet,0,file /tmp/esbmc-cpp-headers-3c13-0662-4bd8/vector line 670 column 5 function operator[],
llama/gen_3/00000_3/0027_284_B._Cows_and_Poker_Game.cpp,llama,gen_3,284_B_Cows_and_Poker_Game,0,file /tmp/esbmc-cpp-headers-a228-ffae-e0e4/string line 1437 column 3 function operator[],
llama/gen_3/00000_3/0123_5_A._Chat_Server_s_Outgoing_Traffic.cpp,llama,gen_3,5_A_Chat_Server_s_Outgoing_Traffic,0,file /tmp/esbmc-cpp-headers-5c21-e8df-cd36/ios line 254 column 3 function rdstate,CWE-476
llama/gen_3/00000_3/0066_p03943_AtCoder_Beginner_Contest_047_-_Fighting_over_Candies.cpp,llama,gen_3,p03943_AtCoder_Beginner_Contest_047_-_Fighting_over_Candies,0,file derived/cpp/llama/gen_3/00000_3/0066_p03943_AtCoder_Beginner_Contest_047_-_Fighting_over_Candies.cpp line 8 column 5 function main,CWE-190
llama/gen_3/00000_3/0238_p00950_Infallibly_Crack_Perplexing_Cryptarithm.cpp,llama,gen_3,p00950_Infallibly_Crack_Perplexing_Cryptarithm,0,file derived/cpp/llama/gen_3/00000_3/0238_p00950_Infallibly_Crack_Perplexing_Cryptarithm.cpp line 8 column 10 function main,CWE-119|CWE-476
llama/gen_3/00000_3/0176_1208_A._XORinacci.cpp,llama,gen_3,1208_A_XORinacci,0,file derived/cpp/llama/gen_3/00000_3/0176_1208_A._XORinacci.cpp line 7 column 12 function main,CWE-190
llama/gen_3/00000_3/0126_670_B._Game_of_Robots.cpp,llama,gen_3,670_B_Game_of_Robots,0,file /tmp/esbmc-cpp-headers-af4c-5923-4db8/vector line 671 column 5 function operator[],
llama/gen_3/00001_3/0267_239_A._Two_Bags_of_Potatoes.cpp,llama,gen_3,239_A_Two_Bags_of_Potatoes,0,file derived/cpp/llama/gen_3/00001_3/0267_239_A._Two_Bags_of_Potatoes.cpp line 16 column 41 function main,CWE-190
llama/gen_3/00001_3/0169_1353_C._Board_Moves.cpp,llama,gen_3,1353_C_Board_Moves,0,file derived/cpp/llama/gen_3/00001_3/0169_1353_C._Board_Moves.cpp line 10 column 9 function main,CWE-190
llama/gen_3/00001_3/0286_690_A1._Collective_Mindsets__easy_.cpp,llama,gen_3,690_A1_Collective_Mindsets__easy_,0,file derived/cpp/llama/gen_3/00001_3/0286_690_A1._Collective_Mindsets__easy_.cpp line 10 column 9 function main,CWE-190
llama/gen_3/00001_3/0205_845_B._Luba_And_The_Ticket.cpp,llama,gen_3,845_B_Luba_And_The_Ticket,0,file /tmp/esbmc-cpp-headers-3b99-0113-1848/string line 1437 column 3 function operator[],
llama/gen_3/00001_3/0069_1110_E._Magic_Stones.cpp,llama,gen_3,1110_E_Magic_Stones,0,file /tmp/esbmc-cpp-headers-c687-269c-58eb/vector line 671 column 5 function operator[],
llama/gen_3/00001_3/0248_120_C._Winnie-the-Pooh_and_honey.cpp,llama,gen_3,120_C_Winnie-the-Pooh_and_honey,0,file derived/cpp/llama/gen_3/00001_3/0248_120_C._Winnie-the-Pooh_and_honey.cpp line 16 column 21 function main,CWE-190
llama/gen_3/00001_3/0060_p01931_Check_answers.cpp,llama,gen_3,p01931_Check_answers,0,file derived/cpp/llama/gen_3/00001_3/0060_p01931_Check_answers.cpp line 12 column 10 function main,CWE-119|CWE-476
llama/gen_3/00001_3/0240_103_C._Russian_Roulette.cpp,llama,gen_3,103_C_Russian_Roulette,0,file /tmp/esbmc-cpp-headers-5abc-5149-108f/vector line 671 column 5 function operator[],
llama/gen_3/00001_3/0171_1396_A._Multiples_of_Length.cpp,llama,gen_3,1396_A_Multiples_of_Length,0,file derived/cpp/llama/gen_3/00001_3/0171_1396_A._Multiples_of_Length.cpp line 21 column 9 function main,CWE-190
llama/gen_3/00001_3/0117_835_A._Key_races.cpp,llama,gen_3,835_A_Key_races,0,file derived/cpp/llama/gen_3/00001_3/0117_835_A._Key_races.cpp line 8 column 5 function main,CWE-190
llama/gen_3/00001_3/0043_p03407_AtCoder_Beginner_Contest_091_-_Two_Coins.cpp,llama,gen_3,p03407_AtCoder_Beginner_Contest_091_-_Two_Coins,0,file derived/cpp/llama/gen_3/00001_3/0043_p03407_AtCoder_Beginner_Contest_091_-_Two_Coins.cpp line 9 column 9 function main,CWE-190
llama/gen_3/00001_3/0057_p01484_Icy_Composer.cpp,llama,gen_3,p01484_Icy_Composer,0,file /tmp/esbmc-cpp-headers-69da-3621-1e18/string line 1437 column 3 function operator[],
llama/gen_3/00001_3/0273_381_A._Sereja_and_Dima.cpp,llama,gen_3,381_A_Sereja_and_Dima,0,file derived/cpp/llama/gen_3/00001_3/0273_381_A._Sereja_and_Dima.cpp line 8 column 5 function main,
llama/gen_3/00001_3/0229_p01076_Graph_Making.cpp,llama,gen_3,p01076_Graph_Making,0,file derived/cpp/llama/gen_3/00001_3/0229_p01076_Graph_Making.cpp line 8 column 9 function main,CWE-190
llama/gen_3/00001_3/0191_46_C._Hamsters_and_Tigers.cpp,llama,gen_3,46_C_Hamsters_and_Tigers,0,file /tmp/esbmc-cpp-headers-82a9-5f6e-9394/algorithm line 299 column 5 function count,CWE-119|CWE-476
llama/gen_3/00001_3/0132_p03534_CODE_FESTIVAL_2017_Final__Parallel__-_Palindrome-phobia.cpp,llama,gen_3,p03534_CODE_FESTIVAL_2017_Final__Parallel__-_Palindrome-phobia,0,file derived/cpp/llama/gen_3/00001_3/0132_p03534_CODE_FESTIVAL_2017_Final__Parallel__-_Palindrome-phobia.cpp line 9 column 10 function main,CWE-119|CWE-476
llama/gen_3/00001_3/0291_802_I._Fake_News__hard_.cpp,llama,gen_3,802_I_Fake_News__hard_,0,file derived/cpp/llama/gen_3/00001_3/0291_802_I._Fake_News__hard_.cpp line 8 column 12 function main,CWE-190
llama/gen_3/00001_3/0188_399_C._Cards.cpp,llama,gen_3,399_C_Cards,0,arithmetic overflow on add,CWE-190
llama/gen_3/00001_3/0131_p03371_AtCoder_Beginner_Contest_095_-_Half_and_Half.cpp,llama,gen_3,p03371_AtCoder_Beginner_Contest_095_-_Half_and_Half,0,file derived/cpp/llama/gen_3/00001_3/0131_p03371_AtCoder_Beginner_Contest_095_-_Half_and_Half.cpp line 21 column 9 function main,CWE-190
llama/gen_3/00001_3/0077_1281_B._Azamon_Web_Services.cpp,llama,gen_3,1281_B_Azamon_Web_Services,0,file derived/cpp/llama/gen_3/00001_3/0077_1281_B._Azamon_Web_Services.cpp line 10 column 12 function main,CWE-190
llama/gen_3/00001_3/0093_248_A._Cupboards.cpp,llama,gen_3,248_A_Cupboards,0,file /tmp/esbmc-cpp-headers-9b75-0073-e78e/vector line 520 column 5 function end,
llama/gen_3/00001_3/0281_575_B._Bribes.cpp,llama,gen_3,575_B_Bribes,0,file derived/cpp/llama/gen_3/00001_3/0281_575_B._Bribes.cpp line 67 column 5 function main,CWE-120|CWE-190
llama/gen_3/00001_3/0081_1366_A._Shovels_and_Swords.cpp,llama,gen_3,1366_A_Shovels_and_Swords,0,arithmetic overflow on mul,CWE-190
llama/gen_3/00001_3/0143_p01150_Eight_Princes.cpp,llama,gen_3,p01150_Eight_Princes,0,file derived/cpp/llama/gen_3/00001_3/0143_p01150_Eight_Princes.cpp line 15 column 17 function main,CWE-190
llama/gen_3/00001_3/0261_1493_C._K-beautiful_Strings.cpp,llama,gen_3,1493_C_K-beautiful_Strings,0,file derived/cpp/llama/gen_3/00001_3/0261_1493_C._K-beautiful_Strings.cpp line 9 column 9 function find_smallest_beautiful_string,CWE-119
llama/gen_3/00001_3/0259_1443_A._Kids_Seating.cpp,llama,gen_3,1443_A_Kids_Seating,0,file derived/cpp/llama/gen_3/00001_3/0259_1443_A._Kids_Seating.cpp line 7 column 12 function main,CWE-190
llama/gen_3/00001_3/0198_633_A._Ebony_and_Ivory.cpp,llama,gen_3,633_A_Ebony_and_Ivory,0,file derived/cpp/llama/gen_3/00001_3/0198_633_A._Ebony_and_Ivory.cpp line 10 column 9 function main,CWE-190
llama/gen_3/00001_3/0129_p03080_ExaWizards_2019_-_Red_or_Blue.cpp,llama,gen_3,p03080_ExaWizards_2019_-_Red_or_Blue,0,file derived/cpp/llama/gen_3/00001_3/0129_p03080_ExaWizards_2019_-_Red_or_Blue.cpp line 11 column 10 function main,CWE-119|CWE-476
llama/gen_3/00001_3/0059_p01797_Kimagure_Cleaner.cpp,llama,gen_3,p01797_Kimagure_Cleaner,0,file /tmp/esbmc-cpp-headers-1612-4b9a-9e78/ios line 254 column 3 function rdstate,CWE-476|CWE-825
llama/gen_3/00001_3/0155_1059_A._Cashier.cpp,llama,gen_3,1059_A_Cashier,0,file derived/cpp/llama/gen_3/00001_3/0155_1059_A._Cashier.cpp line 29 column 9 function main,CWE-190
llama/gen_3/00001_3/0209_936_A._Save_Energy_.cpp,llama,gen_3,936_A_Save_Energy_,0,file derived/cpp/llama/gen_3/00001_3/0209_936_A._Save_Energy_.cpp line 13 column 9 function main,CWE-190
llama/gen_3/00001_3/0182_259_B._Little_Elephant_and_Magic_Square.cpp,llama,gen_3,259_B_Little_Elephant_and_Magic_Square,0,file derived/cpp/llama/gen_3/00001_3/0182_259_B._Little_Elephant_and_Magic_Square.cpp line 15 column 13 function main,CWE-190
llama/gen_3/00001_3/0170_1373_B._01_Game.cpp,llama,gen_3,1373_B_01_Game,0,file derived/cpp/llama/gen_3/00001_3/0170_1373_B._01_Game.cpp line 13 column 14 function main,CWE-119|CWE-476
llama/gen_3/00001_3/0158_1121_A._Technogoblet_of_Fire.cpp,llama,gen_3,1121_A_Technogoblet_of_Fire,0,file /tmp/esbmc-cpp-headers-22ad-d336-75b9/vector line 670 column 5 function operator[],
llama/gen_3/00001_3/0218_p03443_AtCoder_Petrozavodsk_Contest_001_-_Colorful_Doors.cpp,llama,gen_3,p03443_AtCoder_Petrozavodsk_Contest_001_-_Colorful_Doors,0,file /tmp/esbmc-cpp-headers-1924-02a3-f286/vector line 670 column 5 function operator[],
llama/gen_3/00001_3/0238_p02398_How_Many_Divisors_.cpp,llama,gen_3,p02398_How_Many_Divisors_,0,file derived/cpp/llama/gen_3/00001_3/0238_p02398_How_Many_Divisors_.cpp line 8 column 9 function main,CWE-190
llama/gen_1/00000/0080_p01974_Pigeonhole_principle.cpp,llama,gen_1,p01974_Pigeonhole_principle,0,file derived/cpp/llama/gen_1/00000/0080_p01974_Pigeonhole_principle.cpp line 7 column 5 function main,
llama/gen_1/00000/0037_545_C._Woodcutters.cpp,llama,gen_1,545_C_Woodcutters,0,file /tmp/esbmc-cpp-headers-e1b5-c365-48b2/vector line 671 column 5 function operator[],
llama/gen_1/00000/0004_1101_A._Minimum_Integer.cpp,llama,gen_1,1101_A_Minimum_Integer,0,file derived/cpp/llama/gen_1/00000/0004_1101_A._Minimum_Integer.cpp line 12 column 9 function main,CWE-190
llama/gen_1/00000/0034_44_B._Cola.cpp,llama,gen_1,44_B_Cola,0,file derived/cpp/llama/gen_1/00000/0034_44_B._Cola.cpp line 10 column 13 function main,CWE-190
llama/gen_1/00000/0226_p02741_Panasonic_Programming_Contest_2020_-_Kth_Term.cpp,llama,gen_1,p02741_Panasonic_Programming_Contest_2020_-_Kth_Term,0,file derived/cpp/llama/gen_1/00000/0226_p02741_Panasonic_Programming_Contest_2020_-_Kth_Term.cpp line 8 column 5 function main,CWE-119
llama/gen_1/00000/0047_776_A._A_Serial_Killer.cpp,llama,gen_1,776_A_A_Serial_Killer,0,file /tmp/esbmc-cpp-headers-5b04-0383-7293/string line 3366 column 3 function operator==,
llama/gen_1/00000/0152_p00074_Videotape.cpp,llama,gen_1,p00074_Videotape,0,file derived/cpp/llama/gen_1/00000/0152_p00074_Videotape.cpp line 10 column 9 function main,CWE-190
llama/gen_1/00000/0084_101_C._Vectors.cpp,llama,gen_1,101_C_Vectors,0,file derived/cpp/llama/gen_1/00000/0084_101_C._Vectors.cpp line 22 column 9 function isPossible,CWE-190
llama/gen_1/00000/0107_195_A._Let_s_Watch_Football.cpp,llama,gen_1,195_A_Let_s_Watch_Football,0,file derived/cpp/llama/gen_1/00000/0107_195_A._Let_s_Watch_Football.cpp line 8 column 13 function main,CWE-190
llama/gen_1/00000/0131_760_F._Bacterial_Melee.cpp,llama,gen_1,760_F_Bacterial_Melee,0,file derived/cpp/llama/gen_1/00000/0131_760_F._Bacterial_Melee.cpp line 20 column 5 function main,CWE-120|CWE-190
llama/gen_1/00000/0200_39_E._What_Has_Dirichlet_Got_to_Do_with_That_.cpp,llama,gen_1,39_E_What_Has_Dirichlet_Got_to_Do_with_That_,0,file derived/cpp/llama/gen_1/00000/0200_39_E._What_Has_Dirichlet_Got_to_Do_with_That_.cpp line 7 column 9 function pow,CWE-190
llama/gen_1/00000/0117_433_A._Kitahara_Haruki_s_Gift.cpp,llama,gen_1,433_A_Kitahara_Haruki_s_Gift,0,file derived/cpp/llama/gen_1/00000/0117_433_A._Kitahara_Haruki_s_Gift.cpp line 11 column 9 function main,CWE-190
llama/gen_1/00000/0235_p00032_Plastic_Board.cpp,llama,gen_1,p00032_Plastic_Board,0,file derived/cpp/llama/gen_1/00000/0235_p00032_Plastic_Board.cpp line 12 column 9 function main,CWE-190
llama/gen_1/00000/0090_1155_A._Reverse_a_Substring.cpp,llama,gen_1,1155_A_Reverse_a_Substring,0,file derived/cpp/llama/gen_1/00000/0090_1155_A._Reverse_a_Substring.cpp line 18 column 5 function main,CWE-190
llama/gen_1/00000/0031_379_A._New_Year_Candles.cpp,llama,gen_1,379_A_New_Year_Candles,0,file derived/cpp/llama/gen_1/00000/0031_379_A._New_Year_Candles.cpp line 10 column 9 function main,CWE-190
llama/gen_1/00000/0119_478_A._Initial_Bet.cpp,llama,gen_1,478_A_Initial_Bet,0,file derived/cpp/llama/gen_1/00000/0119_478_A._Initial_Bet.cpp line 9 column 5 function main,CWE-190
llama/gen_1/00000/0178_124_D._Squares.cpp,llama,gen_1,124_D_Squares,0,file derived/cpp/llama/gen_1/00000/0178_124_D._Squares.cpp line 12 column 5 function main,CWE-190
llama/gen_1/00000/0124_5_A._Chat_Server_s_Outgoing_Traffic.cpp,llama,gen_1,5_A_Chat_Server_s_Outgoing_Traffic,0,file /tmp/esbmc-cpp-headers-28d1-5e1c-238b/ios line 254 column 3 function rdstate,CWE-476
llama/gen_1/00000/0093_1236_A._Stones.cpp,llama,gen_1,1236_A_Stones,0,file derived/cpp/llama/gen_1/00000/0093_1236_A._Stones.cpp line 9 column 12 function main,CWE-190
llama/gen_1/00000/0185_1397_C._Multiples_of_Length.cpp,llama,gen_1,1397_C_Multiples_of_Length,0,file derived/cpp/llama/gen_1/00000/0185_1397_C._Multiples_of_Length.cpp line 23 column 13 function main,CWE-190
llama/gen_1/00000/0085_1043_A._Elections.cpp,llama,gen_1,1043_A_Elections,0,file /tmp/esbmc-cpp-headers-e2fb-8c13-2129/vector line 520 column 5 function end,
llama/gen_1/00000/0215_774_K._Stepan_and_Vowels.cpp,llama,gen_1,774_K_Stepan_and_Vowels,0,file /tmp/esbmc-cpp-headers-5bcb-b2a1-05f9/string line 1437 column 3 function operator[],
llama/gen_1/00000/0021_1513_C._Add_One.cpp,llama,gen_1,1513_C_Add_One,0,file derived/cpp/llama/gen_1/00000/0021_1513_C._Add_One.cpp line 53 column 13 function main,CWE-119
llama/gen_1/00000/0263_1244_C._The_Football_Season.cpp,llama,gen_1,1244_C_The_Football_Season,0,file derived/cpp/llama/gen_1/00000/0263_1244_C._The_Football_Season.cpp line 13 column 13 function main,CWE-190
llama/gen_1/00000/0027_284_B._Cows_and_Poker_Game.cpp,llama,gen_1,284_B_Cows_and_Poker_Game,0,file /tmp/esbmc-cpp-headers-6312-72ce-e3d5/string line 1437 column 3 function operator[],
llama/gen_1/00000/0220_893_A._Chess_For_Three.cpp,llama,gen_1,893_A_Chess_For_Three,0,file derived/cpp/llama/gen_1/00000/0220_893_A._Chess_For_Three.cpp line 12 column 5 function main,CWE-119
llama/gen_1/00000/0153_p00206_Next_Trip.cpp,llama,gen_1,p00206_Next_Trip,0,file derived/cpp/llama/gen_1/00000/0153_p00206_Next_Trip.cpp line 14 column 13 function main,CWE-190
llama/gen_1/00000/0188_1466_C._Canine_poetry.cpp,llama,gen_1,1466_C_Canine_poetry,0,file derived/cpp/llama/gen_1/00000/0188_1466_C._Canine_poetry.cpp line 9 column 12 function main,CWE-190
llama/gen_1/00000/0066_p03943_AtCoder_Beginner_Contest_047_-_Fighting_over_Candies.cpp,llama,gen_1,p03943_AtCoder_Beginner_Contest_047_-_Fighting_over_Candies,0,file derived/cpp/llama/gen_1/00000/0066_p03943_AtCoder_Beginner_Contest_047_-_Fighting_over_Candies.cpp line 8 column 5 function main,CWE-190
llama/gen_1/00000/0176_1208_A._XORinacci.cpp,llama,gen_1,1208_A_XORinacci,0,file derived/cpp/llama/gen_1/00000/0176_1208_A._XORinacci.cpp line 11 column 9 function main,CWE-119
llama/gen_1/00002/0258_698_B._Fix_a_Tree.cpp,llama,gen_1,698_B_Fix_a_Tree,0,file /tmp/esbmc-cpp-headers-f440-f8d5-11a1/vector line 671 column 5 function operator[],
llama/gen_1/00002/0074_513_A._Game.cpp,llama,gen_1,513_A_Game,0,file derived/cpp/llama/gen_1/00002/0074_513_A._Game.cpp line 10 column 5 function main,CWE-190
llama/gen_1/00002/0210_p02464_Set_Intersection.cpp,llama,gen_1,p02464_Set_Intersection,0,file /tmp/esbmc-cpp-headers-fb5b-ad2c-d096/vector line 585 column 5 function size,
llama/gen_1/00002/0079_630_E._A_rectangle.cpp,llama,gen_1,630_E_A_rectangle,0,file derived/cpp/llama/gen_1/00002/0079_630_E._A_rectangle.cpp line 13 column 9 function main,CWE-190
llama/gen_1/00002/0120_p02216_Array_Game.cpp,llama,gen_1,p02216_Array_Game,0,file /tmp/esbmc-cpp-headers-4b1a-a1b9-741c/vector line 520 column 5 function end,
llama/gen_1/00002/0259_719_B._Anatoly_and_Cockroaches.cpp,llama,gen_1,719_B_Anatoly_and_Cockroaches,0,file /tmp/esbmc-cpp-headers-6589-7954-c938/string line 1437 column 3 function operator[],
llama/gen_1/00002/0038_1076_B._Divisor_Subtraction.cpp,llama,gen_1,1076_B_Divisor_Subtraction,0,file derived/cpp/llama/gen_1/00002/0038_1076_B._Divisor_Subtraction.cpp line 9 column 13 function main,CWE-190
llama/gen_1/00002/0167_625_A._Guest_From_the_Past.cpp,llama,gen_1,625_A_Guest_From_the_Past,0,arithmetic overflow on sub,CWE-190
llama/gen_1/00002/0187_p03072_AtCoder_Beginner_Contest_124_-_Great_Ocean_View.cpp,llama,gen_1,p03072_AtCoder_Beginner_Contest_124_-_Great_Ocean_View,0,file derived/cpp/llama/gen_1/00002/0187_p03072_AtCoder_Beginner_Contest_124_-_Great_Ocean_View.cpp line 7 column 5 function main,
llama/gen_1/00002/0223_1256_C._Platforms_Jumping.cpp,llama,gen_1,1256_C_Platforms_Jumping,0,file derived/cpp/llama/gen_1/00002/0223_1256_C._Platforms_Jumping.cpp line 14 column 9 function solve,CWE-190
llama/gen_1/00002/0170_719_E._Sasha_and_Array.cpp,llama,gen_1,719_E_Sasha_and_Array,0,file derived/cpp/llama/gen_1/00002/0170_719_E._Sasha_and_Array.cpp line 17 column 5 function main,CWE-120|CWE-190
llama/gen_1/00002/0247_409_A._The_Great_Game.cpp,llama,gen_1,409_A_The_Great_Game,0,file derived/cpp/llama/gen_1/00002/0247_409_A._The_Great_Game.cpp line 8 column 10 function calculateDamage,CWE-119|CWE-476
llama/gen_1/00002/0172_764_A._Taymyr_is_calling_you.cpp,llama,gen_1,764_A_Taymyr_is_calling_you,0,file derived/cpp/llama/gen_1/00002/0172_764_A._Taymyr_is_calling_you.cpp line 9 column 29 function main,CWE-190
llama/gen_1/00002/0236_155_A._I_love__username_.cpp,llama,gen_1,155_A_I_love__username_,0,file /tmp/esbmc-cpp-headers-c7fd-b53e-d8dd/vector line 671 column 5 function operator[],
llama/gen_1/00002/0100_p03258_AtCoder_Grand_Contest_027_-_ABBreviate.cpp,llama,gen_1,p03258_AtCoder_Grand_Contest_027_-_ABBreviate,0,file /tmp/esbmc-cpp-headers-1a35-e6bc-a425/vector line 433 column 7 function operator=,CWE-476
llama/gen_1/00002/0069_393_C._Blocked_Points.cpp,llama,gen_1,393_C_Blocked_Points,0,file derived/cpp/llama/gen_1/00002/0069_393_C._Blocked_Points.cpp line 8 column 10 function main,CWE-190
llama/gen_1/00002/0103_p03729_AtCoder_Beginner_Contest_060_-_Shiritori.cpp,llama,gen_1,p03729_AtCoder_Beginner_Contest_060_-_Shiritori,0,file /tmp/esbmc-cpp-headers-5725-8b43-5587/string line 1470 column 3 function back,
llama/gen_1/00002/0250_480_B._Long_Jumps.cpp,llama,gen_1,480_B_Long_Jumps,0,file /tmp/esbmc-cpp-headers-3156-d989-356e/vector line 585 column 5 function size,
llama/gen_1/00002/0192_p03839_AtCoder_Grand_Contest_008_-_Contiguous_Repainting.cpp,llama,gen_1,p03839_AtCoder_Grand_Contest_008_-_Contiguous_Repainting,0,file /tmp/esbmc-cpp-headers-5aef-5b5c-ab7b/vector line 670 column 5 function operator[],
llama/gen_1/00002/0036_1031_B._Curiosity_Has_No_Limits.cpp,llama,gen_1,1031_B_Curiosity_Has_No_Limits,0,file /tmp/esbmc-cpp-headers-e473-0974-2b72/vector line 671 column 5 function operator[],
llama/gen_1/00002/0262_787_A._The_Monster.cpp,llama,gen_1,787_A_The_Monster,0,file derived/cpp/llama/gen_1/00002/0262_787_A._The_Monster.cpp line 8 column 9 function main,CWE-190
llama/gen_1/00002/0257_673_A._Bear_and_Game.cpp,llama,gen_1,673_A_Bear_and_Game,0,file /tmp/esbmc-cpp-headers-c9c8-c8dd-0d15/vector line 671 column 5 function operator[],
llama/gen_1/00002/0046_1244_G._Running_in_Pairs.cpp,llama,gen_1,1244_G_Running_in_Pairs,0,file derived/cpp/llama/gen_1/00002/0046_1244_G._Running_in_Pairs.cpp line 19 column 5 function main,
llama/gen_1/00002/0043_1184_D1._Parallel_Universes__Easy_.cpp,llama,gen_1,1184_D1_Parallel_Universes__Easy_,0,file derived/cpp/llama/gen_1/00002/0043_1184_D1._Parallel_Universes__Easy_.cpp line 14 column 17 function main,CWE-190
llama/gen_1/00002/0018_p00054_Sum_of_Nth_decimal_places.cpp,llama,gen_1,p00054_Sum_of_Nth_decimal_places,0,file derived/cpp/llama/gen_1/00002/0018_p00054_Sum_of_Nth_decimal_places.cpp line 9 column 13 function main,CWE-190
llama/gen_1/00002/0274_p02797_Keyence_Programming_Contest_2020_-_Subarray_Sum.cpp,llama,gen_1,p02797_Keyence_Programming_Contest_2020_-_Subarray_Sum,0,file /tmp/esbmc-cpp-headers-46ee-f029-6f59/vector line 671 column 5 function operator[],
llama/gen_1/00002/0153_294_A._Shaass_and_Oskols.cpp,llama,gen_1,294_A_Shaass_and_Oskols,0,file /tmp/esbmc-cpp-headers-3a90-09f6-f170/vector line 670 column 5 function operator[],
llama/gen_1/00001/0263_171_C._A_Piece_of_Cake.cpp,llama,gen_1,171_C_A_Piece_of_Cake,0,file derived/cpp/llama/gen_1/00001/0263_171_C._A_Piece_of_Cake.cpp line 10 column 9 function main,CWE-190
llama/gen_1/00001/0169_1353_C._Board_Moves.cpp,llama,gen_1,1353_C_Board_Moves,0,file derived/cpp/llama/gen_1/00001/0169_1353_C._Board_Moves.cpp line 10 column 9 function main,CWE-190
llama/gen_1/00001/0009_348_A._Mafia.cpp,llama,gen_1,348_A_Mafia,0,file /tmp/esbmc-cpp-headers-c8dd-9add-f28b/vector line 520 column 5 function end,
llama/gen_1/00001/0205_845_B._Luba_And_The_Ticket.cpp,llama,gen_1,845_B_Luba_And_The_Ticket,0,file /tmp/esbmc-cpp-headers-d0e5-46bd-c815/string line 1437 column 3 function operator[],
llama/gen_1/00001/0154_1036_B._Diagonal_Walking_v.2.cpp,llama,gen_1,1036_B_Diagonal_Walking_v2,0,file derived/cpp/llama/gen_1/00001/0154_1036_B._Diagonal_Walking_v.2.cpp line 14 column 13 function main,CWE-190
llama/gen_1/00001/0060_p01931_Check_answers.cpp,llama,gen_1,p01931_Check_answers,0,file /tmp/esbmc-cpp-headers-1ea0-3e4a-2753/string line 1437 column 3 function operator[],
llama/gen_1/00001/0240_103_C._Russian_Roulette.cpp,llama,gen_1,103_C_Russian_Roulette,0,file derived/cpp/llama/gen_1/00001/0240_103_C._Russian_Roulette.cpp line 10 column 9 function main,CWE-190
llama/gen_1/00001/0171_1396_A._Multiples_of_Length.cpp,llama,gen_1,1396_A_Multiples_of_Length,0,file /tmp/esbmc-cpp-headers-736d-4ddd-af18/vector line 671 column 5 function operator[],
llama/gen_1/00001/0117_835_A._Key_races.cpp,llama,gen_1,835_A_Key_races,0,file derived/cpp/llama/gen_1/00001/0117_835_A._Key_races.cpp line 10 column 5 function main,CWE-190
llama/gen_1/00001/0043_p03407_AtCoder_Beginner_Contest_091_-_Two_Coins.cpp,llama,gen_1,p03407_AtCoder_Beginner_Contest_091_-_Two_Coins,0,file derived/cpp/llama/gen_1/00001/0043_p03407_AtCoder_Beginner_Contest_091_-_Two_Coins.cpp line 9 column 9 function main,CWE-190
llama/gen_1/00001/0107_604_A._Uncowed_Forces.cpp,llama,gen_1,604_A_Uncowed_Forces,0,file derived/cpp/llama/gen_1/00001/0107_604_A._Uncowed_Forces.cpp line 23 column 5 function main,CWE-190
llama/gen_1/00001/0258_1443_A._Kids_Seating.cpp,llama,gen_1,1443_A_Kids_Seating,0,file derived/cpp/llama/gen_1/00001/0258_1443_A._Kids_Seating.cpp line 7 column 12 function main,CWE-190
llama/gen_1/00001/0041_p03107_AtCoder_Beginner_Contest_120_-_Unification.cpp,llama,gen_1,p03107_AtCoder_Beginner_Contest_120_-_Unification,0,file /tmp/esbmc-cpp-headers-7524-5fcd-1ab3/algorithm line 299 column 5 function count,CWE-119|CWE-476
llama/gen_1/00001/0057_p01484_Icy_Composer.cpp,llama,gen_1,p01484_Icy_Composer,0,file /tmp/esbmc-cpp-headers-88ff-c8c4-6f82/string line 1437 column 3 function operator[],
llama/gen_1/00001/0229_p01076_Graph_Making.cpp,llama,gen_1,p01076_Graph_Making,0,file derived/cpp/llama/gen_1/00001/0229_p01076_Graph_Making.cpp line 18 column 9 function main,CWE-190
llama/gen_1/00001/0191_46_C._Hamsters_and_Tigers.cpp,llama,gen_1,46_C_Hamsters_and_Tigers,0,file /tmp/esbmc-cpp-headers-66d8-21f1-04e9/string line 1437 column 3 function operator[],
llama/gen_1/00001/0083_1408_A._Circle_Coloring.cpp,llama,gen_1,1408_A_Circle_Coloring,0,file derived/cpp/llama/gen_1/00001/0083_1408_A._Circle_Coloring.cpp line 22 column 18 function main,CWE-119
llama/gen_1/00001/0132_p03534_CODE_FESTIVAL_2017_Final__Parallel__-_Palindrome-phobia.cpp,llama,gen_1,p03534_CODE_FESTIVAL_2017_Final__Parallel__-_Palindrome-phobia,0,file derived/cpp/llama/gen_1/00001/0132_p03534_CODE_FESTIVAL_2017_Final__Parallel__-_Palindrome-phobia.cpp line 9 column 10 function main,CWE-119|CWE-476
llama/gen_1/00001/0152_p02472_Addition_of_Big_Integers.cpp,llama,gen_1,p02472_Addition_of_Big_Integers,0,file /tmp/esbmc-cpp-headers-5876-3a13-855c/string line 1437 column 3 function operator[],
llama/gen_1/00001/0131_p03371_AtCoder_Beginner_Contest_095_-_Half_and_Half.cpp,llama,gen_1,p03371_AtCoder_Beginner_Contest_095_-_Half_and_Half,0,file derived/cpp/llama/gen_1/00001/0131_p03371_AtCoder_Beginner_Contest_095_-_Half_and_Half.cpp line 13 column 5 function main,CWE-190
llama/gen_1/00001/0290_802_I._Fake_News__hard_.cpp,llama,gen_1,802_I_Fake_News__hard_,0,file derived/cpp/llama/gen_1/00001/0290_802_I._Fake_News__hard_.cpp line 8 column 12 function main,CWE-190
llama/gen_1/00001/0077_1281_B._Azamon_Web_Services.cpp,llama,gen_1,1281_B_Azamon_Web_Services,0,file derived/cpp/llama/gen_1/00001/0077_1281_B._Azamon_Web_Services.cpp line 35 column 12 function main,CWE-190
llama/gen_1/00001/0237_p02250_Multiple_String_Matching.cpp,llama,gen_1,p02250_Multiple_String_Matching,0,file /tmp/esbmc-cpp-headers-ffdc-6ff4-1f88/string line 1924 column 3 function find,
llama/gen_1/00001/0031_85_D._Sum_of_Medians.cpp,llama,gen_1,85_D_Sum_of_Medians,0,file derived/cpp/llama/gen_1/00001/0031_85_D._Sum_of_Medians.cpp line 12 column 12 function main,CWE-190
llama/gen_1/00001/0081_1366_A._Shovels_and_Swords.cpp,llama,gen_1,1366_A_Shovels_and_Swords,0,file derived/cpp/llama/gen_1/00001/0081_1366_A._Shovels_and_Swords.cpp line 7 column 12 function main,CWE-190
llama/gen_1/00001/0143_p01150_Eight_Princes.cpp,llama,gen_1,p01150_Eight_Princes,0,file derived/cpp/llama/gen_1/00001/0143_p01150_Eight_Princes.cpp line 13 column 17 function main,CWE-190
llama/gen_1/00001/0198_633_A._Ebony_and_Ivory.cpp,llama,gen_1,633_A_Ebony_and_Ivory,0,file derived/cpp/llama/gen_1/00001/0198_633_A._Ebony_and_Ivory.cpp line 10 column 9 function main,CWE-190
llama/gen_1/00001/0272_381_A._Sereja_and_Dima.cpp,llama,gen_1,381_A_Sereja_and_Dima,0,file derived/cpp/llama/gen_1/00001/0272_381_A._Sereja_and_Dima.cpp line 13 column 5 function main,CWE-190
llama/gen_1/00001/0129_p03080_ExaWizards_2019_-_Red_or_Blue.cpp,llama,gen_1,p03080_ExaWizards_2019_-_Red_or_Blue,0,file derived/cpp/llama/gen_1/00001/0129_p03080_ExaWizards_2019_-_Red_or_Blue.cpp line 12 column 10 function main,CWE-119|CWE-476
llama/gen_1/00001/0059_p01797_Kimagure_Cleaner.cpp,llama,gen_1,p01797_Kimagure_Cleaner,0,file /tmp/esbmc-cpp-headers-14db-dbea-09cf/ios line 254 column 3 function rdstate,CWE-476
llama/gen_1/00001/0289_779_A._Pupils_Redistribution.cpp,llama,gen_1,779_A_Pupils_Redistribution,0,file /tmp/esbmc-cpp-headers-4114-970a-746a/vector line 670 column 5 function operator[],
llama/gen_1/00001/0155_1059_A._Cashier.cpp,llama,gen_1,1059_A_Cashier,0,file derived/cpp/llama/gen_1/00001/0155_1059_A._Cashier.cpp line 30 column 5 function main,CWE-190
llama/gen_1/00001/0105_556_C._Case_of_Matryoshkas.cpp,llama,gen_1,556_C_Case_of_Matryoshkas,0,file derived/cpp/llama/gen_1/00001/0105_556_C._Case_of_Matryoshkas.cpp line 30 column 5 function main,CWE-190
llama/gen_1/00001/0182_259_B._Little_Elephant_and_Magic_Square.cpp,llama,gen_1,259_B_Little_Elephant_and_Magic_Square,0,file derived/cpp/llama/gen_1/00001/0182_259_B._Little_Elephant_and_Magic_Square.cpp line 10 column 30 function main,CWE-190
llama/gen_1/00001/0170_1373_B._01_Game.cpp,llama,gen_1,1373_B_01_Game,0,file derived/cpp/llama/gen_1/00001/0170_1373_B._01_Game.cpp line 15 column 14 function main,CWE-119|CWE-476
llama/gen_1/00001/0158_1121_A._Technogoblet_of_Fire.cpp,llama,gen_1,1121_A_Technogoblet_of_Fire,0,file /tmp/esbmc-cpp-headers-0005-6ba8-573e/vector line 670 column 5 function operator[],
llama/gen_1/00001/0218_p03443_AtCoder_Petrozavodsk_Contest_001_-_Colorful_Doors.cpp,llama,gen_1,p03443_AtCoder_Petrozavodsk_Contest_001_-_Colorful_Doors,0,arithmetic overflow on mul,CWE-190
llama/gen_1/00001/0047_p04048_AtCoder_Grand_Contest_001_-_Mysterious_Light.cpp,llama,gen_1,p04048_AtCoder_Grand_Contest_001_-_Mysterious_Light,0,file derived/cpp/llama/gen_1/00001/0047_p04048_AtCoder_Grand_Contest_001_-_Mysterious_Light.cpp line 16 column 5 function main,CWE-190
llama/gen_1/00001/0202_774_D._Lie_or_Truth.cpp,llama,gen_1,774_D_Lie_or_Truth,0,file /tmp/esbmc-cpp-headers-1bbd-53ae-4493/algorithm line 375 column 5 function equal,CWE-119|CWE-476
llama/gen_1/00001/0238_p02398_How_Many_Divisors_.cpp,llama,gen_1,p02398_How_Many_Divisors_,0,file derived/cpp/llama/gen_1/00001/0238_p02398_How_Many_Divisors_.cpp line 8 column 9 function main,CWE-190
llama/gen_1/00001/0087_1500_B._Two_chandeliers.cpp,llama,gen_1,1500_B_Two_chandeliers,0,file /tmp/esbmc-cpp-headers-e7b7-899d-1fe1/vector line 520 column 5 function end,
llama/gen_2/00000_2/0150_p00206_Next_Trip.cpp,llama,gen_2,p00206_Next_Trip,0,file derived/cpp/llama/gen_2/00000_2/0150_p00206_Next_Trip.cpp line 14 column 13 function main,CWE-190
llama/gen_2/00000_2/0223_p00032_Plastic_Board.cpp,llama,gen_2,p00032_Plastic_Board,0,file derived/cpp/llama/gen_2/00000_2/0223_p00032_Plastic_Board.cpp line 12 column 9 function main,CWE-190
llama/gen_2/00000_2/0032_44_B._Cola.cpp,llama,gen_2,44_B_Cola,0,file derived/cpp/llama/gen_2/00000_2/0032_44_B._Cola.cpp line 10 column 13 function main,CWE-190
llama/gen_2/00000_2/0203_774_K._Stepan_and_Vowels.cpp,llama,gen_2,774_K_Stepan_and_Vowels,0,file /tmp/esbmc-cpp-headers-d998-7296-aee8/string line 1437 column 3 function operator[],
llama/gen_2/00000_2/0004_1101_A._Minimum_Integer.cpp,llama,gen_2,1101_A_Minimum_Integer,0,file derived/cpp/llama/gen_2/00000_2/0004_1101_A._Minimum_Integer.cpp line 12 column 9 function main,CWE-190
llama/gen_2/00000_2/0003_1081_G._Mergesort_Strikes_Back.cpp,llama,gen_2,1081_G_Mergesort_Strikes_Back,0,file derived/cpp/llama/gen_2/00000_2/0003_1081_G._Mergesort_Strikes_Back.cpp line 13 column 9 function pow,CWE-190
llama/gen_2/00000_2/0124_670_B._Game_of_Robots.cpp,llama,gen_2,670_B_Game_of_Robots,0,file derived/cpp/llama/gen_2/00000_2/0124_670_B._Game_of_Robots.cpp line 8 column 5 function main,
llama/gen_2/00000_2/0208_893_A._Chess_For_Three.cpp,llama,gen_2,893_A_Chess_For_Three,0,file derived/cpp/llama/gen_2/00000_2/0208_893_A._Chess_For_Three.cpp line 14 column 5 function main,CWE-119
llama/gen_2/00000_2/0218_p03294_AtCoder_Beginner_Contest_103_-_Modulo_Summation.cpp,llama,gen_2,p03294_AtCoder_Beginner_Contest_103_-_Modulo_Summation,0,file derived/cpp/llama/gen_2/00000_2/0218_p03294_AtCoder_Beginner_Contest_103_-_Modulo_Summation.cpp line 10 column 5 function main,
llama/gen_2/00000_2/0224_p00163_Highway_Toll.cpp,llama,gen_2,p00163_Highway_Toll,0,file derived/cpp/llama/gen_2/00000_2/0224_p00163_Highway_Toll.cpp line 34 column 9 function main,CWE-119
llama/gen_2/00000_2/0226_p00490_Best_Pizza.cpp,llama,gen_2,p00490_Best_Pizza,0,file derived/cpp/llama/gen_2/00000_2/0226_p00490_Best_Pizza.cpp line 25 column 17 function main,CWE-190
llama/gen_2/00000_2/0088_1155_A._Reverse_a_Substring.cpp,llama,gen_2,1155_A_Reverse_a_Substring,0,file /tmp/esbmc-cpp-headers-9d12-aeba-0c35/string line 1437 column 3 function operator[],
llama/gen_2/00000_2/0225_p00320_Cuboid.cpp,llama,gen_2,p00320_Cuboid,0,file derived/cpp/llama/gen_2/00000_2/0225_p00320_Cuboid.cpp line 23 column 9 function main,CWE-190
llama/gen_2/00000_2/0117_478_A._Initial_Bet.cpp,llama,gen_2,478_A_Initial_Bet,0,file derived/cpp/llama/gen_2/00000_2/0117_478_A._Initial_Bet.cpp line 9 column 5 function main,CWE-190
llama/gen_2/00000_2/0141_p02916_AtCoder_Beginner_Contest_140_-_Buffet.cpp,llama,gen_2,p02916_AtCoder_Beginner_Contest_140_-_Buffet,0,file derived/cpp/llama/gen_2/00000_2/0141_p02916_AtCoder_Beginner_Contest_140_-_Buffet.cpp line 7 column 5 function main,
llama/gen_2/00000_2/0108_268_A._Games.cpp,llama,gen_2,268_A_Games,0,file derived/cpp/llama/gen_2/00000_2/0108_268_A._Games.cpp line 7 column 5 function main,
llama/gen_2/00000_2/0104_174_E._Ancient_Berland_Hieroglyphs.cpp,llama,gen_2,174_E_Ancient_Berland_Hieroglyphs,0,arithmetic overflow on mul,CWE-190
llama/gen_2/00000_2/0082_101_C._Vectors.cpp,llama,gen_2,101_C_Vectors,0,file derived/cpp/llama/gen_2/00000_2/0082_101_C._Vectors.cpp line 19 column 5 function check,CWE-190
llama/gen_2/00000_2/0105_195_A._Let_s_Watch_Football.cpp,llama,gen_2,195_A_Let_s_Watch_Football,0,file derived/cpp/llama/gen_2/00000_2/0105_195_A._Let_s_Watch_Football.cpp line 8 column 13 function main,CWE-190
llama/gen_2/00000_2/0214_p02741_Panasonic_Programming_Contest_2020_-_Kth_Term.cpp,llama,gen_2,p02741_Panasonic_Programming_Contest_2020_-_Kth_Term,0,file derived/cpp/llama/gen_2/00000_2/0214_p02741_Panasonic_Programming_Contest_2020_-_Kth_Term.cpp line 7 column 5 function main,CWE-119
llama/gen_2/00000_2/0257_1369_D._TediousLee.cpp,llama,gen_2,1369_D_TediousLee,0,file derived/cpp/llama/gen_2/00000_2/0257_1369_D._TediousLee.cpp line 12 column 12 function main,CWE-190
llama/gen_2/00000_2/0247_1165_A._Remainder.cpp,llama,gen_2,1165_A_Remainder,0,file /tmp/esbmc-cpp-headers-290a-39d8-8222/string line 1437 column 3 function operator[],
llama/gen_2/00000_2/0091_1236_A._Stones.cpp,llama,gen_2,1236_A_Stones,0,file derived/cpp/llama/gen_2/00000_2/0091_1236_A._Stones.cpp line 10 column 12 function main,CWE-190
llama/gen_2/00000_2/0122_5_A._Chat_Server_s_Outgoing_Traffic.cpp,llama,gen_2,5_A_Chat_Server_s_Outgoing_Traffic,0,file /tmp/esbmc-cpp-headers-2304-ad48-e1a8/ios line 254 column 3 function rdstate,CWE-476
llama/gen_2/00000_2/0260_1455_F._String_and_Operations.cpp,llama,gen_2,1455_F_String_and_Operations,0,file /tmp/esbmc-cpp-headers-6234-88e1-c2a8/string line 1437 column 3 function operator[],
llama/gen_2/00000_2/0025_284_B._Cows_and_Poker_Game.cpp,llama,gen_2,284_B_Cows_and_Poker_Game,0,file /tmp/esbmc-cpp-headers-664f-57c6-3b8e/string line 1437 column 3 function operator[],
llama/gen_2/00000_2/0186_1466_C._Canine_poetry.cpp,llama,gen_2,1466_C_Canine_poetry,0,file derived/cpp/llama/gen_2/00000_2/0186_1466_C._Canine_poetry.cpp line 10 column 12 function main,CWE-190
llama/gen_2/00000_2/0148_p03986_AtCoder_Grand_Contest_005_-_STring.cpp,llama,gen_2,p03986_AtCoder_Grand_Contest_005_-_STring,0,file derived/cpp/llama/gen_2/00000_2/0148_p03986_AtCoder_Grand_Contest_005_-_STring.cpp line 20 column 10 function main,CWE-119|CWE-476
llama/gen_2/00000_2/0149_p00074_Videotape.cpp,llama,gen_2,p00074_Videotape,0,file derived/cpp/llama/gen_2/00000_2/0149_p00074_Videotape.cpp line 10 column 9 function main,CWE-190
llama/gen_2/00000_2/0174_1208_A._XORinacci.cpp,llama,gen_2,1208_A_XORinacci,0,file /tmp/esbmc-cpp-headers-cf73-bcfc-bcbf/vector line 671 column 5 function operator[],
llama/gen_2/00000_2/0022_20_B._Equation.cpp,llama,gen_2,20_B_Equation,0,file derived/cpp/llama/gen_2/00000_2/0022_20_B._Equation.cpp line 17 column 9 function main,CWE-190
llama/gen_2/00000_2/0029_379_A._New_Year_Candles.cpp,llama,gen_2,379_A_New_Year_Candles,0,file derived/cpp/llama/gen_2/00000_2/0029_379_A._New_Year_Candles.cpp line 12 column 9 function main,CWE-190
llama/gen_2/00000_2/0111_339_A._Helpful_Maths.cpp,llama,gen_2,339_A_Helpful_Maths,0,file /tmp/esbmc-cpp-headers-9dd4-c747-518b/string line 3567 column 3 function stoi,
llama/gen_2/00000_2/0178_1291_B._Array_Sharpening.cpp,llama,gen_2,1291_B_Array_Sharpening,0,file derived/cpp/llama/gen_2/00000_2/0178_1291_B._Array_Sharpening.cpp line 7 column 8 function main,CWE-190
llama/gen_2/00001_2/0077_1366_A._Shovels_and_Swords.cpp,llama,gen_2,1366_A_Shovels_and_Swords,0,arithmetic overflow on add,CWE-190
llama/gen_2/00001_2/0100_p03080_ExaWizards_2019_-_Red_or_Blue.cpp,llama,gen_2,p03080_ExaWizards_2019_-_Red_or_Blue,0,file derived/cpp/llama/gen_2/00001_2/0100_p03080_ExaWizards_2019_-_Red_or_Blue.cpp line 11 column 10 function main,CWE-119|CWE-476
llama/gen_2/00001_2/0142_1396_A._Multiples_of_Length.cpp,llama,gen_2,1396_A_Multiples_of_Length,0,file /tmp/esbmc-cpp-headers-1acd-5198-ac4f/vector line 671 column 5 function operator[],
llama/gen_2/00001_2/0206_1062_D._Fun_with_Integers.cpp,llama,gen_2,1062_D_Fun_with_Integers,0,file derived/cpp/llama/gen_2/00001_2/0206_1062_D._Fun_with_Integers.cpp line 13 column 13 function main,CWE-190
llama/gen_2/00001_2/0175_845_B._Luba_And_The_Ticket.cpp,llama,gen_2,845_B_Luba_And_The_Ticket,0,file /tmp/esbmc-cpp-headers-c5f8-a143-0850/string line 1437 column 3 function operator[],
llama/gen_2/00001_2/0102_p03371_AtCoder_Beginner_Contest_095_-_Half_and_Half.cpp,llama,gen_2,p03371_AtCoder_Beginner_Contest_095_-_Half_and_Half,0,file derived/cpp/llama/gen_2/00001_2/0102_p03371_AtCoder_Beginner_Contest_095_-_Half_and_Half.cpp line 13 column 5 function main,CWE-190
llama/gen_2/00001_2/0205_103_C._Russian_Roulette.cpp,llama,gen_2,103_C_Russian_Roulette,0,file derived/cpp/llama/gen_2/00001_2/0205_103_C._Russian_Roulette.cpp line 20 column 9 function main,CWE-190
llama/gen_2/00001_2/0042_p03407_AtCoder_Beginner_Contest_091_-_Two_Coins.cpp,llama,gen_2,p03407_AtCoder_Beginner_Contest_091_-_Two_Coins,0,file derived/cpp/llama/gen_2/00001_2/0042_p03407_AtCoder_Beginner_Contest_091_-_Two_Coins.cpp line 8 column 5 function main,CWE-190
llama/gen_2/00001_2/0057_p01797_Kimagure_Cleaner.cpp,llama,gen_2,p01797_Kimagure_Cleaner,0,file derived/cpp/llama/gen_2/00001_2/0057_p01797_Kimagure_Cleaner.cpp line 21 column 9 function solve,CWE-190
llama/gen_2/00001_2/0114_p01150_Eight_Princes.cpp,llama,gen_2,p01150_Eight_Princes,0,file derived/cpp/llama/gen_2/00001_2/0114_p01150_Eight_Princes.cpp line 13 column 17 function main,CWE-190
llama/gen_2/00001_2/0141_1373_B._01_Game.cpp,llama,gen_2,1373_B_01_Game,0,file derived/cpp/llama/gen_2/00001_2/0141_1373_B._01_Game.cpp line 7 column 12 function main,CWE-190
llama/gen_2/00001_2/0153_259_B._Little_Elephant_and_Magic_Square.cpp,llama,gen_2,259_B_Little_Elephant_and_Magic_Square,0,file derived/cpp/llama/gen_2/00001_2/0153_259_B._Little_Elephant_and_Magic_Square.cpp line 16 column 17 function main,CWE-190
llama/gen_2/00001_2/0126_1059_A._Cashier.cpp,llama,gen_2,1059_A_Cashier,0,file derived/cpp/llama/gen_2/00001_2/0126_1059_A._Cashier.cpp line 13 column 5 function main,CWE-119
llama/gen_2/00001_2/0008_348_A._Mafia.cpp,llama,gen_2,348_A_Mafia,0,file /tmp/esbmc-cpp-headers-78ec-d417-80d6/vector line 520 column 5 function end,
llama/gen_2/00001_2/0236_381_A._Sereja_and_Dima.cpp,llama,gen_2,381_A_Sereja_and_Dima,0,file derived/cpp/llama/gen_2/00001_2/0236_381_A._Sereja_and_Dima.cpp line 17 column 5 function main,CWE-190
llama/gen_2/00001_2/0103_p03534_CODE_FESTIVAL_2017_Final__Parallel__-_Palindrome-phobia.cpp,llama,gen_2,p03534_CODE_FESTIVAL_2017_Final__Parallel__-_Palindrome-phobia,0,file derived/cpp/llama/gen_2/00001_2/0103_p03534_CODE_FESTIVAL_2017_Final__Parallel__-_Palindrome-phobia.cpp line 9 column 10 function main,CWE-119|CWE-476
llama/gen_2/00001_2/0172_774_D._Lie_or_Truth.cpp,llama,gen_2,774_D_Lie_or_Truth,0,file derived/cpp/llama/gen_2/00001_2/0172_774_D._Lie_or_Truth.cpp line 7 column 10 function main,CWE-190
llama/gen_2/00001_2/0177_936_A._Save_Energy_.cpp,llama,gen_2,936_A_Save_Energy_,0,file derived/cpp/llama/gen_2/00001_2/0177_936_A._Save_Energy_.cpp line 13 column 9 function main,CWE-190
llama/gen_2/00001_2/0253_779_A._Pupils_Redistribution.cpp,llama,gen_2,779_A_Pupils_Redistribution,0,file /tmp/esbmc-cpp-headers-d2de-783d-8b07/vector line 671 column 5 function operator[],
llama/gen_2/00001_2/0195_p01076_Graph_Making.cpp,llama,gen_2,p01076_Graph_Making,0,file derived/cpp/llama/gen_2/00001_2/0195_p01076_Graph_Making.cpp line 14 column 9 function main,CWE-190
llama/gen_2/00001_2/0227_171_C._A_Piece_of_Cake.cpp,llama,gen_2,171_C_A_Piece_of_Cake,0,file derived/cpp/llama/gen_2/00001_2/0227_171_C._A_Piece_of_Cake.cpp line 10 column 9 function main,CWE-190
llama/gen_2/00001_2/0058_p01931_Check_answers.cpp,llama,gen_2,p01931_Check_answers,0,file derived/cpp/llama/gen_2/00001_2/0058_p01931_Check_answers.cpp line 13 column 10 function main,CWE-119|CWE-476
llama/gen_2/00001_2/0157_352_E._Jeff_and_Brackets.cpp,llama,gen_2,352_E_Jeff_and_Brackets,0,file derived/cpp/llama/gen_2/00001_2/0157_352_E._Jeff_and_Brackets.cpp line 43 column 5 function main,CWE-120|CWE-190
llama/gen_2/00001_2/0161_46_C._Hamsters_and_Tigers.cpp,llama,gen_2,46_C_Hamsters_and_Tigers,0,file /tmp/esbmc-cpp-headers-4112-512d-7711/algorithm line 299 column 5 function count,CWE-119|CWE-476
llama/gen_2/00001_2/0203_p02398_How_Many_Divisors_.cpp,llama,gen_2,p02398_How_Many_Divisors_,0,file derived/cpp/llama/gen_2/00001_2/0203_p02398_How_Many_Divisors_.cpp line 9 column 9 function main,CWE-190
llama/gen_2/00001_2/0222_1443_A._Kids_Seating.cpp,llama,gen_2,1443_A_Kids_Seating,0,file derived/cpp/llama/gen_2/00001_2/0222_1443_A._Kids_Seating.cpp line 18 column 12 function main,CWE-190
llama/gen_2/00001_2/0230_239_A._Two_Bags_of_Potatoes.cpp,llama,gen_2,239_A_Two_Bags_of_Potatoes,0,file derived/cpp/llama/gen_2/00001_2/0230_239_A._Two_Bags_of_Potatoes.cpp line 8 column 5 function main,CWE-190
llama/gen_2/00001_2/0083_178_A1._Educational_Game.cpp,llama,gen_2,178_A1_Educational_Game,0,file derived/cpp/llama/gen_2/00001_2/0083_178_A1._Educational_Game.cpp line 7 column 5 function main,
llama/gen_2/00001_2/0213_120_C._Winnie-the-Pooh_and_honey.cpp,llama,gen_2,120_C_Winnie-the-Pooh_and_honey,0,file derived/cpp/llama/gen_2/00001_2/0213_120_C._Winnie-the-Pooh_and_honey.cpp line 16 column 21 function main,CWE-190
llama/gen_2/00001_2/0140_1353_C._Board_Moves.cpp,llama,gen_2,1353_C_Board_Moves,0,file derived/cpp/llama/gen_2/00001_2/0140_1353_C._Board_Moves.cpp line 14 column 9 function main,CWE-190
llama/gen_2/00001_2/0129_1121_A._Technogoblet_of_Fire.cpp,llama,gen_2,1121_A_Technogoblet_of_Fire,0,file /tmp/esbmc-cpp-headers-fd16-6a76-a245/vector line 670 column 5 function operator[],
llama/gen_2/00001_2/0249_690_A1._Collective_Mindsets__easy_.cpp,llama,gen_2,690_A1_Collective_Mindsets__easy_,0,file derived/cpp/llama/gen_2/00001_2/0249_690_A1._Collective_Mindsets__easy_.cpp line 10 column 9 function main,CWE-190
llama/gen_2/00002_2/0229_1384_D._GameGame.cpp,llama,gen_2,1384_D_GameGame,0,file derived/cpp/llama/gen_2/00002_2/0229_1384_D._GameGame.cpp line 10 column 12 function main,CWE-190
llama/gen_2/00002_2/0258_698_B._Fix_a_Tree.cpp,llama,gen_2,698_B_Fix_a_Tree,0,file /tmp/esbmc-cpp-headers-8b6a-b63a-ab48/vector line 671 column 5 function operator[],
llama/gen_2/00002_2/0079_630_E._A_rectangle.cpp,llama,gen_2,630_E_A_rectangle,0,file derived/cpp/llama/gen_2/00002_2/0079_630_E._A_rectangle.cpp line 8 column 5 function main,CWE-190
llama/gen_2/00002_2/0120_p02216_Array_Game.cpp,llama,gen_2,p02216_Array_Game,0,file /tmp/esbmc-cpp-headers-3c07-58ee-961c/vector line 520 column 5 function end,
llama/gen_2/00002_2/0156_365_A._Good_Number.cpp,llama,gen_2,365_A_Good_Number,0,file derived/cpp/llama/gen_2/00002_2/0156_365_A._Good_Number.cpp line 15 column 9 function main,CWE-190
llama/gen_2/00002_2/0259_719_B._Anatoly_and_Cockroaches.cpp,llama,gen_2,719_B_Anatoly_and_Cockroaches,0,file /tmp/esbmc-cpp-headers-ddb2-c4ca-17f8/string line 1437 column 3 function operator[],
llama/gen_2/00002_2/0154_317_D._Game_with_Powers.cpp,llama,gen_2,317_D_Game_with_Powers,0,file derived/cpp/llama/gen_2/00002_2/0154_317_D._Game_with_Powers.cpp line 8 column 5 function main,CWE-190
llama/gen_2/00002_2/0063_253_A._Boys_and_Girls.cpp,llama,gen_2,253_A_Boys_and_Girls,0,file derived/cpp/llama/gen_2/00002_2/0063_253_A._Boys_and_Girls.cpp line 12 column 9 function main,CWE-190
llama/gen_2/00002_2/0223_1256_C._Platforms_Jumping.cpp,llama,gen_2,1256_C_Platforms_Jumping,0,file derived/cpp/llama/gen_2/00002_2/0223_1256_C._Platforms_Jumping.cpp line 29 column 9 function main,CWE-190
llama/gen_2/00002_2/0182_99_B._Help_Chef_Gerasim.cpp,llama,gen_2,99_B_Help_Chef_Gerasim,0,file /tmp/esbmc-cpp-headers-6ccd-705a-9a0a/vector line 520 column 5 function end,
llama/gen_2/00002_2/0151_245_F._Log_Stream_Analysis.cpp,llama,gen_2,245_F_Log_Stream_Analysis,0,file /tmp/esbmc-cpp-headers-fef5-e07c-efe3/ios line 254 column 3 function rdstate,CWE-476
llama/gen_2/00002_2/0247_409_A._The_Great_Game.cpp,llama,gen_2,409_A_The_Great_Game,0,file derived/cpp/llama/gen_2/00002_2/0247_409_A._The_Great_Game.cpp line 6 column 10 function calculateScore,CWE-119|CWE-476
llama/gen_2/00002_2/0236_155_A._I_love__username_.cpp,llama,gen_2,155_A_I_love__username_,0,file /tmp/esbmc-cpp-headers-a536-9f01-64a1/vector line 671 column 5 function operator[],
llama/gen_2/00002_2/0100_p03258_AtCoder_Grand_Contest_027_-_ABBreviate.cpp,llama,gen_2,p03258_AtCoder_Grand_Contest_027_-_ABBreviate,0,file /tmp/esbmc-cpp-headers-4f05-4f95-b4c9/vector line 437 column 9 function operator=,CWE-476
llama/gen_2/00002_2/0069_393_C._Blocked_Points.cpp,llama,gen_2,393_C_Blocked_Points,0,file derived/cpp/llama/gen_2/00002_2/0069_393_C._Blocked_Points.cpp line 9 column 9 function main,CWE-190
llama/gen_2/00002_2/0103_p03729_AtCoder_Beginner_Contest_060_-_Shiritori.cpp,llama,gen_2,p03729_AtCoder_Beginner_Contest_060_-_Shiritori,0,file /tmp/esbmc-cpp-headers-df98-be3a-d435/string line 1470 column 3 function back,
llama/gen_2/00002_2/0250_480_B._Long_Jumps.cpp,llama,gen_2,480_B_Long_Jumps,0,file derived/cpp/llama/gen_2/00002_2/0250_480_B._Long_Jumps.cpp line 48 column 13 function main,CWE-190
llama/gen_2/00002_2/0192_p03839_AtCoder_Grand_Contest_008_-_Contiguous_Repainting.cpp,llama,gen_2,p03839_AtCoder_Grand_Contest_008_-_Contiguous_Repainting,0,file derived/cpp/llama/gen_2/00002_2/0192_p03839_AtCoder_Grand_Contest_008_-_Contiguous_Repainting.cpp line 18 column 29 function main,CWE-190
llama/gen_2/00002_2/0056_1458_B._Glass_Half_Spilled.cpp,llama,gen_2,1458_B_Glass_Half_Spilled,0,file /tmp/esbmc-cpp-headers-c5e8-586d-7f72/vector line 520 column 5 function end,
llama/gen_2/00002_2/0036_1031_B._Curiosity_Has_No_Limits.cpp,llama,gen_2,1031_B_Curiosity_Has_No_Limits,0,file /tmp/esbmc-cpp-headers-312a-44d2-755d/vector line 671 column 5 function operator[],
llama/gen_2/00002_2/0262_787_A._The_Monster.cpp,llama,gen_2,787_A_The_Monster,0,file derived/cpp/llama/gen_2/00002_2/0262_787_A._The_Monster.cpp line 12 column 9 function main,CWE-190
llama/gen_2/00002_2/0145_149_D._Coloring_Brackets.cpp,llama,gen_2,149_D_Coloring_Brackets,0,file /tmp/esbmc-cpp-headers-5d76-f9f5-f789/vector line 433 column 7 function operator=,CWE-476
llama/gen_2/00002_2/0206_p01896_Folding_Paper.cpp,llama,gen_2,p01896_Folding_Paper,0,arithmetic overflow on mul,CWE-190
llama/gen_2/00002_2/0029_p01711_Idempotent_Filter.cpp,llama,gen_2,p01711_Idempotent_Filter,0,file /tmp/esbmc-cpp-headers-ada8-39dd-237c/ios line 254 column 3 function rdstate,CWE-476
llama/gen_2/00002_2/0018_p00054_Sum_of_Nth_decimal_places.cpp,llama,gen_2,p00054_Sum_of_Nth_decimal_places,0,file derived/cpp/llama/gen_2/00002_2/0018_p00054_Sum_of_Nth_decimal_places.cpp line 9 column 13 function main,CWE-190
llama/gen_2/00002_2/0138_1342_E._Placing_Rooks.cpp,llama,gen_2,1342_E_Placing_Rooks,0,file derived/cpp/llama/gen_2/00002_2/0138_1342_E._Placing_Rooks.cpp line 39 column 5 function main,CWE-190
llama/gen_2/00002_2/0153_294_A._Shaass_and_Oskols.cpp,llama,gen_2,294_A_Shaass_and_Oskols,0,file derived/cpp/llama/gen_2/00002_2/0153_294_A._Shaass_and_Oskols.cpp line 21 column 9 function main,CWE-190
llama/gen_2/00002_2/0234_149_B._Martian_Clock.cpp,llama,gen_2,149_B_Martian_Clock,0,file /tmp/esbmc-cpp-headers-c1f6-b017-af3c/string line 1909 column 3 function find,
llama/gen_2/00002_2/0052_136_B._Ternary_Logic.cpp,llama,gen_2,136_B_Ternary_Logic,0,file derived/cpp/llama/gen_2/00002_2/0052_136_B._Ternary_Logic.cpp line 19 column 9 function main,CWE-190
