sample_id,model,generation,esbmc_verdict,esbmc_cwes,sanitizer_triggered,sanitizer_cwes,cppcheck_cwes,esbmc_only,sanitizer_only,cppcheck_only,confirmed_by_2plus,n_tools_with_findings
gemma/gen_1/00000/0006_1149_E._Election_Promises.cpp,gemma,gen_1,TIMEOUT,,False,,CWE-571,,,CWE-571,,1
gemma/gen_1/00000/0007_1189_D1._Add_on_a_Tree.cpp,gemma,gen_1,FAILED,,False,,CWE-398,,,CWE-398,,2
gemma/gen_1/00000/0008_1208_D._Restore_Permutation.cpp,gemma,gen_1,SUCCESS,,False,,CWE-398,,,CWE-398,,1
gemma/gen_1/00000/0009_1227_D1._Optimal_Subsequences__Easy_Version_.cpp,gemma,gen_1,PARSE_ERROR,,False,,CWE-398,,,CWE-398,,1
gemma/gen_1/00000/0010_1269_E._K_Integers.cpp,gemma,gen_1,TIMEOUT,,False,,CWE-398,,,CWE-398,,1
gemma/gen_1/00000/0011_1291_E._Prefix_Enlightenment.cpp,gemma,gen_1,TIMEOUT,,False,,CWE-398,,,CWE-398,,1
gemma/gen_1/00000/0013_1334_D._Minimum_Euler_Cycle.cpp,gemma,gen_1,TIMEOUT,,False,,CWE-398,,,CWE-398,,1
gemma/gen_1/00000/0015_1398_A._Bad_Triangle.cpp,gemma,gen_1,TIMEOUT,,False,,CWE-398,,,CWE-398,,1
gemma/gen_1/00000/0016_1421_B._Putting_Bricks_in_the_Wall.cpp,gemma,gen_1,TIMEOUT,,False,,CWE-563,,,CWE-563,,1
gemma/gen_1/00000/0017_143_A._Help_Vasilisa_the_Wise_2.cpp,gemma,gen_1,TIMEOUT,,False,,CWE-563,,,CWE-563,,1
gemma/gen_1/00000/0020_1513_C._Add_One.cpp,gemma,gen_1,TIMEOUT,,False,,CWE-398,,,CWE-398,,1
gemma/gen_1/00000/0021_1540_C1._Converging_Array__Easy_Version_.cpp,gemma,gen_1,PARSE_ERROR,,False,,CWE-398|CWE-457,,,CWE-398|CWE-457,,1
gemma/gen_1/00000/0025_260_B._Ancient_Prophesy.cpp,gemma,gen_1,PARSE_ERROR,,False,,CWE-398,,,CWE-398,,1
gemma/gen_1/00000/0026_284_B._Cows_and_Poker_Game.cpp,gemma,gen_1,FAILED,,False,,,,,,,1
gemma/gen_1/00000/0027_309_B._Context_Advertising.cpp,gemma,gen_1,TIMEOUT,,False,,CWE-398|CWE-563,,,CWE-398|CWE-563,,1
gemma/gen_1/00000/0028_331_E2._Deja_Vu.cpp,gemma,gen_1,PARSE_ERROR,,False,,CWE-398,,,CWE-398,,1
gemma/gen_1/00000/0029_354_E._Lucky_Number_Representation.cpp,gemma,gen_1,TIMEOUT,,False,,CWE-398,,,CWE-398,,1
gemma/gen_1/00000/0033_44_B._Cola.cpp,gemma,gen_1,TIMEOUT,,True,CWE-190,,,CWE-190,,,1
gemma/gen_1/00000/0034_494_D._Birthday.cpp,gemma,gen_1,PARSE_ERROR,,False,,CWE-398|CWE-563,,,CWE-398|CWE-563,,1
gemma/gen_1/00000/0035_519_B._A_and_B_and_Compilation_Errors.cpp,gemma,gen_1,SUCCESS,,False,,CWE-398,,,CWE-398,,1
gemma/gen_1/00000/0036_545_C._Woodcutters.cpp,gemma,gen_1,TIMEOUT,,True,CWE-190,,,CWE-190,,,1
gemma/gen_1/00000/0037_571_E._Geometric_Progressions.cpp,gemma,gen_1,TIMEOUT,,False,,CWE-570,,,CWE-570,,1
gemma/gen_1/00000/0038_593_C._Beautiful_Function.cpp,gemma,gen_1,PARSE_ERROR,,False,,CWE-563,,,CWE-563,,1
gemma/gen_1/00000/0039_615_A._Bulbs.cpp,gemma,gen_1,TIMEOUT,,True,CWE-190,CWE-398,,CWE-190,CWE-398,,2
gemma/gen_1/00000/0040_663_A._Rebus.cpp,gemma,gen_1,SUCCESS,,False,,CWE-398,,,CWE-398,,1
gemma/gen_1/00000/0041_687_D._Dividing_Kingdom_II.cpp,gemma,gen_1,PARSE_ERROR,,False,,CWE-398,,,CWE-398,,1
gemma/gen_1/00000/0045_7_B._Memory_Manager.cpp,gemma,gen_1,SUCCESS,,False,,CWE-398|CWE-563,,,CWE-398|CWE-563,,1
gemma/gen_1/00000/0047_846_E._Chemistry_in_Berland.cpp,gemma,gen_1,TIMEOUT,,False,,CWE-398|CWE-563,,,CWE-398|CWE-563,,1
gemma/gen_1/00000/0048_868_A._Bark_to_Unlock.cpp,gemma,gen_1,TIMEOUT,,True,CWE-190,,,CWE-190,,,1
gemma/gen_1/00000/0052_p02744_Panasonic_Programming_Contest_2020_-_String_Equivalence.cpp,gemma,gen_1,PARSE_ERROR,,False,,CWE-398,,,CWE-398,,1
gemma/gen_1/00000/0054_p03013_AtCoder_Beginner_Contest_129_-_Typical_Stairs.cpp,gemma,gen_1,PARSE_ERROR,,False,,CWE-398|CWE-571,,,CWE-398|CWE-571,,1
gemma/gen_1/00000/0055_p03153_KEYENCE_Programming_Contest_2019_-_Connecting_Cities.cpp,gemma,gen_1,PARSE_ERROR,,False,,CWE-398|CWE-563,,,CWE-398|CWE-563,,1
gemma/gen_1/00000/0056_p03297_AtCoder_Grand_Contest_026_-_rng_10s.cpp,gemma,gen_1,SUCCESS,,False,,CWE-398|CWE-571,,,CWE-398|CWE-571,,1
gemma/gen_1/00000/0062_p00167_Bubble_Sort.cpp,gemma,gen_1,TIMEOUT,,False,,CWE-398,,,CWE-398,,1
gemma/gen_1/00000/0063_p00323_Metal_Recycling.cpp,gemma,gen_1,SUCCESS,,False,,CWE-398|CWE-563,,,CWE-398|CWE-563,,1
gemma/gen_1/00000/0065_p00680_KND_Factory.cpp,gemma,gen_1,TIMEOUT,,False,,CWE-398|CWE-563,,,CWE-398|CWE-563,,1
gemma/gen_1/00000/0067_p00953_Animal_Companion_in_Maze.cpp,gemma,gen_1,FAILED,,False,,CWE-398,,,CWE-398,,2
gemma/gen_1/00000/0068_p01086_Short_Phrase.cpp,gemma,gen_1,TIMEOUT,,False,,CWE-398|CWE-563,,,CWE-398|CWE-563,,1
gemma/gen_1/00000/0069_p01222_Walk_under_a_Scorching_Sun.cpp,gemma,gen_1,TIMEOUT,,False,,CWE-563,,,CWE-563,,1
gemma/gen_1/00000/0073_p01838_Optimal_Tournament.cpp,gemma,gen_1,SUCCESS,,False,,CWE-398,,,CWE-398,,1
gemma/gen_1/00000/0074_p01974_Pigeonhole_principle.cpp,gemma,gen_1,SUCCESS,,False,,CWE-398,,,CWE-398,,1
gemma/gen_1/00000/0075_p02120_Cluster_Network.cpp,gemma,gen_1,TIMEOUT,,False,,CWE-398,,,CWE-398,,1
gemma/gen_1/00000/0077_p02408_Finding_Missing_Cards.cpp,gemma,gen_1,SUCCESS,,False,,CWE-398,,,CWE-398,,1
gemma/gen_1/00000/0079_1043_A._Elections.cpp,gemma,gen_1,SUCCESS,,False,,CWE-398,,,CWE-398,,1
gemma/gen_1/00000/0080_1065_F._Up_and_Down_the_Tree.cpp,gemma,gen_1,PARSE_ERROR,,False,,CWE-398|CWE-563,,,CWE-398|CWE-563,,1
gemma/gen_1/00000/0081_1088_D._Ehab_and_another_another_xor_problem.cpp,gemma,gen_1,SUCCESS,,False,,CWE-563,,,CWE-563,,1
gemma/gen_1/00000/0082_1107_D._Compression.cpp,gemma,gen_1,PARSE_ERROR,,True,CWE-122,CWE-563,,CWE-122,CWE-563,,2
gemma/gen_1/00000/0085_1195_D2._Submarine_in_the_Rybinsk_Sea__hard_edition_.cpp,gemma,gen_1,TIMEOUT,,False,,CWE-398,,,CWE-398,,1
gemma/gen_1/00000/0087_1253_F._Cheap_Robot.cpp,gemma,gen_1,PARSE_ERROR,,False,,CWE-398|CWE-563,,,CWE-398|CWE-563,,1
gemma/gen_1/00000/0088_1277_E._Two_Fairs.cpp,gemma,gen_1,TIMEOUT,,False,,CWE-571,,,CWE-571,,1
gemma/gen_1/00000/0090_133_D._Piet.cpp,gemma,gen_1,TIMEOUT,,False,,CWE-398|CWE-563,,,CWE-398|CWE-563,,1
gemma/gen_1/00000/0093_1424_N._BubbleSquare_Tokens.cpp,gemma,gen_1,TIMEOUT,,False,,CWE-563,,,CWE-563,,1
gemma/gen_1/00000/0095_1470_E._Strange_Permutation.cpp,gemma,gen_1,PARSE_ERROR,,False,,CWE-398|CWE-570|CWE-571,,,CWE-398|CWE-570|CWE-571,,1
gemma/gen_1/00000/0097_1547_C._Pair_Programming.cpp,gemma,gen_1,PARSE_ERROR,,False,,CWE-398|CWE-563,,,CWE-398|CWE-563,,1
gemma/gen_1/00000/0100_219_A._k-String.cpp,gemma,gen_1,PARSE_ERROR,,False,,CWE-563,,,CWE-563,,1
gemma/gen_1/00000/0101_242_C._King_s_Path.cpp,gemma,gen_1,SUCCESS,,False,,CWE-398,,,CWE-398,,1
gemma/gen_1/00000/0104_361_C._Levko_and_Array_Recovery.cpp,gemma,gen_1,PARSE_ERROR,,False,,CWE-398|CWE-457,,,CWE-398|CWE-457,,1
gemma/gen_1/00000/0105_385_A._Bear_and_Raspberry.cpp,gemma,gen_1,FAILED,,False,,,,,,,1
gemma/gen_1/00000/0106_405_E._Graph_Cutting.cpp,gemma,gen_1,PARSE_ERROR,,False,,CWE-398,,,CWE-398,,1
gemma/gen_1/00000/0107_433_A._Kitahara_Haruki_s_Gift.cpp,gemma,gen_1,FAILED,,False,,,,,,,1
gemma/gen_1/00000/0110_500_C._New_Year_Book_Reading.cpp,gemma,gen_1,TIMEOUT,,False,,CWE-398,,,CWE-398,,1
gemma/gen_1/00000/0111_526_A._King_of_Thieves.cpp,gemma,gen_1,PARSE_ERROR,,False,,CWE-398,,,CWE-398,,1
gemma/gen_1/00000/0112_551_B._ZgukistringZ.cpp,gemma,gen_1,TIMEOUT,,True,CWE-190,CWE-563,,CWE-190,CWE-563,,2
gemma/gen_1/00000/0113_578_C._Weakness_and_Poorness.cpp,gemma,gen_1,TIMEOUT,,False,,CWE-398|CWE-563,,,CWE-398|CWE-563,,1
gemma/gen_1/00000/0114_5_A._Chat_Server_s_Outgoing_Traffic.cpp,gemma,gen_1,FAILED,CWE-476,False,,CWE-563,CWE-476,,CWE-563,,2
gemma/gen_1/00000/0115_621_D._Rat_Kwesh_and_Cheese.cpp,gemma,gen_1,SUCCESS,,False,,CWE-563,,,CWE-563,,1
gemma/gen_1/00000/0118_716_D._Complete_The_Graph.cpp,gemma,gen_1,PARSE_ERROR,,False,,CWE-398|CWE-563,,,CWE-398|CWE-563,,1
gemma/gen_1/00000/0119_760_F._Bacterial_Melee.cpp,gemma,gen_1,TIMEOUT,,False,,CWE-398,,,CWE-398,,1
gemma/gen_1/00000/0120_784_B._Kids__Riddle.cpp,gemma,gen_1,SUCCESS,,False,,CWE-398|CWE-563,,,CWE-398|CWE-563,,1
gemma/gen_1/00000/0124_875_D._High_Cry.cpp,gemma,gen_1,SUCCESS,,False,,CWE-398,,,CWE-398,,1
gemma/gen_1/00000/0126_920_E._Connected_Components_.cpp,gemma,gen_1,TIMEOUT,,False,,CWE-398,,,CWE-398,,1
gemma/gen_1/00000/0129_996_F._Game.cpp,gemma,gen_1,TIMEOUT,,False,,CWE-398,,,CWE-398,,1
gemma/gen_1/00000/0130_p02652_AtCoder_Grand_Contest_045_-_01_Unbalanced.cpp,gemma,gen_1,FAILED,CWE-119|CWE-476,False,,,CWE-119|CWE-476,,,,1
gemma/gen_1/00000/0131_p02781_AtCoder_Beginner_Contest_154_-_Almost_Everywhere_Zero.cpp,gemma,gen_1,PARSE_ERROR,,False,,CWE-398,,,CWE-398,,1
gemma/gen_1/00000/0132_p02916_AtCoder_Beginner_Contest_140_-_Buffet.cpp,gemma,gen_1,FAILED,,False,,,,,,,1
gemma/gen_1/00000/0133_p03194_CADDi_2018_for_Beginners_-_Product_and_GCD.cpp,gemma,gen_1,PARSE_ERROR,,False,,CWE-570,,,CWE-570,,1
gemma/gen_1/00000/0134_p03343_AtCoder_Regular_Contest_098_-_Range_Minimum_Queries.cpp,gemma,gen_1,TIMEOUT,,False,,CWE-563,,,CWE-563,,1
gemma/gen_1/00000/0135_p03503_AtCoder_Beginner_Contest_080_-_Shopping_Street.cpp,gemma,gen_1,SUCCESS,,False,,CWE-398,,,CWE-398,,1
gemma/gen_1/00000/0140_p00365_Age_Difference.cpp,gemma,gen_1,PARSE_ERROR,,False,,CWE-398|CWE-563|CWE-570|CWE-571,,,CWE-398|CWE-563|CWE-570|CWE-571,,1
gemma/gen_1/00000/0141_p00573_Commuter_Pass.cpp,gemma,gen_1,PARSE_ERROR,,False,,CWE-398|CWE-563,,,CWE-398|CWE-563,,1
gemma/gen_1/00000/0142_p00720_Earth_Observation_with_a_Mobile_Robot_Team.cpp,gemma,gen_1,TIMEOUT,,False,,CWE-563,,,CWE-563,,1
gemma/gen_1/00000/0144_p00991_Grid.cpp,gemma,gen_1,SUCCESS,,False,,CWE-563,,,CWE-563,,1
gemma/gen_1/00000/0145_p01123_Let_s_Move_Tiles_.cpp,gemma,gen_1,TIMEOUT,,False,,CWE-398,,,CWE-398,,1
gemma/gen_1/00000/0146_p01262_Adaptive_Time_Slicing_Quantization.cpp,gemma,gen_1,PARSE_ERROR,,False,,CWE-398|CWE-563,,,CWE-398|CWE-563,,1
gemma/gen_1/00000/0147_p01576_Exciting_Bicycle.cpp,gemma,gen_1,TIMEOUT,,False,,CWE-563,,,CWE-563,,1
gemma/gen_1/00000/0149_p02157_Shuffle_2.cpp,gemma,gen_1,SUCCESS,,False,,CWE-570,,,CWE-570,,1
gemma/gen_1/00000/0151_1012_B._Chemical_table.cpp,gemma,gen_1,TIMEOUT,,False,,CWE-398,,,CWE-398,,1
gemma/gen_1/00000/0152_1081_D._Maximum_Distance.cpp,gemma,gen_1,TIMEOUT,,False,,CWE-398,,,CWE-398,,1
gemma/gen_1/00000/0153_1100_D._Dasha_and_Chess.cpp,gemma,gen_1,SUCCESS,,False,,CWE-398,,,CWE-398,,1
gemma/gen_1/00000/0155_1208_A._XORinacci.cpp,gemma,gen_1,SUCCESS,,False,,CWE-457,,,CWE-457,,1
gemma/gen_1/00000/0157_124_D._Squares.cpp,gemma,gen_1,SUCCESS,,True,CWE-476,CWE-398|CWE-563,,CWE-476,CWE-398|CWE-563,,2
gemma/gen_1/00000/0164_1397_C._Multiples_of_Length.cpp,gemma,gen_1,FAILED,,True,CWE-122,,,CWE-122,,,2
gemma/gen_1/00000/0169_167_C._Wizards_and_Numbers.cpp,gemma,gen_1,PARSE_ERROR,,False,,CWE-369|CWE-570|CWE-571,,,CWE-369|CWE-570|CWE-571,,1
gemma/gen_1/00000/0170_209_B._Pixels.cpp,gemma,gen_1,PARSE_ERROR,,True,CWE-190,CWE-563,,CWE-190,CWE-563,,2
gemma/gen_1/00000/0172_25_D._Roads_not_only_in_Berland.cpp,gemma,gen_1,PARSE_ERROR,,False,,CWE-398,,,CWE-398,,1
gemma/gen_1/00000/0173_331_D2._Escaping_on_Beaveractor.cpp,gemma,gen_1,PARSE_ERROR,,False,,CWE-398|CWE-570,,,CWE-398|CWE-570,,1
gemma/gen_1/00000/0175_378_C._Maze.cpp,gemma,gen_1,TIMEOUT,,False,,CWE-563,,,CWE-563,,1
gemma/gen_1/00000/0177_425_A._Sereja_and_Swaps.cpp,gemma,gen_1,TIMEOUT,,True,CWE-190,CWE-398,,CWE-190,CWE-398,,2
gemma/gen_1/00000/0178_449_D._Jzzhu_and_Numbers.cpp,gemma,gen_1,SUCCESS,,True,CWE-190,CWE-398,,CWE-190,CWE-398,,2
gemma/gen_1/00000/0179_518_E._Arthur_and_Questions.cpp,gemma,gen_1,PARSE_ERROR,,False,,CWE-398,,,CWE-398,,1
gemma/gen_1/00000/0180_544_E._Remembering_Strings.cpp,gemma,gen_1,TIMEOUT,,True,CWE-190,,,CWE-190,,,1
gemma/gen_1/00000/0181_571_B._Minimization.cpp,gemma,gen_1,TIMEOUT,,True,CWE-190,,,CWE-190,,,1
gemma/gen_1/00000/0182_592_E._BCPC.cpp,gemma,gen_1,SUCCESS,,True,CWE-190,,,CWE-190,,,1
gemma/gen_1/00000/0183_633_H._Fibonacci-ish_II.cpp,gemma,gen_1,TIMEOUT,,False,,CWE-398,,,CWE-398,,1
gemma/gen_1/00000/0184_662_C._Binary_Table.cpp,gemma,gen_1,TIMEOUT,,False,,CWE-398,,,CWE-398,,1
gemma/gen_1/00000/0185_687_A._NP-Hard_Problem.cpp,gemma,gen_1,TIMEOUT,,True,CWE-190,CWE-398|CWE-563,,CWE-190,CWE-398|CWE-563,,2
gemma/gen_1/00000/0186_709_E._Centroids.cpp,gemma,gen_1,PARSE_ERROR,,False,,CWE-398|CWE-563,,,CWE-398|CWE-563,,1
gemma/gen_1/00000/0187_730_G._Car_Repair_Shop.cpp,gemma,gen_1,TIMEOUT,,False,,CWE-398,,,CWE-398,,1
gemma/gen_1/00000/0188_754_B._Ilya_and_tic-tac-toe_game.cpp,gemma,gen_1,FAILED,,False,,CWE-398,,,CWE-398,,2
gemma/gen_1/00000/0190_79_D._Password.cpp,gemma,gen_1,FAILED,,True,CWE-190,CWE-398,,CWE-190,CWE-398,,3
gemma/gen_1/00000/0192_846_B._Math_Show.cpp,gemma,gen_1,SUCCESS,,True,CWE-190,CWE-563,,CWE-190,CWE-563,,2
gemma/gen_1/00000/0193_867_D._Gotta_Go_Fast.cpp,gemma,gen_1,PARSE_ERROR,,False,,CWE-563,,,CWE-563,,1
gemma/gen_1/00000/0194_893_A._Chess_For_Three.cpp,gemma,gen_1,SUCCESS,,False,,CWE-563,,,CWE-563,,1
gemma/gen_1/00000/0196_962_F._Simple_Cycles_Edges.cpp,gemma,gen_1,PARSE_ERROR,,False,,CWE-398,,,CWE-398,,1
gemma/gen_1/00000/0197_990_B._Micro-World.cpp,gemma,gen_1,FAILED,,False,,,,,,,1
gemma/gen_1/00000/0198_p02610_AIsing_Programming_Contest_2020_-_Camel_Train.cpp,gemma,gen_1,PARSE_ERROR,,False,,CWE-398,,,CWE-398,,1
gemma/gen_1/00000/0200_p02876_AtCoder_Grand_Contest_040_-_Balance_Beam.cpp,gemma,gen_1,TIMEOUT,,False,,CWE-398|CWE-563,,,CWE-398|CWE-563,,1
gemma/gen_1/00000/0201_p03010_diverta_2019_Programming_Contest_2_-_Diverta_City.cpp,gemma,gen_1,PARSE_ERROR,,False,,CWE-563,,,CWE-563,,1
gemma/gen_1/00000/0202_p03150_KEYENCE_Programming_Contest_2019_-_KEYENCE_String.cpp,gemma,gen_1,FAILED,,False,,,,,,,1
gemma/gen_1/00000/0203_p03294_AtCoder_Beginner_Contest_103_-_Modulo_Summation.cpp,gemma,gen_1,SUCCESS,,False,,CWE-398,,,CWE-398,,1
gemma/gen_1/00000/0211_p00676_KND_is_So_Sexy.cpp,gemma,gen_1,PARSE_ERROR,,False,,CWE-398|CWE-563|CWE-628,,,CWE-398|CWE-563|CWE-628,,1
gemma/gen_1/00000/0212_p00819_Unreliable_Message.cpp,gemma,gen_1,PARSE_ERROR,,False,,CWE-398,,,CWE-398,,1
gemma/gen_1/00000/0214_p01219_Private_Teacher.cpp,gemma,gen_1,PARSE_ERROR,,False,,CWE-398,,,CWE-398,,1
gemma/gen_1/00000/0217_p02117_Picnic.cpp,gemma,gen_1,PARSE_ERROR,,False,,CWE-571,,,CWE-571,,1
gemma/gen_1/00000/0218_p02257_Prime_Numbers.cpp,gemma,gen_1,PARSE_ERROR,,False,,CWE-398,,,CWE-398,,1
gemma/gen_1/00000/0221_1030_E._Vasya_and_Good_Sequences.cpp,gemma,gen_1,SUCCESS,,False,,CWE-398,,,CWE-398,,1
gemma/gen_1/00000/0222_1053_C._Putting_Boxes_Together.cpp,gemma,gen_1,FAILED,,False,,CWE-786,,,CWE-786,,2
gemma/gen_1/00000/0223_1075_D._Intersecting_Subtrees.cpp,gemma,gen_1,TIMEOUT,,False,,CWE-398,,,CWE-398,,1
gemma/gen_1/00000/0225_1144_B._Parity_Alternated_Deletions.cpp,gemma,gen_1,TIMEOUT,,False,,CWE-398,,,CWE-398,,1
gemma/gen_1/00000/0226_1165_A._Remainder.cpp,gemma,gen_1,FAILED,,False,,,,,,,1
gemma/gen_1/00000/0229_1219_H._Function_Composition.cpp,gemma,gen_1,FAILED,,False,,,,,,,1
gemma/gen_1/00000/0230_1244_C._The_Football_Season.cpp,gemma,gen_1,SUCCESS,,False,,CWE-398|CWE-563|CWE-571,,,CWE-398|CWE-563|CWE-571,,1
gemma/gen_1/00000/0231_1264_A._Beautiful_Regional_Contest.cpp,gemma,gen_1,TIMEOUT,,False,,CWE-398|CWE-563|CWE-571,,,CWE-398|CWE-563|CWE-571,,1
gemma/gen_1/00000/0233_1304_E._1-Trees_and_Queries.cpp,gemma,gen_1,TIMEOUT,,False,,CWE-398,,,CWE-398,,1
gemma/gen_1/00000/0234_1348_F._Phoenix_and_Memory.cpp,gemma,gen_1,PARSE_ERROR,,False,,CWE-398,,,CWE-398,,1
gemma/gen_1/00000/0235_1391_C._Cyclic_Permutations_.cpp,gemma,gen_1,SUCCESS,,False,,CWE-563,,,CWE-563,,1
gemma/gen_1/00000/0236_1413_F._Roads_and_Ramen.cpp,gemma,gen_1,PARSE_ERROR,,False,,CWE-398,,,CWE-398,,1
gemma/gen_1/00000/0238_147_B._Smile_House.cpp,gemma,gen_1,PARSE_ERROR,,False,,CWE-398|CWE-563,,,CWE-398|CWE-563,,1
gemma/gen_1/00001/0000_152_E._Garden.cpp,gemma,gen_1,TIMEOUT,,True,CWE-190,CWE-398,,CWE-190,CWE-398,,2
gemma/gen_1/00001/0002_228_D._Zigzag.cpp,gemma,gen_1,FAILED,,False,,,,,,,1
gemma/gen_1/00001/0004_277_C._Game.cpp,gemma,gen_1,PARSE_ERROR,,True,CWE-190,CWE-563,,CWE-190,CWE-563,,2
gemma/gen_1/00001/0006_323_C._Two_permutations.cpp,gemma,gen_1,TIMEOUT,,False,,CWE-398,,,CWE-398,,1
gemma/gen_1/00001/0007_348_A._Mafia.cpp,gemma,gen_1,SUCCESS,,False,,CWE-398,,,CWE-398,,1
gemma/gen_1/00001/0008_371_B._Fox_Dividing_Cheese.cpp,gemma,gen_1,TIMEOUT,,False,,CWE-398,,,CWE-398,,1
gemma/gen_1/00001/0010_415_E._Mashmokh_and_Reverse_Operation.cpp,gemma,gen_1,TIMEOUT,,True,CWE-122,CWE-398,,CWE-122,CWE-398,,2
gemma/gen_1/00001/0011_442_C._Artem_and_Array_.cpp,gemma,gen_1,PARSE_ERROR,,False,,CWE-398,,,CWE-398,,1
gemma/gen_1/00001/0013_488_C._Fight_the_Monster.cpp,gemma,gen_1,SUCCESS,,False,,CWE-571,,,CWE-571,,1
gemma/gen_1/00001/0016_586_F._Lizard_Era__Beginning.cpp,gemma,gen_1,PARSE_ERROR,,False,,CWE-398|CWE-563,,,CWE-398|CWE-563,,1
gemma/gen_1/00001/0017_609_B._The_Best_Gift.cpp,gemma,gen_1,SUCCESS,,False,,CWE-398,,,CWE-398,,1
gemma/gen_1/00001/0020_67_E._Save_the_City_.cpp,gemma,gen_1,TIMEOUT,,False,,CWE-398,,,CWE-398,,1
gemma/gen_1/00001/0025_814_C._An_impassioned_circulation_of_affection.cpp,gemma,gen_1,FAILED,,True,CWE-190,,,CWE-190,,,2
gemma/gen_1/00001/0026_83_C._Track.cpp,gemma,gen_1,PARSE_ERROR,,False,,CWE-398|CWE-563,,,CWE-398|CWE-563,,1
gemma/gen_1/00001/0028_909_D._Colorful_Points.cpp,gemma,gen_1,SUCCESS,,False,,CWE-398,,,CWE-398,,1
gemma/gen_1/00001/0030_958_E2._Guard_Duty__medium_.cpp,gemma,gen_1,TIMEOUT,,False,,CWE-398,,,CWE-398,,1
gemma/gen_1/00001/0031_985_A._Chess_Placing.cpp,gemma,gen_1,FAILED,,False,,CWE-398,,,CWE-398,,2
gemma/gen_1/00001/0032_p02574_AtCoder_Beginner_Contest_177_-_Coprime.cpp,gemma,gen_1,TIMEOUT,,False,,CWE-398,,,CWE-398,,1
gemma/gen_1/00001/0036_p03107_AtCoder_Beginner_Contest_120_-_Unification.cpp,gemma,gen_1,TIMEOUT,,False,,CWE-563,,,CWE-563,,1
gemma/gen_1/00001/0037_p03254_AtCoder_Grand_Contest_027_-_Candy_Distribution_Again.cpp,gemma,gen_1,FAILED,,False,,,,,,,1
gemma/gen_1/00001/0043_p00447_Searching_Constellation.cpp,gemma,gen_1,TIMEOUT,,False,,CWE-398,,,CWE-398,,1
gemma/gen_1/00001/0052_p01931_Check_answers.cpp,gemma,gen_1,FAILED,,False,,,,,,,1
gemma/gen_1/00001/0053_p02211_Apple_Adventure.cpp,gemma,gen_1,PARSE_ERROR,,False,,CWE-398,,,CWE-398,,1
gemma/gen_1/00001/0054_p02365_Minimum-Cost_Arborescence.cpp,gemma,gen_1,TIMEOUT,,False,,CWE-398|CWE-563,,,CWE-398|CWE-563,,1
gemma/gen_1/00001/0055_1003_D._Coins_and_Queries.cpp,gemma,gen_1,PARSE_ERROR,,False,,CWE-563,,,CWE-563,,1
gemma/gen_1/00001/0056_1027_E._Inverse_Coloring.cpp,gemma,gen_1,PARSE_ERROR,,False,,CWE-398,,,CWE-398,,1
gemma/gen_1/00001/0058_1070_C._Cloud_Computing.cpp,gemma,gen_1,PARSE_ERROR,,False,,CWE-398,,,CWE-398,,1
gemma/gen_1/00001/0061_1158_F._Density_of_subarrays.cpp,gemma,gen_1,PARSE_ERROR,,True,CWE-190,CWE-398,,CWE-190,CWE-398,,2
gemma/gen_1/00001/0063_1199_E._Matching_vs_Independent_Set.cpp,gemma,gen_1,PARSE_ERROR,,False,,CWE-398,,,CWE-398,,1
gemma/gen_1/00001/0064_1216_D._Swords.cpp,gemma,gen_1,FAILED,,False,,,,,,,1
gemma/gen_1/00001/0066_1257_G._Divisor_Set.cpp,gemma,gen_1,TIMEOUT,,False,,CWE-398,,,CWE-398,,1
gemma/gen_1/00001/0068_1301_B._Motarack_s_Birthday.cpp,gemma,gen_1,FAILED,,False,,,,,,,1
gemma/gen_1/00001/0071_1366_A._Shovels_and_Swords.cpp,gemma,gen_1,SUCCESS,,False,,CWE-563,,,CWE-563,,1
gemma/gen_1/00001/0073_1428_D._Bouncing_Boomerangs.cpp,gemma,gen_1,TIMEOUT,,True,CWE-122,CWE-398|CWE-571,,CWE-122,CWE-398|CWE-571,,2
gemma/gen_1/00001/0076_1500_B._Two_chandeliers.cpp,gemma,gen_1,FAILED,,False,,,,,,,1
gemma/gen_1/00001/0078_157_A._Game_Outcome.cpp,gemma,gen_1,TIMEOUT,,False,,CWE-398,,,CWE-398,,1
gemma/gen_1/00001/0079_178_A1._Educational_Game.cpp,gemma,gen_1,TIMEOUT,,False,,CWE-398|CWE-563,,,CWE-398|CWE-563,,1
gemma/gen_1/00001/0080_19_B._Checkout_Assistant.cpp,gemma,gen_1,TIMEOUT,,False,,CWE-398|CWE-563,,,CWE-398|CWE-563,,1
gemma/gen_1/00001/0081_223_C._Partial_Sums.cpp,gemma,gen_1,SUCCESS,,True,CWE-190,CWE-398,,CWE-190,CWE-398,,2
gemma/gen_1/00001/0083_272_B._Dima_and_Sequence.cpp,gemma,gen_1,TIMEOUT,,False,,CWE-398,,,CWE-398,,1
gemma/gen_1/00001/0085_319_B._Psychos_in_a_Line.cpp,gemma,gen_1,TIMEOUT,,False,,CWE-563,,,CWE-563,,1
gemma/gen_1/00001/0087_366_D._Dima_and_Trap_Graph.cpp,gemma,gen_1,PARSE_ERROR,,False,,CWE-398,,,CWE-398,,1
gemma/gen_1/00001/0088_38_C._Blinds.cpp,gemma,gen_1,SUCCESS,,False,,CWE-398,,,CWE-398,,1
gemma/gen_1/00001/0090_438_A._The_Child_and_Toy.cpp,gemma,gen_1,PARSE_ERROR,,False,,CWE-398,,,CWE-398,,1
gemma/gen_1/00001/0093_556_C._Case_of_Matryoshkas.cpp,gemma,gen_1,TIMEOUT,,False,,CWE-398,,,CWE-398,,1
gemma/gen_1/00001/0094_604_A._Uncowed_Forces.cpp,gemma,gen_1,SUCCESS,,False,,CWE-398,,,CWE-398,,1
gemma/gen_1/00001/0095_626_D._Jerry_s_Protest.cpp,gemma,gen_1,SUCCESS,,False,,CWE-398|CWE-563,,,CWE-398|CWE-563,,1
gemma/gen_1/00001/0096_650_B._Image_Preview.cpp,gemma,gen_1,FAILED,CWE-119,False,,,CWE-119,,,,1
gemma/gen_1/00001/0097_675_E._Trains_and_Statistic.cpp,gemma,gen_1,SUCCESS,,False,,CWE-398,,,CWE-398,,1
gemma/gen_1/00001/0098_699_F._Limak_and_Shooting_Points.cpp,gemma,gen_1,TIMEOUT,,True,CWE-190,,,CWE-190,,,1
gemma/gen_1/00001/0101_765_D._Artsem_and_Saunders.cpp,gemma,gen_1,PARSE_ERROR,,False,,CWE-398,,,CWE-398,,1
gemma/gen_1/00001/0102_789_A._Anastasia_and_pebbles.cpp,gemma,gen_1,SUCCESS,,False,,CWE-398,,,CWE-398,,1
gemma/gen_1/00001/0103_80_C._Heroes.cpp,gemma,gen_1,TIMEOUT,,False,,CWE-398,,,CWE-398,,1
gemma/gen_1/00001/0105_855_D._Rowena_Ravenclaw_s_Diadem.cpp,gemma,gen_1,FAILED,,False,,,,,,,1
gemma/gen_1/00001/0106_87_B._Vasya_and_Types.cpp,gemma,gen_1,SUCCESS,,False,,CWE-398,,,CWE-398,,1
gemma/gen_1/00001/0107_903_D._Almost_Difference.cpp,gemma,gen_1,SUCCESS,,False,,CWE-398,,,CWE-398,,1
gemma/gen_1/00001/0108_925_E._May_Holidays.cpp,gemma,gen_1,TIMEOUT,,False,,CWE-398,,,CWE-398,,1
gemma/gen_1/00001/0110_9_E._Interesting_Graph_and_Apples.cpp,gemma,gen_1,PARSE_ERROR,,False,,CWE-398|CWE-563|CWE-571,,,CWE-398|CWE-563|CWE-571,,1
gemma/gen_1/00001/0113_p02807_Dwango_Programming_Contest_6th_-_Fusing_Slimes.cpp,gemma,gen_1,FAILED,,False,,,,,,,1
gemma/gen_1/00001/0114_p02943_AtCoder_Grand_Contest_037_-_Reversing_and_Concatenating.cpp,gemma,gen_1,TIMEOUT,,False,,CWE-563,,,CWE-563,,1
gemma/gen_1/00001/0115_p03080_ExaWizards_2019_-_Red_or_Blue.cpp,gemma,gen_1,FAILED,,False,,,,,,,1
gemma/gen_1/00001/0118_p03694_AtCoder_Beginner_Contest_064_-_Traveling_AtCoDeer_Problem.cpp,gemma,gen_1,TIMEOUT,,False,,CWE-398,,,CWE-398,,1
gemma/gen_1/00001/0119_p03849_AtCoder_Regular_Contest_066_-_Xor_Sum.cpp,gemma,gen_1,SUCCESS,,False,,CWE-398|CWE-563,,,CWE-398|CWE-563,,1
gemma/gen_1/00001/0123_p00395_Maze_and_Items.cpp,gemma,gen_1,PARSE_ERROR,,False,,CWE-398|CWE-563,,,CWE-398|CWE-563,,1
gemma/gen_1/00001/0125_p00748_Pollock_s_conjecture.cpp,gemma,gen_1,TIMEOUT,,False,,CWE-398|CWE-570,,,CWE-398|CWE-570,,1
gemma/gen_1/00001/0130_p01458_Kth_Sentence.cpp,gemma,gen_1,PARSE_ERROR,,False,,CWE-398,,,CWE-398,,1
gemma/gen_1/00001/0131_p01609_One.cpp,gemma,gen_1,PARSE_ERROR,,False,,CWE-563|CWE-570,,,CWE-563|CWE-570,,1
gemma/gen_1/00001/0133_p01904_Minimum_Enclosing_Rectangle.cpp,gemma,gen_1,FAILED,,False,,,,,,,1
gemma/gen_1/00001/0134_p02042_ABSum.cpp,gemma,gen_1,TIMEOUT,,False,,CWE-398,,,CWE-398,,1
gemma/gen_1/00001/0135_p02185_Many_Decimal_Integers.cpp,gemma,gen_1,PARSE_ERROR,,False,,CWE-398,,,CWE-398,,1
gemma/gen_1/00001/0137_p02472_Addition_of_Big_Integers.cpp,gemma,gen_1,FAILED,,False,,,,,,,1
gemma/gen_1/00001/0138_1011_A._Stages.cpp,gemma,gen_1,PARSE_ERROR,,False,,CWE-398,,,CWE-398,,1
gemma/gen_1/00001/0142_10_B._Cinema_Cashier.cpp,gemma,gen_1,SUCCESS,,False,,CWE-563,,,CWE-563,,1
gemma/gen_1/00001/0143_1121_A._Technogoblet_of_Fire.cpp,gemma,gen_1,FAILED,,False,,,,,,,1
gemma/gen_1/00001/0144_1148_C._Crazy_Diamond.cpp,gemma,gen_1,TIMEOUT,,False,,CWE-398,,,CWE-398,,1
gemma/gen_1/00001/0146_1187_G._Gang_Up.cpp,gemma,gen_1,TIMEOUT,,True,CWE-190,CWE-398|CWE-563,,CWE-190,CWE-398|CWE-563,,2
gemma/gen_1/00001/0149_1249_D1._Too_Many_Segments__easy_version_.cpp,gemma,gen_1,SUCCESS,,False,,CWE-398,,,CWE-398,,1
gemma/gen_1/00001/0151_1290_A._Mind_Control.cpp,gemma,gen_1,TIMEOUT,,False,,CWE-563,,,CWE-563,,1
gemma/gen_1/00001/0152_1310_B._Double_Elimination.cpp,gemma,gen_1,SUCCESS,,False,,CWE-563,,,CWE-563,,1
gemma/gen_1/00001/0153_1332_G._No_Monotone_Triples.cpp,gemma,gen_1,TIMEOUT,,False,,CWE-398,,,CWE-398,,1
gemma/gen_1/00001/0156_141_C._Queue.cpp,gemma,gen_1,TIMEOUT,,False,,CWE-398,,,CWE-398,,1
gemma/gen_1/00001/0158_1463_B._Find_The_Array.cpp,gemma,gen_1,TIMEOUT,,False,,CWE-398,,,CWE-398,,1
gemma/gen_1/00001/0159_148_B._Escape.cpp,gemma,gen_1,SUCCESS,,False,,CWE-563,,,CWE-563,,1
gemma/gen_1/00001/0160_1511_F._Chainword.cpp,gemma,gen_1,TIMEOUT,,False,,CWE-570,,,CWE-570,,1
gemma/gen_1/00001/0162_166_A._Rank_List.cpp,gemma,gen_1,TIMEOUT,,False,,CWE-398|CWE-563,,,CWE-398|CWE-563,,1
gemma/gen_1/00001/0165_233_C._Cycles.cpp,gemma,gen_1,TIMEOUT,,False,,CWE-570,,,CWE-570,,1
gemma/gen_1/00001/0167_305_A._Strange_Addition.cpp,gemma,gen_1,TIMEOUT,,True,CWE-190,CWE-398,,CWE-190,CWE-398,,2
gemma/gen_1/00001/0168_331_A2._Oh_Sweet_Beaverette.cpp,gemma,gen_1,TIMEOUT,,False,,CWE-398,,,CWE-398,,1
gemma/gen_1/00001/0169_352_E._Jeff_and_Brackets.cpp,gemma,gen_1,FAILED,,True,CWE-190,,,CWE-190,,,2
gemma/gen_1/00001/0171_399_C._Cards.cpp,gemma,gen_1,TIMEOUT,,True,CWE-190,CWE-570,,CWE-190,CWE-570,,2
gemma/gen_1/00001/0172_421_D._Bug_in_Code.cpp,gemma,gen_1,SUCCESS,,False,,CWE-398,,,CWE-398,,1
gemma/gen_1/00001/0174_46_C._Hamsters_and_Tigers.cpp,gemma,gen_1,TIMEOUT,,False,,CWE-398|CWE-563,,,CWE-398|CWE-563,,1
gemma/gen_1/00001/0176_516_C._Drazil_and_Park.cpp,gemma,gen_1,TIMEOUT,,False,,CWE-398,,,CWE-398,,1
gemma/gen_1/00001/0177_543_C._Remembering_Strings.cpp,gemma,gen_1,TIMEOUT,,True,CWE-190,,,CWE-190,,,1
gemma/gen_1/00001/0178_56_E._Domino_Principle.cpp,gemma,gen_1,SUCCESS,,False,,CWE-398,,,CWE-398,,1
gemma/gen_1/00001/0182_685_D._Kay_and_Eternity.cpp,gemma,gen_1,SUCCESS,,False,,CWE-398,,,CWE-398,,1
gemma/gen_1/00001/0183_708_C._Centroids.cpp,gemma,gen_1,PARSE_ERROR,,False,,CWE-563,,,CWE-563,,1
gemma/gen_1/00001/0186_799_D._Field_expansion.cpp,gemma,gen_1,SUCCESS,,True,CWE-190,CWE-563,,CWE-190,CWE-563,,2
gemma/gen_1/00001/0187_819_D._Mister_B_and_Astronomers.cpp,gemma,gen_1,FAILED,,False,,CWE-398|CWE-571,,,CWE-398|CWE-571,,2
gemma/gen_1/00001/0188_865_D._Buy_Low_Sell_High.cpp,gemma,gen_1,SUCCESS,,True,CWE-190,,,CWE-190,,,1
gemma/gen_1/00001/0190_913_G._Power_Substring.cpp,gemma,gen_1,TIMEOUT,,True,CWE-190,,,CWE-190,,,1
gemma/gen_1/00001/0191_936_A._Save_Energy_.cpp,gemma,gen_1,SUCCESS,,False,,CWE-563,,,CWE-563,,1
gemma/gen_1/00001/0193_989_E._A_Trance_of_Nightfall.cpp,gemma,gen_1,TIMEOUT,,False,,CWE-398|CWE-563,,,CWE-398|CWE-563,,1
gemma/gen_1/00001/0194_p02603_M-SOLUTIONS_Programming_Contest_2020_-_Road_to_Millionaire.cpp,gemma,gen_1,FAILED,,False,,,,,,,1
gemma/gen_1/00001/0196_p02868_NIKKEI_Programming_Contest_2019-2_-_Shortest_Path_on_a_Line.cpp,gemma,gen_1,PARSE_ERROR,,False,,CWE-398,,,CWE-398,,1
gemma/gen_1/00001/0198_p03143_NIKKEI_Programming_Contest_2019_-_Weights_on_Vertices_and_Edges.cpp,gemma,gen_1,PARSE_ERROR,,False,,CWE-398,,,CWE-398,,1
gemma/gen_1/00001/0202_p03932_square869120Contest__3_-_Souvenirs.cpp,gemma,gen_1,TIMEOUT,,False,,CWE-398,,,CWE-398,,1
gemma/gen_1/00001/0204_p00156_Moats_around_the_Castle.cpp,gemma,gen_1,TIMEOUT,,False,,CWE-398|CWE-563,,,CWE-398|CWE-563,,1
gemma/gen_1/00001/0208_p00812_Equals_are_Equals.cpp,gemma,gen_1,PARSE_ERROR,,False,,CWE-398,,,CWE-398,,1
gemma/gen_1/00001/0209_p00943_Routing_a_Marathon_Race.cpp,gemma,gen_1,TIMEOUT,,False,,CWE-398,,,CWE-398,,1
gemma/gen_1/00001/0210_p01076_Graph_Making.cpp,gemma,gen_1,SUCCESS,,False,,CWE-563|CWE-570,,,CWE-563|CWE-570,,1
gemma/gen_1/00001/0213_p01684_Venn_Diagram.cpp,gemma,gen_1,PARSE_ERROR,,False,,CWE-563,,,CWE-563,,1
gemma/gen_1/00001/0215_p01963_Separate_String.cpp,gemma,gen_1,PARSE_ERROR,,False,,CWE-398,,,CWE-398,,1
gemma/gen_1/00001/0216_p02110_Settler.cpp,gemma,gen_1,PARSE_ERROR,,False,,CWE-398,,,CWE-398,,1
gemma/gen_1/00001/0217_p02250_Multiple_String_Matching.cpp,gemma,gen_1,FAILED,,False,,,,,,,1
gemma/gen_1/00001/0220_103_C._Russian_Roulette.cpp,gemma,gen_1,FAILED,,False,,,,,,,1
gemma/gen_1/00001/0222_1084_C._The_Fair_Nut_and_String.cpp,gemma,gen_1,SUCCESS,,True,CWE-190,CWE-398,,CWE-190,CWE-398,,2
gemma/gen_1/00001/0224_1131_E._String_Multiplication.cpp,gemma,gen_1,FAILED,CWE-476,True,CWE-121,,CWE-476,CWE-121,,,2
gemma/gen_1/00001/0226_1191_C._Tokitsukaze_and_Discard_Items.cpp,gemma,gen_1,TIMEOUT,,False,,CWE-398,,,CWE-398,,1
gemma/gen_1/00001/0227_120_C._Winnie-the-Pooh_and_honey.cpp,gemma,gen_1,SUCCESS,,False,,CWE-398,,,CWE-398,,1
gemma/gen_1/00001/0229_1251_E1._Voting__Easy_Version_.cpp,gemma,gen_1,TIMEOUT,,False,,CWE-398|CWE-563,,,CWE-398|CWE-563,,1
gemma/gen_1/00001/0232_1315_D._Recommendations.cpp,gemma,gen_1,PARSE_ERROR,,True,CWE-190,,,CWE-190,,,1
gemma/gen_1/00001/0234_1359_D._Yet_Another_Yet_Another_Task.cpp,gemma,gen_1,SUCCESS,,False,,CWE-398,,,CWE-398,,1
gemma/gen_1/00001/0236_1423_H._Virus.cpp,gemma,gen_1,TIMEOUT,,False,,CWE-398,,,CWE-398,,1
gemma/gen_1/00001/0237_1443_A._Kids_Seating.cpp,gemma,gen_1,TIMEOUT,,True,CWE-122,,,CWE-122,,,1
gemma/gen_1/00001/0238_1468_J._Road_Reform.cpp,gemma,gen_1,PARSE_ERROR,,False,,CWE-398,,,CWE-398,,1
gemma/gen_1/00001/0239_1493_C._K-beautiful_Strings.cpp,gemma,gen_1,SUCCESS,,False,,CWE-398|CWE-563,,,CWE-398|CWE-563,,1
gemma/gen_1/00001/0240_1515_I._Phoenix_and_Diamonds.cpp,gemma,gen_1,TIMEOUT,,False,,CWE-398,,,CWE-398,,1
gemma/gen_1/00001/0242_191_A._Dynasty_Puzzles.cpp,gemma,gen_1,TIMEOUT,,True,CWE-190,,,CWE-190,,,1
gemma/gen_1/00001/0247_312_D._Cats_Transport.cpp,gemma,gen_1,TIMEOUT,,False,,CWE-398,,,CWE-398,,1
gemma/gen_1/00001/0249_381_A._Sereja_and_Dima.cpp,gemma,gen_1,FAILED,,False,,,,,,,1
gemma/gen_1/00001/0251_42_A._Guilty___to_the_kitchen_.cpp,gemma,gen_1,SUCCESS,,False,,CWE-398,,,CWE-398,,1
gemma/gen_1/00001/0254_521_C._Pluses_everywhere.cpp,gemma,gen_1,PARSE_ERROR,,False,,CWE-398,,,CWE-398,,1
gemma/gen_1/00001/0255_548_E._Mike_and_Foam.cpp,gemma,gen_1,TIMEOUT,,False,,CWE-398,,,CWE-398,,1
gemma/gen_1/00001/0263_757_D._Felicity_s_Big_Secret_Revealed.cpp,gemma,gen_1,TIMEOUT,,False,,CWE-398,,,CWE-398,,1
gemma/gen_1/00002/0000_825_E._Minimal_Labels.cpp,gemma,gen_1,PARSE_ERROR,,False,,CWE-398,,,CWE-398,,1
gemma/gen_1/00002/0001_848_C._Goodbye_Souvenir.cpp,gemma,gen_1,PARSE_ERROR,,False,,CWE-398,,,CWE-398,,1
gemma/gen_1/00002/0003_896_E._Welcome_home__Chtholly.cpp,gemma,gen_1,FAILED,,False,,CWE-398,,,CWE-398,,2
gemma/gen_1/00002/0004_918_A._Eleven.cpp,gemma,gen_1,TIMEOUT,,False,,CWE-398,,,CWE-398,,1
gemma/gen_1/00002/0005_940_A._Points_on_the_line.cpp,gemma,gen_1,FAILED,,True,CWE-190,,,CWE-190,,,2
gemma/gen_1/00002/0006_967_D._Resource_Distribution.cpp,gemma,gen_1,TIMEOUT,,False,,CWE-398,,,CWE-398,,1
gemma/gen_1/00002/0007_993_D._Compute_Power.cpp,gemma,gen_1,TIMEOUT,,True,CWE-190,CWE-398|CWE-563,,CWE-190,CWE-398|CWE-563,,2
gemma/gen_1/00002/0008_p02630_AtCoder_Beginner_Contest_171_-_Replacing.cpp,gemma,gen_1,SUCCESS,,False,,CWE-398,,,CWE-398,,1
gemma/gen_1/00002/0009_p02761_AtCoder_Beginner_Contest_157_-_Guess_The_Number.cpp,gemma,gen_1,PARSE_ERROR,,False,,CWE-398,,,CWE-398,,1
gemma/gen_1/00002/0011_p03031_AtCoder_Beginner_Contest_128_-_Switches.cpp,gemma,gen_1,TIMEOUT,,False,,CWE-398,,,CWE-398,,1
gemma/gen_1/00002/0014_p03474_AtCoder_Beginner_Contest_084_-_Postal_Code.cpp,gemma,gen_1,PARSE_ERROR,,False,,CWE-398,,,CWE-398,,1
gemma/gen_1/00002/0016_p03794_Mujin_Programming_Challenge_2017_-_Oriented_Tree.cpp,gemma,gen_1,TIMEOUT,,False,,CWE-398|CWE-563|CWE-570|CWE-571,,,CWE-398|CWE-563|CWE-570|CWE-571,,1
gemma/gen_1/00002/0017_p03963_AtCoder_Beginner_Contest_046_-_Painting_Balls_with_AtCoDeer.cpp,gemma,gen_1,FAILED,CWE-119,False,,CWE-197,CWE-119,,CWE-197,,2
gemma/gen_1/00002/0019_p00184_Tsuruga_Castle.cpp,gemma,gen_1,FAILED,,False,,,,,,,1
gemma/gen_1/00002/0021_p00534_Silk_Road.cpp,gemma,gen_1,FAILED,,False,,,,,,,1
gemma/gen_1/00002/0027_p01711_Idempotent_Filter.cpp,gemma,gen_1,FAILED,,False,,,,,,,1
gemma/gen_1/00002/0028_p01856_Typhoon.cpp,gemma,gen_1,TIMEOUT,,False,,CWE-563,,,CWE-563,,1
gemma/gen_1/00002/0029_p01991_Namo.._Cut.cpp,gemma,gen_1,TIMEOUT,,False,,CWE-398|CWE-563,,,CWE-398|CWE-563,,1
gemma/gen_1/00002/0031_p02278_Minimum_Cost_Sort.cpp,gemma,gen_1,FAILED,,False,,CWE-398,,,CWE-398,,2
gemma/gen_1/00002/0032_p02425_Bit_Flag.cpp,gemma,gen_1,SUCCESS,,False,,CWE-758,,,CWE-758,,1
gemma/gen_1/00002/0034_1031_B._Curiosity_Has_No_Limits.cpp,gemma,gen_1,FAILED,,False,,,,,,,1
gemma/gen_1/00002/0037_1097_B._Petr_and_a_Combination_Lock.cpp,gemma,gen_1,FAILED,,False,,CWE-398,,,CWE-398,,2
gemma/gen_1/00002/0038_1165_E._Two_Arrays_and_Sum_of_Functions.cpp,gemma,gen_1,FAILED,,False,,,,,,,1
gemma/gen_1/00002/0039_1203_A._Circle_of_Students.cpp,gemma,gen_1,FAILED,,False,,,,,,,1
gemma/gen_1/00002/0040_121_C._Lucky_Permutation.cpp,gemma,gen_1,PARSE_ERROR,,False,,CWE-398,,,CWE-398,,1
gemma/gen_1/00002/0042_1286_A._Garland.cpp,gemma,gen_1,TIMEOUT,,False,,CWE-398,,,CWE-398,,1
gemma/gen_1/00002/0043_1305_B._Kuroni_and_Simple_Strings.cpp,gemma,gen_1,SUCCESS,,False,,CWE-398,,,CWE-398,,1
gemma/gen_1/00002/0044_1329_D._Dreamoon_Likes_Strings.cpp,gemma,gen_1,SUCCESS,,False,,CWE-398,,,CWE-398,,1
gemma/gen_1/00002/0048_1433_C._Dominant_Piranha.cpp,gemma,gen_1,TIMEOUT,,False,,CWE-563,,,CWE-563,,1
gemma/gen_1/00002/0050_1508_C._Complete_the_MST.cpp,gemma,gen_1,PARSE_ERROR,,False,,CWE-398,,,CWE-398,,1
gemma/gen_1/00002/0051_1534_D._Lost_Tree.cpp,gemma,gen_1,TIMEOUT,,False,,CWE-398|CWE-563,,,CWE-398|CWE-563,,1
gemma/gen_1/00002/0053_204_D._Little_Elephant_and_Retro_Strings.cpp,gemma,gen_1,TIMEOUT,,True,CWE-190,CWE-398,,CWE-190,CWE-398,,2
gemma/gen_1/00002/0056_278_B._New_Problem.cpp,gemma,gen_1,PARSE_ERROR,,False,,CWE-398,,,CWE-398,,1
gemma/gen_1/00002/0057_300_A._Array.cpp,gemma,gen_1,TIMEOUT,,False,,CWE-398|CWE-563,,,CWE-398|CWE-563,,1
gemma/gen_1/00002/0058_325_D._Reclamation.cpp,gemma,gen_1,TIMEOUT,,False,,CWE-398,,,CWE-398,,1
gemma/gen_1/00002/0059_348_E._Pilgrims.cpp,gemma,gen_1,TIMEOUT,,False,,CWE-398,,,CWE-398,,1
gemma/gen_1/00002/0060_372_A._Counting_Kangaroos_is_Fun.cpp,gemma,gen_1,FAILED,,False,,,,,,,1
gemma/gen_1/00002/0061_393_C._Blocked_Points.cpp,gemma,gen_1,SUCCESS,,True,CWE-190,,,CWE-190,,,1
gemma/gen_1/00002/0062_416_D._Population_Size.cpp,gemma,gen_1,SUCCESS,,False,,CWE-563,,,CWE-563,,1
gemma/gen_1/00002/0063_443_B._Kolya_and_Tandem_Repeat.cpp,gemma,gen_1,TIMEOUT,,True,CWE-190,CWE-563,,CWE-190,CWE-563,,2
gemma/gen_1/00002/0064_465_C._No_to_Palindromes_.cpp,gemma,gen_1,PARSE_ERROR,,False,,CWE-398,,,CWE-398,,1
gemma/gen_1/00002/0068_566_C._Logistical_Questions.cpp,gemma,gen_1,TIMEOUT,,False,,CWE-398|CWE-563,,,CWE-398|CWE-563,,1
gemma/gen_1/00002/0069_587_D._Duff_in_Mafia.cpp,gemma,gen_1,PARSE_ERROR,,False,,CWE-398|CWE-563,,,CWE-398|CWE-563,,1
gemma/gen_1/00002/0075_725_C._Hidden_Word.cpp,gemma,gen_1,SUCCESS,,False,,CWE-563|CWE-570,,,CWE-563|CWE-570,,1
gemma/gen_1/00002/0076_747_C._Servers.cpp,gemma,gen_1,TIMEOUT,,False,,CWE-398,,,CWE-398,,1
gemma/gen_1/00002/0077_76_F._Tourist.cpp,gemma,gen_1,SUCCESS,,False,,CWE-398,,,CWE-398,,1
gemma/gen_1/00002/0079_860_C._Tests_Renumeration.cpp,gemma,gen_1,TIMEOUT,,False,,CWE-398,,,CWE-398,,1
gemma/gen_1/00002/0080_887_B._Cubes_for_Masha.cpp,gemma,gen_1,TIMEOUT,,False,,CWE-563,,,CWE-563,,1
gemma/gen_1/00002/0082_985_E._Pencils_and_Boxes.cpp,gemma,gen_1,FAILED,,False,,,,,,,1
gemma/gen_1/00002/0085_p02838_AtCoder_Beginner_Contest_147_-_Xor_Sum_4.cpp,gemma,gen_1,SUCCESS,,False,,CWE-398,,,CWE-398,,1
gemma/gen_1/00002/0086_p03111_AtCoder_Beginner_Contest_119_-_Synthetic_Kadomatsu.cpp,gemma,gen_1,TIMEOUT,,False,,CWE-571,,,CWE-571,,1
gemma/gen_1/00002/0087_p03258_AtCoder_Grand_Contest_027_-_ABBreviate.cpp,gemma,gen_1,TIMEOUT,,False,,CWE-398,,,CWE-398,,1
gemma/gen_1/00002/0092_p04052_AtCoder_Grand_Contest_001_-_Wide_Swap.cpp,gemma,gen_1,PARSE_ERROR,,False,,CWE-398,,,CWE-398,,1
gemma/gen_1/00002/0096_p00918_Dragon_s_Cruller.cpp,gemma,gen_1,PARSE_ERROR,,False,,CWE-398|CWE-457,,,CWE-398|CWE-457,,1
gemma/gen_1/00002/0097_p01051_Squid_Ink.cpp,gemma,gen_1,TIMEOUT,,False,,CWE-398|CWE-457,,,CWE-398|CWE-457,,1
gemma/gen_1/00002/0099_p01650_Stack_Maze.cpp,gemma,gen_1,PARSE_ERROR,,False,,CWE-398,,,CWE-398,,1
gemma/gen_1/00002/0100_p01801_Wall_Making_Game.cpp,gemma,gen_1,FAILED,,False,,,,,,,1
gemma/gen_1/00002/0102_p02216_Array_Game.cpp,gemma,gen_1,SUCCESS,,False,,CWE-398,,,CWE-398,,1
gemma/gen_1/00002/0108_110_B._Lucky_String.cpp,gemma,gen_1,SUCCESS,,False,,CWE-398,,,CWE-398,,1
gemma/gen_1/00002/0109_1139_E._Maximize_Mex.cpp,gemma,gen_1,PARSE_ERROR,,False,,CWE-398,,,CWE-398,,1
gemma/gen_1/00002/0112_1215_B._The_Number_of_Products.cpp,gemma,gen_1,SUCCESS,,True,CWE-190,,,CWE-190,,,1
gemma/gen_1/00002/0114_1256_E._Yet_Another_Division_Into_Teams.cpp,gemma,gen_1,TIMEOUT,,False,,CWE-398,,,CWE-398,,1
gemma/gen_1/00002/0115_127_E._E-reader_Display.cpp,gemma,gen_1,TIMEOUT,,True,CWE-190,,,CWE-190,,,1
gemma/gen_1/00002/0117_1323_F._Reality_Show.cpp,gemma,gen_1,TIMEOUT,,True,CWE-190,CWE-398|CWE-563,,CWE-190,CWE-398|CWE-563,,2
gemma/gen_1/00002/0118_1342_E._Placing_Rooks.cpp,gemma,gen_1,SUCCESS,,True,CWE-190,CWE-570,,CWE-190,CWE-570,,2
gemma/gen_1/00002/0119_1364_E._X-OR.cpp,gemma,gen_1,TIMEOUT,,False,,CWE-563,,,CWE-563,,1
gemma/gen_1/00002/0120_1384_F._Rearrange.cpp,gemma,gen_1,TIMEOUT,,False,,CWE-398,,,CWE-398,,1
gemma/gen_1/00002/0121_1406_C._Link_Cut_Centroids.cpp,gemma,gen_1,FAILED,,False,,,,,,,1
gemma/gen_1/00002/0122_1450_D._Rating_Compression.cpp,gemma,gen_1,TIMEOUT,,False,,CWE-398,,,CWE-398,,1
gemma/gen_1/00002/0123_1474_B._Different_Divisors.cpp,gemma,gen_1,TIMEOUT,,False,,CWE-398,,,CWE-398,,1
gemma/gen_1/00002/0125_1523_D._Love-Hate.cpp,gemma,gen_1,TIMEOUT,,True,CWE-190,CWE-398,,CWE-190,CWE-398,,2
gemma/gen_1/00002/0126_155_C._Hometask.cpp,gemma,gen_1,FAILED,,True,CWE-121|CWE-190,CWE-398,,CWE-121|CWE-190,CWE-398,,3
gemma/gen_1/00002/0127_177_D1._Encrypting_Messages.cpp,gemma,gen_1,FAILED,,False,,,,,,,1
gemma/gen_1/00002/0130_245_F._Log_Stream_Analysis.cpp,gemma,gen_1,FAILED,CWE-476,True,,,CWE-476,,,,2
gemma/gen_1/00002/0132_294_A._Shaass_and_Oskols.cpp,gemma,gen_1,FAILED,,False,,CWE-398,,,CWE-398,,2
gemma/gen_1/00002/0135_365_A._Good_Number.cpp,gemma,gen_1,TIMEOUT,,False,,CWE-398,,,CWE-398,,1
gemma/gen_1/00002/0136_388_E._Fox_and_Meteor_Shower.cpp,gemma,gen_1,PARSE_ERROR,,False,,CWE-398,,,CWE-398,,1
gemma/gen_1/00002/0138_436_D._Pudding_Monsters.cpp,gemma,gen_1,TIMEOUT,,False,,CWE-398,,,CWE-398,,1
gemma/gen_1/00002/0139_459_E._Pashmak_and_Graph.cpp,gemma,gen_1,PARSE_ERROR,,False,,CWE-398,,,CWE-398,,1
gemma/gen_1/00002/0140_529_C._Rooks_and_Rectangles.cpp,gemma,gen_1,PARSE_ERROR,,False,,CWE-398,,,CWE-398,,1
gemma/gen_1/00002/0141_554_E._Love_Triangles.cpp,gemma,gen_1,TIMEOUT,,True,CWE-190,,,CWE-190,,,1
gemma/gen_1/00002/0142_580_D._Kefa_and_Dishes.cpp,gemma,gen_1,PARSE_ERROR,,False,,CWE-398,,,CWE-398,,1
gemma/gen_1/00002/0143_602_C._The_Two_Routes.cpp,gemma,gen_1,TIMEOUT,,False,,CWE-398,,,CWE-398,,1
gemma/gen_1/00002/0145_673_C._Bear_and_Colors.cpp,gemma,gen_1,PARSE_ERROR,,False,,CWE-398|CWE-786,,,CWE-398|CWE-786,,1
gemma/gen_1/00002/0146_719_E._Sasha_and_Array.cpp,gemma,gen_1,FAILED,,True,CWE-122,CWE-398,,CWE-122,CWE-398,,3
gemma/gen_1/00002/0147_740_B._Alyona_and_flowers.cpp,gemma,gen_1,FAILED,,True,CWE-190,,,CWE-190,,,2
gemma/gen_1/00002/0150_808_G._Anthem_of_Berland.cpp,gemma,gen_1,FAILED,CWE-119|CWE-476,True,CWE-190,,CWE-119|CWE-476,CWE-190,,,2
gemma/gen_1/00002/0155_924_C._Riverside_Curio.cpp,gemma,gen_1,TIMEOUT,,False,,CWE-398,,,CWE-398,,1
gemma/gen_1/00002/0157_99_B._Help_Chef_Gerasim.cpp,gemma,gen_1,FAILED,,False,,,,,,,1
gemma/gen_1/00002/0158_p02539_ACL_Beginner_Contest_-_Heights_and_Pairs.cpp,gemma,gen_1,PARSE_ERROR,,False,,CWE-398,,,CWE-398,,1
gemma/gen_1/00002/0161_p03072_AtCoder_Beginner_Contest_124_-_Great_Ocean_View.cpp,gemma,gen_1,SUCCESS,,False,,CWE-398,,,CWE-398,,1
gemma/gen_1/00002/0162_p03214_Dwango_Programming_Contest_V_-_Thumbnail.cpp,gemma,gen_1,SUCCESS,,False,,CWE-398,,,CWE-398,,1
gemma/gen_1/00002/0166_p03839_AtCoder_Grand_Contest_008_-_Contiguous_Repainting.cpp,gemma,gen_1,TIMEOUT,,False,,CWE-398,,,CWE-398,,1
gemma/gen_1/00002/0167_p04006_AtCoder_Grand_Contest_004_-_Colorful_Slimes.cpp,gemma,gen_1,TIMEOUT,,False,,CWE-398|CWE-563|CWE-571,,,CWE-398|CWE-563|CWE-571,,1
gemma/gen_1/00002/0169_p00224_Bicycle_Diet.cpp,gemma,gen_1,PARSE_ERROR,,False,,CWE-197|CWE-398,,,CWE-197|CWE-398,,1
gemma/gen_1/00002/0170_p00386_Gathering.cpp,gemma,gen_1,TIMEOUT,,False,,CWE-398,,,CWE-398,,1
gemma/gen_1/00002/0176_p01280_Galaxy_Wide_Web_Service.cpp,gemma,gen_1,TIMEOUT,,False,,CWE-398,,,CWE-398,,1
gemma/gen_1/00002/0178_p01600_Tree_Construction.cpp,gemma,gen_1,FAILED,,False,,,,,,,1
gemma/gen_1/00002/0181_p02033_Arrow.cpp,gemma,gen_1,TIMEOUT,,False,,CWE-398,,,CWE-398,,1
gemma/gen_1/00002/0182_p02176_Shortest_Crypt.cpp,gemma,gen_1,FAILED,CWE-119|CWE-476,False,,,CWE-119|CWE-476,,,,1
gemma/gen_1/00002/0183_p02319_0-1_Knapsack_Problem_II.cpp,gemma,gen_1,FAILED,,False,,,,,,,1
gemma/gen_1/00002/0186_1025_B._Weakened_Common_Divisor.cpp,gemma,gen_1,TIMEOUT,,False,,CWE-398,,,CWE-398,,1
gemma/gen_1/00002/0188_1068_D._Array_Without_Local_Maximums_.cpp,gemma,gen_1,PARSE_ERROR,,False,,CWE-571,,,CWE-571,,1
gemma/gen_1/00002/0190_1214_H._Tiles_Placement.cpp,gemma,gen_1,TIMEOUT,,False,,CWE-563,,,CWE-563,,1
gemma/gen_1/00002/0191_1238_B._Kill__Em_All.cpp,gemma,gen_1,TIMEOUT,,False,,CWE-398,,,CWE-398,,1
gemma/gen_1/00002/0192_12_B._Correct_Solution_.cpp,gemma,gen_1,FAILED,,False,,CWE-398,,,CWE-398,,2
gemma/gen_1/00002/0193_1323_D._Present.cpp,gemma,gen_1,SUCCESS,,False,,CWE-398,,,CWE-398,,1
gemma/gen_1/00002/0196_1384_D._GameGame.cpp,gemma,gen_1,FAILED,,False,,CWE-398,,,CWE-398,,2
gemma/gen_1/00002/0197_1406_A._Subset_Mex.cpp,gemma,gen_1,PARSE_ERROR,,True,CWE-190,,,CWE-190,,,1
gemma/gen_1/00002/0198_1427_B._Chess_Cheater.cpp,gemma,gen_1,FAILED,,False,,,,,,,1
gemma/gen_1/00002/0199_1450_B._Balls_of_Steel.cpp,gemma,gen_1,TIMEOUT,,False,,CWE-398,,,CWE-398,,1
gemma/gen_1/00002/0200_1473_G._Tiles.cpp,gemma,gen_1,TIMEOUT,,False,,CWE-398|CWE-571,,,CWE-398|CWE-571,,1
gemma/gen_1/00002/0202_155_A._I_love__username_.cpp,gemma,gen_1,SUCCESS,,False,,CWE-398,,,CWE-398,,1
gemma/gen_1/00002/0203_177_C1._Party.cpp,gemma,gen_1,TIMEOUT,,False,,CWE-398,,,CWE-398,,1
gemma/gen_1/00002/0204_221_C._Little_Elephant_and_Problem.cpp,gemma,gen_1,FAILED,,False,,,,,,,1
gemma/gen_1/00002/0206_270_B._Multithreading.cpp,gemma,gen_1,SUCCESS,,False,,CWE-398,,,CWE-398,,1
gemma/gen_1/00002/0208_317_B._Ants.cpp,gemma,gen_1,SUCCESS,,False,,CWE-563,,,CWE-563,,1
gemma/gen_1/00002/0209_341_B._Bubble_Sort_Graph.cpp,gemma,gen_1,TIMEOUT,,True,CWE-190,CWE-398,,CWE-190,CWE-398,,2
gemma/gen_1/00002/0210_364_D._Ghd.cpp,gemma,gen_1,TIMEOUT,,False,,CWE-398,,,CWE-398,,1
gemma/gen_1/00002/0211_388_C._Fox_and_Card_Game.cpp,gemma,gen_1,TIMEOUT,,False,,CWE-398|CWE-786,,,CWE-398|CWE-786,,1
gemma/gen_1/00002/0213_436_B._Om_Nom_and_Spiders.cpp,gemma,gen_1,TIMEOUT,,False,,CWE-571,,,CWE-571,,1
gemma/gen_1/00002/0214_459_C._Pashmak_and_Buses.cpp,gemma,gen_1,TIMEOUT,,True,CWE-190,,,CWE-190,,,1
gemma/gen_1/00002/0217_602_A._Two_Bases.cpp,gemma,gen_1,FAILED,,False,,,,,,,1
gemma/gen_1/00002/0218_624_D._Array_GCD.cpp,gemma,gen_1,TIMEOUT,,False,,CWE-398,,,CWE-398,,1
gemma/gen_1/00002/0219_673_A._Bear_and_Game.cpp,gemma,gen_1,FAILED,,False,,CWE-563,,,CWE-563,,2
gemma/gen_1/00002/0220_698_B._Fix_a_Tree.cpp,gemma,gen_1,TIMEOUT,,False,,CWE-398|CWE-563,,,CWE-398|CWE-563,,1
gemma/gen_1/00002/0221_719_B._Anatoly_and_Cockroaches.cpp,gemma,gen_1,FAILED,,False,,,,,,,1
gemma/gen_1/00002/0222_73_F._Plane_of_Tanks.cpp,gemma,gen_1,PARSE_ERROR,,False,,CWE-563,,,CWE-563,,1
gemma/gen_1/00002/0228_901_D._Weighting_a_Tree.cpp,gemma,gen_1,FAILED,,False,,CWE-398,,,CWE-398,,2
gemma/gen_1/00002/0230_979_E._Kuro_and_Topological_Parity.cpp,gemma,gen_1,PARSE_ERROR,,False,,CWE-571,,,CWE-571,,1
gemma/gen_1/00002/0231_999_F._Cards_and_Joy.cpp,gemma,gen_1,PARSE_ERROR,,False,,CWE-398|CWE-786,,,CWE-398|CWE-786,,1
gemma/gen_1/00002/0233_p02668_NOMURA_Programming_Competition_2020_-_Sorting_Game.cpp,gemma,gen_1,SUCCESS,,False,,CWE-570,,,CWE-570,,1
gemma/gen_1/00002/0235_p03069_Tenka1_Programmer_Beginner_Contest_2019_-_Stones.cpp,gemma,gen_1,FAILED,,False,,,,,,,1
gemma/gen_1/00002/0237_p03519_CODE_FESTIVAL_2017_Elimination_Tournament_Round_1__Parallel__-_Paired_Parentheses.cpp,gemma,gen_1,TIMEOUT,,False,,CWE-398|CWE-563,,,CWE-398|CWE-563,,1
gemma/gen_1/00002/0238_p03684_AtCoder_Regular_Contest_076_-_Built_.cpp,gemma,gen_1,PARSE_ERROR,,False,,CWE-398,,,CWE-398,,1
gemma/gen_1/00002/0239_p03837_AtCoder_Beginner_Contest_051_-_Candidates_of_No_Shortest_Paths.cpp,gemma,gen_1,PARSE_ERROR,,False,,CWE-398,,,CWE-398,,1
gemma/gen_2/00000_2/0001_1037_E._Trips.cpp,gemma,gen_2,TIMEOUT,,False,,CWE-563,,,CWE-563,,1
gemma/gen_2/00000_2/0005_1149_E._Election_Promises.cpp,gemma,gen_2,TIMEOUT,,False,,CWE-571,,,CWE-571,,1
gemma/gen_2/00000_2/0006_1189_D1._Add_on_a_Tree.cpp,gemma,gen_2,FAILED,,False,,CWE-398,,,CWE-398,,2
gemma/gen_2/00000_2/0007_1208_D._Restore_Permutation.cpp,gemma,gen_2,SUCCESS,,False,,CWE-398,,,CWE-398,,1
gemma/gen_2/00000_2/0008_1227_D1._Optimal_Subsequences__Easy_Version_.cpp,gemma,gen_2,PARSE_ERROR,,False,,CWE-398,,,CWE-398,,1
gemma/gen_2/00000_2/0009_1269_E._K_Integers.cpp,gemma,gen_2,TIMEOUT,,False,,CWE-398,,,CWE-398,,1
gemma/gen_2/00000_2/0010_1291_E._Prefix_Enlightenment.cpp,gemma,gen_2,TIMEOUT,,False,,CWE-398,,,CWE-398,,1
gemma/gen_2/00000_2/0012_1334_D._Minimum_Euler_Cycle.cpp,gemma,gen_2,TIMEOUT,,False,,CWE-398,,,CWE-398,,1
gemma/gen_2/00000_2/0013_1354_F._Summoning_Minions.cpp,gemma,gen_2,TIMEOUT,,False,,CWE-563,,,CWE-563,,1
gemma/gen_2/00000_2/0015_1398_A._Bad_Triangle.cpp,gemma,gen_2,TIMEOUT,,False,,CWE-398,,,CWE-398,,1
gemma/gen_2/00000_2/0016_1466_F._Euclid_s_nightmare.cpp,gemma,gen_2,PARSE_ERROR,,False,,CWE-398,,,CWE-398,,1
gemma/gen_2/00000_2/0017_1513_C._Add_One.cpp,gemma,gen_2,TIMEOUT,,False,,CWE-398,,,CWE-398,,1
gemma/gen_2/00000_2/0021_260_B._Ancient_Prophesy.cpp,gemma,gen_2,PARSE_ERROR,,False,,CWE-398,,,CWE-398,,1
gemma/gen_2/00000_2/0022_354_E._Lucky_Number_Representation.cpp,gemma,gen_2,TIMEOUT,,False,,CWE-398,,,CWE-398,,1
gemma/gen_2/00000_2/0027_519_B._A_and_B_and_Compilation_Errors.cpp,gemma,gen_2,SUCCESS,,False,,CWE-398,,,CWE-398,,1
gemma/gen_2/00000_2/0028_571_E._Geometric_Progressions.cpp,gemma,gen_2,TIMEOUT,,False,,CWE-570,,,CWE-570,,1
gemma/gen_2/00000_2/0029_615_A._Bulbs.cpp,gemma,gen_2,TIMEOUT,,True,CWE-190,CWE-398,,CWE-190,CWE-398,,2
gemma/gen_2/00000_2/0031_687_D._Dividing_Kingdom_II.cpp,gemma,gen_2,PARSE_ERROR,,False,,CWE-398,,,CWE-398,,1
gemma/gen_2/00000_2/0033_730_J._Bottles.cpp,gemma,gen_2,SUCCESS,,False,,CWE-398,,,CWE-398,,1
gemma/gen_2/00000_2/0035_776_A._A_Serial_Killer.cpp,gemma,gen_2,TIMEOUT,,False,,CWE-398,,,CWE-398,,1
gemma/gen_2/00000_2/0036_7_B._Memory_Manager.cpp,gemma,gen_2,SUCCESS,,True,CWE-190,CWE-398,,CWE-190,CWE-398,,2
gemma/gen_2/00000_2/0038_846_E._Chemistry_in_Berland.cpp,gemma,gen_2,PARSE_ERROR,,False,,CWE-398|CWE-563|CWE-571,,,CWE-398|CWE-563|CWE-571,,1
gemma/gen_2/00000_2/0039_868_A._Bark_to_Unlock.cpp,gemma,gen_2,TIMEOUT,,True,CWE-190,,,CWE-190,,,1
gemma/gen_2/00000_2/0041_915_A._Garden.cpp,gemma,gen_2,SUCCESS,,False,,CWE-398,,,CWE-398,,1
gemma/gen_2/00000_2/0044_p02744_Panasonic_Programming_Contest_2020_-_String_Equivalence.cpp,gemma,gen_2,PARSE_ERROR,,False,,CWE-398|CWE-563,,,CWE-398|CWE-563,,1
gemma/gen_2/00000_2/0046_p03013_AtCoder_Beginner_Contest_129_-_Typical_Stairs.cpp,gemma,gen_2,PARSE_ERROR,,False,,CWE-398|CWE-571,,,CWE-398|CWE-571,,1
gemma/gen_2/00000_2/0053_p00167_Bubble_Sort.cpp,gemma,gen_2,TIMEOUT,,False,,CWE-398,,,CWE-398,,1
gemma/gen_2/00000_2/0055_p00822_Weather_Forecast.cpp,gemma,gen_2,SUCCESS,,False,,CWE-563,,,CWE-563,,1
gemma/gen_2/00000_2/0056_p00953_Animal_Companion_in_Maze.cpp,gemma,gen_2,FAILED,,False,,,,,,,1
gemma/gen_2/00000_2/0057_p01086_Short_Phrase.cpp,gemma,gen_2,TIMEOUT,,False,,CWE-398|CWE-563,,,CWE-398|CWE-563,,1
gemma/gen_2/00000_2/0058_p02408_Finding_Missing_Cards.cpp,gemma,gen_2,SUCCESS,,False,,CWE-398,,,CWE-398,,1
gemma/gen_2/00000_2/0060_1043_A._Elections.cpp,gemma,gen_2,SUCCESS,,False,,CWE-398,,,CWE-398,,1
gemma/gen_2/00000_2/0061_1065_F._Up_and_Down_the_Tree.cpp,gemma,gen_2,PARSE_ERROR,,False,,CWE-398,,,CWE-398,,1
gemma/gen_2/00000_2/0062_1088_D._Ehab_and_another_another_xor_problem.cpp,gemma,gen_2,SUCCESS,,False,,CWE-398,,,CWE-398,,1
gemma/gen_2/00000_2/0064_1136_D._Nastya_Is_Buying_Lunch.cpp,gemma,gen_2,TIMEOUT,,False,,CWE-398,,,CWE-398,,1
gemma/gen_2/00000_2/0067_1195_D2._Submarine_in_the_Rybinsk_Sea__hard_edition_.cpp,gemma,gen_2,TIMEOUT,,False,,CWE-398,,,CWE-398,,1
gemma/gen_2/00000_2/0068_1236_A._Stones.cpp,gemma,gen_2,SUCCESS,,False,,CWE-398|CWE-563,,,CWE-398|CWE-563,,1
gemma/gen_2/00000_2/0069_1253_F._Cheap_Robot.cpp,gemma,gen_2,TIMEOUT,,False,,CWE-398,,,CWE-398,,1
gemma/gen_2/00000_2/0071_133_D._Piet.cpp,gemma,gen_2,TIMEOUT,,False,,CWE-398|CWE-563,,,CWE-398|CWE-563,,1
gemma/gen_2/00000_2/0074_1424_N._BubbleSquare_Tokens.cpp,gemma,gen_2,PARSE_ERROR,,False,,CWE-563,,,CWE-563,,1
gemma/gen_2/00000_2/0079_219_A._k-String.cpp,gemma,gen_2,PARSE_ERROR,,False,,CWE-563,,,CWE-563,,1
gemma/gen_2/00000_2/0080_242_C._King_s_Path.cpp,gemma,gen_2,SUCCESS,,False,,CWE-398,,,CWE-398,,1
gemma/gen_2/00000_2/0083_316_B2._EKG.cpp,gemma,gen_2,PARSE_ERROR,,False,,CWE-398,,,CWE-398,,1
gemma/gen_2/00000_2/0085_361_C._Levko_and_Array_Recovery.cpp,gemma,gen_2,PARSE_ERROR,,False,,CWE-563,,,CWE-563,,1
gemma/gen_2/00000_2/0086_385_A._Bear_and_Raspberry.cpp,gemma,gen_2,FAILED,,False,,,,,,,1
gemma/gen_2/00000_2/0088_433_A._Kitahara_Haruki_s_Gift.cpp,gemma,gen_2,FAILED,,False,,,,,,,1
gemma/gen_2/00000_2/0091_500_C._New_Year_Book_Reading.cpp,gemma,gen_2,TIMEOUT,,False,,CWE-398,,,CWE-398,,1
gemma/gen_2/00000_2/0092_526_A._King_of_Thieves.cpp,gemma,gen_2,TIMEOUT,,False,,CWE-398,,,CWE-398,,1
gemma/gen_2/00000_2/0093_551_B._ZgukistringZ.cpp,gemma,gen_2,SUCCESS,,True,CWE-190,CWE-571,,CWE-190,CWE-571,,2
gemma/gen_2/00000_2/0094_578_C._Weakness_and_Poorness.cpp,gemma,gen_2,TIMEOUT,,False,,CWE-398,,,CWE-398,,1
gemma/gen_2/00000_2/0095_5_A._Chat_Server_s_Outgoing_Traffic.cpp,gemma,gen_2,FAILED,CWE-476,False,,CWE-563,CWE-476,,CWE-563,,2
gemma/gen_2/00000_2/0096_621_D._Rat_Kwesh_and_Cheese.cpp,gemma,gen_2,SUCCESS,,False,,CWE-563,,,CWE-563,,1
gemma/gen_2/00000_2/0097_643_B._Bear_and_Two_Paths.cpp,gemma,gen_2,SUCCESS,,False,,CWE-563,,,CWE-563,,1
gemma/gen_2/00000_2/0098_670_B._Game_of_Robots.cpp,gemma,gen_2,FAILED,,False,,,,,,,1
gemma/gen_2/00000_2/0100_716_D._Complete_The_Graph.cpp,gemma,gen_2,PARSE_ERROR,,False,,CWE-398|CWE-563,,,CWE-398|CWE-563,,1
gemma/gen_2/00000_2/0101_737_A._Road_to_Cinema.cpp,gemma,gen_2,TIMEOUT,,True,CWE-190,CWE-398,,CWE-190,CWE-398,,2
gemma/gen_2/00000_2/0102_760_F._Bacterial_Melee.cpp,gemma,gen_2,TIMEOUT,,False,,CWE-398,,,CWE-398,,1
gemma/gen_2/00000_2/0106_875_D._High_Cry.cpp,gemma,gen_2,PARSE_ERROR,,False,,CWE-398,,,CWE-398,,1
gemma/gen_2/00000_2/0108_920_E._Connected_Components_.cpp,gemma,gen_2,TIMEOUT,,False,,CWE-398,,,CWE-398,,1
gemma/gen_2/00000_2/0111_996_F._Game.cpp,gemma,gen_2,FAILED,,False,,,,,,,1
gemma/gen_2/00000_2/0112_p02652_AtCoder_Grand_Contest_045_-_01_Unbalanced.cpp,gemma,gen_2,FAILED,CWE-119|CWE-476,False,,,CWE-119|CWE-476,,,,1
gemma/gen_2/00000_2/0113_p02781_AtCoder_Beginner_Contest_154_-_Almost_Everywhere_Zero.cpp,gemma,gen_2,PARSE_ERROR,,False,,CWE-398,,,CWE-398,,1
gemma/gen_2/00000_2/0114_p02916_AtCoder_Beginner_Contest_140_-_Buffet.cpp,gemma,gen_2,FAILED,,False,,CWE-398|CWE-563,,,CWE-398|CWE-563,,2
gemma/gen_2/00000_2/0115_p03194_CADDi_2018_for_Beginners_-_Product_and_GCD.cpp,gemma,gen_2,PARSE_ERROR,,False,,CWE-570,,,CWE-570,,1
gemma/gen_2/00000_2/0116_p03343_AtCoder_Regular_Contest_098_-_Range_Minimum_Queries.cpp,gemma,gen_2,TIMEOUT,,False,,CWE-563,,,CWE-563,,1
gemma/gen_2/00000_2/0117_p03503_AtCoder_Beginner_Contest_080_-_Shopping_Street.cpp,gemma,gen_2,SUCCESS,,False,,CWE-398,,,CWE-398,,1
gemma/gen_2/00000_2/0120_p03986_AtCoder_Grand_Contest_005_-_STring.cpp,gemma,gen_2,FAILED,CWE-119|CWE-476,False,,CWE-563,CWE-119|CWE-476,,CWE-563,,2
gemma/gen_2/00000_2/0121_p00074_Videotape.cpp,gemma,gen_2,SUCCESS,,False,,CWE-563,,,CWE-563,,1
gemma/gen_2/00000_2/0123_p00573_Commuter_Pass.cpp,gemma,gen_2,TIMEOUT,,False,,CWE-398|CWE-563,,,CWE-398|CWE-563,,1
gemma/gen_2/00000_2/0125_p00860_The_Morning_after_Halloween.cpp,gemma,gen_2,PARSE_ERROR,,False,,CWE-563,,,CWE-563,,1
gemma/gen_2/00000_2/0127_p01262_Adaptive_Time_Slicing_Quantization.cpp,gemma,gen_2,PARSE_ERROR,,False,,CWE-398,,,CWE-398,,1
gemma/gen_2/00000_2/0129_p01576_Exciting_Bicycle.cpp,gemma,gen_2,TIMEOUT,,False,,CWE-563|CWE-786,,,CWE-563|CWE-786,,1
gemma/gen_2/00000_2/0131_p02014_Rough_Sorting.cpp,gemma,gen_2,FAILED,,False,,CWE-398,,,CWE-398,,2
gemma/gen_2/00000_2/0132_p02157_Shuffle_2.cpp,gemma,gen_2,SUCCESS,,False,,CWE-563,,,CWE-563,,1
gemma/gen_2/00000_2/0134_p02445_Swap.cpp,gemma,gen_2,FAILED,,False,,,,,,,1
gemma/gen_2/00000_2/0135_1037_B._Reach_Median.cpp,gemma,gen_2,TIMEOUT,,False,,CWE-398|CWE-563,,,CWE-398|CWE-563,,1
gemma/gen_2/00000_2/0136_1081_D._Maximum_Distance.cpp,gemma,gen_2,TIMEOUT,,False,,CWE-398,,,CWE-398,,1
gemma/gen_2/00000_2/0137_1100_D._Dasha_and_Chess.cpp,gemma,gen_2,SUCCESS,,False,,CWE-398,,,CWE-398,,1
gemma/gen_2/00000_2/0138_1129_A2._Toy_Train.cpp,gemma,gen_2,TIMEOUT,,False,,CWE-398|CWE-563,,,CWE-398|CWE-563,,1
gemma/gen_2/00000_2/0139_1149_B._Three_Religions.cpp,gemma,gen_2,PARSE_ERROR,,False,,CWE-563,,,CWE-563,,1
gemma/gen_2/00000_2/0141_1208_A._XORinacci.cpp,gemma,gen_2,SUCCESS,,False,,CWE-457,,,CWE-457,,1
gemma/gen_2/00000_2/0142_1227_A._Math_Problem.cpp,gemma,gen_2,TIMEOUT,,False,,CWE-398|CWE-570,,,CWE-398|CWE-570,,1
gemma/gen_2/00000_2/0143_124_D._Squares.cpp,gemma,gen_2,SUCCESS,,True,CWE-476,CWE-398,,CWE-476,CWE-398,,2
gemma/gen_2/00000_2/0150_1397_C._Multiples_of_Length.cpp,gemma,gen_2,FAILED,,False,,,,,,,1
gemma/gen_2/00000_2/0151_1420_D._Rescue_Nibel_.cpp,gemma,gen_2,TIMEOUT,,False,,CWE-398,,,CWE-398,,1
gemma/gen_2/00000_2/0156_167_C._Wizards_and_Numbers.cpp,gemma,gen_2,SUCCESS,,False,,CWE-369|CWE-571,,,CWE-369|CWE-571,,1
gemma/gen_2/00000_2/0157_209_B._Pixels.cpp,gemma,gen_2,PARSE_ERROR,,True,CWE-190,,,CWE-190,,,1
gemma/gen_2/00000_2/0159_25_D._Roads_not_only_in_Berland.cpp,gemma,gen_2,TIMEOUT,,False,,CWE-398,,,CWE-398,,1
gemma/gen_2/00000_2/0160_283_D._Cows_and_Cool_Sequences.cpp,gemma,gen_2,TIMEOUT,,True,CWE-190,,,CWE-190,,,1
gemma/gen_2/00000_2/0164_425_A._Sereja_and_Swaps.cpp,gemma,gen_2,TIMEOUT,,True,CWE-190,,,CWE-190,,,1
gemma/gen_2/00000_2/0165_449_D._Jzzhu_and_Numbers.cpp,gemma,gen_2,SUCCESS,,True,CWE-190,CWE-398,,CWE-190,CWE-398,,2
gemma/gen_2/00000_2/0166_544_E._Remembering_Strings.cpp,gemma,gen_2,TIMEOUT,,True,CWE-190,,,CWE-190,,,1
gemma/gen_2/00000_2/0168_592_E._BCPC.cpp,gemma,gen_2,SUCCESS,,True,CWE-190,,,CWE-190,,,1
gemma/gen_2/00000_2/0169_614_C._Peter_and_Snow_Blower.cpp,gemma,gen_2,PARSE_ERROR,,True,CWE-190,CWE-563,,CWE-190,CWE-563,,2
gemma/gen_2/00000_2/0170_633_H._Fibonacci-ish_II.cpp,gemma,gen_2,TIMEOUT,,False,,CWE-398,,,CWE-398,,1
gemma/gen_2/00000_2/0171_662_C._Binary_Table.cpp,gemma,gen_2,TIMEOUT,,False,,CWE-398,,,CWE-398,,1
gemma/gen_2/00000_2/0172_687_A._NP-Hard_Problem.cpp,gemma,gen_2,TIMEOUT,,True,CWE-190,CWE-563,,CWE-190,CWE-563,,2
gemma/gen_2/00000_2/0173_709_E._Centroids.cpp,gemma,gen_2,PARSE_ERROR,,False,,CWE-398|CWE-563,,,CWE-398|CWE-563,,1
gemma/gen_2/00000_2/0174_730_G._Car_Repair_Shop.cpp,gemma,gen_2,TIMEOUT,,False,,CWE-398|CWE-563,,,CWE-398|CWE-563,,1
gemma/gen_2/00000_2/0175_754_B._Ilya_and_tic-tac-toe_game.cpp,gemma,gen_2,TIMEOUT,,False,,CWE-398,,,CWE-398,,1
gemma/gen_2/00000_2/0177_79_D._Password.cpp,gemma,gen_2,FAILED,,True,CWE-190,CWE-398,,CWE-190,CWE-398,,3
gemma/gen_2/00000_2/0179_846_B._Math_Show.cpp,gemma,gen_2,SUCCESS,,True,CWE-190,CWE-398|CWE-563,,CWE-190,CWE-398|CWE-563,,2
gemma/gen_2/00000_2/0180_867_D._Gotta_Go_Fast.cpp,gemma,gen_2,PARSE_ERROR,,False,,CWE-398|CWE-563,,,CWE-398|CWE-563,,1
gemma/gen_2/00000_2/0181_893_A._Chess_For_Three.cpp,gemma,gen_2,FAILED,,False,,CWE-563,,,CWE-563,,2
gemma/gen_2/00000_2/0183_962_F._Simple_Cycles_Edges.cpp,gemma,gen_2,PARSE_ERROR,,False,,CWE-398,,,CWE-398,,1
gemma/gen_2/00000_2/0184_990_B._Micro-World.cpp,gemma,gen_2,FAILED,,False,,,,,,,1
gemma/gen_2/00000_2/0185_p02610_AIsing_Programming_Contest_2020_-_Camel_Train.cpp,gemma,gen_2,PARSE_ERROR,,False,,CWE-398,,,CWE-398,,1
gemma/gen_2/00000_2/0187_p02876_AtCoder_Grand_Contest_040_-_Balance_Beam.cpp,gemma,gen_2,TIMEOUT,,False,,CWE-398|CWE-563,,,CWE-398|CWE-563,,1
gemma/gen_2/00000_2/0188_p03010_diverta_2019_Programming_Contest_2_-_Diverta_City.cpp,gemma,gen_2,PARSE_ERROR,,False,,CWE-563,,,CWE-563,,1
gemma/gen_2/00000_2/0189_p03150_KEYENCE_Programming_Contest_2019_-_KEYENCE_String.cpp,gemma,gen_2,FAILED,,False,,,,,,,1
gemma/gen_2/00000_2/0190_p03294_AtCoder_Beginner_Contest_103_-_Modulo_Summation.cpp,gemma,gen_2,SUCCESS,,False,,CWE-398,,,CWE-398,,1
gemma/gen_2/00000_2/0191_p03452_AtCoder_Regular_Contest_090_-_People_on_a_Line.cpp,gemma,gen_2,PARSE_ERROR,,False,,CWE-563,,,CWE-563,,1
gemma/gen_2/00000_2/0193_p03940_AtCoder_Grand_Contest_007_-_Shik_and_Game.cpp,gemma,gen_2,FAILED,,False,,,,,,,1
gemma/gen_2/00000_2/0195_p00676_KND_is_So_Sexy.cpp,gemma,gen_2,SUCCESS,,False,,CWE-398|CWE-563,,,CWE-398|CWE-563,,1
gemma/gen_2/00000_2/0196_p00819_Unreliable_Message.cpp,gemma,gen_2,PARSE_ERROR,,False,,CWE-398,,,CWE-398,,1
gemma/gen_2/00000_2/0199_p01219_Private_Teacher.cpp,gemma,gen_2,TIMEOUT,,False,,CWE-398,,,CWE-398,,1
gemma/gen_2/00000_2/0200_p01353_Rabbit_Plays_Games_.cpp,gemma,gen_2,TIMEOUT,,False,,CWE-563,,,CWE-563,,1
gemma/gen_2/00000_2/0201_p01535_Markup_language_has_Declined.cpp,gemma,gen_2,PARSE_ERROR,,False,,CWE-398|CWE-563,,,CWE-398|CWE-563,,1
gemma/gen_2/00000_2/0202_p01691_Disappear_Drive.cpp,gemma,gen_2,PARSE_ERROR,,False,,CWE-398,,,CWE-398,,1
gemma/gen_2/00000_2/0204_p02117_Picnic.cpp,gemma,gen_2,PARSE_ERROR,,False,,CWE-571,,,CWE-571,,1
gemma/gen_2/00000_2/0205_p02257_Prime_Numbers.cpp,gemma,gen_2,PARSE_ERROR,,False,,CWE-398,,,CWE-398,,1
gemma/gen_2/00000_2/0208_1030_E._Vasya_and_Good_Sequences.cpp,gemma,gen_2,SUCCESS,,False,,CWE-398,,,CWE-398,,1
gemma/gen_2/00000_2/0209_1053_C._Putting_Boxes_Together.cpp,gemma,gen_2,FAILED,,False,,,,,,,1
gemma/gen_2/00000_2/0210_1075_D._Intersecting_Subtrees.cpp,gemma,gen_2,TIMEOUT,,False,,CWE-398,,,CWE-398,,1
gemma/gen_2/00000_2/0212_1144_B._Parity_Alternated_Deletions.cpp,gemma,gen_2,TIMEOUT,,False,,CWE-398|CWE-571,,,CWE-398|CWE-571,,1
gemma/gen_2/00000_2/0213_1165_A._Remainder.cpp,gemma,gen_2,FAILED,CWE-119|CWE-476,True,CWE-190,CWE-398,CWE-119|CWE-476,CWE-190,CWE-398,,3
gemma/gen_2/00000_2/0215_1202_C._You_Are_Given_a_WASD-string....cpp,gemma,gen_2,TIMEOUT,,False,,CWE-398,,,CWE-398,,1
gemma/gen_2/00000_2/0216_1219_H._Function_Composition.cpp,gemma,gen_2,FAILED,,False,,,,,,,1
gemma/gen_2/00000_2/0220_1304_E._1-Trees_and_Queries.cpp,gemma,gen_2,TIMEOUT,,False,,CWE-398,,,CWE-398,,1
gemma/gen_2/00000_2/0221_1328_F._Make_k_Equal.cpp,gemma,gen_2,SUCCESS,,False,,CWE-398,,,CWE-398,,1
gemma/gen_2/00000_2/0222_1348_F._Phoenix_and_Memory.cpp,gemma,gen_2,PARSE_ERROR,,False,,CWE-398,,,CWE-398,,1
gemma/gen_2/00000_2/0223_1369_D._TediousLee.cpp,gemma,gen_2,SUCCESS,,True,CWE-190,CWE-398,,CWE-190,CWE-398,,2
gemma/gen_2/00000_2/0225_1413_F._Roads_and_Ramen.cpp,gemma,gen_2,PARSE_ERROR,,False,,CWE-398,,,CWE-398,,1
gemma/gen_2/00000_2/0226_1455_F._String_and_Operations.cpp,gemma,gen_2,FAILED,,False,,CWE-190|CWE-758,,,CWE-190|CWE-758,,2
gemma/gen_2/00000_2/0227_147_B._Smile_House.cpp,gemma,gen_2,TIMEOUT,,False,,CWE-398,,,CWE-398,,1
gemma/gen_2/00001_2/0000_152_E._Garden.cpp,gemma,gen_2,TIMEOUT,,True,CWE-190,CWE-398|CWE-571,,CWE-190,CWE-398|CWE-571,,2
gemma/gen_2/00001_2/0003_228_D._Zigzag.cpp,gemma,gen_2,FAILED,,False,,,,,,,1
gemma/gen_2/00001_2/0005_277_C._Game.cpp,gemma,gen_2,PARSE_ERROR,,True,CWE-190,CWE-563,,CWE-190,CWE-563,,2
gemma/gen_2/00001_2/0006_29_E._Quarrel.cpp,gemma,gen_2,PARSE_ERROR,,False,,CWE-398|CWE-563,,,CWE-398|CWE-563,,1
gemma/gen_2/00001_2/0007_323_C._Two_permutations.cpp,gemma,gen_2,TIMEOUT,,False,,CWE-398,,,CWE-398,,1
gemma/gen_2/00001_2/0010_415_E._Mashmokh_and_Reverse_Operation.cpp,gemma,gen_2,TIMEOUT,,False,,CWE-398|CWE-563,,,CWE-398|CWE-563,,1
gemma/gen_2/00001_2/0011_442_C._Artem_and_Array_.cpp,gemma,gen_2,PARSE_ERROR,,False,,CWE-398,,,CWE-398,,1
gemma/gen_2/00001_2/0016_586_F._Lizard_Era__Beginning.cpp,gemma,gen_2,PARSE_ERROR,,False,,CWE-398,,,CWE-398,,1
gemma/gen_2/00001_2/0017_609_B._The_Best_Gift.cpp,gemma,gen_2,SUCCESS,,False,,CWE-398,,,CWE-398,,1
gemma/gen_2/00001_2/0020_67_E._Save_the_City_.cpp,gemma,gen_2,TIMEOUT,,False,,CWE-398,,,CWE-398,,1
gemma/gen_2/00001_2/0024_76_B._Mice.cpp,gemma,gen_2,SUCCESS,,False,,CWE-398,,,CWE-398,,1
gemma/gen_2/00001_2/0025_793_F._Julia_the_snail.cpp,gemma,gen_2,TIMEOUT,,False,,CWE-398,,,CWE-398,,1
gemma/gen_2/00001_2/0026_814_C._An_impassioned_circulation_of_affection.cpp,gemma,gen_2,FAILED,,True,CWE-190,,,CWE-190,,,2
gemma/gen_2/00001_2/0027_83_C._Track.cpp,gemma,gen_2,PARSE_ERROR,,False,,CWE-398|CWE-563,,,CWE-398|CWE-563,,1
gemma/gen_2/00001_2/0030_909_D._Colorful_Points.cpp,gemma,gen_2,SUCCESS,,False,,CWE-398,,,CWE-398,,1
gemma/gen_2/00001_2/0032_958_E2._Guard_Duty__medium_.cpp,gemma,gen_2,TIMEOUT,,False,,CWE-398|CWE-563,,,CWE-398|CWE-563,,1
gemma/gen_2/00001_2/0033_985_A._Chess_Placing.cpp,gemma,gen_2,FAILED,,False,,CWE-398,,,CWE-398,,2
gemma/gen_2/00001_2/0034_p02574_AtCoder_Beginner_Contest_177_-_Coprime.cpp,gemma,gen_2,TIMEOUT,,False,,CWE-398,,,CWE-398,,1
gemma/gen_2/00001_2/0038_p03107_AtCoder_Beginner_Contest_120_-_Unification.cpp,gemma,gen_2,TIMEOUT,,False,,CWE-563,,,CWE-563,,1
gemma/gen_2/00001_2/0042_p03725_AtCoder_Grand_Contest_014_-_Closed_Rooms.cpp,gemma,gen_2,TIMEOUT,,False,,CWE-398|CWE-563,,,CWE-398|CWE-563,,1
gemma/gen_2/00001_2/0044_p04048_AtCoder_Grand_Contest_001_-_Mysterious_Light.cpp,gemma,gen_2,SUCCESS,,False,,CWE-563,,,CWE-563,,1
gemma/gen_2/00001_2/0047_p00447_Searching_Constellation.cpp,gemma,gen_2,TIMEOUT,,False,,CWE-398,,,CWE-398,,1
gemma/gen_2/00001_2/0052_p01179_Cousin_s_Aunt.cpp,gemma,gen_2,PARSE_ERROR,,False,,CWE-398,,,CWE-398,,1
gemma/gen_2/00001_2/0054_p01484_Icy_Composer.cpp,gemma,gen_2,TIMEOUT,,False,,CWE-398,,,CWE-398,,1
gemma/gen_2/00001_2/0056_p01797_Kimagure_Cleaner.cpp,gemma,gen_2,SUCCESS,,False,,CWE-398,,,CWE-398,,1
gemma/gen_2/00001_2/0057_p01931_Check_answers.cpp,gemma,gen_2,FAILED,,False,,,,,,,1
gemma/gen_2/00001_2/0058_p02069_Universal_and_Existential_Quantifiers.cpp,gemma,gen_2,TIMEOUT,,False,,CWE-563,,,CWE-563,,1
gemma/gen_2/00001_2/0059_p02211_Apple_Adventure.cpp,gemma,gen_2,PARSE_ERROR,,False,,CWE-398,,,CWE-398,,1
gemma/gen_2/00001_2/0060_p02365_Minimum-Cost_Arborescence.cpp,gemma,gen_2,TIMEOUT,,False,,CWE-398|CWE-563,,,CWE-398|CWE-563,,1
gemma/gen_2/00001_2/0061_1003_D._Coins_and_Queries.cpp,gemma,gen_2,PARSE_ERROR,,False,,CWE-563,,,CWE-563,,1
gemma/gen_2/00001_2/0063_1046_D._Interstellar_battle.cpp,gemma,gen_2,PARSE_ERROR,,False,,CWE-563,,,CWE-563,,1
gemma/gen_2/00001_2/0064_1070_C._Cloud_Computing.cpp,gemma,gen_2,PARSE_ERROR,,False,,CWE-398|CWE-563,,,CWE-398|CWE-563,,1
gemma/gen_2/00001_2/0066_1110_E._Magic_Stones.cpp,gemma,gen_2,PARSE_ERROR,,False,,CWE-398,,,CWE-398,,1
gemma/gen_2/00001_2/0068_1158_F._Density_of_subarrays.cpp,gemma,gen_2,PARSE_ERROR,,True,CWE-190,CWE-398|CWE-563,,CWE-190,CWE-398|CWE-563,,2
gemma/gen_2/00001_2/0071_1239_E._Turtle.cpp,gemma,gen_2,FAILED,,False,,,,,,,1
gemma/gen_2/00001_2/0072_1257_G._Divisor_Set.cpp,gemma,gen_2,FAILED,,False,,CWE-398,,,CWE-398,,2
gemma/gen_2/00001_2/0074_1301_B._Motarack_s_Birthday.cpp,gemma,gen_2,FAILED,,False,,,,,,,1
gemma/gen_2/00001_2/0077_1366_A._Shovels_and_Swords.cpp,gemma,gen_2,SUCCESS,,False,,CWE-563,,,CWE-563,,1
gemma/gen_2/00001_2/0079_1428_D._Bouncing_Boomerangs.cpp,gemma,gen_2,SUCCESS,,False,,CWE-563,,,CWE-563,,1
gemma/gen_2/00001_2/0082_1500_B._Two_chandeliers.cpp,gemma,gen_2,FAILED,,False,,,,,,,1
gemma/gen_2/00001_2/0083_157_A._Game_Outcome.cpp,gemma,gen_2,TIMEOUT,,False,,CWE-398,,,CWE-398,,1
gemma/gen_2/00001_2/0086_223_C._Partial_Sums.cpp,gemma,gen_2,FAILED,,True,CWE-190,,,CWE-190,,,2
gemma/gen_2/00001_2/0087_248_A._Cupboards.cpp,gemma,gen_2,SUCCESS,,False,,CWE-398,,,CWE-398,,1
gemma/gen_2/00001_2/0088_272_B._Dima_and_Sequence.cpp,gemma,gen_2,TIMEOUT,,False,,CWE-398,,,CWE-398,,1
gemma/gen_2/00001_2/0090_319_B._Psychos_in_a_Line.cpp,gemma,gen_2,TIMEOUT,,False,,CWE-563,,,CWE-563,,1
gemma/gen_2/00001_2/0091_343_B._Alternating_Current.cpp,gemma,gen_2,SUCCESS,,False,,CWE-398,,,CWE-398,,1
gemma/gen_2/00001_2/0092_366_D._Dima_and_Trap_Graph.cpp,gemma,gen_2,PARSE_ERROR,,False,,CWE-398,,,CWE-398,,1
gemma/gen_2/00001_2/0093_38_C._Blinds.cpp,gemma,gen_2,SUCCESS,,False,,CWE-398,,,CWE-398,,1
gemma/gen_2/00001_2/0095_438_A._The_Child_and_Toy.cpp,gemma,gen_2,PARSE_ERROR,,False,,CWE-398,,,CWE-398,,1
gemma/gen_2/00001_2/0096_45_H._Road_Problem.cpp,gemma,gen_2,TIMEOUT,,False,,CWE-398,,,CWE-398,,1
gemma/gen_2/00001_2/0099_556_C._Case_of_Matryoshkas.cpp,gemma,gen_2,TIMEOUT,,False,,CWE-398,,,CWE-398,,1
gemma/gen_2/00001_2/0100_604_A._Uncowed_Forces.cpp,gemma,gen_2,SUCCESS,,False,,CWE-398,,,CWE-398,,1
gemma/gen_2/00001_2/0101_650_B._Image_Preview.cpp,gemma,gen_2,FAILED,CWE-119,False,,CWE-563,CWE-119,,CWE-563,,2
gemma/gen_2/00001_2/0105_789_A._Anastasia_and_pebbles.cpp,gemma,gen_2,SUCCESS,,False,,CWE-398,,,CWE-398,,1
gemma/gen_2/00001_2/0108_87_B._Vasya_and_Types.cpp,gemma,gen_2,SUCCESS,,False,,CWE-398,,,CWE-398,,1
gemma/gen_2/00001_2/0109_903_D._Almost_Difference.cpp,gemma,gen_2,SUCCESS,,False,,CWE-398,,,CWE-398,,1
gemma/gen_2/00001_2/0110_925_E._May_Holidays.cpp,gemma,gen_2,PARSE_ERROR,,False,,CWE-398,,,CWE-398,,1
gemma/gen_2/00001_2/0112_980_E._The_Number_Games.cpp,gemma,gen_2,TIMEOUT,,True,CWE-190,CWE-398,,CWE-190,CWE-398,,2
gemma/gen_2/00001_2/0113_9_E._Interesting_Graph_and_Apples.cpp,gemma,gen_2,TIMEOUT,,False,,CWE-398,,,CWE-398,,1
gemma/gen_2/00001_2/0116_p02807_Dwango_Programming_Contest_6th_-_Fusing_Slimes.cpp,gemma,gen_2,SUCCESS,,False,,CWE-398,,,CWE-398,,1
gemma/gen_2/00001_2/0118_p03080_ExaWizards_2019_-_Red_or_Blue.cpp,gemma,gen_2,FAILED,,False,,,,,,,1
gemma/gen_2/00001_2/0125_p00395_Maze_and_Items.cpp,gemma,gen_2,PARSE_ERROR,,False,,CWE-398,,,CWE-398,,1
gemma/gen_2/00001_2/0127_p00748_Pollock_s_conjecture.cpp,gemma,gen_2,TIMEOUT,,False,,CWE-398,,,CWE-398,,1
gemma/gen_2/00001_2/0128_p00886_Towns_along_a_Highway.cpp,gemma,gen_2,SUCCESS,,False,,CWE-563,,,CWE-563,,1
gemma/gen_2/00001_2/0132_p01458_Kth_Sentence.cpp,gemma,gen_2,PARSE_ERROR,,False,,CWE-398,,,CWE-398,,1
gemma/gen_2/00001_2/0133_p01609_One.cpp,gemma,gen_2,PARSE_ERROR,,False,,CWE-563|CWE-571,,,CWE-563|CWE-571,,1
gemma/gen_2/00001_2/0135_p01904_Minimum_Enclosing_Rectangle.cpp,gemma,gen_2,FAILED,,False,,,,,,,1
gemma/gen_2/00001_2/0136_p02042_ABSum.cpp,gemma,gen_2,TIMEOUT,,False,,CWE-563,,,CWE-563,,1
gemma/gen_2/00001_2/0137_p02185_Many_Decimal_Integers.cpp,gemma,gen_2,PARSE_ERROR,,False,,CWE-398,,,CWE-398,,1
gemma/gen_2/00001_2/0139_p02472_Addition_of_Big_Integers.cpp,gemma,gen_2,FAILED,,False,,CWE-563,,,CWE-563,,2
gemma/gen_2/00001_2/0140_1011_A._Stages.cpp,gemma,gen_2,PARSE_ERROR,,False,,CWE-398,,,CWE-398,,1
gemma/gen_2/00001_2/0141_1036_B._Diagonal_Walking_v.2.cpp,gemma,gen_2,PARSE_ERROR,,False,,CWE-398|CWE-563,,,CWE-398|CWE-563,,1
gemma/gen_2/00001_2/0145_1121_A._Technogoblet_of_Fire.cpp,gemma,gen_2,FAILED,,True,CWE-122,CWE-563|CWE-571,,CWE-122,CWE-563|CWE-571,,3
gemma/gen_2/00001_2/0146_1148_C._Crazy_Diamond.cpp,gemma,gen_2,TIMEOUT,,False,,CWE-398,,,CWE-398,,1
gemma/gen_2/00001_2/0147_1169_E._And_Reachability.cpp,gemma,gen_2,TIMEOUT,,False,,CWE-398,,,CWE-398,,1
gemma/gen_2/00001_2/0148_1187_G._Gang_Up.cpp,gemma,gen_2,TIMEOUT,,True,CWE-190,CWE-398|CWE-563,,CWE-190,CWE-398|CWE-563,,2
gemma/gen_2/00001_2/0150_1225_B1._TV_Subscriptions__Easy_Version_.cpp,gemma,gen_2,TIMEOUT,,False,,CWE-398,,,CWE-398,,1
gemma/gen_2/00001_2/0151_1249_D1._Too_Many_Segments__easy_version_.cpp,gemma,gen_2,FAILED,,False,,CWE-398,,,CWE-398,,2
gemma/gen_2/00001_2/0152_1267_L._Lexicography.cpp,gemma,gen_2,TIMEOUT,,False,,CWE-563|CWE-570,,,CWE-563|CWE-570,,1
gemma/gen_2/00001_2/0153_1290_A._Mind_Control.cpp,gemma,gen_2,TIMEOUT,,False,,CWE-563,,,CWE-563,,1
gemma/gen_2/00001_2/0154_1332_G._No_Monotone_Triples.cpp,gemma,gen_2,PARSE_ERROR,,False,,CWE-398,,,CWE-398,,1
gemma/gen_2/00001_2/0155_1353_C._Board_Moves.cpp,gemma,gen_2,SUCCESS,,False,,CWE-398,,,CWE-398,,1
gemma/gen_2/00001_2/0159_148_B._Escape.cpp,gemma,gen_2,SUCCESS,,False,,CWE-563,,,CWE-563,,1
gemma/gen_2/00001_2/0160_1539_D._PriceFixed.cpp,gemma,gen_2,PARSE_ERROR,,False,,CWE-563,,,CWE-563,,1
gemma/gen_2/00001_2/0163_207_D9._The_Beaver_s_Problem_-_3.cpp,gemma,gen_2,FAILED,CWE-476|CWE-825,False,,CWE-398,CWE-476|CWE-825,,CWE-398,,2
gemma/gen_2/00001_2/0168_331_A2._Oh_Sweet_Beaverette.cpp,gemma,gen_2,TIMEOUT,,False,,CWE-571,,,CWE-571,,1
gemma/gen_2/00001_2/0169_352_E._Jeff_and_Brackets.cpp,gemma,gen_2,FAILED,,True,CWE-190,CWE-563,,CWE-190,CWE-563,,3
gemma/gen_2/00001_2/0171_421_D._Bug_in_Code.cpp,gemma,gen_2,SUCCESS,,False,,CWE-398,,,CWE-398,,1
gemma/gen_2/00001_2/0172_448_B._Suffix_Structures.cpp,gemma,gen_2,SUCCESS,,False,,CWE-563,,,CWE-563,,1
gemma/gen_2/00001_2/0173_46_C._Hamsters_and_Tigers.cpp,gemma,gen_2,TIMEOUT,,False,,CWE-398|CWE-563,,,CWE-398|CWE-563,,1
gemma/gen_2/00001_2/0176_543_C._Remembering_Strings.cpp,gemma,gen_2,TIMEOUT,,True,CWE-190,,,CWE-190,,,1
gemma/gen_2/00001_2/0177_56_E._Domino_Principle.cpp,gemma,gen_2,SUCCESS,,False,,CWE-563,,,CWE-563,,1
gemma/gen_2/00001_2/0181_685_D._Kay_and_Eternity.cpp,gemma,gen_2,SUCCESS,,False,,CWE-398,,,CWE-398,,1
gemma/gen_2/00001_2/0182_708_C._Centroids.cpp,gemma,gen_2,PARSE_ERROR,,False,,CWE-398,,,CWE-398,,1
gemma/gen_2/00001_2/0184_799_D._Field_expansion.cpp,gemma,gen_2,SUCCESS,,True,CWE-190,CWE-563,,CWE-190,CWE-563,,2
gemma/gen_2/00001_2/0185_845_B._Luba_And_The_Ticket.cpp,gemma,gen_2,FAILED,,False,,,,,,,1
gemma/gen_2/00001_2/0186_865_D._Buy_Low_Sell_High.cpp,gemma,gen_2,SUCCESS,,True,CWE-190,CWE-563,,CWE-190,CWE-563,,2
gemma/gen_2/00001_2/0187_913_G._Power_Substring.cpp,gemma,gen_2,TIMEOUT,,True,CWE-190,,,CWE-190,,,1
gemma/gen_2/00001_2/0188_936_A._Save_Energy_.cpp,gemma,gen_2,SUCCESS,,False,,CWE-563,,,CWE-563,,1
gemma/gen_2/00001_2/0192_p02868_NIKKEI_Programming_Contest_2019-2_-_Shortest_Path_on_a_Line.cpp,gemma,gen_2,PARSE_ERROR,,False,,CWE-398,,,CWE-398,,1
gemma/gen_2/00001_2/0194_p03143_NIKKEI_Programming_Contest_2019_-_Weights_on_Vertices_and_Edges.cpp,gemma,gen_2,PARSE_ERROR,,False,,CWE-398,,,CWE-398,,1
gemma/gen_2/00001_2/0199_p00025_Hit_and_Blow.cpp,gemma,gen_2,SUCCESS,,False,,CWE-398,,,CWE-398,,1
gemma/gen_2/00001_2/0201_p00313_Secret_Investigation.cpp,gemma,gen_2,TIMEOUT,,False,,CWE-398,,,CWE-398,,1
gemma/gen_2/00001_2/0204_p00812_Equals_are_Equals.cpp,gemma,gen_2,PARSE_ERROR,,False,,CWE-563,,,CWE-563,,1
gemma/gen_2/00001_2/0205_p00943_Routing_a_Marathon_Race.cpp,gemma,gen_2,FAILED,,False,,CWE-398|CWE-563,,,CWE-398|CWE-563,,2
gemma/gen_2/00001_2/0206_p01076_Graph_Making.cpp,gemma,gen_2,SUCCESS,,False,,CWE-563,,,CWE-563,,1
gemma/gen_2/00001_2/0207_p01210_Speed.cpp,gemma,gen_2,PARSE_ERROR,,False,,CWE-398,,,CWE-398,,1
gemma/gen_2/00001_2/0208_p01346_Ropeway.cpp,gemma,gen_2,FAILED,,False,,CWE-398|CWE-563|CWE-571,,,CWE-398|CWE-563|CWE-571,,2
gemma/gen_2/00001_2/0210_p01684_Venn_Diagram.cpp,gemma,gen_2,PARSE_ERROR,,False,,CWE-563,,,CWE-563,,1
gemma/gen_2/00001_2/0212_p01963_Separate_String.cpp,gemma,gen_2,PARSE_ERROR,,False,,CWE-398,,,CWE-398,,1
gemma/gen_2/00001_2/0214_p02250_Multiple_String_Matching.cpp,gemma,gen_2,FAILED,,False,,,,,,,1
gemma/gen_2/00001_2/0216_1016_C._Vasya_And_The_Mushrooms.cpp,gemma,gen_2,PARSE_ERROR,,False,,CWE-563,,,CWE-563,,1
gemma/gen_2/00001_2/0217_103_C._Russian_Roulette.cpp,gemma,gen_2,FAILED,,False,,,,,,,1
gemma/gen_2/00001_2/0218_1062_D._Fun_with_Integers.cpp,gemma,gen_2,SUCCESS,,False,,CWE-563,,,CWE-563,,1
gemma/gen_2/00001_2/0219_1084_C._The_Fair_Nut_and_String.cpp,gemma,gen_2,SUCCESS,,True,CWE-190,CWE-398,,CWE-190,CWE-398,,2
gemma/gen_2/00001_2/0221_1131_E._String_Multiplication.cpp,gemma,gen_2,TIMEOUT,,False,,CWE-563,,,CWE-563,,1
gemma/gen_2/00001_2/0223_1191_C._Tokitsukaze_and_Discard_Items.cpp,gemma,gen_2,TIMEOUT,,True,,CWE-398,,,CWE-398,,2
gemma/gen_2/00001_2/0224_120_C._Winnie-the-Pooh_and_honey.cpp,gemma,gen_2,SUCCESS,,False,,CWE-398,,,CWE-398,,1
gemma/gen_2/00001_2/0226_1251_E1._Voting__Easy_Version_.cpp,gemma,gen_2,TIMEOUT,,False,,CWE-398|CWE-563,,,CWE-398|CWE-563,,1
gemma/gen_2/00001_2/0229_1315_D._Recommendations.cpp,gemma,gen_2,PARSE_ERROR,,True,CWE-190,CWE-563,,CWE-190,CWE-563,,2
gemma/gen_2/00001_2/0230_1336_F._Journey.cpp,gemma,gen_2,TIMEOUT,,False,,CWE-398|CWE-563,,,CWE-398|CWE-563,,1
gemma/gen_2/00001_2/0231_1359_D._Yet_Another_Yet_Another_Task.cpp,gemma,gen_2,SUCCESS,,False,,CWE-398,,,CWE-398,,1
gemma/gen_2/00001_2/0233_139_D._Digits_Permutations.cpp,gemma,gen_2,PARSE_ERROR,,False,,CWE-563,,,CWE-563,,1
gemma/gen_2/00001_2/0234_1423_H._Virus.cpp,gemma,gen_2,TIMEOUT,,False,,CWE-398,,,CWE-398,,1
gemma/gen_2/00001_2/0236_1468_J._Road_Reform.cpp,gemma,gen_2,PARSE_ERROR,,False,,CWE-398,,,CWE-398,,1
gemma/gen_2/00001_2/0237_1493_C._K-beautiful_Strings.cpp,gemma,gen_2,SUCCESS,,False,,CWE-398,,,CWE-398,,1
gemma/gen_2/00001_2/0239_1543_B._Customising_the_Track.cpp,gemma,gen_2,TIMEOUT,,False,,CWE-398|CWE-563,,,CWE-398|CWE-563,,1
gemma/gen_2/00001_2/0241_191_A._Dynasty_Puzzles.cpp,gemma,gen_2,TIMEOUT,,True,CWE-190,,,CWE-190,,,1
gemma/gen_2/00001_2/0247_358_B._Dima_and_Text_Messages.cpp,gemma,gen_2,TIMEOUT,,False,,CWE-398,,,CWE-398,,1
gemma/gen_2/00001_2/0248_381_A._Sereja_and_Dima.cpp,gemma,gen_2,FAILED,,False,,,,,,,1
gemma/gen_2/00001_2/0250_42_A._Guilty___to_the_kitchen_.cpp,gemma,gen_2,SUCCESS,,False,,CWE-398,,,CWE-398,,1
gemma/gen_2/00001_2/0254_521_C._Pluses_everywhere.cpp,gemma,gen_2,PARSE_ERROR,,False,,CWE-398,,,CWE-398,,1
gemma/gen_2/00001_2/0255_548_E._Mike_and_Foam.cpp,gemma,gen_2,TIMEOUT,,False,,CWE-398,,,CWE-398,,1
gemma/gen_2/00001_2/0257_618_B._Guess_the_Permutation.cpp,gemma,gen_2,TIMEOUT,,False,,CWE-563,,,CWE-563,,1
gemma/gen_2/00001_2/0259_666_B._World_Tour.cpp,gemma,gen_2,TIMEOUT,,False,,CWE-398,,,CWE-398,,1
gemma/gen_2/00001_2/0261_712_D._Memory_and_Scores.cpp,gemma,gen_2,PARSE_ERROR,,True,CWE-122|CWE-190|CWE-476,CWE-398|CWE-563|CWE-570,,CWE-122|CWE-190|CWE-476,CWE-398|CWE-563|CWE-570,,2
gemma/gen_2/00001_2/0262_757_D._Felicity_s_Big_Secret_Revealed.cpp,gemma,gen_2,TIMEOUT,,False,,CWE-398,,,CWE-398,,1
gemma/gen_2/00001_2/0263_779_A._Pupils_Redistribution.cpp,gemma,gen_2,FAILED,,False,,,,,,,1
gemma/gen_2/00002_2/0000_825_E._Minimal_Labels.cpp,gemma,gen_2,PARSE_ERROR,,False,,CWE-398|CWE-563|CWE-570,,,CWE-398|CWE-563|CWE-570,,1
gemma/gen_2/00002_2/0001_848_C._Goodbye_Souvenir.cpp,gemma,gen_2,PARSE_ERROR,,False,,CWE-398,,,CWE-398,,1
gemma/gen_2/00002_2/0002_870_A._Search_for_Pretty_Integers.cpp,gemma,gen_2,SUCCESS,,False,,CWE-398,,,CWE-398,,1
gemma/gen_2/00002_2/0003_896_E._Welcome_home__Chtholly.cpp,gemma,gen_2,TIMEOUT,,False,,CWE-398,,,CWE-398,,1
gemma/gen_2/00002_2/0004_918_A._Eleven.cpp,gemma,gen_2,TIMEOUT,,False,,CWE-398,,,CWE-398,,1
gemma/gen_2/00002_2/0005_940_A._Points_on_the_line.cpp,gemma,gen_2,FAILED,,True,CWE-190,,,CWE-190,,,2
gemma/gen_2/00002_2/0006_p02630_AtCoder_Beginner_Contest_171_-_Replacing.cpp,gemma,gen_2,SUCCESS,,False,,CWE-398,,,CWE-398,,1
gemma/gen_2/00002_2/0007_p02761_AtCoder_Beginner_Contest_157_-_Guess_The_Number.cpp,gemma,gen_2,PARSE_ERROR,,False,,CWE-398,,,CWE-398,,1
gemma/gen_2/00002_2/0009_p03031_AtCoder_Beginner_Contest_128_-_Switches.cpp,gemma,gen_2,TIMEOUT,,False,,CWE-398,,,CWE-398,,1
gemma/gen_2/00002_2/0012_p03474_AtCoder_Beginner_Contest_084_-_Postal_Code.cpp,gemma,gen_2,PARSE_ERROR,,False,,CWE-398,,,CWE-398,,1
gemma/gen_2/00002_2/0014_p03794_Mujin_Programming_Challenge_2017_-_Oriented_Tree.cpp,gemma,gen_2,TIMEOUT,,False,,CWE-398,,,CWE-398,,1
gemma/gen_2/00002_2/0015_p03963_AtCoder_Beginner_Contest_046_-_Painting_Balls_with_AtCoDeer.cpp,gemma,gen_2,FAILED,CWE-119,False,,CWE-197,CWE-119,,CWE-197,,2
gemma/gen_2/00002_2/0017_p00184_Tsuruga_Castle.cpp,gemma,gen_2,FAILED,,False,,,,,,,1
gemma/gen_2/00002_2/0025_p01711_Idempotent_Filter.cpp,gemma,gen_2,FAILED,,False,,,,,,,1
gemma/gen_2/00002_2/0027_p01991_Namo.._Cut.cpp,gemma,gen_2,TIMEOUT,,False,,CWE-398|CWE-758,,,CWE-398|CWE-758,,1
gemma/gen_2/00002_2/0029_p02278_Minimum_Cost_Sort.cpp,gemma,gen_2,FAILED,,False,,CWE-398,,,CWE-398,,2
gemma/gen_2/00002_2/0032_1031_B._Curiosity_Has_No_Limits.cpp,gemma,gen_2,FAILED,,False,,,,,,,1
gemma/gen_2/00002_2/0033_1076_B._Divisor_Subtraction.cpp,gemma,gen_2,SUCCESS,,True,CWE-190,,,CWE-190,,,1
gemma/gen_2/00002_2/0034_1097_B._Petr_and_a_Combination_Lock.cpp,gemma,gen_2,SUCCESS,,False,,CWE-398,,,CWE-398,,1
gemma/gen_2/00002_2/0035_1144_F._Graph_Without_Long_Directed_Paths.cpp,gemma,gen_2,SUCCESS,,False,,CWE-398|CWE-571,,,CWE-398|CWE-571,,1
gemma/gen_2/00002_2/0037_1184_D1._Parallel_Universes__Easy_.cpp,gemma,gen_2,TIMEOUT,,False,,CWE-398,,,CWE-398,,1
gemma/gen_2/00002_2/0039_121_C._Lucky_Permutation.cpp,gemma,gen_2,PARSE_ERROR,,False,,CWE-398,,,CWE-398,,1
gemma/gen_2/00002_2/0042_1286_A._Garland.cpp,gemma,gen_2,TIMEOUT,,False,,CWE-398,,,CWE-398,,1
gemma/gen_2/00002_2/0043_1305_B._Kuroni_and_Simple_Strings.cpp,gemma,gen_2,FAILED,CWE-119|CWE-476,False,,CWE-563,CWE-119|CWE-476,,CWE-563,,2
gemma/gen_2/00002_2/0044_1329_D._Dreamoon_Likes_Strings.cpp,gemma,gen_2,SUCCESS,,False,,CWE-398,,,CWE-398,,1
gemma/gen_2/00002_2/0045_1349_D._Slime_and_Biscuits.cpp,gemma,gen_2,SUCCESS,,False,,CWE-398,,,CWE-398,,1
gemma/gen_2/00002_2/0048_1416_D._Graph_and_Queries.cpp,gemma,gen_2,TIMEOUT,,False,,CWE-398,,,CWE-398,,1
gemma/gen_2/00002_2/0050_1458_B._Glass_Half_Spilled.cpp,gemma,gen_2,PARSE_ERROR,,False,,CWE-398|CWE-563|CWE-570,,,CWE-398|CWE-563|CWE-570,,1
gemma/gen_2/00002_2/0053_1534_D._Lost_Tree.cpp,gemma,gen_2,TIMEOUT,,False,,CWE-563,,,CWE-563,,1
gemma/gen_2/00002_2/0055_204_D._Little_Elephant_and_Retro_Strings.cpp,gemma,gen_2,PARSE_ERROR,,False,,CWE-398,,,CWE-398,,1
gemma/gen_2/00002_2/0058_278_B._New_Problem.cpp,gemma,gen_2,TIMEOUT,,False,,CWE-398,,,CWE-398,,1
gemma/gen_2/00002_2/0059_300_A._Array.cpp,gemma,gen_2,TIMEOUT,,False,,CWE-398,,,CWE-398,,1
gemma/gen_2/00002_2/0060_325_D._Reclamation.cpp,gemma,gen_2,TIMEOUT,,False,,CWE-398,,,CWE-398,,1
gemma/gen_2/00002_2/0061_348_E._Pilgrims.cpp,gemma,gen_2,TIMEOUT,,False,,CWE-398,,,CWE-398,,1
gemma/gen_2/00002_2/0062_372_A._Counting_Kangaroos_is_Fun.cpp,gemma,gen_2,FAILED,,False,,,,,,,1
gemma/gen_2/00002_2/0063_393_C._Blocked_Points.cpp,gemma,gen_2,SUCCESS,,True,CWE-190,,,CWE-190,,,1
gemma/gen_2/00002_2/0064_443_B._Kolya_and_Tandem_Repeat.cpp,gemma,gen_2,TIMEOUT,,True,CWE-190,CWE-563,,CWE-190,CWE-563,,2
gemma/gen_2/00002_2/0065_465_C._No_to_Palindromes_.cpp,gemma,gen_2,PARSE_ERROR,,False,,CWE-398,,,CWE-398,,1
gemma/gen_2/00002_2/0068_566_C._Logistical_Questions.cpp,gemma,gen_2,TIMEOUT,,False,,CWE-398|CWE-563,,,CWE-398|CWE-563,,1
gemma/gen_2/00002_2/0069_587_D._Duff_in_Mafia.cpp,gemma,gen_2,PARSE_ERROR,,True,CWE-476,CWE-398,,CWE-476,CWE-398,,2
gemma/gen_2/00002_2/0074_703_C._Chris_and_Road.cpp,gemma,gen_2,PARSE_ERROR,,False,,CWE-398|CWE-563,,,CWE-398|CWE-563,,1
gemma/gen_2/00002_2/0075_747_C._Servers.cpp,gemma,gen_2,FAILED,,True,CWE-122,CWE-398|CWE-563,,CWE-122,CWE-398|CWE-563,,3
gemma/gen_2/00002_2/0076_76_F._Tourist.cpp,gemma,gen_2,SUCCESS,,False,,CWE-398,,,CWE-398,,1
gemma/gen_2/00002_2/0078_815_B._Karen_and_Test.cpp,gemma,gen_2,SUCCESS,,False,,CWE-563|CWE-570,,,CWE-563|CWE-570,,1
gemma/gen_2/00002_2/0079_860_C._Tests_Renumeration.cpp,gemma,gen_2,TIMEOUT,,False,,CWE-398,,,CWE-398,,1
gemma/gen_2/00002_2/0081_985_E._Pencils_and_Boxes.cpp,gemma,gen_2,FAILED,,False,,,,,,,1
gemma/gen_2/00002_2/0084_p02838_AtCoder_Beginner_Contest_147_-_Xor_Sum_4.cpp,gemma,gen_2,SUCCESS,,False,,CWE-398,,,CWE-398,,1
gemma/gen_2/00002_2/0087_p03258_AtCoder_Grand_Contest_027_-_ABBreviate.cpp,gemma,gen_2,TIMEOUT,,False,,CWE-398,,,CWE-398,,1
gemma/gen_2/00002_2/0090_p03729_AtCoder_Beginner_Contest_060_-_Shiritori.cpp,gemma,gen_2,FAILED,,False,,,,,,,1
gemma/gen_2/00002_2/0096_p00786_BUT_We_Need_a_Diagram.cpp,gemma,gen_2,PARSE_ERROR,,False,,CWE-398|CWE-563,,,CWE-398|CWE-563,,1
gemma/gen_2/00002_2/0097_p00918_Dragon_s_Cruller.cpp,gemma,gen_2,TIMEOUT,,False,,CWE-398|CWE-457,,,CWE-398|CWE-457,,1
gemma/gen_2/00002_2/0098_p01051_Squid_Ink.cpp,gemma,gen_2,TIMEOUT,,False,,CWE-398|CWE-457,,,CWE-398|CWE-457,,1
gemma/gen_2/00002_2/0101_p01488_TransferTrain.cpp,gemma,gen_2,TIMEOUT,,False,,CWE-398,,,CWE-398,,1
gemma/gen_2/00002_2/0102_p01801_Wall_Making_Game.cpp,gemma,gen_2,FAILED,,False,,,,,,,1
gemma/gen_2/00002_2/0105_p02216_Array_Game.cpp,gemma,gen_2,SUCCESS,,False,,CWE-398,,,CWE-398,,1
gemma/gen_2/00002_2/0107_1000_C._Covered_Points_Count.cpp,gemma,gen_2,TIMEOUT,,False,,CWE-398,,,CWE-398,,1
gemma/gen_2/00002_2/0111_110_B._Lucky_String.cpp,gemma,gen_2,SUCCESS,,False,,CWE-398,,,CWE-398,,1
gemma/gen_2/00002_2/0112_1157_E._Minimum_Array.cpp,gemma,gen_2,FAILED,,False,,,,,,,1
gemma/gen_2/00002_2/0115_1215_B._The_Number_of_Products.cpp,gemma,gen_2,SUCCESS,,True,CWE-190,,,CWE-190,,,1
gemma/gen_2/00002_2/0117_1256_E._Yet_Another_Division_Into_Teams.cpp,gemma,gen_2,FAILED,,False,,,,,,,1
gemma/gen_2/00002_2/0119_1323_F._Reality_Show.cpp,gemma,gen_2,TIMEOUT,,True,CWE-190,CWE-398,,CWE-190,CWE-398,,2
gemma/gen_2/00002_2/0120_1342_E._Placing_Rooks.cpp,gemma,gen_2,SUCCESS,,True,CWE-190,,,CWE-190,,,1
gemma/gen_2/00002_2/0121_1364_E._X-OR.cpp,gemma,gen_2,SUCCESS,,False,,CWE-563,,,CWE-563,,1
gemma/gen_2/00002_2/0122_1384_F._Rearrange.cpp,gemma,gen_2,TIMEOUT,,False,,CWE-398|CWE-563,,,CWE-398|CWE-563,,1
gemma/gen_2/00002_2/0124_1450_D._Rating_Compression.cpp,gemma,gen_2,TIMEOUT,,False,,CWE-398,,,CWE-398,,1
gemma/gen_2/00002_2/0125_1474_B._Different_Divisors.cpp,gemma,gen_2,TIMEOUT,,False,,CWE-398,,,CWE-398,,1
gemma/gen_2/00002_2/0127_1523_D._Love-Hate.cpp,gemma,gen_2,TIMEOUT,,True,CWE-190,CWE-398,,CWE-190,CWE-398,,2
gemma/gen_2/00002_2/0128_155_C._Hometask.cpp,gemma,gen_2,FAILED,,True,CWE-121|CWE-190,CWE-398,,CWE-121|CWE-190,CWE-398,,3
gemma/gen_2/00002_2/0129_177_D1._Encrypting_Messages.cpp,gemma,gen_2,FAILED,,False,,,,,,,1
gemma/gen_2/00002_2/0132_245_F._Log_Stream_Analysis.cpp,gemma,gen_2,FAILED,CWE-476,True,,,CWE-476,,,,2
gemma/gen_2/00002_2/0133_294_A._Shaass_and_Oskols.cpp,gemma,gen_2,FAILED,,False,,CWE-398,,,CWE-398,,2
gemma/gen_2/00002_2/0136_365_A._Good_Number.cpp,gemma,gen_2,SUCCESS,,False,,CWE-398,,,CWE-398,,1
gemma/gen_2/00002_2/0139_436_D._Pudding_Monsters.cpp,gemma,gen_2,TIMEOUT,,False,,CWE-398,,,CWE-398,,1
gemma/gen_2/00002_2/0141_529_C._Rooks_and_Rectangles.cpp,gemma,gen_2,TIMEOUT,,False,,CWE-398,,,CWE-398,,1
gemma/gen_2/00002_2/0142_554_E._Love_Triangles.cpp,gemma,gen_2,TIMEOUT,,True,CWE-190,,,CWE-190,,,1
gemma/gen_2/00002_2/0144_602_C._The_Two_Routes.cpp,gemma,gen_2,TIMEOUT,,False,,CWE-398,,,CWE-398,,1
gemma/gen_2/00002_2/0146_673_C._Bear_and_Colors.cpp,gemma,gen_2,PARSE_ERROR,,False,,CWE-398|CWE-786,,,CWE-398|CWE-786,,1
gemma/gen_2/00002_2/0147_698_D._Limak_and_Shooting_Points.cpp,gemma,gen_2,TIMEOUT,,False,,CWE-563,,,CWE-563,,1
gemma/gen_2/00002_2/0148_719_E._Sasha_and_Array.cpp,gemma,gen_2,FAILED,,True,CWE-122,CWE-398,,CWE-122,CWE-398,,3
gemma/gen_2/00002_2/0149_740_B._Alyona_and_flowers.cpp,gemma,gen_2,FAILED,,True,CWE-190,,,CWE-190,,,2
gemma/gen_2/00002_2/0150_764_A._Taymyr_is_calling_you.cpp,gemma,gen_2,SUCCESS,,False,,CWE-563,,,CWE-563,,1
gemma/gen_2/00002_2/0151_808_G._Anthem_of_Berland.cpp,gemma,gen_2,PARSE_ERROR,,False,,CWE-398,,,CWE-398,,1
gemma/gen_2/00002_2/0154_878_D._Magic_Breeding.cpp,gemma,gen_2,TIMEOUT,,False,,CWE-570,,,CWE-570,,1
gemma/gen_2/00002_2/0156_924_C._Riverside_Curio.cpp,gemma,gen_2,TIMEOUT,,False,,CWE-398,,,CWE-398,,1
gemma/gen_2/00002_2/0158_99_B._Help_Chef_Gerasim.cpp,gemma,gen_2,FAILED,,False,,CWE-398|CWE-563,,,CWE-398|CWE-563,,2
gemma/gen_2/00002_2/0159_p02539_ACL_Beginner_Contest_-_Heights_and_Pairs.cpp,gemma,gen_2,PARSE_ERROR,,False,,CWE-398|CWE-563,,,CWE-398|CWE-563,,1
gemma/gen_2/00002_2/0161_p03072_AtCoder_Beginner_Contest_124_-_Great_Ocean_View.cpp,gemma,gen_2,SUCCESS,,False,,CWE-398,,,CWE-398,,1
gemma/gen_2/00002_2/0162_p03214_Dwango_Programming_Contest_V_-_Thumbnail.cpp,gemma,gen_2,SUCCESS,,False,,CWE-398,,,CWE-398,,1
gemma/gen_2/00002_2/0165_p03686_AtCoder_Regular_Contest_076_-_Exhausted_.cpp,gemma,gen_2,FAILED,,False,,,,,,,1
gemma/gen_2/00002_2/0166_p03839_AtCoder_Grand_Contest_008_-_Contiguous_Repainting.cpp,gemma,gen_2,SUCCESS,,False,,CWE-398,,,CWE-398,,1
gemma/gen_2/00002_2/0169_p00386_Gathering.cpp,gemma,gen_2,PARSE_ERROR,,False,,CWE-398,,,CWE-398,,1
gemma/gen_2/00002_2/0174_p01280_Galaxy_Wide_Web_Service.cpp,gemma,gen_2,TIMEOUT,,False,,CWE-398,,,CWE-398,,1
gemma/gen_2/00002_2/0176_p01600_Tree_Construction.cpp,gemma,gen_2,FAILED,,False,,,,,,,1
gemma/gen_2/00002_2/0179_p02033_Arrow.cpp,gemma,gen_2,TIMEOUT,,False,,CWE-398,,,CWE-398,,1
gemma/gen_2/00002_2/0180_p02176_Shortest_Crypt.cpp,gemma,gen_2,FAILED,CWE-119|CWE-476,False,,,CWE-119|CWE-476,,,,1
gemma/gen_2/00002_2/0181_p02319_0-1_Knapsack_Problem_II.cpp,gemma,gen_2,FAILED,,False,,,,,,,1
gemma/gen_2/00002_2/0183_1025_B._Weakened_Common_Divisor.cpp,gemma,gen_2,TIMEOUT,,False,,CWE-398,,,CWE-398,,1
gemma/gen_2/00002_2/0184_1045_D._Interstellar_battle.cpp,gemma,gen_2,TIMEOUT,,False,,CWE-398|CWE-563,,,CWE-398|CWE-563,,1
gemma/gen_2/00002_2/0185_1068_D._Array_Without_Local_Maximums_.cpp,gemma,gen_2,PARSE_ERROR,,False,,CWE-571,,,CWE-571,,1
gemma/gen_2/00002_2/0186_1090_C._New_Year_Presents.cpp,gemma,gen_2,PARSE_ERROR,,False,,CWE-398,,,CWE-398,,1
gemma/gen_2/00002_2/0187_1109_F._Sasha_and_Algorithm_of_Silence_s_Sounds.cpp,gemma,gen_2,PARSE_ERROR,,False,,CWE-398,,,CWE-398,,1
gemma/gen_2/00002_2/0188_1139_C._Edgy_Trees.cpp,gemma,gen_2,PARSE_ERROR,,False,,CWE-398|CWE-563,,,CWE-398|CWE-563,,1
gemma/gen_2/00002_2/0191_1198_A._MP3.cpp,gemma,gen_2,TIMEOUT,,False,,CWE-398,,,CWE-398,,1
gemma/gen_2/00002_2/0192_1214_H._Tiles_Placement.cpp,gemma,gen_2,TIMEOUT,,False,,CWE-563,,,CWE-563,,1
gemma/gen_2/00002_2/0193_1238_B._Kill__Em_All.cpp,gemma,gen_2,TIMEOUT,,False,,CWE-398,,,CWE-398,,1
gemma/gen_2/00002_2/0194_1256_C._Platforms_Jumping.cpp,gemma,gen_2,SUCCESS,,False,,CWE-571,,,CWE-571,,1
gemma/gen_2/00002_2/0196_12_B._Correct_Solution_.cpp,gemma,gen_2,FAILED,,False,,CWE-398,,,CWE-398,,2
gemma/gen_2/00002_2/0197_1323_D._Present.cpp,gemma,gen_2,SUCCESS,,False,,CWE-398,,,CWE-398,,1
gemma/gen_2/00002_2/0200_1384_D._GameGame.cpp,gemma,gen_2,FAILED,,False,,CWE-398,,,CWE-398,,2
gemma/gen_2/00002_2/0201_1406_A._Subset_Mex.cpp,gemma,gen_2,PARSE_ERROR,,True,CWE-190,,,CWE-190,,,1
gemma/gen_2/00002_2/0202_1427_B._Chess_Cheater.cpp,gemma,gen_2,FAILED,,False,,,,,,,1
gemma/gen_2/00002_2/0203_1450_B._Balls_of_Steel.cpp,gemma,gen_2,TIMEOUT,,False,,CWE-398,,,CWE-398,,1
gemma/gen_2/00002_2/0204_1473_G._Tiles.cpp,gemma,gen_2,PARSE_ERROR,,False,,CWE-398|CWE-563,,,CWE-398|CWE-563,,1
gemma/gen_2/00002_2/0206_155_A._I_love__username_.cpp,gemma,gen_2,SUCCESS,,False,,CWE-398,,,CWE-398,,1
gemma/gen_2/00002_2/0207_177_C1._Party.cpp,gemma,gen_2,TIMEOUT,,False,,CWE-398,,,CWE-398,,1
gemma/gen_2/00002_2/0209_221_C._Little_Elephant_and_Problem.cpp,gemma,gen_2,FAILED,,False,,,,,,,1
gemma/gen_2/00002_2/0211_270_B._Multithreading.cpp,gemma,gen_2,SUCCESS,,False,,CWE-398,,,CWE-398,,1
gemma/gen_2/00002_2/0214_341_B._Bubble_Sort_Graph.cpp,gemma,gen_2,TIMEOUT,,True,CWE-190,CWE-398,,CWE-190,CWE-398,,2
gemma/gen_2/00002_2/0215_364_D._Ghd.cpp,gemma,gen_2,TIMEOUT,,False,,CWE-398,,,CWE-398,,1
gemma/gen_2/00002_2/0216_388_C._Fox_and_Card_Game.cpp,gemma,gen_2,TIMEOUT,,True,CWE-122,CWE-398|CWE-786,,CWE-122,CWE-398|CWE-786,,2
gemma/gen_2/00002_2/0219_459_C._Pashmak_and_Buses.cpp,gemma,gen_2,TIMEOUT,,True,CWE-190,,,CWE-190,,,1
gemma/gen_2/00002_2/0220_480_B._Long_Jumps.cpp,gemma,gen_2,SUCCESS,,False,,CWE-398,,,CWE-398,,1
gemma/gen_2/00002_2/0221_505_B._Mr._Kitayuta_s_Colorful_Graph.cpp,gemma,gen_2,TIMEOUT,,False,,CWE-398|CWE-563,,,CWE-398|CWE-563,,1
gemma/gen_2/00002_2/0222_554_C._Kyoya_and_Colored_Balls.cpp,gemma,gen_2,SUCCESS,,False,,CWE-398,,,CWE-398,,1
gemma/gen_2/00002_2/0224_602_A._Two_Bases.cpp,gemma,gen_2,FAILED,,False,,,,,,,1
gemma/gen_2/00002_2/0225_624_D._Array_GCD.cpp,gemma,gen_2,TIMEOUT,,False,,CWE-398,,,CWE-398,,1
gemma/gen_2/00002_2/0226_673_A._Bear_and_Game.cpp,gemma,gen_2,FAILED,,False,,,,,,,1
gemma/gen_2/00002_2/0227_719_B._Anatoly_and_Cockroaches.cpp,gemma,gen_2,FAILED,,False,,CWE-563,,,CWE-563,,2
gemma/gen_2/00002_2/0230_808_E._Selling_Souvenirs.cpp,gemma,gen_2,FAILED,,False,,,,,,,1
gemma/gen_2/00002_2/0231_833_A._The_Meaningless_Game.cpp,gemma,gen_2,PARSE_ERROR,,False,,CWE-563,,,CWE-563,,1
gemma/gen_2/00002_2/0234_901_D._Weighting_a_Tree.cpp,gemma,gen_2,FAILED,,False,,CWE-398|CWE-563,,,CWE-398|CWE-563,,2
gemma/gen_2/00002_2/0235_924_A._Mystical_Mosaic.cpp,gemma,gen_2,TIMEOUT,,False,,CWE-398,,,CWE-398,,1
gemma/gen_2/00002_2/0236_979_E._Kuro_and_Topological_Parity.cpp,gemma,gen_2,PARSE_ERROR,,False,,CWE-571,,,CWE-571,,1
gemma/gen_2/00002_2/0237_999_F._Cards_and_Joy.cpp,gemma,gen_2,PARSE_ERROR,,False,,CWE-398|CWE-786,,,CWE-398|CWE-786,,1
gemma/gen_2/00002_2/0241_p03069_Tenka1_Programmer_Beginner_Contest_2019_-_Stones.cpp,gemma,gen_2,FAILED,,False,,CWE-398,,,CWE-398,,2
gemma/gen_2/00002_2/0243_p03361_AtCoder_Beginner_Contest_096_-_Grid_Repainting_2.cpp,gemma,gen_2,TIMEOUT,,False,,CWE-563|CWE-571,,,CWE-563|CWE-571,,1
gemma/gen_2/00002_2/0246_p03837_AtCoder_Beginner_Contest_051_-_Candidates_of_No_Shortest_Paths.cpp,gemma,gen_2,PARSE_ERROR,,False,,CWE-398,,,CWE-398,,1
gemma/gen_3/00000_3/0000_1037_E._Trips.cpp,gemma,gen_3,TIMEOUT,,False,,CWE-398,,,CWE-398,,1
gemma/gen_3/00000_3/0001_1081_G._Mergesort_Strikes_Back.cpp,gemma,gen_3,SUCCESS,,False,,CWE-563,,,CWE-563,,1
gemma/gen_3/00000_3/0004_1149_E._Election_Promises.cpp,gemma,gen_3,TIMEOUT,,False,,CWE-571,,,CWE-571,,1
gemma/gen_3/00000_3/0005_1189_D1._Add_on_a_Tree.cpp,gemma,gen_3,TIMEOUT,,False,,CWE-398,,,CWE-398,,1
gemma/gen_3/00000_3/0006_1208_D._Restore_Permutation.cpp,gemma,gen_3,SUCCESS,,False,,CWE-398,,,CWE-398,,1
gemma/gen_3/00000_3/0007_1227_D1._Optimal_Subsequences__Easy_Version_.cpp,gemma,gen_3,PARSE_ERROR,,False,,CWE-398,,,CWE-398,,1
gemma/gen_3/00000_3/0008_1269_E._K_Integers.cpp,gemma,gen_3,TIMEOUT,,False,,CWE-398,,,CWE-398,,1
gemma/gen_3/00000_3/0010_1311_F._Moving_Points.cpp,gemma,gen_3,TIMEOUT,,False,,CWE-563,,,CWE-563,,1
gemma/gen_3/00000_3/0011_1334_D._Minimum_Euler_Cycle.cpp,gemma,gen_3,TIMEOUT,,False,,CWE-398,,,CWE-398,,1
gemma/gen_3/00000_3/0012_1354_F._Summoning_Minions.cpp,gemma,gen_3,TIMEOUT,,False,,CWE-398,,,CWE-398,,1
gemma/gen_3/00000_3/0014_1398_A._Bad_Triangle.cpp,gemma,gen_3,TIMEOUT,,False,,CWE-398,,,CWE-398,,1
gemma/gen_3/00000_3/0015_1421_B._Putting_Bricks_in_the_Wall.cpp,gemma,gen_3,TIMEOUT,,False,,CWE-398,,,CWE-398,,1
gemma/gen_3/00000_3/0016_143_A._Help_Vasilisa_the_Wise_2.cpp,gemma,gen_3,TIMEOUT,,False,,CWE-563,,,CWE-563,,1
gemma/gen_3/00000_3/0019_1513_C._Add_One.cpp,gemma,gen_3,TIMEOUT,,False,,CWE-398,,,CWE-398,,1
gemma/gen_3/00000_3/0020_1540_C1._Converging_Array__Easy_Version_.cpp,gemma,gen_3,TIMEOUT,,False,,CWE-563|CWE-570,,,CWE-563|CWE-570,,1
gemma/gen_3/00000_3/0023_235_D._Graph_Game.cpp,gemma,gen_3,TIMEOUT,,False,,CWE-398|CWE-563|CWE-570,,,CWE-398|CWE-563|CWE-570,,1
gemma/gen_3/00000_3/0024_260_B._Ancient_Prophesy.cpp,gemma,gen_3,PARSE_ERROR,,False,,CWE-398,,,CWE-398,,1
gemma/gen_3/00000_3/0025_284_B._Cows_and_Poker_Game.cpp,gemma,gen_3,FAILED,,False,,,,,,,1
gemma/gen_3/00000_3/0027_354_E._Lucky_Number_Representation.cpp,gemma,gen_3,TIMEOUT,,False,,CWE-398,,,CWE-398,,1
gemma/gen_3/00000_3/0031_44_B._Cola.cpp,gemma,gen_3,TIMEOUT,,True,CWE-122|CWE-190,,,CWE-122|CWE-190,,,1
gemma/gen_3/00000_3/0032_519_B._A_and_B_and_Compilation_Errors.cpp,gemma,gen_3,SUCCESS,,False,,CWE-398,,,CWE-398,,1
gemma/gen_3/00000_3/0033_545_C._Woodcutters.cpp,gemma,gen_3,SUCCESS,,True,CWE-190,,,CWE-190,,,1
gemma/gen_3/00000_3/0035_593_C._Beautiful_Function.cpp,gemma,gen_3,PARSE_ERROR,,False,,CWE-563,,,CWE-563,,1
gemma/gen_3/00000_3/0036_615_A._Bulbs.cpp,gemma,gen_3,TIMEOUT,,True,CWE-190,CWE-398,,CWE-190,CWE-398,,2
gemma/gen_3/00000_3/0037_634_C._Factory_Repairs.cpp,gemma,gen_3,FAILED,,False,,,,,,,1
gemma/gen_3/00000_3/0038_663_A._Rebus.cpp,gemma,gen_3,SUCCESS,,False,,CWE-398|CWE-563,,,CWE-398|CWE-563,,1
gemma/gen_3/00000_3/0043_7_B._Memory_Manager.cpp,gemma,gen_3,SUCCESS,,False,,CWE-398,,,CWE-398,,1
gemma/gen_3/00000_3/0045_868_A._Bark_to_Unlock.cpp,gemma,gen_3,TIMEOUT,,True,CWE-190,,,CWE-190,,,1
gemma/gen_3/00000_3/0049_963_B._Destruction_of_a_Tree.cpp,gemma,gen_3,TIMEOUT,,False,,CWE-398,,,CWE-398,,1
gemma/gen_3/00000_3/0050_990_E._Post_Lamps.cpp,gemma,gen_3,TIMEOUT,,False,,CWE-398,,,CWE-398,,1
gemma/gen_3/00000_3/0052_p02744_Panasonic_Programming_Contest_2020_-_String_Equivalence.cpp,gemma,gen_3,PARSE_ERROR,,False,,CWE-398,,,CWE-398,,1
gemma/gen_3/00000_3/0054_p03013_AtCoder_Beginner_Contest_129_-_Typical_Stairs.cpp,gemma,gen_3,PARSE_ERROR,,False,,CWE-398|CWE-571,,,CWE-398|CWE-571,,1
gemma/gen_3/00000_3/0061_p00167_Bubble_Sort.cpp,gemma,gen_3,TIMEOUT,,False,,CWE-398,,,CWE-398,,1
gemma/gen_3/00000_3/0063_p00680_KND_Factory.cpp,gemma,gen_3,TIMEOUT,,False,,CWE-398,,,CWE-398,,1
gemma/gen_3/00000_3/0064_p00822_Weather_Forecast.cpp,gemma,gen_3,SUCCESS,,False,,CWE-563,,,CWE-563,,1
gemma/gen_3/00000_3/0065_p00953_Animal_Companion_in_Maze.cpp,gemma,gen_3,FAILED,,False,,,,,,,1
gemma/gen_3/00000_3/0066_p01086_Short_Phrase.cpp,gemma,gen_3,TIMEOUT,,False,,CWE-398|CWE-563,,,CWE-398|CWE-563,,1
gemma/gen_3/00000_3/0071_p01838_Optimal_Tournament.cpp,gemma,gen_3,FAILED,,False,,CWE-398,,,CWE-398,,2
gemma/gen_3/00000_3/0072_p01974_Pigeonhole_principle.cpp,gemma,gen_3,SUCCESS,,False,,CWE-398,,,CWE-398,,1
gemma/gen_3/00000_3/0073_p02120_Cluster_Network.cpp,gemma,gen_3,TIMEOUT,,False,,CWE-398,,,CWE-398,,1
gemma/gen_3/00000_3/0075_p02408_Finding_Missing_Cards.cpp,gemma,gen_3,SUCCESS,,False,,CWE-398,,,CWE-398,,1
gemma/gen_3/00000_3/0077_1043_A._Elections.cpp,gemma,gen_3,SUCCESS,,False,,CWE-398,,,CWE-398,,1
gemma/gen_3/00000_3/0079_1155_A._Reverse_a_Substring.cpp,gemma,gen_3,TIMEOUT,,False,,CWE-570,,,CWE-570,,1
gemma/gen_3/00000_3/0081_1195_D2._Submarine_in_the_Rybinsk_Sea__hard_edition_.cpp,gemma,gen_3,TIMEOUT,,False,,CWE-398,,,CWE-398,,1
gemma/gen_3/00000_3/0082_1236_A._Stones.cpp,gemma,gen_3,SUCCESS,,False,,CWE-398|CWE-563,,,CWE-398|CWE-563,,1
gemma/gen_3/00000_3/0083_1253_F._Cheap_Robot.cpp,gemma,gen_3,PARSE_ERROR,,False,,CWE-398,,,CWE-398,,1
gemma/gen_3/00000_3/0084_1277_E._Two_Fairs.cpp,gemma,gen_3,PARSE_ERROR,,False,,CWE-398,,,CWE-398,,1
gemma/gen_3/00000_3/0090_1470_E._Strange_Permutation.cpp,gemma,gen_3,PARSE_ERROR,,False,,CWE-398,,,CWE-398,,1
gemma/gen_3/00000_3/0094_174_E._Ancient_Berland_Hieroglyphs.cpp,gemma,gen_3,TIMEOUT,,False,,CWE-563,,,CWE-563,,1
gemma/gen_3/00000_3/0096_219_A._k-String.cpp,gemma,gen_3,PARSE_ERROR,,False,,CWE-563,,,CWE-563,,1
gemma/gen_3/00000_3/0097_242_C._King_s_Path.cpp,gemma,gen_3,SUCCESS,,False,,CWE-398,,,CWE-398,,1
gemma/gen_3/00000_3/0100_316_B2._EKG.cpp,gemma,gen_3,PARSE_ERROR,,False,,CWE-398|CWE-563,,,CWE-398|CWE-563,,1
gemma/gen_3/00000_3/0102_361_C._Levko_and_Array_Recovery.cpp,gemma,gen_3,PARSE_ERROR,,False,,CWE-398,,,CWE-398,,1
gemma/gen_3/00000_3/0103_385_A._Bear_and_Raspberry.cpp,gemma,gen_3,FAILED,,False,,,,,,,1
gemma/gen_3/00000_3/0104_405_E._Graph_Cutting.cpp,gemma,gen_3,PARSE_ERROR,,False,,CWE-398,,,CWE-398,,1
gemma/gen_3/00000_3/0105_433_A._Kitahara_Haruki_s_Gift.cpp,gemma,gen_3,FAILED,,False,,,,,,,1
gemma/gen_3/00000_3/0108_500_C._New_Year_Book_Reading.cpp,gemma,gen_3,TIMEOUT,,False,,CWE-398,,,CWE-398,,1
gemma/gen_3/00000_3/0109_526_A._King_of_Thieves.cpp,gemma,gen_3,TIMEOUT,,False,,CWE-398,,,CWE-398,,1
gemma/gen_3/00000_3/0110_551_B._ZgukistringZ.cpp,gemma,gen_3,SUCCESS,,True,CWE-190,,,CWE-190,,,1
gemma/gen_3/00000_3/0111_5_A._Chat_Server_s_Outgoing_Traffic.cpp,gemma,gen_3,FAILED,CWE-476,False,,CWE-563,CWE-476,,CWE-563,,2
gemma/gen_3/00000_3/0112_621_D._Rat_Kwesh_and_Cheese.cpp,gemma,gen_3,SUCCESS,,False,,CWE-563,,,CWE-563,,1
gemma/gen_3/00000_3/0116_716_D._Complete_The_Graph.cpp,gemma,gen_3,PARSE_ERROR,,False,,CWE-398|CWE-570,,,CWE-398|CWE-570,,1
gemma/gen_3/00000_3/0117_760_F._Bacterial_Melee.cpp,gemma,gen_3,TIMEOUT,,False,,CWE-398,,,CWE-398,,1
gemma/gen_3/00000_3/0121_851_B._Arpa_and_an_exam_about_geometry.cpp,gemma,gen_3,SUCCESS,,False,,CWE-563,,,CWE-563,,1
gemma/gen_3/00000_3/0122_875_D._High_Cry.cpp,gemma,gen_3,SUCCESS,,False,,CWE-398,,,CWE-398,,1
gemma/gen_3/00000_3/0124_920_E._Connected_Components_.cpp,gemma,gen_3,TIMEOUT,,False,,CWE-398,,,CWE-398,,1
gemma/gen_3/00000_3/0127_996_F._Game.cpp,gemma,gen_3,FAILED,,False,,,,,,,1
gemma/gen_3/00000_3/0128_p02652_AtCoder_Grand_Contest_045_-_01_Unbalanced.cpp,gemma,gen_3,FAILED,CWE-119|CWE-476,False,,,CWE-119|CWE-476,,,,1
gemma/gen_3/00000_3/0129_p02781_AtCoder_Beginner_Contest_154_-_Almost_Everywhere_Zero.cpp,gemma,gen_3,PARSE_ERROR,,False,,CWE-398|CWE-563|CWE-571,,,CWE-398|CWE-563|CWE-571,,1
gemma/gen_3/00000_3/0130_p02916_AtCoder_Beginner_Contest_140_-_Buffet.cpp,gemma,gen_3,FAILED,,False,,,,,,,1
gemma/gen_3/00000_3/0131_p03052_diverta_2019_Programming_Contest_-_Edge_Ordering.cpp,gemma,gen_3,PARSE_ERROR,,False,,CWE-398,,,CWE-398,,1
gemma/gen_3/00000_3/0133_p03343_AtCoder_Regular_Contest_098_-_Range_Minimum_Queries.cpp,gemma,gen_3,TIMEOUT,,False,,CWE-563,,,CWE-563,,1
gemma/gen_3/00000_3/0134_p03503_AtCoder_Beginner_Contest_080_-_Shopping_Street.cpp,gemma,gen_3,SUCCESS,,False,,CWE-398,,,CWE-398,,1
gemma/gen_3/00000_3/0139_p00573_Commuter_Pass.cpp,gemma,gen_3,PARSE_ERROR,,False,,CWE-398|CWE-563,,,CWE-398|CWE-563,,1
gemma/gen_3/00000_3/0140_p00720_Earth_Observation_with_a_Mobile_Robot_Team.cpp,gemma,gen_3,TIMEOUT,,False,,CWE-398,,,CWE-398,,1
gemma/gen_3/00000_3/0142_p01123_Let_s_Move_Tiles_.cpp,gemma,gen_3,PARSE_ERROR,,False,,CWE-398,,,CWE-398,,1
gemma/gen_3/00000_3/0143_p01262_Adaptive_Time_Slicing_Quantization.cpp,gemma,gen_3,PARSE_ERROR,,False,,CWE-398|CWE-563,,,CWE-398|CWE-563,,1
gemma/gen_3/00000_3/0144_p01576_Exciting_Bicycle.cpp,gemma,gen_3,FAILED,,False,,CWE-563,,,CWE-563,,2
gemma/gen_3/00000_3/0146_p01878_Destiny_Draw.cpp,gemma,gen_3,PARSE_ERROR,,False,,CWE-398,,,CWE-398,,1
gemma/gen_3/00000_3/0147_p02014_Rough_Sorting.cpp,gemma,gen_3,TIMEOUT,,False,,CWE-563|CWE-570,,,CWE-563|CWE-570,,1
gemma/gen_3/00000_3/0148_p02157_Shuffle_2.cpp,gemma,gen_3,SUCCESS,,False,,CWE-563,,,CWE-563,,1
gemma/gen_3/00000_3/0150_p02445_Swap.cpp,gemma,gen_3,FAILED,,False,,,,,,,1
gemma/gen_3/00000_3/0151_1012_B._Chemical_table.cpp,gemma,gen_3,TIMEOUT,,True,CWE-190,CWE-563,,CWE-190,CWE-563,,2
gemma/gen_3/00000_3/0152_1081_D._Maximum_Distance.cpp,gemma,gen_3,TIMEOUT,,False,,CWE-398|CWE-563,,,CWE-398|CWE-563,,1
gemma/gen_3/00000_3/0153_1100_D._Dasha_and_Chess.cpp,gemma,gen_3,SUCCESS,,False,,CWE-398,,,CWE-398,,1
gemma/gen_3/00000_3/0154_1129_A2._Toy_Train.cpp,gemma,gen_3,TIMEOUT,,False,,CWE-398,,,CWE-398,,1
gemma/gen_3/00000_3/0156_1189_A._Keanu_Reeves.cpp,gemma,gen_3,TIMEOUT,,False,,CWE-398,,,CWE-398,,1
gemma/gen_3/00000_3/0157_1208_A._XORinacci.cpp,gemma,gen_3,SUCCESS,,False,,CWE-457,,,CWE-457,,1
gemma/gen_3/00000_3/0158_1227_A._Math_Problem.cpp,gemma,gen_3,TIMEOUT,,False,,CWE-398,,,CWE-398,,1
gemma/gen_3/00000_3/0159_124_D._Squares.cpp,gemma,gen_3,SUCCESS,,True,CWE-476,CWE-398,,CWE-476,CWE-398,,2
gemma/gen_3/00000_3/0166_1397_C._Multiples_of_Length.cpp,gemma,gen_3,FAILED,,False,,,,,,,1
gemma/gen_3/00000_3/0167_1420_D._Rescue_Nibel_.cpp,gemma,gen_3,TIMEOUT,,False,,CWE-398,,,CWE-398,,1
gemma/gen_3/00000_3/0169_1490_D._Permutation_Transformation.cpp,gemma,gen_3,PARSE_ERROR,,False,,CWE-398,,,CWE-398,,1
gemma/gen_3/00000_3/0172_209_B._Pixels.cpp,gemma,gen_3,PARSE_ERROR,,True,CWE-190,,,CWE-190,,,1
gemma/gen_3/00000_3/0174_25_D._Roads_not_only_in_Berland.cpp,gemma,gen_3,TIMEOUT,,False,,CWE-398,,,CWE-398,,1
gemma/gen_3/00000_3/0175_331_D2._Escaping_on_Beaveractor.cpp,gemma,gen_3,PARSE_ERROR,,False,,CWE-563,,,CWE-563,,1
gemma/gen_3/00000_3/0179_425_A._Sereja_and_Swaps.cpp,gemma,gen_3,TIMEOUT,,True,CWE-190,CWE-398,,CWE-190,CWE-398,,2
gemma/gen_3/00000_3/0180_449_D._Jzzhu_and_Numbers.cpp,gemma,gen_3,SUCCESS,,True,CWE-190,,,CWE-190,,,1
gemma/gen_3/00000_3/0181_494_A._Treasure.cpp,gemma,gen_3,SUCCESS,,False,,CWE-398,,,CWE-398,,1
gemma/gen_3/00000_3/0182_544_E._Remembering_Strings.cpp,gemma,gen_3,TIMEOUT,,True,CWE-190,,,CWE-190,,,1
gemma/gen_3/00000_3/0183_571_B._Minimization.cpp,gemma,gen_3,TIMEOUT,,True,CWE-190,,,CWE-190,,,1
gemma/gen_3/00000_3/0184_592_E._BCPC.cpp,gemma,gen_3,SUCCESS,,True,CWE-190,,,CWE-190,,,1
gemma/gen_3/00000_3/0185_614_C._Peter_and_Snow_Blower.cpp,gemma,gen_3,TIMEOUT,,False,,CWE-563,,,CWE-563,,1
gemma/gen_3/00000_3/0186_633_H._Fibonacci-ish_II.cpp,gemma,gen_3,TIMEOUT,,False,,CWE-398,,,CWE-398,,1
gemma/gen_3/00000_3/0188_709_E._Centroids.cpp,gemma,gen_3,PARSE_ERROR,,False,,CWE-398|CWE-563,,,CWE-398|CWE-563,,1
gemma/gen_3/00000_3/0189_754_B._Ilya_and_tic-tac-toe_game.cpp,gemma,gen_3,FAILED,,False,,CWE-398,,,CWE-398,,2
gemma/gen_3/00000_3/0191_79_D._Password.cpp,gemma,gen_3,FAILED,,True,CWE-190,CWE-398,,CWE-190,CWE-398,,3
gemma/gen_3/00000_3/0193_846_B._Math_Show.cpp,gemma,gen_3,TIMEOUT,,True,CWE-190,CWE-398|CWE-563,,CWE-190,CWE-398|CWE-563,,2
gemma/gen_3/00000_3/0194_867_D._Gotta_Go_Fast.cpp,gemma,gen_3,PARSE_ERROR,,False,,CWE-563,,,CWE-563,,1
gemma/gen_3/00000_3/0195_893_A._Chess_For_Three.cpp,gemma,gen_3,SUCCESS,,False,,CWE-398|CWE-563,,,CWE-398|CWE-563,,1
gemma/gen_3/00000_3/0197_937_D._Sleepy_Game.cpp,gemma,gen_3,PARSE_ERROR,,False,,CWE-563,,,CWE-563,,1
gemma/gen_3/00000_3/0198_962_F._Simple_Cycles_Edges.cpp,gemma,gen_3,PARSE_ERROR,,False,,CWE-398,,,CWE-398,,1
gemma/gen_3/00000_3/0199_990_B._Micro-World.cpp,gemma,gen_3,FAILED,,False,,,,,,,1
gemma/gen_3/00000_3/0200_p02610_AIsing_Programming_Contest_2020_-_Camel_Train.cpp,gemma,gen_3,PARSE_ERROR,,False,,CWE-398,,,CWE-398,,1
gemma/gen_3/00000_3/0202_p02876_AtCoder_Grand_Contest_040_-_Balance_Beam.cpp,gemma,gen_3,PARSE_ERROR,,False,,CWE-398|CWE-563,,,CWE-398|CWE-563,,1
gemma/gen_3/00000_3/0204_p03150_KEYENCE_Programming_Contest_2019_-_KEYENCE_String.cpp,gemma,gen_3,FAILED,,False,,,,,,,1
gemma/gen_3/00000_3/0205_p03294_AtCoder_Beginner_Contest_103_-_Modulo_Summation.cpp,gemma,gen_3,SUCCESS,,False,,CWE-398,,,CWE-398,,1
gemma/gen_3/00000_3/0206_p03452_AtCoder_Regular_Contest_090_-_People_on_a_Line.cpp,gemma,gen_3,PARSE_ERROR,,False,,CWE-563|CWE-570,,,CWE-563|CWE-570,,1
gemma/gen_3/00000_3/0207_p03940_AtCoder_Grand_Contest_007_-_Shik_and_Game.cpp,gemma,gen_3,FAILED,,False,,,,,,,1
gemma/gen_3/00000_3/0212_p00676_KND_is_So_Sexy.cpp,gemma,gen_3,SUCCESS,,False,,CWE-398|CWE-563|CWE-628,,,CWE-398|CWE-563|CWE-628,,1
gemma/gen_3/00000_3/0213_p00819_Unreliable_Message.cpp,gemma,gen_3,PARSE_ERROR,,False,,CWE-398,,,CWE-398,,1
gemma/gen_3/00000_3/0214_p00950_Infallibly_Crack_Perplexing_Cryptarithm.cpp,gemma,gen_3,SUCCESS,,False,,CWE-398,,,CWE-398,,1
gemma/gen_3/00000_3/0215_p01083_RedBlue.cpp,gemma,gen_3,TIMEOUT,,False,,CWE-398|CWE-563,,,CWE-398|CWE-563,,1
gemma/gen_3/00000_3/0216_p01219_Private_Teacher.cpp,gemma,gen_3,TIMEOUT,,False,,CWE-398|CWE-563,,,CWE-398|CWE-563,,1
gemma/gen_3/00000_3/0217_p01691_Disappear_Drive.cpp,gemma,gen_3,PARSE_ERROR,,False,,CWE-398,,,CWE-398,,1
gemma/gen_3/00000_3/0219_p01970_The_Diversity_of_Prime_Factorization.cpp,gemma,gen_3,PARSE_ERROR,,False,,CWE-398,,,CWE-398,,1
gemma/gen_3/00000_3/0220_p02117_Picnic.cpp,gemma,gen_3,PARSE_ERROR,,False,,CWE-758,,,CWE-758,,1
gemma/gen_3/00000_3/0221_p02257_Prime_Numbers.cpp,gemma,gen_3,PARSE_ERROR,,False,,CWE-398,,,CWE-398,,1
gemma/gen_3/00000_3/0224_1030_E._Vasya_and_Good_Sequences.cpp,gemma,gen_3,SUCCESS,,False,,CWE-398,,,CWE-398,,1
gemma/gen_3/00000_3/0226_1144_B._Parity_Alternated_Deletions.cpp,gemma,gen_3,TIMEOUT,,False,,CWE-398,,,CWE-398,,1
gemma/gen_3/00000_3/0227_1165_A._Remainder.cpp,gemma,gen_3,FAILED,CWE-119|CWE-476,True,CWE-190,CWE-398,CWE-119|CWE-476,CWE-190,CWE-398,,3
gemma/gen_3/00000_3/0229_1202_C._You_Are_Given_a_WASD-string....cpp,gemma,gen_3,TIMEOUT,,False,,CWE-398,,,CWE-398,,1
gemma/gen_3/00000_3/0230_1219_H._Function_Composition.cpp,gemma,gen_3,FAILED,,False,,,,,,,1
gemma/gen_3/00000_3/0235_1328_F._Make_k_Equal.cpp,gemma,gen_3,SUCCESS,,False,,CWE-398,,,CWE-398,,1
gemma/gen_3/00000_3/0236_1348_F._Phoenix_and_Memory.cpp,gemma,gen_3,PARSE_ERROR,,False,,CWE-398,,,CWE-398,,1
gemma/gen_3/00000_3/0237_1369_D._TediousLee.cpp,gemma,gen_3,SUCCESS,,False,,CWE-398|CWE-563,,,CWE-398|CWE-563,,1
gemma/gen_3/00000_3/0238_1413_F._Roads_and_Ramen.cpp,gemma,gen_3,PARSE_ERROR,,False,,CWE-398,,,CWE-398,,1
gemma/gen_3/00000_3/0239_1455_F._String_and_Operations.cpp,gemma,gen_3,FAILED,,False,,CWE-190|CWE-758,,,CWE-190|CWE-758,,2
gemma/gen_3/00000_3/0240_147_B._Smile_House.cpp,gemma,gen_3,TIMEOUT,,False,,CWE-398,,,CWE-398,,1
gemma/gen_3/00000_3/0241_1506_F._Triangular_Paths.cpp,gemma,gen_3,TIMEOUT,,False,,CWE-563,,,CWE-563,,1
gemma/gen_3/00001_3/0000_152_E._Garden.cpp,gemma,gen_3,TIMEOUT,,True,CWE-190,CWE-398,,CWE-190,CWE-398,,2
gemma/gen_3/00001_3/0002_228_D._Zigzag.cpp,gemma,gen_3,FAILED,,False,,,,,,,1
gemma/gen_3/00001_3/0004_277_C._Game.cpp,gemma,gen_3,PARSE_ERROR,,True,CWE-190,CWE-563,,CWE-190,CWE-563,,2
gemma/gen_3/00001_3/0007_348_A._Mafia.cpp,gemma,gen_3,SUCCESS,,False,,CWE-398,,,CWE-398,,1
gemma/gen_3/00001_3/0010_415_E._Mashmokh_and_Reverse_Operation.cpp,gemma,gen_3,TIMEOUT,,True,CWE-122,CWE-398,,CWE-122,CWE-398,,2
gemma/gen_3/00001_3/0012_512_B._Fox_And_Jumping.cpp,gemma,gen_3,TIMEOUT,,True,CWE-190,,,CWE-190,,,1
gemma/gen_3/00001_3/0015_586_F._Lizard_Era__Beginning.cpp,gemma,gen_3,PARSE_ERROR,,False,,CWE-563,,,CWE-563,,1
gemma/gen_3/00001_3/0016_609_B._The_Best_Gift.cpp,gemma,gen_3,SUCCESS,,False,,CWE-398,,,CWE-398,,1
gemma/gen_3/00001_3/0019_67_E._Save_the_City_.cpp,gemma,gen_3,TIMEOUT,,False,,CWE-398,,,CWE-398,,1
gemma/gen_3/00001_3/0021_724_F._Uniformly_Branched_Trees.cpp,gemma,gen_3,SUCCESS,,False,,CWE-570,,,CWE-570,,1
gemma/gen_3/00001_3/0022_746_F._Music_in_Car.cpp,gemma,gen_3,SUCCESS,,False,,CWE-563,,,CWE-563,,1
gemma/gen_3/00001_3/0025_814_C._An_impassioned_circulation_of_affection.cpp,gemma,gen_3,FAILED,,True,CWE-190,,,CWE-190,,,2
gemma/gen_3/00001_3/0026_83_C._Track.cpp,gemma,gen_3,PARSE_ERROR,,False,,CWE-398|CWE-563,,,CWE-398|CWE-563,,1
gemma/gen_3/00001_3/0030_958_E2._Guard_Duty__medium_.cpp,gemma,gen_3,TIMEOUT,,False,,CWE-398|CWE-563,,,CWE-398|CWE-563,,1
gemma/gen_3/00001_3/0031_985_A._Chess_Placing.cpp,gemma,gen_3,SUCCESS,,False,,CWE-398,,,CWE-398,,1
gemma/gen_3/00001_3/0032_p02574_AtCoder_Beginner_Contest_177_-_Coprime.cpp,gemma,gen_3,TIMEOUT,,False,,CWE-398,,,CWE-398,,1
gemma/gen_3/00001_3/0034_p02834_AtCoder_Beginner_Contest_148_-_Playing_Tag_on_Tree.cpp,gemma,gen_3,TIMEOUT,,False,,CWE-563,,,CWE-563,,1
gemma/gen_3/00001_3/0041_p04048_AtCoder_Grand_Contest_001_-_Mysterious_Light.cpp,gemma,gen_3,SUCCESS,,False,,CWE-563,,,CWE-563,,1
gemma/gen_3/00001_3/0044_p00447_Searching_Constellation.cpp,gemma,gen_3,TIMEOUT,,False,,CWE-398,,,CWE-398,,1
gemma/gen_3/00001_3/0046_p00781_Lattice_Practices.cpp,gemma,gen_3,TIMEOUT,,False,,CWE-563,,,CWE-563,,1
gemma/gen_3/00001_3/0052_p01797_Kimagure_Cleaner.cpp,gemma,gen_3,FAILED,,False,,,,,,,1
gemma/gen_3/00001_3/0053_p01931_Check_answers.cpp,gemma,gen_3,FAILED,,False,,,,,,,1
gemma/gen_3/00001_3/0054_p02069_Universal_and_Existential_Quantifiers.cpp,gemma,gen_3,SUCCESS,,False,,CWE-398|CWE-563,,,CWE-398|CWE-563,,1
gemma/gen_3/00001_3/0055_p02211_Apple_Adventure.cpp,gemma,gen_3,TIMEOUT,,False,,CWE-398,,,CWE-398,,1
gemma/gen_3/00001_3/0056_p02365_Minimum-Cost_Arborescence.cpp,gemma,gen_3,TIMEOUT,,False,,CWE-398|CWE-563,,,CWE-398|CWE-563,,1
gemma/gen_3/00001_3/0058_1027_E._Inverse_Coloring.cpp,gemma,gen_3,PARSE_ERROR,,False,,CWE-398,,,CWE-398,,1
gemma/gen_3/00001_3/0060_1070_C._Cloud_Computing.cpp,gemma,gen_3,PARSE_ERROR,,False,,CWE-398,,,CWE-398,,1
gemma/gen_3/00001_3/0063_1140_B._Good_String.cpp,gemma,gen_3,TIMEOUT,,False,,CWE-563,,,CWE-563,,1
gemma/gen_3/00001_3/0064_1158_F._Density_of_subarrays.cpp,gemma,gen_3,PARSE_ERROR,,True,CWE-190,CWE-398,,CWE-190,CWE-398,,2
gemma/gen_3/00001_3/0066_1199_E._Matching_vs_Independent_Set.cpp,gemma,gen_3,PARSE_ERROR,,False,,CWE-398,,,CWE-398,,1
gemma/gen_3/00001_3/0067_1216_D._Swords.cpp,gemma,gen_3,SUCCESS,,False,,CWE-398,,,CWE-398,,1
gemma/gen_3/00001_3/0070_1301_B._Motarack_s_Birthday.cpp,gemma,gen_3,FAILED,,False,,,,,,,1
gemma/gen_3/00001_3/0072_1344_A._Hilbert_s_Hotel.cpp,gemma,gen_3,TIMEOUT,,False,,CWE-398,,,CWE-398,,1
gemma/gen_3/00001_3/0073_1366_A._Shovels_and_Swords.cpp,gemma,gen_3,SUCCESS,,False,,CWE-563,,,CWE-563,,1
gemma/gen_3/00001_3/0074_1386_A._Colors.cpp,gemma,gen_3,PARSE_ERROR,,False,,CWE-398|CWE-563,,,CWE-398|CWE-563,,1
gemma/gen_3/00001_3/0078_1500_B._Two_chandeliers.cpp,gemma,gen_3,FAILED,,False,,,,,,,1
gemma/gen_3/00001_3/0079_1525_D._Armchairs.cpp,gemma,gen_3,TIMEOUT,,False,,CWE-398,,,CWE-398,,1
gemma/gen_3/00001_3/0080_157_A._Game_Outcome.cpp,gemma,gen_3,TIMEOUT,,False,,CWE-398,,,CWE-398,,1
gemma/gen_3/00001_3/0082_223_C._Partial_Sums.cpp,gemma,gen_3,SUCCESS,,True,CWE-190,CWE-398,,CWE-190,CWE-398,,2
gemma/gen_3/00001_3/0083_248_A._Cupboards.cpp,gemma,gen_3,SUCCESS,,False,,CWE-398,,,CWE-398,,1
gemma/gen_3/00001_3/0084_272_B._Dima_and_Sequence.cpp,gemma,gen_3,TIMEOUT,,False,,CWE-398,,,CWE-398,,1
gemma/gen_3/00001_3/0088_366_D._Dima_and_Trap_Graph.cpp,gemma,gen_3,PARSE_ERROR,,False,,CWE-398|CWE-563,,,CWE-398|CWE-563,,1
gemma/gen_3/00001_3/0089_38_C._Blinds.cpp,gemma,gen_3,SUCCESS,,False,,CWE-398,,,CWE-398,,1
gemma/gen_3/00001_3/0090_40_B._Repaintings.cpp,gemma,gen_3,SUCCESS,,False,,CWE-398,,,CWE-398,,1
gemma/gen_3/00001_3/0091_438_A._The_Child_and_Toy.cpp,gemma,gen_3,PARSE_ERROR,,False,,CWE-398,,,CWE-398,,1
gemma/gen_3/00001_3/0094_556_C._Case_of_Matryoshkas.cpp,gemma,gen_3,TIMEOUT,,False,,CWE-398,,,CWE-398,,1
gemma/gen_3/00001_3/0096_626_D._Jerry_s_Protest.cpp,gemma,gen_3,TIMEOUT,,False,,CWE-398|CWE-563|CWE-571,,,CWE-398|CWE-563|CWE-571,,1
gemma/gen_3/00001_3/0097_650_B._Image_Preview.cpp,gemma,gen_3,FAILED,,False,,CWE-398,,,CWE-398,,2
gemma/gen_3/00001_3/0101_789_A._Anastasia_and_pebbles.cpp,gemma,gen_3,SUCCESS,,False,,CWE-398,,,CWE-398,,1
gemma/gen_3/00001_3/0102_80_C._Heroes.cpp,gemma,gen_3,TIMEOUT,,False,,CWE-398|CWE-563,,,CWE-398|CWE-563,,1
gemma/gen_3/00001_3/0104_855_D._Rowena_Ravenclaw_s_Diadem.cpp,gemma,gen_3,FAILED,,False,,,,,,,1
gemma/gen_3/00001_3/0105_903_D._Almost_Difference.cpp,gemma,gen_3,SUCCESS,,False,,CWE-398,,,CWE-398,,1
gemma/gen_3/00001_3/0106_925_E._May_Holidays.cpp,gemma,gen_3,TIMEOUT,,False,,CWE-398,,,CWE-398,,1
gemma/gen_3/00001_3/0108_980_E._The_Number_Games.cpp,gemma,gen_3,PARSE_ERROR,,False,,CWE-398,,,CWE-398,,1
gemma/gen_3/00001_3/0109_9_E._Interesting_Graph_and_Apples.cpp,gemma,gen_3,TIMEOUT,,False,,CWE-398|CWE-563,,,CWE-398|CWE-563,,1
gemma/gen_3/00001_3/0112_p02807_Dwango_Programming_Contest_6th_-_Fusing_Slimes.cpp,gemma,gen_3,SUCCESS,,False,,CWE-398|CWE-563,,,CWE-398|CWE-563,,1
gemma/gen_3/00001_3/0113_p02943_AtCoder_Grand_Contest_037_-_Reversing_and_Concatenating.cpp,gemma,gen_3,TIMEOUT,,False,,CWE-570,,,CWE-570,,1
gemma/gen_3/00001_3/0114_p03080_ExaWizards_2019_-_Red_or_Blue.cpp,gemma,gen_3,FAILED,,False,,,,,,,1
gemma/gen_3/00001_3/0117_p03694_AtCoder_Beginner_Contest_064_-_Traveling_AtCoDeer_Problem.cpp,gemma,gen_3,TIMEOUT,,False,,CWE-398,,,CWE-398,,1
gemma/gen_3/00001_3/0122_p00395_Maze_and_Items.cpp,gemma,gen_3,PARSE_ERROR,,False,,CWE-398|CWE-563,,,CWE-398|CWE-563,,1
gemma/gen_3/00001_3/0124_p00748_Pollock_s_conjecture.cpp,gemma,gen_3,TIMEOUT,,False,,CWE-398,,,CWE-398,,1
gemma/gen_3/00001_3/0129_p01458_Kth_Sentence.cpp,gemma,gen_3,PARSE_ERROR,,False,,CWE-398,,,CWE-398,,1
gemma/gen_3/00001_3/0131_p01904_Minimum_Enclosing_Rectangle.cpp,gemma,gen_3,FAILED,,False,,,,,,,1
gemma/gen_3/00001_3/0133_p02185_Many_Decimal_Integers.cpp,gemma,gen_3,PARSE_ERROR,,False,,CWE-398,,,CWE-398,,1
gemma/gen_3/00001_3/0135_p02472_Addition_of_Big_Integers.cpp,gemma,gen_3,FAILED,,False,,,,,,,1
gemma/gen_3/00001_3/0136_1011_A._Stages.cpp,gemma,gen_3,PARSE_ERROR,,False,,CWE-398,,,CWE-398,,1
gemma/gen_3/00001_3/0140_1121_A._Technogoblet_of_Fire.cpp,gemma,gen_3,FAILED,,False,,,,,,,1
gemma/gen_3/00001_3/0141_1148_C._Crazy_Diamond.cpp,gemma,gen_3,TIMEOUT,,False,,CWE-398,,,CWE-398,,1
gemma/gen_3/00001_3/0142_1169_E._And_Reachability.cpp,gemma,gen_3,TIMEOUT,,False,,CWE-398,,,CWE-398,,1
gemma/gen_3/00001_3/0143_1187_G._Gang_Up.cpp,gemma,gen_3,TIMEOUT,,True,CWE-122|CWE-190,CWE-563,,CWE-122|CWE-190,CWE-563,,2
gemma/gen_3/00001_3/0145_1225_B1._TV_Subscriptions__Easy_Version_.cpp,gemma,gen_3,TIMEOUT,,False,,CWE-398,,,CWE-398,,1
gemma/gen_3/00001_3/0146_1249_D1._Too_Many_Segments__easy_version_.cpp,gemma,gen_3,FAILED,,False,,CWE-398,,,CWE-398,,2
gemma/gen_3/00001_3/0148_1290_A._Mind_Control.cpp,gemma,gen_3,TIMEOUT,,False,,CWE-398|CWE-563,,,CWE-398|CWE-563,,1
gemma/gen_3/00001_3/0149_1310_B._Double_Elimination.cpp,gemma,gen_3,SUCCESS,,False,,CWE-563,,,CWE-563,,1
gemma/gen_3/00001_3/0150_1332_G._No_Monotone_Triples.cpp,gemma,gen_3,TIMEOUT,,False,,CWE-398|CWE-563,,,CWE-398|CWE-563,,1
gemma/gen_3/00001_3/0151_1353_C._Board_Moves.cpp,gemma,gen_3,SUCCESS,,True,CWE-190,,,CWE-190,,,1
gemma/gen_3/00001_3/0153_1396_A._Multiples_of_Length.cpp,gemma,gen_3,FAILED,,False,,,,,,,1
gemma/gen_3/00001_3/0154_141_C._Queue.cpp,gemma,gen_3,TIMEOUT,,False,,CWE-398,,,CWE-398,,1
gemma/gen_3/00001_3/0156_1463_B._Find_The_Array.cpp,gemma,gen_3,TIMEOUT,,False,,CWE-398,,,CWE-398,,1
gemma/gen_3/00001_3/0157_148_B._Escape.cpp,gemma,gen_3,SUCCESS,,False,,CWE-563,,,CWE-563,,1
gemma/gen_3/00001_3/0159_1539_D._PriceFixed.cpp,gemma,gen_3,PARSE_ERROR,,False,,CWE-563,,,CWE-563,,1
gemma/gen_3/00001_3/0161_187_B._AlgoRace.cpp,gemma,gen_3,PARSE_ERROR,,True,CWE-122|CWE-190,,,CWE-122|CWE-190,,,1
gemma/gen_3/00001_3/0164_259_B._Little_Elephant_and_Magic_Square.cpp,gemma,gen_3,TIMEOUT,,False,,CWE-563,,,CWE-563,,1
gemma/gen_3/00001_3/0167_331_A2._Oh_Sweet_Beaverette.cpp,gemma,gen_3,SUCCESS,,False,,CWE-398,,,CWE-398,,1
gemma/gen_3/00001_3/0168_352_E._Jeff_and_Brackets.cpp,gemma,gen_3,FAILED,,True,CWE-190,CWE-563,,CWE-190,CWE-563,,3
gemma/gen_3/00001_3/0170_421_D._Bug_in_Code.cpp,gemma,gen_3,SUCCESS,,False,,CWE-398,,,CWE-398,,1
gemma/gen_3/00001_3/0173_516_C._Drazil_and_Park.cpp,gemma,gen_3,TIMEOUT,,False,,CWE-398,,,CWE-398,,1
gemma/gen_3/00001_3/0174_543_C._Remembering_Strings.cpp,gemma,gen_3,TIMEOUT,,True,CWE-190,,,CWE-190,,,1
gemma/gen_3/00001_3/0175_56_E._Domino_Principle.cpp,gemma,gen_3,SUCCESS,,False,,CWE-398,,,CWE-398,,1
gemma/gen_3/00001_3/0179_685_D._Kay_and_Eternity.cpp,gemma,gen_3,SUCCESS,,False,,CWE-398,,,CWE-398,,1
gemma/gen_3/00001_3/0180_708_C._Centroids.cpp,gemma,gen_3,PARSE_ERROR,,False,,CWE-398|CWE-563,,,CWE-398|CWE-563,,1
gemma/gen_3/00001_3/0182_799_D._Field_expansion.cpp,gemma,gen_3,SUCCESS,,True,CWE-190,CWE-563,,CWE-190,CWE-563,,2
gemma/gen_3/00001_3/0183_845_B._Luba_And_The_Ticket.cpp,gemma,gen_3,FAILED,,False,,,,,,,1
gemma/gen_3/00001_3/0184_865_D._Buy_Low_Sell_High.cpp,gemma,gen_3,SUCCESS,,True,CWE-190,,,CWE-190,,,1
gemma/gen_3/00001_3/0185_891_D._Sloth.cpp,gemma,gen_3,TIMEOUT,,False,,CWE-398,,,CWE-398,,1
gemma/gen_3/00001_3/0186_913_G._Power_Substring.cpp,gemma,gen_3,TIMEOUT,,True,CWE-190,,,CWE-190,,,1
gemma/gen_3/00001_3/0189_989_E._A_Trance_of_Nightfall.cpp,gemma,gen_3,SUCCESS,,False,,CWE-563,,,CWE-563,,1
gemma/gen_3/00001_3/0190_p02603_M-SOLUTIONS_Programming_Contest_2020_-_Road_to_Millionaire.cpp,gemma,gen_3,SUCCESS,,False,,CWE-398,,,CWE-398,,1
gemma/gen_3/00001_3/0192_p02868_NIKKEI_Programming_Contest_2019-2_-_Shortest_Path_on_a_Line.cpp,gemma,gen_3,PARSE_ERROR,,False,,CWE-398,,,CWE-398,,1
gemma/gen_3/00001_3/0194_p03143_NIKKEI_Programming_Contest_2019_-_Weights_on_Vertices_and_Edges.cpp,gemma,gen_3,PARSE_ERROR,,False,,CWE-398|CWE-563,,,CWE-398|CWE-563,,1
gemma/gen_3/00001_3/0196_p03443_AtCoder_Petrozavodsk_Contest_001_-_Colorful_Doors.cpp,gemma,gen_3,SUCCESS,,False,,CWE-563,,,CWE-563,,1
gemma/gen_3/00001_3/0199_p03932_square869120Contest__3_-_Souvenirs.cpp,gemma,gen_3,TIMEOUT,,False,,CWE-398,,,CWE-398,,1
gemma/gen_3/00001_3/0200_p00025_Hit_and_Blow.cpp,gemma,gen_3,SUCCESS,,False,,CWE-398,,,CWE-398,,1
gemma/gen_3/00001_3/0201_p00156_Moats_around_the_Castle.cpp,gemma,gen_3,TIMEOUT,,False,,CWE-398,,,CWE-398,,1
gemma/gen_3/00001_3/0206_p00943_Routing_a_Marathon_Race.cpp,gemma,gen_3,TIMEOUT,,False,,CWE-398,,,CWE-398,,1
gemma/gen_3/00001_3/0207_p01076_Graph_Making.cpp,gemma,gen_3,SUCCESS,,False,,CWE-563,,,CWE-563,,1
gemma/gen_3/00001_3/0210_p01684_Venn_Diagram.cpp,gemma,gen_3,SUCCESS,,False,,CWE-563,,,CWE-563,,1
gemma/gen_3/00001_3/0212_p01963_Separate_String.cpp,gemma,gen_3,PARSE_ERROR,,False,,CWE-398,,,CWE-398,,1
gemma/gen_3/00001_3/0213_p02110_Settler.cpp,gemma,gen_3,PARSE_ERROR,,False,,CWE-398,,,CWE-398,,1
gemma/gen_3/00001_3/0214_p02250_Multiple_String_Matching.cpp,gemma,gen_3,FAILED,,False,,,,,,,1
gemma/gen_3/00001_3/0217_103_C._Russian_Roulette.cpp,gemma,gen_3,FAILED,,False,,,,,,,1
gemma/gen_3/00001_3/0218_1062_D._Fun_with_Integers.cpp,gemma,gen_3,TIMEOUT,,True,CWE-190,CWE-563,,CWE-190,CWE-563,,2
gemma/gen_3/00001_3/0219_1084_C._The_Fair_Nut_and_String.cpp,gemma,gen_3,SUCCESS,,True,CWE-190,CWE-398,,CWE-190,CWE-398,,2
gemma/gen_3/00001_3/0220_1103_E._Radix_sum.cpp,gemma,gen_3,PARSE_ERROR,,True,CWE-369,CWE-570,,CWE-369,CWE-570,,2
gemma/gen_3/00001_3/0221_1131_E._String_Multiplication.cpp,gemma,gen_3,SUCCESS,,True,CWE-121,,,CWE-121,,,1
gemma/gen_3/00001_3/0223_1173_E2._Nauuo_and_Pictures__hard_version_.cpp,gemma,gen_3,TIMEOUT,,False,,CWE-398,,,CWE-398,,1
gemma/gen_3/00001_3/0224_1191_C._Tokitsukaze_and_Discard_Items.cpp,gemma,gen_3,TIMEOUT,,True,,CWE-398,,,CWE-398,,2
gemma/gen_3/00001_3/0225_120_C._Winnie-the-Pooh_and_honey.cpp,gemma,gen_3,SUCCESS,,False,,CWE-398,,,CWE-398,,1
gemma/gen_3/00001_3/0227_1251_E1._Voting__Easy_Version_.cpp,gemma,gen_3,TIMEOUT,,False,,CWE-398,,,CWE-398,,1
gemma/gen_3/00001_3/0229_1315_D._Recommendations.cpp,gemma,gen_3,PARSE_ERROR,,True,CWE-190,CWE-563,,CWE-190,CWE-563,,2
gemma/gen_3/00001_3/0231_1359_D._Yet_Another_Yet_Another_Task.cpp,gemma,gen_3,TIMEOUT,,False,,CWE-398,,,CWE-398,,1
gemma/gen_3/00001_3/0236_1543_B._Customising_the_Track.cpp,gemma,gen_3,TIMEOUT,,False,,CWE-398|CWE-563,,,CWE-398|CWE-563,,1
gemma/gen_3/00001_3/0238_191_A._Dynasty_Puzzles.cpp,gemma,gen_3,TIMEOUT,,True,CWE-190,,,CWE-190,,,1
gemma/gen_3/00001_3/0241_287_D._Shifting.cpp,gemma,gen_3,TIMEOUT,,False,,CWE-563,,,CWE-563,,1
gemma/gen_3/00001_3/0242_312_D._Cats_Transport.cpp,gemma,gen_3,FAILED,,False,,CWE-398|CWE-563,,,CWE-398|CWE-563,,2
gemma/gen_3/00001_3/0243_335_B._Palindrome.cpp,gemma,gen_3,SUCCESS,,True,CWE-190,CWE-563|CWE-570|CWE-571,,CWE-190,CWE-563|CWE-570|CWE-571,,2
gemma/gen_3/00001_3/0245_381_A._Sereja_and_Dima.cpp,gemma,gen_3,FAILED,,False,,,,,,,1
gemma/gen_3/00001_3/0247_42_A._Guilty___to_the_kitchen_.cpp,gemma,gen_3,SUCCESS,,False,,CWE-398,,,CWE-398,,1
gemma/gen_3/00001_3/0250_521_C._Pluses_everywhere.cpp,gemma,gen_3,PARSE_ERROR,,False,,CWE-398,,,CWE-398,,1
gemma/gen_3/00001_3/0251_548_E._Mike_and_Foam.cpp,gemma,gen_3,TIMEOUT,,False,,CWE-398,,,CWE-398,,1
gemma/gen_3/00001_3/0253_618_B._Guess_the_Permutation.cpp,gemma,gen_3,TIMEOUT,,False,,CWE-563,,,CWE-563,,1
gemma/gen_3/00001_3/0254_638_D._Three-dimensional_Turtle_Super_Computer_.cpp,gemma,gen_3,PARSE_ERROR,,False,,CWE-398,,,CWE-398,,1
gemma/gen_3/00001_3/0258_757_D._Felicity_s_Big_Secret_Revealed.cpp,gemma,gen_3,TIMEOUT,,False,,CWE-398,,,CWE-398,,1
gemma/gen_3/00001_3/0259_779_A._Pupils_Redistribution.cpp,gemma,gen_3,FAILED,,False,,,,,,,1
gemma/gen_3/00002_3/0000_825_E._Minimal_Labels.cpp,gemma,gen_3,PARSE_ERROR,,False,,CWE-398,,,CWE-398,,1
gemma/gen_3/00002_3/0001_848_C._Goodbye_Souvenir.cpp,gemma,gen_3,TIMEOUT,,False,,CWE-398,,,CWE-398,,1
gemma/gen_3/00002_3/0002_870_A._Search_for_Pretty_Integers.cpp,gemma,gen_3,FAILED,,False,,CWE-398,,,CWE-398,,2
gemma/gen_3/00002_3/0003_896_E._Welcome_home__Chtholly.cpp,gemma,gen_3,FAILED,,False,,CWE-398,,,CWE-398,,2
gemma/gen_3/00002_3/0004_918_A._Eleven.cpp,gemma,gen_3,TIMEOUT,,False,,CWE-398,,,CWE-398,,1
gemma/gen_3/00002_3/0005_940_A._Points_on_the_line.cpp,gemma,gen_3,FAILED,,True,CWE-190,,,CWE-190,,,2
gemma/gen_3/00002_3/0006_967_D._Resource_Distribution.cpp,gemma,gen_3,TIMEOUT,,False,,CWE-563|CWE-571,,,CWE-563|CWE-571,,1
gemma/gen_3/00002_3/0007_993_D._Compute_Power.cpp,gemma,gen_3,TIMEOUT,,True,CWE-190,,,CWE-190,,,1
gemma/gen_3/00002_3/0008_p02630_AtCoder_Beginner_Contest_171_-_Replacing.cpp,gemma,gen_3,SUCCESS,,False,,CWE-398,,,CWE-398,,1
gemma/gen_3/00002_3/0009_p02761_AtCoder_Beginner_Contest_157_-_Guess_The_Number.cpp,gemma,gen_3,SUCCESS,,False,,CWE-563,,,CWE-563,,1
gemma/gen_3/00002_3/0010_p02896_AtCoder_Grand_Contest_039_-_Min_Product_Sum.cpp,gemma,gen_3,PARSE_ERROR,,False,,CWE-563,,,CWE-563,,1
gemma/gen_3/00002_3/0011_p03031_AtCoder_Beginner_Contest_128_-_Switches.cpp,gemma,gen_3,TIMEOUT,,False,,CWE-398,,,CWE-398,,1
gemma/gen_3/00002_3/0014_p03474_AtCoder_Beginner_Contest_084_-_Postal_Code.cpp,gemma,gen_3,PARSE_ERROR,,False,,CWE-398,,,CWE-398,,1
gemma/gen_3/00002_3/0016_p03963_AtCoder_Beginner_Contest_046_-_Painting_Balls_with_AtCoDeer.cpp,gemma,gen_3,FAILED,CWE-119,False,,CWE-197,CWE-119,,CWE-197,,2
gemma/gen_3/00002_3/0017_p00054_Sum_of_Nth_decimal_places.cpp,gemma,gen_3,PARSE_ERROR,,False,,CWE-398,,,CWE-398,,1
gemma/gen_3/00002_3/0018_p00184_Tsuruga_Castle.cpp,gemma,gen_3,FAILED,,False,,,,,,,1
gemma/gen_3/00002_3/0020_p00534_Silk_Road.cpp,gemma,gen_3,FAILED,,False,,,,,,,1
gemma/gen_3/00002_3/0021_p00698_Missing_Numbers.cpp,gemma,gen_3,PARSE_ERROR,,False,,CWE-398,,,CWE-398,,1
gemma/gen_3/00002_3/0024_p01240_Oil_Company.cpp,gemma,gen_3,PARSE_ERROR,,False,,CWE-398,,,CWE-398,,1
gemma/gen_3/00002_3/0027_p01711_Idempotent_Filter.cpp,gemma,gen_3,FAILED,,False,,,,,,,1
gemma/gen_3/00002_3/0028_p01856_Typhoon.cpp,gemma,gen_3,TIMEOUT,,False,,CWE-563,,,CWE-563,,1
gemma/gen_3/00002_3/0029_p01991_Namo.._Cut.cpp,gemma,gen_3,TIMEOUT,,False,,CWE-398|CWE-758,,,CWE-398|CWE-758,,1
gemma/gen_3/00002_3/0030_p02137_Special_Chat.cpp,gemma,gen_3,SUCCESS,,False,,CWE-563,,,CWE-563,,1
gemma/gen_3/00002_3/0031_p02278_Minimum_Cost_Sort.cpp,gemma,gen_3,TIMEOUT,,False,,CWE-563,,,CWE-563,,1
gemma/gen_3/00002_3/0032_p02425_Bit_Flag.cpp,gemma,gen_3,SUCCESS,,False,,CWE-758,,,CWE-758,,1
gemma/gen_3/00002_3/0034_1031_B._Curiosity_Has_No_Limits.cpp,gemma,gen_3,FAILED,,False,,,,,,,1
gemma/gen_3/00002_3/0035_1054_B._Appending_Mex.cpp,gemma,gen_3,TIMEOUT,,False,,CWE-563,,,CWE-563,,1
gemma/gen_3/00002_3/0037_1097_B._Petr_and_a_Combination_Lock.cpp,gemma,gen_3,SUCCESS,,False,,CWE-398,,,CWE-398,,1
gemma/gen_3/00002_3/0038_1165_E._Two_Arrays_and_Sum_of_Functions.cpp,gemma,gen_3,FAILED,,False,,,,,,,1
gemma/gen_3/00002_3/0040_1203_A._Circle_of_Students.cpp,gemma,gen_3,FAILED,,False,,,,,,,1
gemma/gen_3/00002_3/0041_121_C._Lucky_Permutation.cpp,gemma,gen_3,PARSE_ERROR,,False,,CWE-398,,,CWE-398,,1
gemma/gen_3/00002_3/0042_1244_G._Running_in_Pairs.cpp,gemma,gen_3,TIMEOUT,,False,,CWE-563,,,CWE-563,,1
gemma/gen_3/00002_3/0044_1286_A._Garland.cpp,gemma,gen_3,TIMEOUT,,True,CWE-122|CWE-476,,,CWE-122|CWE-476,,,1
gemma/gen_3/00002_3/0045_1305_B._Kuroni_and_Simple_Strings.cpp,gemma,gen_3,SUCCESS,,False,,CWE-398,,,CWE-398,,1
gemma/gen_3/00002_3/0047_1349_D._Slime_and_Biscuits.cpp,gemma,gen_3,SUCCESS,,False,,CWE-398,,,CWE-398,,1
gemma/gen_3/00002_3/0048_136_B._Ternary_Logic.cpp,gemma,gen_3,SUCCESS,,False,,CWE-563,,,CWE-563,,1
gemma/gen_3/00002_3/0050_1416_D._Graph_and_Queries.cpp,gemma,gen_3,TIMEOUT,,False,,CWE-398,,,CWE-398,,1
gemma/gen_3/00002_3/0052_1458_B._Glass_Half_Spilled.cpp,gemma,gen_3,TIMEOUT,,True,CWE-190,CWE-398|CWE-563,,CWE-190,CWE-398|CWE-563,,2
gemma/gen_3/00002_3/0055_1534_D._Lost_Tree.cpp,gemma,gen_3,SUCCESS,,False,,CWE-563,,,CWE-563,,1
gemma/gen_3/00002_3/0057_204_D._Little_Elephant_and_Retro_Strings.cpp,gemma,gen_3,PARSE_ERROR,,False,,CWE-398,,,CWE-398,,1
gemma/gen_3/00002_3/0060_300_A._Array.cpp,gemma,gen_3,TIMEOUT,,False,,CWE-398,,,CWE-398,,1
gemma/gen_3/00002_3/0061_325_D._Reclamation.cpp,gemma,gen_3,TIMEOUT,,False,,CWE-398|CWE-570,,,CWE-398|CWE-570,,1
gemma/gen_3/00002_3/0062_348_E._Pilgrims.cpp,gemma,gen_3,TIMEOUT,,False,,CWE-398,,,CWE-398,,1
gemma/gen_3/00002_3/0063_372_A._Counting_Kangaroos_is_Fun.cpp,gemma,gen_3,FAILED,,False,,,,,,,1
gemma/gen_3/00002_3/0064_393_C._Blocked_Points.cpp,gemma,gen_3,SUCCESS,,True,CWE-190,,,CWE-190,,,1
gemma/gen_3/00002_3/0065_443_B._Kolya_and_Tandem_Repeat.cpp,gemma,gen_3,TIMEOUT,,True,CWE-190,CWE-563,,CWE-190,CWE-563,,2
gemma/gen_3/00002_3/0066_465_C._No_to_Palindromes_.cpp,gemma,gen_3,PARSE_ERROR,,False,,CWE-398,,,CWE-398,,1
gemma/gen_3/00002_3/0069_566_C._Logistical_Questions.cpp,gemma,gen_3,TIMEOUT,,False,,CWE-398,,,CWE-398,,1
gemma/gen_3/00002_3/0070_587_D._Duff_in_Mafia.cpp,gemma,gen_3,PARSE_ERROR,,True,CWE-476,CWE-398,,CWE-476,CWE-398,,2
gemma/gen_3/00002_3/0076_747_C._Servers.cpp,gemma,gen_3,TIMEOUT,,False,,CWE-398,,,CWE-398,,1
gemma/gen_3/00002_3/0077_76_F._Tourist.cpp,gemma,gen_3,SUCCESS,,False,,CWE-398,,,CWE-398,,1
gemma/gen_3/00002_3/0078_794_C._Naming_Company.cpp,gemma,gen_3,SUCCESS,,True,CWE-122,CWE-398|CWE-786,,CWE-122,CWE-398|CWE-786,,2
gemma/gen_3/00002_3/0079_815_B._Karen_and_Test.cpp,gemma,gen_3,FAILED,,False,,,,,,,1
gemma/gen_3/00002_3/0080_860_C._Tests_Renumeration.cpp,gemma,gen_3,TIMEOUT,,False,,CWE-398,,,CWE-398,,1
gemma/gen_3/00002_3/0083_985_E._Pencils_and_Boxes.cpp,gemma,gen_3,FAILED,,False,,,,,,,1
gemma/gen_3/00002_3/0086_p02838_AtCoder_Beginner_Contest_147_-_Xor_Sum_4.cpp,gemma,gen_3,SUCCESS,,False,,CWE-398,,,CWE-398,,1
gemma/gen_3/00002_3/0088_p03258_AtCoder_Grand_Contest_027_-_ABBreviate.cpp,gemma,gen_3,TIMEOUT,,False,,CWE-398,,,CWE-398,,1
gemma/gen_3/00002_3/0091_p03729_AtCoder_Beginner_Contest_060_-_Shiritori.cpp,gemma,gen_3,FAILED,,False,,,,,,,1
gemma/gen_3/00002_3/0093_p04052_AtCoder_Grand_Contest_001_-_Wide_Swap.cpp,gemma,gen_3,PARSE_ERROR,,False,,CWE-398,,,CWE-398,,1
gemma/gen_3/00002_3/0095_p00264_East_Wind.cpp,gemma,gen_3,PARSE_ERROR,,False,,CWE-398,,,CWE-398,,1
gemma/gen_3/00002_3/0098_p00786_BUT_We_Need_a_Diagram.cpp,gemma,gen_3,PARSE_ERROR,,False,,CWE-398|CWE-563,,,CWE-398|CWE-563,,1
gemma/gen_3/00002_3/0099_p00918_Dragon_s_Cruller.cpp,gemma,gen_3,TIMEOUT,,False,,CWE-398|CWE-457,,,CWE-398|CWE-457,,1
gemma/gen_3/00002_3/0100_p01051_Squid_Ink.cpp,gemma,gen_3,TIMEOUT,,False,,CWE-398|CWE-457,,,CWE-398|CWE-457,,1
gemma/gen_3/00002_3/0103_p01801_Wall_Making_Game.cpp,gemma,gen_3,FAILED,CWE-476|CWE-825,False,,CWE-398,CWE-476|CWE-825,,CWE-398,,2
gemma/gen_3/00002_3/0104_p01935_Protect_from_the_enemy_attack.cpp,gemma,gen_3,TIMEOUT,,False,,CWE-398,,,CWE-398,,1
gemma/gen_3/00002_3/0106_p02216_Array_Game.cpp,gemma,gen_3,SUCCESS,,False,,CWE-398,,,CWE-398,,1
gemma/gen_3/00002_3/0108_1000_C._Covered_Points_Count.cpp,gemma,gen_3,TIMEOUT,,False,,CWE-398,,,CWE-398,,1
gemma/gen_3/00002_3/0109_1025_D._Recovering_BST.cpp,gemma,gen_3,TIMEOUT,,False,,CWE-398|CWE-563,,,CWE-398|CWE-563,,1
gemma/gen_3/00002_3/0112_110_B._Lucky_String.cpp,gemma,gen_3,SUCCESS,,False,,CWE-398,,,CWE-398,,1
gemma/gen_3/00002_3/0114_1157_E._Minimum_Array.cpp,gemma,gen_3,FAILED,,False,,,,,,,1
gemma/gen_3/00002_3/0117_1215_B._The_Number_of_Products.cpp,gemma,gen_3,SUCCESS,,True,CWE-190,,,CWE-190,,,1
gemma/gen_3/00002_3/0118_1256_E._Yet_Another_Division_Into_Teams.cpp,gemma,gen_3,TIMEOUT,,False,,CWE-398,,,CWE-398,,1
gemma/gen_3/00002_3/0121_1323_F._Reality_Show.cpp,gemma,gen_3,TIMEOUT,,True,CWE-190,CWE-398,,CWE-190,CWE-398,,2
gemma/gen_3/00002_3/0122_1342_E._Placing_Rooks.cpp,gemma,gen_3,SUCCESS,,True,CWE-190,CWE-563|CWE-570,,CWE-190,CWE-563|CWE-570,,2
gemma/gen_3/00002_3/0125_1427_D._Unshuffling_a_Deck.cpp,gemma,gen_3,SUCCESS,,False,,CWE-563,,,CWE-563,,1
gemma/gen_3/00002_3/0126_1450_D._Rating_Compression.cpp,gemma,gen_3,TIMEOUT,,False,,CWE-398,,,CWE-398,,1
gemma/gen_3/00002_3/0127_1474_B._Different_Divisors.cpp,gemma,gen_3,TIMEOUT,,False,,CWE-398,,,CWE-398,,1
gemma/gen_3/00002_3/0128_149_D._Coloring_Brackets.cpp,gemma,gen_3,PARSE_ERROR,,False,,CWE-563,,,CWE-563,,1
gemma/gen_3/00002_3/0129_177_D1._Encrypting_Messages.cpp,gemma,gen_3,FAILED,,False,,,,,,,1
gemma/gen_3/00002_3/0132_245_F._Log_Stream_Analysis.cpp,gemma,gen_3,FAILED,CWE-476,True,,,CWE-476,,,,2
gemma/gen_3/00002_3/0133_294_A._Shaass_and_Oskols.cpp,gemma,gen_3,FAILED,,False,,CWE-398,,,CWE-398,,2
gemma/gen_3/00002_3/0138_436_D._Pudding_Monsters.cpp,gemma,gen_3,TIMEOUT,,False,,CWE-398|CWE-563,,,CWE-398|CWE-563,,1
gemma/gen_3/00002_3/0139_459_E._Pashmak_and_Graph.cpp,gemma,gen_3,PARSE_ERROR,,False,,CWE-398,,,CWE-398,,1
gemma/gen_3/00002_3/0141_529_C._Rooks_and_Rectangles.cpp,gemma,gen_3,TIMEOUT,,False,,CWE-398,,,CWE-398,,1
gemma/gen_3/00002_3/0142_554_E._Love_Triangles.cpp,gemma,gen_3,TIMEOUT,,True,CWE-190,,,CWE-190,,,1
gemma/gen_3/00002_3/0143_580_D._Kefa_and_Dishes.cpp,gemma,gen_3,PARSE_ERROR,,False,,CWE-398,,,CWE-398,,1
gemma/gen_3/00002_3/0144_602_C._The_Two_Routes.cpp,gemma,gen_3,TIMEOUT,,False,,CWE-398|CWE-571,,,CWE-398|CWE-571,,1
gemma/gen_3/00002_3/0146_673_C._Bear_and_Colors.cpp,gemma,gen_3,PARSE_ERROR,,False,,CWE-398|CWE-786,,,CWE-398|CWE-786,,1
gemma/gen_3/00002_3/0147_698_D._Limak_and_Shooting_Points.cpp,gemma,gen_3,TIMEOUT,,True,CWE-190,,,CWE-190,,,1
gemma/gen_3/00002_3/0148_719_E._Sasha_and_Array.cpp,gemma,gen_3,FAILED,,True,CWE-122,CWE-398,,CWE-122,CWE-398,,3
gemma/gen_3/00002_3/0149_740_B._Alyona_and_flowers.cpp,gemma,gen_3,FAILED,,True,CWE-190,,,CWE-190,,,2
gemma/gen_3/00002_3/0152_808_G._Anthem_of_Berland.cpp,gemma,gen_3,FAILED,,True,CWE-190,CWE-398,,CWE-190,CWE-398,,3
gemma/gen_3/00002_3/0155_878_D._Magic_Breeding.cpp,gemma,gen_3,TIMEOUT,,True,CWE-122,,,CWE-122,,,1
gemma/gen_3/00002_3/0157_924_C._Riverside_Curio.cpp,gemma,gen_3,TIMEOUT,,False,,CWE-398,,,CWE-398,,1
gemma/gen_3/00002_3/0160_99_B._Help_Chef_Gerasim.cpp,gemma,gen_3,FAILED,,False,,,,,,,1
gemma/gen_3/00002_3/0162_p02670_AtCoder_Grand_Contest_044_-_Joker.cpp,gemma,gen_3,TIMEOUT,,False,,CWE-563,,,CWE-563,,1
gemma/gen_3/00002_3/0163_p02799_Keyence_Programming_Contest_2020_-_Bichromization.cpp,gemma,gen_3,SUCCESS,,False,,CWE-563,,,CWE-563,,1
gemma/gen_3/00002_3/0165_p03072_AtCoder_Beginner_Contest_124_-_Great_Ocean_View.cpp,gemma,gen_3,SUCCESS,,False,,CWE-398,,,CWE-398,,1
gemma/gen_3/00002_3/0166_p03214_Dwango_Programming_Contest_V_-_Thumbnail.cpp,gemma,gen_3,SUCCESS,,False,,CWE-398,,,CWE-398,,1
gemma/gen_3/00002_3/0169_p03686_AtCoder_Regular_Contest_076_-_Exhausted_.cpp,gemma,gen_3,SUCCESS,,False,,CWE-398,,,CWE-398,,1
gemma/gen_3/00002_3/0170_p03839_AtCoder_Grand_Contest_008_-_Contiguous_Repainting.cpp,gemma,gen_3,TIMEOUT,,False,,CWE-398,,,CWE-398,,1
gemma/gen_3/00002_3/0171_p04006_AtCoder_Grand_Contest_004_-_Colorful_Slimes.cpp,gemma,gen_3,TIMEOUT,,False,,CWE-398|CWE-563,,,CWE-398|CWE-563,,1
gemma/gen_3/00002_3/0173_p00386_Gathering.cpp,gemma,gen_3,TIMEOUT,,False,,CWE-398,,,CWE-398,,1
gemma/gen_3/00002_3/0179_p01280_Galaxy_Wide_Web_Service.cpp,gemma,gen_3,TIMEOUT,,False,,CWE-398,,,CWE-398,,1
gemma/gen_3/00002_3/0181_p01600_Tree_Construction.cpp,gemma,gen_3,FAILED,,False,,,,,,,1
gemma/gen_3/00002_3/0182_p01756_Longest_Match.cpp,gemma,gen_3,FAILED,,False,,,,,,,1
gemma/gen_3/00002_3/0183_p01896_Folding_Paper.cpp,gemma,gen_3,FAILED,,False,,,,,,,1
gemma/gen_3/00002_3/0184_p02033_Arrow.cpp,gemma,gen_3,TIMEOUT,,False,,CWE-398,,,CWE-398,,1
gemma/gen_3/00002_3/0185_p02176_Shortest_Crypt.cpp,gemma,gen_3,FAILED,CWE-119|CWE-476,False,,,CWE-119|CWE-476,,,,1
gemma/gen_3/00002_3/0186_p02319_0-1_Knapsack_Problem_II.cpp,gemma,gen_3,FAILED,,False,,,,,,,1
gemma/gen_3/00002_3/0188_1025_B._Weakened_Common_Divisor.cpp,gemma,gen_3,TIMEOUT,,False,,CWE-398,,,CWE-398,,1
gemma/gen_3/00002_3/0189_1045_D._Interstellar_battle.cpp,gemma,gen_3,TIMEOUT,,False,,CWE-563,,,CWE-563,,1
gemma/gen_3/00002_3/0190_1068_D._Array_Without_Local_Maximums_.cpp,gemma,gen_3,PARSE_ERROR,,False,,CWE-571,,,CWE-571,,1
gemma/gen_3/00002_3/0191_1090_C._New_Year_Presents.cpp,gemma,gen_3,PARSE_ERROR,,False,,CWE-398,,,CWE-398,,1
gemma/gen_3/00002_3/0192_1109_F._Sasha_and_Algorithm_of_Silence_s_Sounds.cpp,gemma,gen_3,PARSE_ERROR,,False,,CWE-398|CWE-571,,,CWE-398|CWE-571,,1
gemma/gen_3/00002_3/0193_1139_C._Edgy_Trees.cpp,gemma,gen_3,TIMEOUT,,False,,CWE-398|CWE-563,,,CWE-398|CWE-563,,1
gemma/gen_3/00002_3/0196_1198_A._MP3.cpp,gemma,gen_3,TIMEOUT,,False,,CWE-398,,,CWE-398,,1
gemma/gen_3/00002_3/0200_12_B._Correct_Solution_.cpp,gemma,gen_3,FAILED,,False,,CWE-398,,,CWE-398,,2
gemma/gen_3/00002_3/0201_1323_D._Present.cpp,gemma,gen_3,SUCCESS,,False,,CWE-398,,,CWE-398,,1
gemma/gen_3/00002_3/0203_1384_D._GameGame.cpp,gemma,gen_3,FAILED,,False,,CWE-398,,,CWE-398,,2
gemma/gen_3/00002_3/0204_1406_A._Subset_Mex.cpp,gemma,gen_3,PARSE_ERROR,,True,CWE-190,,,CWE-190,,,1
gemma/gen_3/00002_3/0205_1427_B._Chess_Cheater.cpp,gemma,gen_3,FAILED,,False,,,,,,,1
gemma/gen_3/00002_3/0206_1473_G._Tiles.cpp,gemma,gen_3,PARSE_ERROR,,False,,CWE-398,,,CWE-398,,1
gemma/gen_3/00002_3/0209_155_A._I_love__username_.cpp,gemma,gen_3,SUCCESS,,False,,CWE-398,,,CWE-398,,1
gemma/gen_3/00002_3/0210_177_C1._Party.cpp,gemma,gen_3,TIMEOUT,,False,,CWE-398,,,CWE-398,,1
gemma/gen_3/00002_3/0212_221_C._Little_Elephant_and_Problem.cpp,gemma,gen_3,FAILED,,False,,,,,,,1
gemma/gen_3/00002_3/0216_341_B._Bubble_Sort_Graph.cpp,gemma,gen_3,TIMEOUT,,True,CWE-190,CWE-398,,CWE-190,CWE-398,,2
gemma/gen_3/00002_3/0217_364_D._Ghd.cpp,gemma,gen_3,TIMEOUT,,False,,CWE-398,,,CWE-398,,1
gemma/gen_3/00002_3/0218_388_C._Fox_and_Card_Game.cpp,gemma,gen_3,TIMEOUT,,True,CWE-122,CWE-398|CWE-786,,CWE-122,CWE-398|CWE-786,,2
gemma/gen_3/00002_3/0221_459_C._Pashmak_and_Buses.cpp,gemma,gen_3,TIMEOUT,,True,CWE-190,,,CWE-190,,,1
gemma/gen_3/00002_3/0223_505_B._Mr._Kitayuta_s_Colorful_Graph.cpp,gemma,gen_3,TIMEOUT,,False,,CWE-398|CWE-563,,,CWE-398|CWE-563,,1
gemma/gen_3/00002_3/0224_554_C._Kyoya_and_Colored_Balls.cpp,gemma,gen_3,SUCCESS,,False,,CWE-398,,,CWE-398,,1
gemma/gen_3/00002_3/0225_580_B._Kefa_and_Company.cpp,gemma,gen_3,SUCCESS,,False,,CWE-398,,,CWE-398,,1
gemma/gen_3/00002_3/0226_602_A._Two_Bases.cpp,gemma,gen_3,SUCCESS,,False,,CWE-398,,,CWE-398,,1
gemma/gen_3/00002_3/0227_624_D._Array_GCD.cpp,gemma,gen_3,TIMEOUT,,False,,CWE-398,,,CWE-398,,1
gemma/gen_3/00002_3/0228_673_A._Bear_and_Game.cpp,gemma,gen_3,FAILED,,False,,CWE-563,,,CWE-563,,2
gemma/gen_3/00002_3/0229_698_B._Fix_a_Tree.cpp,gemma,gen_3,FAILED,,False,,CWE-398|CWE-563|CWE-570,,,CWE-398|CWE-563|CWE-570,,2
gemma/gen_3/00002_3/0230_719_B._Anatoly_and_Cockroaches.cpp,gemma,gen_3,FAILED,,False,,,,,,,1
gemma/gen_3/00002_3/0234_833_A._The_Meaningless_Game.cpp,gemma,gen_3,SUCCESS,,False,,CWE-563,,,CWE-563,,1
gemma/gen_3/00002_3/0236_901_D._Weighting_a_Tree.cpp,gemma,gen_3,FAILED,,False,,CWE-563,,,CWE-563,,2
gemma/gen_3/00002_3/0237_924_A._Mystical_Mosaic.cpp,gemma,gen_3,TIMEOUT,,False,,CWE-563|CWE-571,,,CWE-563|CWE-571,,1
gemma/gen_3/00002_3/0240_999_F._Cards_and_Joy.cpp,gemma,gen_3,PARSE_ERROR,,False,,CWE-398,,,CWE-398,,1
gemma/gen_3/00002_3/0241_p02537_ACL_Beginner_Contest_-_Flat_Subsequence.cpp,gemma,gen_3,SUCCESS,,False,,CWE-398,,,CWE-398,,1
gemma/gen_3/00002_3/0242_p02668_NOMURA_Programming_Competition_2020_-_Sorting_Game.cpp,gemma,gen_3,SUCCESS,,False,,CWE-570,,,CWE-570,,1
gemma/gen_3/00002_3/0243_p02797_Keyence_Programming_Contest_2020_-_Subarray_Sum.cpp,gemma,gen_3,FAILED,,False,,,,,,,1
gemma/gen_3/00002_3/0245_p03069_Tenka1_Programmer_Beginner_Contest_2019_-_Stones.cpp,gemma,gen_3,FAILED,,False,,,,,,,1
gemma/gen_3/00002_3/0247_p03361_AtCoder_Beginner_Contest_096_-_Grid_Repainting_2.cpp,gemma,gen_3,PARSE_ERROR,,False,,CWE-398|CWE-563,,,CWE-398|CWE-563,,1
gemma/gen_3/00002_3/0248_p03519_CODE_FESTIVAL_2017_Elimination_Tournament_Round_1__Parallel__-_Paired_Parentheses.cpp,gemma,gen_3,TIMEOUT,,False,,CWE-398,,,CWE-398,,1
gemma/gen_3/00002_3/0249_p03837_AtCoder_Beginner_Contest_051_-_Candidates_of_No_Shortest_Paths.cpp,gemma,gen_3,PARSE_ERROR,,False,,CWE-398|CWE-563,,,CWE-398|CWE-563,,1
human/soln1/00000/0000_1012_E._Cycle_sort.cpp,human,soln1,PARSE_ERROR,,False,,CWE-398,,,CWE-398,,1
human/soln1/00000/0002_1060_A._Phone_Numbers.cpp,human,soln1,PARSE_ERROR,,False,,CWE-398,,,CWE-398,,1
human/soln1/00000/0003_1081_G._Mergesort_Strikes_Back.cpp,human,soln1,PARSE_ERROR,,True,CWE-125,CWE-398,,CWE-125,CWE-398,,2
human/soln1/00000/0004_1101_A._Minimum_Integer.cpp,human,soln1,PARSE_ERROR,,False,,CWE-398,,,CWE-398,,1
human/soln1/00000/0005_1129_D._Isolation.cpp,human,soln1,PARSE_ERROR,,False,,CWE-398,,,CWE-398,,1
human/soln1/00000/0008_1208_D._Restore_Permutation.cpp,human,soln1,PARSE_ERROR,,False,,CWE-398|CWE-457|CWE-563|CWE-571|CWE-788,,,CWE-398|CWE-457|CWE-563|CWE-571|CWE-788,,1
human/soln1/00000/0009_1227_D1._Optimal_Subsequences__Easy_Version_.cpp,human,soln1,PARSE_ERROR,,False,,CWE-398,,,CWE-398,,1
human/soln1/00000/0010_1269_E._K_Integers.cpp,human,soln1,PARSE_ERROR,,False,,CWE-398,,,CWE-398,,1
human/soln1/00000/0011_1291_E._Prefix_Enlightenment.cpp,human,soln1,PARSE_ERROR,,False,,CWE-119,,,CWE-119,,1
human/soln1/00000/0012_1311_F._Moving_Points.cpp,human,soln1,PARSE_ERROR,,False,,CWE-398,,,CWE-398,,1
human/soln1/00000/0014_1354_F._Summoning_Minions.cpp,human,soln1,PARSE_ERROR,,False,,CWE-686,,,CWE-686,,1
human/soln1/00000/0015_1374_E1._Reading_Books__easy_version_.cpp,human,soln1,PARSE_ERROR,,False,,CWE-398,,,CWE-398,,1
human/soln1/00000/0019_1466_F._Euclid_s_nightmare.cpp,human,soln1,PARSE_ERROR,,False,,CWE-571,,,CWE-571,,1
human/soln1/00000/0021_1513_C._Add_One.cpp,human,soln1,PARSE_ERROR,,False,,CWE-398,,,CWE-398,,1
human/soln1/00000/0022_1540_C1._Converging_Array__Easy_Version_.cpp,human,soln1,PARSE_ERROR,,False,,CWE-398,,,CWE-398,,1
human/soln1/00000/0024_20_B._Equation.cpp,human,soln1,PARSE_ERROR,,False,,CWE-398,,,CWE-398,,1
human/soln1/00000/0025_235_D._Graph_Game.cpp,human,soln1,PARSE_ERROR,,False,,CWE-398,,,CWE-398,,1
human/soln1/00000/0026_260_B._Ancient_Prophesy.cpp,human,soln1,PARSE_ERROR,,False,,CWE-477,,,CWE-477,,1
human/soln1/00000/0028_309_B._Context_Advertising.cpp,human,soln1,PARSE_ERROR,,False,,CWE-477,,,CWE-477,,1
human/soln1/00000/0029_331_E2._Deja_Vu.cpp,human,soln1,PARSE_ERROR,,False,,CWE-398,,,CWE-398,,1
human/soln1/00000/0035_494_D._Birthday.cpp,human,soln1,PARSE_ERROR,,False,,CWE-398|CWE-563,,,CWE-398|CWE-563,,1
human/soln1/00000/0036_519_B._A_and_B_and_Compilation_Errors.cpp,human,soln1,PARSE_ERROR,,True,CWE-190,,,CWE-190,,,1
human/soln1/00000/0037_545_C._Woodcutters.cpp,human,soln1,PARSE_ERROR,,False,,CWE-563,,,CWE-563,,1
human/soln1/00000/0038_571_E._Geometric_Progressions.cpp,human,soln1,PARSE_ERROR,,True,CWE-190,CWE-398|CWE-563,,CWE-190,CWE-398|CWE-563,,2
human/soln1/00000/0039_593_C._Beautiful_Function.cpp,human,soln1,PARSE_ERROR,,False,,CWE-398,,,CWE-398,,1
human/soln1/00000/0040_615_A._Bulbs.cpp,human,soln1,PARSE_ERROR,,False,,CWE-398,,,CWE-398,,1
human/soln1/00000/0041_634_C._Factory_Repairs.cpp,human,soln1,PARSE_ERROR,,False,,CWE-571,,,CWE-571,,1
human/soln1/00000/0046_754_E._Dasha_and_cyclic_table.cpp,human,soln1,PARSE_ERROR,,False,,CWE-119,,,CWE-119,,1
human/soln1/00000/0047_776_A._A_Serial_Killer.cpp,human,soln1,PARSE_ERROR,,False,,CWE-570,,,CWE-570,,1
human/soln1/00000/0048_7_B._Memory_Manager.cpp,human,soln1,PARSE_ERROR,,False,,CWE-398,,,CWE-398,,1
human/soln1/00000/0049_820_D._Mister_B_and_PR_Shifts.cpp,human,soln1,PARSE_ERROR,,False,,CWE-398,,,CWE-398,,1
human/soln1/00000/0053_915_A._Garden.cpp,human,soln1,PARSE_ERROR,,False,,CWE-457,,,CWE-457,,1
human/soln1/00000/0055_963_B._Destruction_of_a_Tree.cpp,human,soln1,PARSE_ERROR,,False,,CWE-398,,,CWE-398,,1
human/soln1/00000/0056_990_E._Post_Lamps.cpp,human,soln1,PARSE_ERROR,,False,,CWE-563,,,CWE-563,,1
human/soln1/00000/0057_p02613_AtCoder_Beginner_Contest_173_-_Judge_Status_Summary.cpp,human,soln1,PARSE_ERROR,,False,,CWE-119,,,CWE-119,,1
human/soln1/00000/0061_p03153_KEYENCE_Programming_Contest_2019_-_Connecting_Cities.cpp,human,soln1,PARSE_ERROR,,False,,CWE-457,,,CWE-457,,1
human/soln1/00000/0071_p00680_KND_Factory.cpp,human,soln1,PARSE_ERROR,,False,,CWE-398,,,CWE-398,,1
human/soln1/00000/0073_p00953_Animal_Companion_in_Maze.cpp,human,soln1,PARSE_ERROR,,False,,CWE-398,,,CWE-398,,1
human/soln1/00000/0075_p01222_Walk_under_a_Scorching_Sun.cpp,human,soln1,PARSE_ERROR,,False,,CWE-398,,,CWE-398,,1
human/soln1/00000/0076_p01356_Nearest_Station.cpp,human,soln1,PARSE_ERROR,,False,,CWE-398,,,CWE-398,,1
human/soln1/00000/0079_p01838_Optimal_Tournament.cpp,human,soln1,PARSE_ERROR,,False,,CWE-398|CWE-563,,,CWE-398|CWE-563,,1
human/soln1/00000/0080_p01974_Pigeonhole_principle.cpp,human,soln1,PARSE_ERROR,,False,,CWE-398,,,CWE-398,,1
human/soln1/00000/0083_p02408_Finding_Missing_Cards.cpp,human,soln1,FAILED,CWE-119,False,,,CWE-119,,,,1
human/soln1/00000/0085_1043_A._Elections.cpp,human,soln1,PARSE_ERROR,,False,,CWE-398,,,CWE-398,,1
human/soln1/00000/0095_1277_E._Two_Fairs.cpp,human,soln1,PARSE_ERROR,,False,,CWE-457,,,CWE-457,,1
human/soln1/00000/0098_1361_E._James_and_the_Chase.cpp,human,soln1,PARSE_ERROR,,False,,CWE-398,,,CWE-398,,1
human/soln1/00000/0100_1424_N._BubbleSquare_Tokens.cpp,human,soln1,PARSE_ERROR,,False,,CWE-252|CWE-398,,,CWE-252|CWE-398,,1
human/soln1/00000/0101_1446_D2._Frequency_Problem__Hard_Version_.cpp,human,soln1,PARSE_ERROR,,False,,CWE-398,,,CWE-398,,1
human/soln1/00000/0102_1470_E._Strange_Permutation.cpp,human,soln1,PARSE_ERROR,,False,,CWE-398,,,CWE-398,,1
human/soln1/00000/0104_151_C._Win_or_Freeze.cpp,human,soln1,PARSE_ERROR,,True,CWE-190,,,CWE-190,,,1
human/soln1/00000/0105_1547_C._Pair_Programming.cpp,human,soln1,TIMEOUT,,False,,CWE-398,,,CWE-398,,1
human/soln1/00000/0107_195_A._Let_s_Watch_Football.cpp,human,soln1,PARSE_ERROR,,False,,CWE-563,,,CWE-563,,1
human/soln1/00000/0109_242_C._King_s_Path.cpp,human,soln1,PARSE_ERROR,,False,,CWE-119|CWE-398,,,CWE-119|CWE-398,,1
human/soln1/00000/0113_339_A._Helpful_Maths.cpp,human,soln1,PARSE_ERROR,,False,,CWE-563,,,CWE-563,,1
human/soln1/00000/0115_385_A._Bear_and_Raspberry.cpp,human,soln1,PARSE_ERROR,,False,,CWE-398,,,CWE-398,,1
human/soln1/00000/0117_433_A._Kitahara_Haruki_s_Gift.cpp,human,soln1,PARSE_ERROR,,False,,CWE-398,,,CWE-398,,1
human/soln1/00000/0120_500_C._New_Year_Book_Reading.cpp,human,soln1,PARSE_ERROR,,False,,CWE-398,,,CWE-398,,1
human/soln1/00000/0122_551_B._ZgukistringZ.cpp,human,soln1,PARSE_ERROR,,False,,CWE-398,,,CWE-398,,1
human/soln1/00000/0124_5_A._Chat_Server_s_Outgoing_Traffic.cpp,human,soln1,PARSE_ERROR,,False,,CWE-563,,,CWE-563,,1
human/soln1/00000/0125_621_D._Rat_Kwesh_and_Cheese.cpp,human,soln1,PARSE_ERROR,,False,,CWE-398,,,CWE-398,,1
human/soln1/00000/0126_643_B._Bear_and_Two_Paths.cpp,human,soln1,PARSE_ERROR,,False,,CWE-563,,,CWE-563,,1
human/soln1/00000/0127_670_B._Game_of_Robots.cpp,human,soln1,PARSE_ERROR,,False,,CWE-563,,,CWE-563,,1
human/soln1/00000/0129_716_D._Complete_The_Graph.cpp,human,soln1,PARSE_ERROR,,False,,CWE-398,,,CWE-398,,1
human/soln1/00000/0130_737_A._Road_to_Cinema.cpp,human,soln1,PARSE_ERROR,,False,,CWE-398,,,CWE-398,,1
human/soln1/00000/0133_805_A._Fake_NP.cpp,human,soln1,PARSE_ERROR,,False,,CWE-398,,,CWE-398,,1
human/soln1/00000/0134_830_A._Office_Keys.cpp,human,soln1,PARSE_ERROR,,False,,CWE-398,,,CWE-398,,1
human/soln1/00000/0136_875_D._High_Cry.cpp,human,soln1,PARSE_ERROR,,False,,CWE-398,,,CWE-398,,1
human/soln1/00000/0137_89_C._Chip_Play.cpp,human,soln1,PARSE_ERROR,,False,,CWE-119|CWE-758,,,CWE-119|CWE-758,,1
human/soln1/00000/0138_920_E._Connected_Components_.cpp,human,soln1,PARSE_ERROR,,False,,CWE-398,,,CWE-398,,1
human/soln1/00000/0140_977_B._Two-gram.cpp,human,soln1,PARSE_ERROR,,False,,CWE-398,,,CWE-398,,1
human/soln1/00000/0142_p02652_AtCoder_Grand_Contest_045_-_01_Unbalanced.cpp,human,soln1,PARSE_ERROR,,False,,CWE-119,,,CWE-119,,1
human/soln1/00000/0146_p03194_CADDi_2018_for_Beginners_-_Product_and_GCD.cpp,human,soln1,SUCCESS,,False,,CWE-398,,,CWE-398,,1
human/soln1/00000/0150_p03819_AtCoder_Regular_Contest_068_-_Snuke_Line.cpp,human,soln1,PARSE_ERROR,,False,,CWE-788,,,CWE-788,,1
human/soln1/00000/0156_p00720_Earth_Observation_with_a_Mobile_Robot_Team.cpp,human,soln1,PARSE_ERROR,,False,,CWE-119|CWE-563,,,CWE-119|CWE-563,,1
human/soln1/00000/0157_p00860_The_Morning_after_Halloween.cpp,human,soln1,PARSE_ERROR,,False,,CWE-398,,,CWE-398,,1
human/soln1/00000/0159_p01123_Let_s_Move_Tiles_.cpp,human,soln1,PARSE_ERROR,,False,,CWE-398|CWE-562,,,CWE-398|CWE-562,,1
human/soln1/00000/0161_p01422_Beautiful_Currency.cpp,human,soln1,PARSE_ERROR,,False,,CWE-398,,,CWE-398,,1
human/soln1/00000/0163_p01738_Gravity_Point.cpp,human,soln1,PARSE_ERROR,,False,,CWE-119|CWE-398,,,CWE-119|CWE-398,,1
human/soln1/00000/0168_p02445_Swap.cpp,human,soln1,FAILED,CWE-119|CWE-476,False,,CWE-398,CWE-119|CWE-476,,CWE-398,,2
human/soln1/00000/0171_105_C._Item_World.cpp,human,soln1,PARSE_ERROR,,False,,CWE-398|CWE-457|CWE-563,,,CWE-398|CWE-457|CWE-563,,1
human/soln1/00000/0172_1081_D._Maximum_Distance.cpp,human,soln1,PARSE_ERROR,,False,,CWE-398|CWE-563,,,CWE-398|CWE-563,,1
human/soln1/00000/0175_1149_B._Three_Religions.cpp,human,soln1,PARSE_ERROR,,False,,CWE-398,,,CWE-398,,1
human/soln1/00000/0179_124_D._Squares.cpp,human,soln1,PARSE_ERROR,,False,,CWE-398|CWE-563,,,CWE-398|CWE-563,,1
human/soln1/00000/0181_1291_B._Array_Sharpening.cpp,human,soln1,PARSE_ERROR,,False,,CWE-457,,,CWE-457,,1
human/soln1/00000/0182_1311_C._Perform_the_Combo.cpp,human,soln1,PARSE_ERROR,,False,,CWE-119|CWE-398|CWE-686,,,CWE-119|CWE-398|CWE-686,,1
human/soln1/00000/0187_1420_D._Rescue_Nibel_.cpp,human,soln1,PARSE_ERROR,,False,,CWE-398|CWE-457,,,CWE-398|CWE-457,,1
human/soln1/00000/0188_1439_C._Greedy_Shopping.cpp,human,soln1,PARSE_ERROR,,False,,CWE-563,,,CWE-563,,1
human/soln1/00000/0190_1490_D._Permutation_Transformation.cpp,human,soln1,PARSE_ERROR,,False,,CWE-398,,,CWE-398,,1
human/soln1/00000/0199_354_B._Game_with_Strings.cpp,human,soln1,PARSE_ERROR,,False,,CWE-119,,,CWE-119,,1
human/soln1/00000/0200_378_C._Maze.cpp,human,soln1,PARSE_ERROR,,False,,CWE-398,,,CWE-398,,1
human/soln1/00000/0201_39_E._What_Has_Dirichlet_Got_to_Do_with_That_.cpp,human,soln1,PARSE_ERROR,,False,,CWE-398|CWE-758,,,CWE-398|CWE-758,,1
human/soln1/00000/0205_518_E._Arthur_and_Questions.cpp,human,soln1,PARSE_ERROR,,False,,CWE-119|CWE-398,,,CWE-119|CWE-398,,1
human/soln1/00000/0206_544_E._Remembering_Strings.cpp,human,soln1,PARSE_ERROR,,False,,CWE-119,,,CWE-119,,1
human/soln1/00000/0209_614_C._Peter_and_Snow_Blower.cpp,human,soln1,PARSE_ERROR,,False,,CWE-398,,,CWE-398,,1
human/soln1/00000/0212_687_A._NP-Hard_Problem.cpp,human,soln1,PARSE_ERROR,,False,,CWE-398,,,CWE-398,,1
human/soln1/00000/0213_709_E._Centroids.cpp,human,soln1,PARSE_ERROR,,False,,CWE-398,,,CWE-398,,1
human/soln1/00000/0214_730_G._Car_Repair_Shop.cpp,human,soln1,PARSE_ERROR,,False,,CWE-398,,,CWE-398,,1
human/soln1/00000/0216_774_K._Stepan_and_Vowels.cpp,human,soln1,PARSE_ERROR,,False,,CWE-477,,,CWE-477,,1
human/soln1/00000/0222_914_F._Substrings_in_a_String.cpp,human,soln1,PARSE_ERROR,,False,,CWE-119|CWE-398,,,CWE-119|CWE-398,,1
human/soln1/00000/0224_962_F._Simple_Cycles_Edges.cpp,human,soln1,PARSE_ERROR,,False,,CWE-398,,,CWE-398,,1
human/soln1/00000/0227_p02741_Panasonic_Programming_Contest_2020_-_Kth_Term.cpp,human,soln1,FAILED,CWE-119,False,,CWE-398,CWE-119,,CWE-398,,2
human/soln1/00000/0234_p03771_AtCoder_Grand_Contest_012_-_Camel_and_Oases.cpp,human,soln1,PARSE_ERROR,,False,,CWE-398,,,CWE-398,,1
human/soln1/00000/0235_p03940_AtCoder_Grand_Contest_007_-_Shik_and_Game.cpp,human,soln1,TIMEOUT,,False,,CWE-398,,,CWE-398,,1
human/soln1/00000/0237_p00163_Highway_Toll.cpp,human,soln1,PARSE_ERROR,,False,,CWE-398,,,CWE-398,,1
human/soln1/00000/0242_p00950_Infallibly_Crack_Perplexing_Cryptarithm.cpp,human,soln1,PARSE_ERROR,,False,,CWE-398|CWE-563,,,CWE-398|CWE-563,,1
human/soln1/00000/0243_p01083_RedBlue.cpp,human,soln1,PARSE_ERROR,,False,,CWE-398,,,CWE-398,,1
human/soln1/00000/0244_p01219_Private_Teacher.cpp,human,soln1,TIMEOUT,,False,,CWE-119,,,CWE-119,,1
human/soln1/00000/0245_p01353_Rabbit_Plays_Games_.cpp,human,soln1,PARSE_ERROR,,False,,CWE-398|CWE-571,,,CWE-398|CWE-571,,1
human/soln1/00000/0246_p01535_Markup_language_has_Declined.cpp,human,soln1,PARSE_ERROR,,False,,CWE-119|CWE-398,,,CWE-119|CWE-398,,1
human/soln1/00000/0247_p01691_Disappear_Drive.cpp,human,soln1,PARSE_ERROR,,False,,CWE-398,,,CWE-398,,1
human/soln1/00000/0248_p01835_Donut_Decoration.cpp,human,soln1,PARSE_ERROR,,False,,CWE-398,,,CWE-398,,1
human/soln1/00000/0249_p01970_The_Diversity_of_Prime_Factorization.cpp,human,soln1,PARSE_ERROR,,False,,CWE-398|CWE-563|CWE-571,,,CWE-398|CWE-563|CWE-571,,1
human/soln1/00000/0253_1007_E._Mini_Metro.cpp,human,soln1,PARSE_ERROR,,False,,CWE-563,,,CWE-563,,1
human/soln1/00000/0254_1030_E._Vasya_and_Good_Sequences.cpp,human,soln1,PARSE_ERROR,,False,,CWE-563,,,CWE-563,,1
human/soln1/00000/0255_1053_C._Putting_Boxes_Together.cpp,human,soln1,PARSE_ERROR,,False,,CWE-563,,,CWE-563,,1
human/soln1/00000/0256_1075_D._Intersecting_Subtrees.cpp,human,soln1,PARSE_ERROR,,False,,CWE-398|CWE-457|CWE-563,,,CWE-398|CWE-457|CWE-563,,1
human/soln1/00000/0257_1096_E._The_Top_Scorer.cpp,human,soln1,PARSE_ERROR,,False,,CWE-369|CWE-571,,,CWE-369|CWE-571,,1
human/soln1/00000/0260_1165_A._Remainder.cpp,human,soln1,PARSE_ERROR,,False,,CWE-398,,,CWE-398,,1
human/soln1/00000/0261_1184_B3._The_Doctor_Meets_Vader__Hard_.cpp,human,soln1,PARSE_ERROR,,False,,CWE-398|CWE-563,,,CWE-398|CWE-563,,1
human/soln1/00000/0263_1219_H._Function_Composition.cpp,human,soln1,PARSE_ERROR,,False,,CWE-398,,,CWE-398,,1
human/soln1/00000/0266_1285_C._Fadi_and_LCM.cpp,human,soln1,PARSE_ERROR,,False,,CWE-398|CWE-563,,,CWE-398|CWE-563,,1
human/soln1/00000/0269_1348_F._Phoenix_and_Memory.cpp,human,soln1,PARSE_ERROR,,False,,CWE-398,,,CWE-398,,1
human/soln1/00000/0272_1413_F._Roads_and_Ramen.cpp,human,soln1,PARSE_ERROR,,False,,CWE-398,,,CWE-398,,1
human/soln1/00000/0274_147_B._Smile_House.cpp,human,soln1,PARSE_ERROR,,True,,CWE-398|CWE-758,,,CWE-398|CWE-758,,2
human/soln1/00001/0000_152_E._Garden.cpp,human,soln1,PARSE_ERROR,,False,,CWE-398|CWE-563|CWE-571,,,CWE-398|CWE-563|CWE-571,,1
human/soln1/00001/0001_161_B._Discounts.cpp,human,soln1,PARSE_ERROR,,False,,CWE-398,,,CWE-398,,1
human/soln1/00001/0002_180_D._Name.cpp,human,soln1,PARSE_ERROR,,False,,CWE-119,,,CWE-119,,1
human/soln1/00001/0003_203_E._Transportation.cpp,human,soln1,PARSE_ERROR,,False,,CWE-398,,,CWE-398,,1
human/soln1/00001/0004_228_D._Zigzag.cpp,human,soln1,PARSE_ERROR,,False,,CWE-563,,,CWE-563,,1
human/soln1/00001/0005_252_B._Unsorting_Array.cpp,human,soln1,PARSE_ERROR,,False,,CWE-563,,,CWE-563,,1
human/soln1/00001/0006_277_C._Game.cpp,human,soln1,PARSE_ERROR,,False,,CWE-457,,,CWE-457,,1
human/soln1/00001/0008_323_C._Two_permutations.cpp,human,soln1,PARSE_ERROR,,False,,CWE-398,,,CWE-398,,1
human/soln1/00001/0009_348_A._Mafia.cpp,human,soln1,PARSE_ERROR,,False,,CWE-563,,,CWE-563,,1
human/soln1/00001/0011_392_D._Three_Arrays.cpp,human,soln1,PARSE_ERROR,,False,,CWE-398|CWE-476,,,CWE-398|CWE-476,,1
human/soln1/00001/0012_415_E._Mashmokh_and_Reverse_Operation.cpp,human,soln1,PARSE_ERROR,,False,,CWE-398,,,CWE-398,,1
human/soln1/00001/0013_442_C._Artem_and_Array_.cpp,human,soln1,PARSE_ERROR,,False,,CWE-398,,,CWE-398,,1
human/soln1/00001/0014_464_D._World_of_Darkraft_-_2.cpp,human,soln1,PARSE_ERROR,,False,,CWE-398|CWE-758,,,CWE-398|CWE-758,,1
human/soln1/00001/0016_512_B._Fox_And_Jumping.cpp,human,soln1,PARSE_ERROR,,False,,CWE-563,,,CWE-563,,1
human/soln1/00001/0017_536_C._Tavas_and_Pashmaks.cpp,human,soln1,PARSE_ERROR,,False,,CWE-563,,,CWE-563,,1
human/soln1/00001/0018_560_D._Equivalent_Strings.cpp,human,soln1,PARSE_ERROR,,False,,CWE-398,,,CWE-398,,1
human/soln1/00001/0019_586_F._Lizard_Era__Beginning.cpp,human,soln1,PARSE_ERROR,,False,,CWE-398,,,CWE-398,,1
human/soln1/00001/0023_67_E._Save_the_City_.cpp,human,soln1,PARSE_ERROR,,False,,CWE-398,,,CWE-398,,1
human/soln1/00001/0027_76_B._Mice.cpp,human,soln1,PARSE_ERROR,,False,,CWE-398,,,CWE-398,,1
human/soln1/00001/0029_814_C._An_impassioned_circulation_of_affection.cpp,human,soln1,PARSE_ERROR,,False,,CWE-119,,,CWE-119,,1
human/soln1/00001/0030_83_C._Track.cpp,human,soln1,PARSE_ERROR,,False,,CWE-398|CWE-563,,,CWE-398|CWE-563,,1
human/soln1/00001/0031_85_D._Sum_of_Medians.cpp,human,soln1,PARSE_ERROR,,False,,CWE-119,,,CWE-119,,1
human/soln1/00001/0032_886_D._Restoration_of_string.cpp,human,soln1,PARSE_ERROR,,False,,CWE-119|CWE-398,,,CWE-119|CWE-398,,1
human/soln1/00001/0037_p02574_AtCoder_Beginner_Contest_177_-_Coprime.cpp,human,soln1,PARSE_ERROR,,False,,CWE-398,,,CWE-398,,1
human/soln1/00001/0041_p03107_AtCoder_Beginner_Contest_120_-_Unification.cpp,human,soln1,PARSE_ERROR,,False,,CWE-457,,,CWE-457,,1
human/soln1/00001/0044_p03570_CODE_FESTIVAL_2017_qual_C_-_Yet_Another_Palindrome_Partitioning.cpp,human,soln1,PARSE_ERROR,,False,,CWE-119|CWE-563,,,CWE-119|CWE-563,,1
human/soln1/00001/0045_p03725_AtCoder_Grand_Contest_014_-_Closed_Rooms.cpp,human,soln1,PARSE_ERROR,,False,,CWE-119|CWE-398,,,CWE-119|CWE-398,,1
human/soln1/00001/0049_p00260_Cats_Going_Straight.cpp,human,soln1,PARSE_ERROR,,False,,CWE-398,,,CWE-398,,1
human/soln1/00001/0050_p00447_Searching_Constellation.cpp,human,soln1,PARSE_ERROR,,False,,CWE-398,,,CWE-398,,1
human/soln1/00001/0052_p00781_Lattice_Practices.cpp,human,soln1,TIMEOUT,,False,,CWE-398,,,CWE-398,,1
human/soln1/00001/0054_p01046_Yu-kun_Likes_a_lot_of_Money.cpp,human,soln1,PARSE_ERROR,,False,,CWE-398,,,CWE-398,,1
human/soln1/00001/0056_p01316_Differential_Pulse_Code_Modulation.cpp,human,soln1,SUCCESS,,False,,CWE-398,,,CWE-398,,1
human/soln1/00001/0057_p01484_Icy_Composer.cpp,human,soln1,PARSE_ERROR,,False,,CWE-119,,,CWE-119,,1
human/soln1/00001/0058_p01646_Dictionary.cpp,human,soln1,PARSE_ERROR,,False,,CWE-398,,,CWE-398,,1
human/soln1/00001/0060_p01931_Check_answers.cpp,human,soln1,FAILED,,False,,,,,,,1
human/soln1/00001/0061_p02069_Universal_and_Existential_Quantifiers.cpp,human,soln1,SUCCESS,,False,,CWE-398,,,CWE-398,,1
human/soln1/00001/0062_p02211_Apple_Adventure.cpp,human,soln1,PARSE_ERROR,,False,,CWE-398|CWE-457,,,CWE-398|CWE-457,,1
human/soln1/00001/0063_p02365_Minimum-Cost_Arborescence.cpp,human,soln1,PARSE_ERROR,,False,,CWE-398,,,CWE-398,,1
human/soln1/00001/0066_1046_D._Interstellar_battle.cpp,human,soln1,PARSE_ERROR,,False,,CWE-398,,,CWE-398,,1
human/soln1/00001/0067_1070_C._Cloud_Computing.cpp,human,soln1,PARSE_ERROR,,False,,CWE-563,,,CWE-563,,1
human/soln1/00001/0068_1091_G._New_Year_and_the_Factorisation_Collaboration.cpp,human,soln1,PARSE_ERROR,,False,,CWE-398|CWE-563|CWE-570|CWE-758,,,CWE-398|CWE-563|CWE-570|CWE-758,,1
human/soln1/00001/0070_1140_B._Good_String.cpp,human,soln1,PARSE_ERROR,,False,,CWE-119|CWE-398,,,CWE-119|CWE-398,,1
human/soln1/00001/0071_1158_F._Density_of_subarrays.cpp,human,soln1,PARSE_ERROR,,False,,CWE-398,,,CWE-398,,1
human/soln1/00001/0074_1216_D._Swords.cpp,human,soln1,PARSE_ERROR,,False,,CWE-369|CWE-398|CWE-563,,,CWE-369|CWE-398|CWE-563,,1
human/soln1/00001/0075_1239_E._Turtle.cpp,human,soln1,PARSE_ERROR,,True,CWE-125,,,CWE-125,,,1
human/soln1/00001/0076_1257_G._Divisor_Set.cpp,human,soln1,PARSE_ERROR,,False,,CWE-398,,,CWE-398,,1
human/soln1/00001/0080_1344_A._Hilbert_s_Hotel.cpp,human,soln1,PARSE_ERROR,,False,,CWE-398|CWE-563,,,CWE-398|CWE-563,,1
human/soln1/00001/0083_1408_A._Circle_Coloring.cpp,human,soln1,PARSE_ERROR,,False,,CWE-563,,,CWE-563,,1
human/soln1/00001/0085_1451_D._Circle_Game.cpp,human,soln1,PARSE_ERROR,,False,,CWE-398,,,CWE-398,,1
human/soln1/00001/0086_1475_D._Cleaning_the_Phone.cpp,human,soln1,PARSE_ERROR,,False,,CWE-398,,,CWE-398,,1
human/soln1/00001/0087_1500_B._Two_chandeliers.cpp,human,soln1,PARSE_ERROR,,False,,CWE-252|CWE-398,,,CWE-252|CWE-398,,1
human/soln1/00001/0093_248_A._Cupboards.cpp,human,soln1,PARSE_ERROR,,False,,CWE-563,,,CWE-563,,1
human/soln1/00001/0094_272_B._Dima_and_Sequence.cpp,human,soln1,PARSE_ERROR,,True,CWE-125,CWE-398|CWE-563|CWE-788,,CWE-125,CWE-398|CWE-563|CWE-788,,2
human/soln1/00001/0097_343_B._Alternating_Current.cpp,human,soln1,PARSE_ERROR,,False,,CWE-758,,,CWE-758,,1
human/soln1/00001/0098_366_D._Dima_and_Trap_Graph.cpp,human,soln1,PARSE_ERROR,,False,,CWE-398,,,CWE-398,,1
human/soln1/00001/0099_38_C._Blinds.cpp,human,soln1,PARSE_ERROR,,False,,CWE-398,,,CWE-398,,1
human/soln1/00001/0101_438_A._The_Child_and_Toy.cpp,human,soln1,PARSE_ERROR,,False,,CWE-786,,,CWE-786,,1
human/soln1/00001/0102_45_H._Road_Problem.cpp,human,soln1,PARSE_ERROR,,False,,CWE-398,,,CWE-398,,1
human/soln1/00001/0103_483_B._Friends_and_Presents.cpp,human,soln1,PARSE_ERROR,,False,,CWE-398,,,CWE-398,,1
human/soln1/00001/0106_582_A._GCD_Table.cpp,human,soln1,PARSE_ERROR,,False,,CWE-398,,,CWE-398,,1
human/soln1/00001/0107_604_A._Uncowed_Forces.cpp,human,soln1,PARSE_ERROR,,False,,CWE-398,,,CWE-398,,1
human/soln1/00001/0111_699_F._Limak_and_Shooting_Points.cpp,human,soln1,PARSE_ERROR,,False,,CWE-398,,,CWE-398,,1
human/soln1/00001/0112_720_C._Homework.cpp,human,soln1,PARSE_ERROR,,True,,CWE-398|CWE-788,,,CWE-398|CWE-788,,2
human/soln1/00001/0113_741_E._Arpa_s_abnormal_DNA_and_Mehrdad_s_deep_interest.cpp,human,soln1,PARSE_ERROR,,False,,CWE-398,,,CWE-398,,1
human/soln1/00001/0114_765_D._Artsem_and_Saunders.cpp,human,soln1,PARSE_ERROR,,False,,CWE-563,,,CWE-563,,1
human/soln1/00001/0115_789_A._Anastasia_and_pebbles.cpp,human,soln1,PARSE_ERROR,,False,,CWE-398,,,CWE-398,,1
human/soln1/00001/0118_855_D._Rowena_Ravenclaw_s_Diadem.cpp,human,soln1,PARSE_ERROR,,False,,CWE-398,,,CWE-398,,1
human/soln1/00001/0119_87_B._Vasya_and_Types.cpp,human,soln1,PARSE_ERROR,,False,,CWE-398,,,CWE-398,,1
human/soln1/00001/0121_925_E._May_Holidays.cpp,human,soln1,PARSE_ERROR,,False,,CWE-457,,,CWE-457,,1
human/soln1/00001/0122_954_F._Runner_s_Problem.cpp,human,soln1,PARSE_ERROR,,False,,CWE-398,,,CWE-398,,1
human/soln1/00001/0123_980_E._The_Number_Games.cpp,human,soln1,PARSE_ERROR,,False,,CWE-398|CWE-563|CWE-788,,,CWE-398|CWE-563|CWE-788,,1
human/soln1/00001/0125_p02548_AtCoder_Beginner_Contest_179_-_A_x_B___C.cpp,human,soln1,SUCCESS,,False,,CWE-398,,,CWE-398,,1
human/soln1/00001/0126_p02679_AtCoder_Beginner_Contest_168_-____Bullet_.cpp,human,soln1,PARSE_ERROR,,False,,CWE-398,,,CWE-398,,1
human/soln1/00001/0128_p02943_AtCoder_Grand_Contest_037_-_Reversing_and_Concatenating.cpp,human,soln1,TIMEOUT,,False,,CWE-119,,,CWE-119,,1
human/soln1/00001/0137_p00232_Life_Game.cpp,human,soln1,PARSE_ERROR,,False,,CWE-398,,,CWE-398,,1
human/soln1/00001/0138_p00395_Maze_and_Items.cpp,human,soln1,PARSE_ERROR,,False,,CWE-788,,,CWE-788,,1
human/soln1/00001/0139_p00610_Cleaning_Robot_2.cpp,human,soln1,FAILED,CWE-119,False,,,CWE-119,,,,1
human/soln1/00001/0145_p01458_Kth_Sentence.cpp,human,soln1,PARSE_ERROR,,False,,CWE-758,,,CWE-758,,1
human/soln1/00001/0148_p01904_Minimum_Enclosing_Rectangle.cpp,human,soln1,TIMEOUT,,False,,CWE-398|CWE-563,,,CWE-398|CWE-563,,1
human/soln1/00001/0152_p02472_Addition_of_Big_Integers.cpp,human,soln1,TIMEOUT,,False,,CWE-119|CWE-398|CWE-563,,,CWE-119|CWE-398|CWE-563,,1
human/soln1/00001/0153_1011_A._Stages.cpp,human,soln1,PARSE_ERROR,,False,,CWE-398,,,CWE-398,,1
human/soln1/00001/0157_10_B._Cinema_Cashier.cpp,human,soln1,PARSE_ERROR,,False,,CWE-398,,,CWE-398,,1
human/soln1/00001/0161_1187_G._Gang_Up.cpp,human,soln1,PARSE_ERROR,,True,CWE-190,CWE-398|CWE-563|CWE-570,,CWE-190,CWE-398|CWE-563|CWE-570,,2
human/soln1/00001/0162_1206_F._Almost_All.cpp,human,soln1,PARSE_ERROR,,False,,CWE-398|CWE-563,,,CWE-398|CWE-563,,1
human/soln1/00001/0164_1249_D1._Too_Many_Segments__easy_version_.cpp,human,soln1,PARSE_ERROR,,False,,CWE-686,,,CWE-686,,1
human/soln1/00001/0165_1267_L._Lexicography.cpp,human,soln1,PARSE_ERROR,,False,,CWE-119|CWE-398,,,CWE-119|CWE-398,,1
human/soln1/00001/0167_1310_B._Double_Elimination.cpp,human,soln1,PARSE_ERROR,,False,,CWE-398,,,CWE-398,,1
human/soln1/00001/0168_1332_G._No_Monotone_Triples.cpp,human,soln1,PARSE_ERROR,,False,,CWE-398,,,CWE-398,,1
human/soln1/00001/0170_1373_B._01_Game.cpp,human,soln1,PARSE_ERROR,,False,,CWE-398,,,CWE-398,,1
human/soln1/00001/0172_141_C._Queue.cpp,human,soln1,PARSE_ERROR,,False,,CWE-563,,,CWE-563,,1
human/soln1/00001/0174_1463_B._Find_The_Array.cpp,human,soln1,PARSE_ERROR,,False,,CWE-252,,,CWE-252,,1
human/soln1/00001/0176_1511_F._Chainword.cpp,human,soln1,ERROR,,True,,CWE-119|CWE-398|CWE-561,,,CWE-119|CWE-398|CWE-561,,2
human/soln1/00001/0177_1539_D._PriceFixed.cpp,human,soln1,PARSE_ERROR,,False,,CWE-398,,,CWE-398,,1
human/soln1/00001/0183_282_B._Painting_Eggs.cpp,human,soln1,PARSE_ERROR,,False,,CWE-563,,,CWE-563,,1
human/soln1/00001/0184_305_A._Strange_Addition.cpp,human,soln1,PARSE_ERROR,,False,,CWE-398,,,CWE-398,,1
human/soln1/00001/0185_331_A2._Oh_Sweet_Beaverette.cpp,human,soln1,PARSE_ERROR,,False,,CWE-457|CWE-563,,,CWE-457|CWE-563,,1
human/soln1/00001/0186_352_E._Jeff_and_Brackets.cpp,human,soln1,PARSE_ERROR,,False,,CWE-686,,,CWE-686,,1
human/soln1/00001/0188_399_C._Cards.cpp,human,soln1,PARSE_ERROR,,False,,CWE-758,,,CWE-758,,1
human/soln1/00001/0190_448_B._Suffix_Structures.cpp,human,soln1,PARSE_ERROR,,False,,CWE-398,,,CWE-398,,1
human/soln1/00001/0191_46_C._Hamsters_and_Tigers.cpp,human,soln1,PARSE_ERROR,,False,,CWE-398,,,CWE-398,,1
human/soln1/00001/0193_516_C._Drazil_and_Park.cpp,human,soln1,PARSE_ERROR,,False,,CWE-197|CWE-398,,,CWE-197|CWE-398,,1
human/soln1/00001/0195_56_E._Domino_Principle.cpp,human,soln1,PARSE_ERROR,,False,,CWE-398,,,CWE-398,,1
human/soln1/00001/0198_633_A._Ebony_and_Ivory.cpp,human,soln1,PARSE_ERROR,,False,,CWE-398|CWE-563,,,CWE-398|CWE-563,,1
human/soln1/00001/0199_685_D._Kay_and_Eternity.cpp,human,soln1,PARSE_ERROR,,False,,CWE-398|CWE-758,,,CWE-398|CWE-758,,1
human/soln1/00001/0201_750_F._New_Year_and_Finding_Roots.cpp,human,soln1,PARSE_ERROR,,True,,CWE-398,,,CWE-398,,2
human/soln1/00001/0202_774_D._Lie_or_Truth.cpp,human,soln1,PARSE_ERROR,,False,,CWE-398,,,CWE-398,,1
human/soln1/00001/0204_819_D._Mister_B_and_Astronomers.cpp,human,soln1,PARSE_ERROR,,False,,CWE-398,,,CWE-398,,1
human/soln1/00001/0205_845_B._Luba_And_The_Ticket.cpp,human,soln1,PARSE_ERROR,,False,,CWE-563,,,CWE-563,,1
human/soln1/00001/0210_961_F._k-substrings.cpp,human,soln1,PARSE_ERROR,,False,,CWE-119|CWE-398,,,CWE-119|CWE-398,,1
human/soln1/00001/0216_p03143_NIKKEI_Programming_Contest_2019_-_Weights_on_Vertices_and_Edges.cpp,human,soln1,PARSE_ERROR,,False,,CWE-398,,,CWE-398,,1
human/soln1/00001/0218_p03443_AtCoder_Petrozavodsk_Contest_001_-_Colorful_Doors.cpp,human,soln1,PARSE_ERROR,,False,,CWE-119|CWE-398|CWE-457,,,CWE-119|CWE-398|CWE-457,,1
human/soln1/00001/0219_p03603_AtCoder_Regular_Contest_083_-_Bichrome_Tree.cpp,human,soln1,TIMEOUT,,False,,CWE-398,,,CWE-398,,1
human/soln1/00001/0223_p00156_Moats_around_the_Castle.cpp,human,soln1,PARSE_ERROR,,False,,CWE-563,,,CWE-563,,1
human/soln1/00001/0225_p00483_Planetary_Exploration.cpp,human,soln1,TIMEOUT,,False,,CWE-119,,,CWE-119,,1
human/soln1/00001/0227_p00812_Equals_are_Equals.cpp,human,soln1,PARSE_ERROR,,False,,CWE-398|CWE-628,,,CWE-398|CWE-628,,1
human/soln1/00001/0229_p01076_Graph_Making.cpp,human,soln1,PARSE_ERROR,,False,,CWE-398,,,CWE-398,,1
human/soln1/00001/0230_p01210_Speed.cpp,human,soln1,PARSE_ERROR,,False,,CWE-398|CWE-563,,,CWE-398|CWE-563,,1
human/soln1/00001/0231_p01346_Ropeway.cpp,human,soln1,PARSE_ERROR,,False,,CWE-398,,,CWE-398,,1
human/soln1/00001/0232_p01516_Milky_Way.cpp,human,soln1,PARSE_ERROR,,False,,CWE-563,,,CWE-563,,1
human/soln1/00001/0235_p01963_Separate_String.cpp,human,soln1,PARSE_ERROR,,False,,CWE-398|CWE-563,,,CWE-398|CWE-563,,1
human/soln1/00001/0236_p02110_Settler.cpp,human,soln1,PARSE_ERROR,,False,,CWE-398,,,CWE-398,,1
human/soln1/00001/0237_p02250_Multiple_String_Matching.cpp,human,soln1,PARSE_ERROR,,False,,CWE-119|CWE-398,,,CWE-119|CWE-398,,1
human/soln1/00001/0238_p02398_How_Many_Divisors_.cpp,human,soln1,SUCCESS,,False,,CWE-457,,,CWE-457,,1
human/soln1/00001/0239_1016_C._Vasya_And_The_Mushrooms.cpp,human,soln1,PARSE_ERROR,,False,,CWE-563,,,CWE-563,,1
human/soln1/00001/0240_103_C._Russian_Roulette.cpp,human,soln1,PARSE_ERROR,,False,,CWE-398,,,CWE-398,,1
human/soln1/00001/0242_1084_C._The_Fair_Nut_and_String.cpp,human,soln1,PARSE_ERROR,,False,,CWE-119|CWE-398|CWE-563,,,CWE-119|CWE-398|CWE-563,,1
human/soln1/00001/0243_1103_E._Radix_sum.cpp,human,soln1,PARSE_ERROR,,False,,CWE-398|CWE-686,,,CWE-398|CWE-686,,1
human/soln1/00001/0244_1131_E._String_Multiplication.cpp,human,soln1,PARSE_ERROR,,False,,CWE-398,,,CWE-398,,1
human/soln1/00001/0246_1173_E2._Nauuo_and_Pictures__hard_version_.cpp,human,soln1,PARSE_ERROR,,False,,CWE-398|CWE-686,,,CWE-398|CWE-686,,1
human/soln1/00001/0247_1191_C._Tokitsukaze_and_Discard_Items.cpp,human,soln1,PARSE_ERROR,,False,,CWE-398,,,CWE-398,,1
human/soln1/00001/0248_120_C._Winnie-the-Pooh_and_honey.cpp,human,soln1,PARSE_ERROR,,False,,CWE-252|CWE-398,,,CWE-252|CWE-398,,1
human/soln1/00001/0251_1271_C._Shawarma_Tent.cpp,human,soln1,PARSE_ERROR,,False,,CWE-758,,,CWE-758,,1
human/soln1/00001/0252_1294_D._MEX_maximizing.cpp,human,soln1,PARSE_ERROR,,False,,CWE-563,,,CWE-563,,1
human/soln1/00001/0253_1315_D._Recommendations.cpp,human,soln1,PARSE_ERROR,,False,,CWE-563,,,CWE-563,,1
human/soln1/00001/0254_1336_F._Journey.cpp,human,soln1,PARSE_ERROR,,False,,CWE-398|CWE-783,,,CWE-398|CWE-783,,1
human/soln1/00001/0256_1379_F1._Chess_Strikes_Back__easy_version_.cpp,human,soln1,PARSE_ERROR,,False,,CWE-398,,,CWE-398,,1
human/soln1/00001/0257_139_D._Digits_Permutations.cpp,human,soln1,PARSE_ERROR,,True,CWE-125,CWE-119|CWE-788,,CWE-125,CWE-119|CWE-788,,2
human/soln1/00001/0258_1423_H._Virus.cpp,human,soln1,PARSE_ERROR,,False,,CWE-398|CWE-563,,,CWE-398|CWE-563,,1
human/soln1/00001/0259_1443_A._Kids_Seating.cpp,human,soln1,PARSE_ERROR,,False,,CWE-563,,,CWE-563,,1
human/soln1/00001/0260_1468_J._Road_Reform.cpp,human,soln1,PARSE_ERROR,,False,,CWE-398,,,CWE-398,,1
human/soln1/00001/0262_1515_I._Phoenix_and_Diamonds.cpp,human,soln1,TIMEOUT,,False,,CWE-398,,,CWE-398,,1
human/soln1/00001/0265_191_A._Dynasty_Puzzles.cpp,human,soln1,PARSE_ERROR,,False,,CWE-398|CWE-563,,,CWE-398|CWE-563,,1
human/soln1/00001/0270_312_D._Cats_Transport.cpp,human,soln1,PARSE_ERROR,,False,,CWE-398,,,CWE-398,,1
human/soln1/00001/0271_335_B._Palindrome.cpp,human,soln1,PARSE_ERROR,,False,,CWE-119,,,CWE-119,,1
human/soln1/00001/0272_358_B._Dima_and_Text_Messages.cpp,human,soln1,PARSE_ERROR,,False,,CWE-398,,,CWE-398,,1
human/soln1/00001/0274_401_E._Olympic_Games.cpp,human,soln1,PARSE_ERROR,,False,,CWE-197,,,CWE-197,,1
human/soln1/00001/0275_42_A._Guilty___to_the_kitchen_.cpp,human,soln1,PARSE_ERROR,,False,,CWE-398,,,CWE-398,,1
human/soln1/00001/0278_498_B._Name_That_Tune.cpp,human,soln1,PARSE_ERROR,,False,,CWE-704,,,CWE-704,,1
human/soln1/00001/0280_548_E._Mike_and_Foam.cpp,human,soln1,PARSE_ERROR,,False,,CWE-398,,,CWE-398,,1
human/soln1/00001/0282_596_E._Wilbur_and_Strings.cpp,human,soln1,PARSE_ERROR,,False,,CWE-119,,,CWE-119,,1
human/soln1/00001/0284_638_D._Three-dimensional_Turtle_Super_Computer_.cpp,human,soln1,PARSE_ERROR,,False,,CWE-398,,,CWE-398,,1
human/soln1/00001/0285_666_B._World_Tour.cpp,human,soln1,PARSE_ERROR,,False,,CWE-398,,,CWE-398,,1
human/soln1/00001/0287_712_D._Memory_and_Scores.cpp,human,soln1,PARSE_ERROR,,False,,CWE-563,,,CWE-563,,1
human/soln1/00001/0288_733_C._Epidemic_in_Monstropolis.cpp,human,soln1,PARSE_ERROR,,False,,CWE-563|CWE-571|CWE-786,,,CWE-563|CWE-571|CWE-786,,1
human/soln1/00001/0290_779_A._Pupils_Redistribution.cpp,human,soln1,PARSE_ERROR,,False,,CWE-398,,,CWE-398,,1
human/soln1/00001/0291_802_I._Fake_News__hard_.cpp,human,soln1,PARSE_ERROR,,False,,CWE-398,,,CWE-398,,1
human/soln1/00002/0007_993_D._Compute_Power.cpp,human,soln1,PARSE_ERROR,,False,,CWE-398,,,CWE-398,,1
human/soln1/00002/0013_p03318_AtCoder_Beginner_Contest_101_-_Snuke_Numbers.cpp,human,soln1,SUCCESS,,False,,CWE-398,,,CWE-398,,1
human/soln1/00002/0014_p03474_AtCoder_Beginner_Contest_084_-_Postal_Code.cpp,human,soln1,PARSE_ERROR,,False,,CWE-563,,,CWE-563,,1
human/soln1/00002/0016_p03794_Mujin_Programming_Challenge_2017_-_Oriented_Tree.cpp,human,soln1,TIMEOUT,,False,,CWE-398,,,CWE-398,,1
human/soln1/00002/0022_p00698_Missing_Numbers.cpp,human,soln1,PARSE_ERROR,,False,,CWE-398,,,CWE-398,,1
human/soln1/00002/0023_p00839_Organize_Your_Train.cpp,human,soln1,PARSE_ERROR,,False,,CWE-398,,,CWE-398,,1
human/soln1/00002/0025_p01103_A_Garden_with_Ponds.cpp,human,soln1,PARSE_ERROR,,False,,CWE-398,,,CWE-398,,1
human/soln1/00002/0026_p01240_Oil_Company.cpp,human,soln1,TIMEOUT,,False,,CWE-398,,,CWE-398,,1
human/soln1/00002/0027_p01402_Anipero.cpp,human,soln1,SUCCESS,,False,,CWE-119,,,CWE-119,,1
human/soln1/00002/0033_p02278_Minimum_Cost_Sort.cpp,human,soln1,TIMEOUT,,False,,CWE-563,,,CWE-563,,1
human/soln1/00002/0035_1008_D._Pave_the_Parallelepiped.cpp,human,soln1,PARSE_ERROR,,True,CWE-190,CWE-398,,CWE-190,CWE-398,,2
human/soln1/00002/0038_1076_B._Divisor_Subtraction.cpp,human,soln1,PARSE_ERROR,,False,,CWE-563,,,CWE-563,,1
human/soln1/00002/0040_1118_C._Palindromic_Matrix.cpp,human,soln1,PARSE_ERROR,,False,,CWE-398|CWE-563,,,CWE-398|CWE-563,,1
human/soln1/00002/0042_1165_E._Two_Arrays_and_Sum_of_Functions.cpp,human,soln1,PARSE_ERROR,,False,,CWE-686,,,CWE-686,,1
human/soln1/00002/0044_1203_A._Circle_of_Students.cpp,human,soln1,PARSE_ERROR,,False,,CWE-398|CWE-563,,,CWE-398|CWE-563,,1
human/soln1/00002/0048_1286_A._Garland.cpp,human,soln1,PARSE_ERROR,,True,CWE-125,,,CWE-125,,,1
human/soln1/00002/0049_1305_B._Kuroni_and_Simple_Strings.cpp,human,soln1,PARSE_ERROR,,False,,CWE-398,,,CWE-398,,1
human/soln1/00002/0050_1329_D._Dreamoon_Likes_Strings.cpp,human,soln1,PARSE_ERROR,,False,,CWE-119,,,CWE-119,,1
human/soln1/00002/0055_1433_C._Dominant_Piranha.cpp,human,soln1,PARSE_ERROR,,False,,CWE-398|CWE-563,,,CWE-398|CWE-563,,1
human/soln1/00002/0059_1534_D._Lost_Tree.cpp,human,soln1,PARSE_ERROR,,False,,CWE-398,,,CWE-398,,1
human/soln1/00002/0061_204_D._Little_Elephant_and_Retro_Strings.cpp,human,soln1,PARSE_ERROR,,False,,CWE-398,,,CWE-398,,1
human/soln1/00002/0062_229_C._Triangles.cpp,human,soln1,PARSE_ERROR,,False,,CWE-563,,,CWE-563,,1
human/soln1/00002/0064_278_B._New_Problem.cpp,human,soln1,PARSE_ERROR,,False,,CWE-398,,,CWE-398,,1
human/soln1/00002/0066_325_D._Reclamation.cpp,human,soln1,PARSE_ERROR,,False,,CWE-398|CWE-563,,,CWE-398|CWE-563,,1
human/soln1/00002/0067_348_E._Pilgrims.cpp,human,soln1,PARSE_ERROR,,False,,CWE-398,,,CWE-398,,1
human/soln1/00002/0069_393_C._Blocked_Points.cpp,human,soln1,PARSE_ERROR,,False,,CWE-398,,,CWE-398,,1
human/soln1/00002/0071_443_B._Kolya_and_Tandem_Repeat.cpp,human,soln1,PARSE_ERROR,,False,,CWE-119,,,CWE-119,,1
human/soln1/00002/0075_538_B._Quasi_Binary.cpp,human,soln1,PARSE_ERROR,,False,,CWE-398,,,CWE-398,,1
human/soln1/00002/0076_566_C._Logistical_Questions.cpp,human,soln1,PARSE_ERROR,,False,,CWE-398|CWE-563,,,CWE-398|CWE-563,,1
human/soln1/00002/0077_587_D._Duff_in_Mafia.cpp,human,soln1,PARSE_ERROR,,False,,CWE-398,,,CWE-398,,1
human/soln1/00002/0080_658_B._Bear_and_Displayed_Friends.cpp,human,soln1,PARSE_ERROR,,False,,CWE-398,,,CWE-398,,1
human/soln1/00002/0081_680_D._Bear_and_Tower_of_Cubes.cpp,human,soln1,PARSE_ERROR,,False,,CWE-563,,,CWE-563,,1
human/soln1/00002/0082_703_C._Chris_and_Road.cpp,human,soln1,PARSE_ERROR,,False,,CWE-252|CWE-772,,,CWE-252|CWE-772,,1
human/soln1/00002/0083_725_C._Hidden_Word.cpp,human,soln1,PARSE_ERROR,,False,,CWE-398,,,CWE-398,,1
human/soln1/00002/0084_747_C._Servers.cpp,human,soln1,PARSE_ERROR,,False,,CWE-398,,,CWE-398,,1
human/soln1/00002/0087_815_B._Karen_and_Test.cpp,human,soln1,PARSE_ERROR,,False,,CWE-398,,,CWE-398,,1
human/soln1/00002/0089_860_C._Tests_Renumeration.cpp,human,soln1,PARSE_ERROR,,False,,CWE-398|CWE-563,,,CWE-398|CWE-563,,1
human/soln1/00002/0090_887_B._Cubes_for_Masha.cpp,human,soln1,PARSE_ERROR,,False,,CWE-563,,,CWE-563,,1
human/soln1/00002/0093_958_F3._Lightsabers__hard_.cpp,human,soln1,PARSE_ERROR,,False,,CWE-398,,,CWE-398,,1
human/soln1/00002/0094_985_E._Pencils_and_Boxes.cpp,human,soln1,PARSE_ERROR,,True,CWE-125,,,CWE-125,,,1
human/soln1/00002/0097_p02838_AtCoder_Beginner_Contest_147_-_Xor_Sum_4.cpp,human,soln1,SUCCESS,,False,,CWE-398,,,CWE-398,,1
human/soln1/00002/0100_p03258_AtCoder_Grand_Contest_027_-_ABBreviate.cpp,human,soln1,PARSE_ERROR,,False,,CWE-119,,,CWE-119,,1
human/soln1/00002/0101_p03414_AtCoder_Regular_Contest_092_-_Two_Faced_Edges.cpp,human,soln1,PARSE_ERROR,,False,,CWE-783,,,CWE-783,,1
human/soln1/00002/0104_p03893_CODE_FESTIVAL_2016_Relay__Parallel__-_Trichotomy.cpp,human,soln1,FAILED,CWE-119,False,,,CWE-119,,,,1
human/soln1/00002/0106_p00131_Doctor_s_Strange_Particles.cpp,human,soln1,SUCCESS,,False,,CWE-398,,,CWE-398,,1
human/soln1/00002/0110_p00786_BUT_We_Need_a_Diagram.cpp,human,soln1,PARSE_ERROR,,False,,CWE-398|CWE-563,,,CWE-398|CWE-563,,1
human/soln1/00002/0111_p00918_Dragon_s_Cruller.cpp,human,soln1,PARSE_ERROR,,False,,CWE-398,,,CWE-398,,1
human/soln1/00002/0115_p01488_TransferTrain.cpp,human,soln1,PARSE_ERROR,,False,,CWE-398,,,CWE-398,,1
human/soln1/00002/0116_p01650_Stack_Maze.cpp,human,soln1,PARSE_ERROR,,False,,CWE-398,,,CWE-398,,1
human/soln1/00002/0118_p01935_Protect_from_the_enemy_attack.cpp,human,soln1,PARSE_ERROR,,False,,CWE-398,,,CWE-398,,1
human/soln1/00002/0119_p02074_N-by-M_grid_calculation.cpp,human,soln1,PARSE_ERROR,,False,,CWE-398,,,CWE-398,,1
human/soln1/00002/0120_p02216_Array_Game.cpp,human,soln1,PARSE_ERROR,,False,,CWE-398|CWE-563,,,CWE-398|CWE-563,,1
human/soln1/00002/0121_p02369_Cycle_Detection_for_a_Directed_Graph.cpp,human,soln1,TIMEOUT,,False,,CWE-398,,,CWE-398,,1
human/soln1/00002/0124_1045_F._Shady_Lady.cpp,human,soln1,PARSE_ERROR,,False,,CWE-398,,,CWE-398,,1
human/soln1/00002/0129_1157_E._Minimum_Array.cpp,human,soln1,PARSE_ERROR,,False,,CWE-398,,,CWE-398,,1
human/soln1/00002/0132_1215_B._The_Number_of_Products.cpp,human,soln1,PARSE_ERROR,,False,,CWE-563,,,CWE-563,,1
human/soln1/00002/0135_127_E._E-reader_Display.cpp,human,soln1,PARSE_ERROR,,False,,CWE-119,,,CWE-119,,1
human/soln1/00002/0137_1323_F._Reality_Show.cpp,human,soln1,PARSE_ERROR,,False,,CWE-398,,,CWE-398,,1
human/soln1/00002/0140_1384_F._Rearrange.cpp,human,soln1,PARSE_ERROR,,False,,CWE-398,,,CWE-398,,1
human/soln1/00002/0142_1427_D._Unshuffling_a_Deck.cpp,human,soln1,PARSE_ERROR,,False,,CWE-398|CWE-571,,,CWE-398|CWE-571,,1
human/soln1/00002/0144_1474_B._Different_Divisors.cpp,human,soln1,PARSE_ERROR,,False,,CWE-457|CWE-563|CWE-788,,,CWE-457|CWE-563|CWE-788,,1
human/soln1/00002/0145_149_D._Coloring_Brackets.cpp,human,soln1,PARSE_ERROR,,False,,CWE-119|CWE-398,,,CWE-119|CWE-398,,1
human/soln1/00002/0146_1523_D._Love-Hate.cpp,human,soln1,TIMEOUT,,True,CWE-190,,,CWE-190,,,1
human/soln1/00002/0147_155_C._Hometask.cpp,human,soln1,PARSE_ERROR,,False,,CWE-252|CWE-398,,,CWE-252|CWE-398,,1
human/soln1/00002/0148_177_D1._Encrypting_Messages.cpp,human,soln1,PARSE_ERROR,,False,,CWE-563,,,CWE-563,,1
human/soln1/00002/0151_245_F._Log_Stream_Analysis.cpp,human,soln1,PARSE_ERROR,,False,,CWE-398|CWE-477,,,CWE-398|CWE-477,,1
human/soln1/00002/0152_270_D._Greenhouse_Effect.cpp,human,soln1,PARSE_ERROR,,False,,CWE-398,,,CWE-398,,1
human/soln1/00002/0155_341_D._Iahub_and_Xors.cpp,human,soln1,PARSE_ERROR,,False,,CWE-398,,,CWE-398,,1
human/soln1/00002/0157_388_E._Fox_and_Meteor_Shower.cpp,human,soln1,PARSE_ERROR,,False,,CWE-398,,,CWE-398,,1
human/soln1/00002/0158_409_C._Magnum_Opus.cpp,human,soln1,PARSE_ERROR,,False,,CWE-398|CWE-563,,,CWE-398|CWE-563,,1
human/soln1/00002/0159_436_D._Pudding_Monsters.cpp,human,soln1,PARSE_ERROR,,True,CWE-125,,,CWE-125,,,1
human/soln1/00002/0161_480_D._Parcels.cpp,human,soln1,PARSE_ERROR,,False,,CWE-398,,,CWE-398,,1
human/soln1/00002/0162_505_D._Mr._Kitayuta_s_Technology.cpp,human,soln1,PARSE_ERROR,,False,,CWE-398,,,CWE-398,,1
human/soln1/00002/0169_698_D._Limak_and_Shooting_Points.cpp,human,soln1,PARSE_ERROR,,False,,CWE-398,,,CWE-398,,1
human/soln1/00002/0170_719_E._Sasha_and_Array.cpp,human,soln1,PARSE_ERROR,,False,,CWE-398|CWE-758,,,CWE-398|CWE-758,,1
human/soln1/00002/0171_740_B._Alyona_and_flowers.cpp,human,soln1,PARSE_ERROR,,False,,CWE-398,,,CWE-398,,1
human/soln1/00002/0173_787_C._Berzerk.cpp,human,soln1,PARSE_ERROR,,False,,CWE-398,,,CWE-398,,1
human/soln1/00002/0174_808_G._Anthem_of_Berland.cpp,human,soln1,PARSE_ERROR,,False,,CWE-398,,,CWE-398,,1
human/soln1/00002/0175_833_C._Ever-Hungry_Krakozyabra.cpp,human,soln1,PARSE_ERROR,,False,,CWE-119|CWE-398|CWE-563,,,CWE-119|CWE-398|CWE-563,,1
human/soln1/00002/0179_924_C._Riverside_Curio.cpp,human,soln1,PARSE_ERROR,,False,,CWE-252,,,CWE-252,,1
human/soln1/00002/0182_99_B._Help_Chef_Gerasim.cpp,human,soln1,PARSE_ERROR,,True,CWE-125,CWE-398,,CWE-125,CWE-398,,2
human/soln1/00002/0183_p02539_ACL_Beginner_Contest_-_Heights_and_Pairs.cpp,human,soln1,PARSE_ERROR,,False,,CWE-398,,,CWE-398,,1
human/soln1/00002/0184_p02670_AtCoder_Grand_Contest_044_-_Joker.cpp,human,soln1,PARSE_ERROR,,False,,CWE-398,,,CWE-398,,1
human/soln1/00002/0189_p03363_AtCoder_Grand_Contest_023_-_Zero-Sum_Ranges.cpp,human,soln1,PARSE_ERROR,,False,,CWE-398,,,CWE-398,,1
human/soln1/00002/0196_p00386_Gathering.cpp,human,soln1,PARSE_ERROR,,False,,CWE-398|CWE-571,,,CWE-398|CWE-571,,1
human/soln1/00002/0198_p00738_Roll-A-Big-Ball.cpp,human,soln1,PARSE_ERROR,,False,,CWE-398,,,CWE-398,,1
human/soln1/00002/0199_p00878_Origami_Through-Hole.cpp,human,soln1,PARSE_ERROR,,False,,CWE-398,,,CWE-398,,1
human/soln1/00002/0200_p01009_Room_of_Time_and_Spirit.cpp,human,soln1,TIMEOUT,,False,,CWE-398,,,CWE-398,,1
human/soln1/00002/0201_p01141_Lifeguard_in_the_Pool.cpp,human,soln1,PARSE_ERROR,,False,,CWE-398,,,CWE-398,,1
human/soln1/00002/0203_p01450_My_friends_are_small.cpp,human,soln1,SUCCESS,,False,,CWE-398|CWE-563,,,CWE-398|CWE-563,,1
human/soln1/00002/0205_p01756_Longest_Match.cpp,human,soln1,FAILED,CWE-476,False,,CWE-398,CWE-476,,CWE-398,,2
human/soln1/00002/0216_1109_F._Sasha_and_Algorithm_of_Silence_s_Sounds.cpp,human,soln1,PARSE_ERROR,,False,,CWE-398|CWE-783,,,CWE-398|CWE-783,,1
human/soln1/00002/0218_1157_C2._Increasing_Subsequence__hard_version_.cpp,human,soln1,PARSE_ERROR,,False,,CWE-398|CWE-563,,,CWE-398|CWE-563,,1
human/soln1/00002/0224_127_C._Hot_Bath.cpp,human,soln1,PARSE_ERROR,,False,,CWE-457|CWE-570,,,CWE-457|CWE-570,,1
human/soln1/00002/0225_12_B._Correct_Solution_.cpp,human,soln1,PARSE_ERROR,,False,,CWE-477,,,CWE-477,,1
human/soln1/00002/0227_1342_C._Yet_Another_Counting_Problem.cpp,human,soln1,PARSE_ERROR,,False,,CWE-398,,,CWE-398,,1
human/soln1/00002/0228_1364_C._Ehab_and_Prefix_MEXs.cpp,human,soln1,PARSE_ERROR,,False,,CWE-398,,,CWE-398,,1
human/soln1/00002/0231_1427_B._Chess_Cheater.cpp,human,soln1,PARSE_ERROR,,False,,CWE-119|CWE-563,,,CWE-119|CWE-563,,1
human/soln1/00002/0232_1450_B._Balls_of_Steel.cpp,human,soln1,PARSE_ERROR,,False,,CWE-398|CWE-457|CWE-563,,,CWE-398|CWE-457|CWE-563,,1
human/soln1/00002/0233_1473_G._Tiles.cpp,human,soln1,PARSE_ERROR,,False,,CWE-398,,,CWE-398,,1
human/soln1/00002/0234_149_B._Martian_Clock.cpp,human,soln1,PARSE_ERROR,,False,,CWE-398,,,CWE-398,,1
human/soln1/00002/0235_1523_B._Lord_of_the_Values.cpp,human,soln1,PARSE_ERROR,,False,,CWE-398|CWE-563,,,CWE-398|CWE-563,,1
human/soln1/00002/0237_177_C1._Party.cpp,human,soln1,PARSE_ERROR,,False,,CWE-398|CWE-563,,,CWE-398|CWE-563,,1
human/soln1/00002/0242_293_D._Ksusha_and_Square.cpp,human,soln1,PARSE_ERROR,,False,,CWE-398,,,CWE-398,,1
human/soln1/00002/0248_436_B._Om_Nom_and_Spiders.cpp,human,soln1,PARSE_ERROR,,False,,CWE-398,,,CWE-398,,1
human/soln1/00002/0249_459_C._Pashmak_and_Buses.cpp,human,soln1,PARSE_ERROR,,False,,CWE-398|CWE-570,,,CWE-398|CWE-570,,1
human/soln1/00002/0250_480_B._Long_Jumps.cpp,human,soln1,PARSE_ERROR,,False,,CWE-563,,,CWE-563,,1
human/soln1/00002/0251_505_B._Mr._Kitayuta_s_Colorful_Graph.cpp,human,soln1,PARSE_ERROR,,False,,CWE-398,,,CWE-398,,1
human/soln1/00002/0252_529_A._And_Yet_Another_Bracket_Sequence.cpp,human,soln1,PARSE_ERROR,,False,,CWE-119|CWE-398|CWE-570,,,CWE-119|CWE-398|CWE-570,,1
human/soln1/00002/0256_624_D._Array_GCD.cpp,human,soln1,PARSE_ERROR,,False,,CWE-563,,,CWE-563,,1
human/soln1/00002/0257_673_A._Bear_and_Game.cpp,human,soln1,PARSE_ERROR,,False,,CWE-563,,,CWE-563,,1
human/soln1/00002/0258_698_B._Fix_a_Tree.cpp,human,soln1,PARSE_ERROR,,False,,CWE-398,,,CWE-398,,1
human/soln1/00002/0259_719_B._Anatoly_and_Cockroaches.cpp,human,soln1,PARSE_ERROR,,False,,CWE-563,,,CWE-563,,1
human/soln1/00002/0260_73_F._Plane_of_Tanks.cpp,human,soln1,PARSE_ERROR,,False,,CWE-398,,,CWE-398,,1
human/soln1/00002/0261_763_D._Timofey_and_a_flat_tree.cpp,human,soln1,PARSE_ERROR,,False,,CWE-398,,,CWE-398,,1
human/soln1/00002/0265_853_D._Michael_and_Charging_Stations.cpp,human,soln1,PARSE_ERROR,,False,,CWE-398|CWE-772,,,CWE-398|CWE-772,,1
human/soln1/00002/0267_901_D._Weighting_a_Tree.cpp,human,soln1,PARSE_ERROR,,False,,CWE-686,,,CWE-686,,1
human/soln1/00002/0269_952_C._Ravioli_Sort.cpp,human,soln1,PARSE_ERROR,,False,,CWE-457,,,CWE-457,,1
human/soln1/00002/0270_979_E._Kuro_and_Topological_Parity.cpp,human,soln1,PARSE_ERROR,,False,,CWE-563,,,CWE-563,,1
human/soln1/00002/0271_999_F._Cards_and_Joy.cpp,human,soln1,PARSE_ERROR,,False,,CWE-398,,,CWE-398,,1
human/soln1/00002/0273_p02668_NOMURA_Programming_Competition_2020_-_Sorting_Game.cpp,human,soln1,PARSE_ERROR,,False,,CWE-398,,,CWE-398,,1
human/soln1/00002/0276_p03069_Tenka1_Programmer_Beginner_Contest_2019_-_Stones.cpp,human,soln1,PARSE_ERROR,,False,,CWE-398,,,CWE-398,,1
human/soln1/00002/0280_p03684_AtCoder_Regular_Contest_076_-_Built_.cpp,human,soln1,PARSE_ERROR,,False,,CWE-398,,,CWE-398,,1
human/soln2/00000/0001_1037_E._Trips.cpp,human,soln2,PARSE_ERROR,,False,,CWE-398,,,CWE-398,,1
human/soln2/00000/0003_1081_G._Mergesort_Strikes_Back.cpp,human,soln2,PARSE_ERROR,,True,CWE-125,CWE-398,,CWE-125,CWE-398,,2
human/soln2/00000/0005_1129_D._Isolation.cpp,human,soln2,PARSE_ERROR,,False,,CWE-398|CWE-571,,,CWE-398|CWE-571,,1
human/soln2/00000/0006_1149_E._Election_Promises.cpp,human,soln2,PARSE_ERROR,,False,,CWE-398,,,CWE-398,,1
human/soln2/00000/0007_1189_D1._Add_on_a_Tree.cpp,human,soln2,PARSE_ERROR,,False,,CWE-563,,,CWE-563,,1
human/soln2/00000/0010_1269_E._K_Integers.cpp,human,soln2,PARSE_ERROR,,False,,CWE-398|CWE-563,,,CWE-398|CWE-563,,1
human/soln2/00000/0011_1291_E._Prefix_Enlightenment.cpp,human,soln2,PARSE_ERROR,,False,,CWE-119,,,CWE-119,,1
human/soln2/00000/0014_1354_F._Summoning_Minions.cpp,human,soln2,PARSE_ERROR,,False,,CWE-398,,,CWE-398,,1
human/soln2/00000/0017_1421_B._Putting_Bricks_in_the_Wall.cpp,human,soln2,PARSE_ERROR,,False,,CWE-563,,,CWE-563,,1
human/soln2/00000/0019_1466_F._Euclid_s_nightmare.cpp,human,soln2,PARSE_ERROR,,False,,CWE-398,,,CWE-398,,1
human/soln2/00000/0020_1490_G._Old_Floppy_Drive_.cpp,human,soln2,PARSE_ERROR,,False,,CWE-398,,,CWE-398,,1
human/soln2/00000/0026_260_B._Ancient_Prophesy.cpp,human,soln2,PARSE_ERROR,,False,,CWE-398|CWE-457,,,CWE-398|CWE-457,,1
human/soln2/00000/0028_309_B._Context_Advertising.cpp,human,soln2,PARSE_ERROR,,False,,CWE-457,,,CWE-457,,1
human/soln2/00000/0029_331_E2._Deja_Vu.cpp,human,soln2,PARSE_ERROR,,False,,CWE-398,,,CWE-398,,1
human/soln2/00000/0030_354_E._Lucky_Number_Representation.cpp,human,soln2,PARSE_ERROR,,False,,CWE-252|CWE-398|CWE-772,,,CWE-252|CWE-398|CWE-772,,1
human/soln2/00000/0038_571_E._Geometric_Progressions.cpp,human,soln2,PARSE_ERROR,,True,CWE-190,CWE-398|CWE-457,,CWE-190,CWE-398|CWE-457,,2
human/soln2/00000/0039_593_C._Beautiful_Function.cpp,human,soln2,PARSE_ERROR,,False,,CWE-398,,,CWE-398,,1
human/soln2/00000/0046_754_E._Dasha_and_cyclic_table.cpp,human,soln2,PARSE_ERROR,,False,,CWE-119,,,CWE-119,,1
human/soln2/00000/0048_7_B._Memory_Manager.cpp,human,soln2,PARSE_ERROR,,False,,CWE-119|CWE-398,,,CWE-119|CWE-398,,1
human/soln2/00000/0050_846_E._Chemistry_in_Berland.cpp,human,soln2,PARSE_ERROR,,True,CWE-190,CWE-398,,CWE-190,CWE-398,,2
human/soln2/00000/0053_915_A._Garden.cpp,human,soln2,PARSE_ERROR,,False,,CWE-369,,,CWE-369,,1
human/soln2/00000/0055_963_B._Destruction_of_a_Tree.cpp,human,soln2,PARSE_ERROR,,False,,CWE-563,,,CWE-563,,1
human/soln2/00000/0058_p02744_Panasonic_Programming_Contest_2020_-_String_Equivalence.cpp,human,soln2,PARSE_ERROR,,False,,CWE-398,,,CWE-398,,1
human/soln2/00000/0061_p03153_KEYENCE_Programming_Contest_2019_-_Connecting_Cities.cpp,human,soln2,FAILED,CWE-119,False,,,CWE-119,,,,1
human/soln2/00000/0063_p03455_AtCoder_Beginner_Contest_086_-_Product.cpp,human,soln2,PARSE_ERROR,,False,,CWE-563,,,CWE-563,,1
human/soln2/00000/0070_p00493_Zig-Zag_Numbers.cpp,human,soln2,PARSE_ERROR,,False,,CWE-119,,,CWE-119,,1
human/soln2/00000/0072_p00822_Weather_Forecast.cpp,human,soln2,PARSE_ERROR,,False,,CWE-398,,,CWE-398,,1
human/soln2/00000/0073_p00953_Animal_Companion_in_Maze.cpp,human,soln2,PARSE_ERROR,,False,,CWE-398,,,CWE-398,,1
human/soln2/00000/0075_p01222_Walk_under_a_Scorching_Sun.cpp,human,soln2,PARSE_ERROR,,False,,CWE-398|CWE-563,,,CWE-398|CWE-563,,1
human/soln2/00000/0077_p01538_Kakezan.cpp,human,soln2,SUCCESS,,False,,CWE-398,,,CWE-398,,1
human/soln2/00000/0079_p01838_Optimal_Tournament.cpp,human,soln2,PARSE_ERROR,,False,,CWE-398,,,CWE-398,,1
human/soln2/00000/0080_p01974_Pigeonhole_principle.cpp,human,soln2,PARSE_ERROR,,False,,CWE-398,,,CWE-398,,1
human/soln2/00000/0081_p02120_Cluster_Network.cpp,human,soln2,PARSE_ERROR,,False,,CWE-398,,,CWE-398,,1
human/soln2/00000/0082_p02260_Selection_Sort.cpp,human,soln2,FAILED,CWE-119,False,,CWE-398|CWE-563,CWE-119,,CWE-398|CWE-563,,2
human/soln2/00000/0083_p02408_Finding_Missing_Cards.cpp,human,soln2,FAILED,CWE-119,False,,CWE-398,CWE-119,,CWE-398,,2
human/soln2/00000/0084_101_C._Vectors.cpp,human,soln2,PARSE_ERROR,,False,,CWE-563,,,CWE-563,,1
human/soln2/00000/0086_1065_F._Up_and_Down_the_Tree.cpp,human,soln2,PARSE_ERROR,,False,,CWE-398,,,CWE-398,,1
human/soln2/00000/0090_1155_A._Reverse_a_Substring.cpp,human,soln2,PARSE_ERROR,,False,,CWE-563,,,CWE-563,,1
human/soln2/00000/0092_1195_D2._Submarine_in_the_Rybinsk_Sea__hard_edition_.cpp,human,soln2,PARSE_ERROR,,False,,CWE-398,,,CWE-398,,1
human/soln2/00000/0094_1253_F._Cheap_Robot.cpp,human,soln2,PARSE_ERROR,,False,,CWE-398,,,CWE-398,,1
human/soln2/00000/0095_1277_E._Two_Fairs.cpp,human,soln2,PARSE_ERROR,,False,,CWE-398,,,CWE-398,,1
human/soln2/00000/0096_1320_F._Blocks_and_Sensors.cpp,human,soln2,PARSE_ERROR,,False,,CWE-563,,,CWE-563,,1
human/soln2/00000/0098_1361_E._James_and_the_Chase.cpp,human,soln2,PARSE_ERROR,,False,,CWE-398|CWE-563,,,CWE-398|CWE-563,,1
human/soln2/00000/0100_1424_N._BubbleSquare_Tokens.cpp,human,soln2,PARSE_ERROR,,False,,CWE-398,,,CWE-398,,1
human/soln2/00000/0102_1470_E._Strange_Permutation.cpp,human,soln2,PARSE_ERROR,,False,,CWE-398,,,CWE-398,,1
human/soln2/00000/0105_1547_C._Pair_Programming.cpp,human,soln2,SUCCESS,,False,,CWE-398,,,CWE-398,,1
human/soln2/00000/0106_174_E._Ancient_Berland_Hieroglyphs.cpp,human,soln2,PARSE_ERROR,,True,CWE-122,CWE-398|CWE-686,,CWE-122,CWE-398|CWE-686,,2
human/soln2/00000/0107_195_A._Let_s_Watch_Football.cpp,human,soln2,PARSE_ERROR,,False,,CWE-398,,,CWE-398,,1
human/soln2/00000/0110_268_A._Games.cpp,human,soln2,PARSE_ERROR,,False,,CWE-563,,,CWE-563,,1
human/soln2/00000/0119_478_A._Initial_Bet.cpp,human,soln2,PARSE_ERROR,,False,,CWE-563,,,CWE-563,,1
human/soln2/00000/0120_500_C._New_Year_Book_Reading.cpp,human,soln2,PARSE_ERROR,,False,,CWE-563,,,CWE-563,,1
human/soln2/00000/0121_526_A._King_of_Thieves.cpp,human,soln2,PARSE_ERROR,,False,,CWE-119,,,CWE-119,,1
human/soln2/00000/0122_551_B._ZgukistringZ.cpp,human,soln2,PARSE_ERROR,,False,,CWE-398|CWE-563,,,CWE-398|CWE-563,,1
human/soln2/00000/0125_621_D._Rat_Kwesh_and_Cheese.cpp,human,soln2,PARSE_ERROR,,False,,CWE-398,,,CWE-398,,1
human/soln2/00000/0128_691_D._Swaps_in_Permutation.cpp,human,soln2,PARSE_ERROR,,False,,CWE-398,,,CWE-398,,1
human/soln2/00000/0131_760_F._Bacterial_Melee.cpp,human,soln2,PARSE_ERROR,,False,,CWE-119,,,CWE-119,,1
human/soln2/00000/0132_784_B._Kids__Riddle.cpp,human,soln2,PARSE_ERROR,,False,,CWE-398,,,CWE-398,,1
human/soln2/00000/0136_875_D._High_Cry.cpp,human,soln2,PARSE_ERROR,,False,,CWE-398|CWE-563,,,CWE-398|CWE-563,,1
human/soln2/00000/0137_89_C._Chip_Play.cpp,human,soln2,PARSE_ERROR,,False,,CWE-398,,,CWE-398,,1
human/soln2/00000/0138_920_E._Connected_Components_.cpp,human,soln2,PARSE_ERROR,,False,,CWE-398,,,CWE-398,,1
human/soln2/00000/0139_949_C._Data_Center_Maintenance.cpp,human,soln2,PARSE_ERROR,,False,,CWE-398,,,CWE-398,,1
human/soln2/00000/0140_977_B._Two-gram.cpp,human,soln2,PARSE_ERROR,,False,,CWE-398|CWE-563,,,CWE-398|CWE-563,,1
human/soln2/00000/0145_p03052_diverta_2019_Programming_Contest_-_Edge_Ordering.cpp,human,soln2,PARSE_ERROR,,False,,CWE-398,,,CWE-398,,1
human/soln2/00000/0155_p00573_Commuter_Pass.cpp,human,soln2,PARSE_ERROR,,False,,CWE-563,,,CWE-563,,1
human/soln2/00000/0156_p00720_Earth_Observation_with_a_Mobile_Robot_Team.cpp,human,soln2,PARSE_ERROR,,False,,CWE-398,,,CWE-398,,1
human/soln2/00000/0157_p00860_The_Morning_after_Halloween.cpp,human,soln2,PARSE_ERROR,,False,,CWE-398,,,CWE-398,,1
human/soln2/00000/0160_p01262_Adaptive_Time_Slicing_Quantization.cpp,human,soln2,TIMEOUT,,False,,CWE-398,,,CWE-398,,1
human/soln2/00000/0161_p01422_Beautiful_Currency.cpp,human,soln2,PARSE_ERROR,,False,,CWE-398,,,CWE-398,,1
human/soln2/00000/0162_p01576_Exciting_Bicycle.cpp,human,soln2,PARSE_ERROR,,False,,CWE-398,,,CWE-398,,1
human/soln2/00000/0163_p01738_Gravity_Point.cpp,human,soln2,PARSE_ERROR,,False,,CWE-119|CWE-398,,,CWE-119|CWE-398,,1
human/soln2/00000/0164_p01878_Destiny_Draw.cpp,human,soln2,TIMEOUT,,False,,CWE-398,,,CWE-398,,1
human/soln2/00000/0165_p02014_Rough_Sorting.cpp,human,soln2,PARSE_ERROR,,False,,CWE-398,,,CWE-398,,1
human/soln2/00000/0167_p02298_Is-Convex.cpp,human,soln2,PARSE_ERROR,,False,,CWE-398|CWE-783,,,CWE-398|CWE-783,,1
human/soln2/00000/0170_1037_B._Reach_Median.cpp,human,soln2,PARSE_ERROR,,True,CWE-125,CWE-398,,CWE-125,CWE-398,,2
human/soln2/00000/0171_105_C._Item_World.cpp,human,soln2,PARSE_ERROR,,False,,CWE-398,,,CWE-398,,1
human/soln2/00000/0172_1081_D._Maximum_Distance.cpp,human,soln2,PARSE_ERROR,,False,,CWE-563,,,CWE-563,,1
human/soln2/00000/0174_1129_A2._Toy_Train.cpp,human,soln2,PARSE_ERROR,,False,,CWE-398,,,CWE-398,,1
human/soln2/00000/0175_1149_B._Three_Religions.cpp,human,soln2,PARSE_ERROR,,False,,CWE-119|CWE-571,,,CWE-119|CWE-571,,1
human/soln2/00000/0176_1189_A._Keanu_Reeves.cpp,human,soln2,PARSE_ERROR,,False,,CWE-119,,,CWE-119,,1
human/soln2/00000/0179_124_D._Squares.cpp,human,soln2,PARSE_ERROR,,False,,CWE-398|CWE-758,,,CWE-398|CWE-758,,1
human/soln2/00000/0181_1291_B._Array_Sharpening.cpp,human,soln2,PARSE_ERROR,,False,,CWE-563,,,CWE-563,,1
human/soln2/00000/0184_1354_C2._Not_So_Simple_Polygon_Embedding.cpp,human,soln2,PARSE_ERROR,,False,,CWE-398|CWE-758|CWE-788,,,CWE-398|CWE-758|CWE-788,,1
human/soln2/00000/0189_1466_C._Canine_poetry.cpp,human,soln2,PARSE_ERROR,,False,,CWE-563,,,CWE-563,,1
human/soln2/00000/0190_1490_D._Permutation_Transformation.cpp,human,soln2,PARSE_ERROR,,False,,CWE-457|CWE-563,,,CWE-457|CWE-563,,1
human/soln2/00000/0193_209_B._Pixels.cpp,human,soln2,PARSE_ERROR,,False,,CWE-398|CWE-686,,,CWE-398|CWE-686,,1
human/soln2/00000/0194_235_A._LCM_Challenge.cpp,human,soln2,PARSE_ERROR,,False,,CWE-563,,,CWE-563,,1
human/soln2/00000/0195_25_D._Roads_not_only_in_Berland.cpp,human,soln2,PARSE_ERROR,,False,,CWE-398|CWE-563|CWE-786,,,CWE-398|CWE-563|CWE-786,,1
human/soln2/00000/0199_354_B._Game_with_Strings.cpp,human,soln2,PARSE_ERROR,,False,,CWE-119,,,CWE-119,,1
human/soln2/00000/0201_39_E._What_Has_Dirichlet_Got_to_Do_with_That_.cpp,human,soln2,PARSE_ERROR,,False,,CWE-563,,,CWE-563,,1
human/soln2/00000/0202_425_A._Sereja_and_Swaps.cpp,human,soln2,PARSE_ERROR,,False,,CWE-398,,,CWE-398,,1
human/soln2/00000/0204_494_A._Treasure.cpp,human,soln2,PARSE_ERROR,,False,,CWE-398|CWE-563,,,CWE-398|CWE-563,,1
human/soln2/00000/0205_518_E._Arthur_and_Questions.cpp,human,soln2,PARSE_ERROR,,False,,CWE-119|CWE-398,,,CWE-119|CWE-398,,1
human/soln2/00000/0206_544_E._Remembering_Strings.cpp,human,soln2,PARSE_ERROR,,False,,CWE-457,,,CWE-457,,1
human/soln2/00000/0208_592_E._BCPC.cpp,human,soln2,PARSE_ERROR,,False,,CWE-119,,,CWE-119,,1
human/soln2/00000/0209_614_C._Peter_and_Snow_Blower.cpp,human,soln2,PARSE_ERROR,,False,,CWE-398|CWE-561,,,CWE-398|CWE-561,,1
human/soln2/00000/0210_633_H._Fibonacci-ish_II.cpp,human,soln2,PARSE_ERROR,,False,,CWE-398,,,CWE-398,,1
human/soln2/00000/0211_662_C._Binary_Table.cpp,human,soln2,PARSE_ERROR,,False,,CWE-119|CWE-398,,,CWE-119|CWE-398,,1
human/soln2/00000/0212_687_A._NP-Hard_Problem.cpp,human,soln2,PARSE_ERROR,,False,,CWE-398,,,CWE-398,,1
human/soln2/00000/0214_730_G._Car_Repair_Shop.cpp,human,soln2,PARSE_ERROR,,False,,CWE-786,,,CWE-786,,1
human/soln2/00000/0215_754_B._Ilya_and_tic-tac-toe_game.cpp,human,soln2,PARSE_ERROR,,False,,CWE-398,,,CWE-398,,1
human/soln2/00000/0216_774_K._Stepan_and_Vowels.cpp,human,soln2,PARSE_ERROR,,False,,CWE-398,,,CWE-398,,1
human/soln2/00000/0221_893_A._Chess_For_Three.cpp,human,soln2,PARSE_ERROR,,False,,CWE-398,,,CWE-398,,1
human/soln2/00000/0222_914_F._Substrings_in_a_String.cpp,human,soln2,PARSE_ERROR,,False,,CWE-119,,,CWE-119,,1
human/soln2/00000/0224_962_F._Simple_Cycles_Edges.cpp,human,soln2,PARSE_ERROR,,False,,CWE-686,,,CWE-686,,1
human/soln2/00000/0225_990_B._Micro-World.cpp,human,soln2,PARSE_ERROR,,True,CWE-122,CWE-398,,CWE-122,CWE-398,,2
human/soln2/00000/0227_p02741_Panasonic_Programming_Contest_2020_-_Kth_Term.cpp,human,soln2,PARSE_ERROR,,False,,CWE-398,,,CWE-398,,1
human/soln2/00000/0230_p03150_KEYENCE_Programming_Contest_2019_-_KEYENCE_String.cpp,human,soln2,FAILED,,False,,,,,,,1
human/soln2/00000/0237_p00163_Highway_Toll.cpp,human,soln2,FAILED,CWE-119,False,,,CWE-119,,,,1
human/soln2/00000/0238_p00320_Cuboid.cpp,human,soln2,PARSE_ERROR,,False,,CWE-398|CWE-563,,,CWE-398|CWE-563,,1
human/soln2/00000/0241_p00819_Unreliable_Message.cpp,human,soln2,TIMEOUT,,False,,CWE-457,,,CWE-457,,1
human/soln2/00000/0242_p00950_Infallibly_Crack_Perplexing_Cryptarithm.cpp,human,soln2,PARSE_ERROR,,False,,CWE-398|CWE-457|CWE-571|CWE-825,,,CWE-398|CWE-457|CWE-571|CWE-825,,1
human/soln2/00000/0243_p01083_RedBlue.cpp,human,soln2,PARSE_ERROR,,False,,CWE-398,,,CWE-398,,1
human/soln2/00000/0244_p01219_Private_Teacher.cpp,human,soln2,PARSE_ERROR,,False,,CWE-398,,,CWE-398,,1
human/soln2/00000/0245_p01353_Rabbit_Plays_Games_.cpp,human,soln2,PARSE_ERROR,,False,,CWE-252|CWE-398|CWE-457|CWE-563,,,CWE-252|CWE-398|CWE-457|CWE-563,,1
human/soln2/00000/0246_p01535_Markup_language_has_Declined.cpp,human,soln2,PARSE_ERROR,,False,,CWE-119|CWE-398|CWE-563,,,CWE-119|CWE-398|CWE-563,,1
human/soln2/00000/0247_p01691_Disappear_Drive.cpp,human,soln2,PARSE_ERROR,,False,,CWE-398,,,CWE-398,,1
human/soln2/00000/0250_p02117_Picnic.cpp,human,soln2,PARSE_ERROR,,False,,CWE-398,,,CWE-398,,1
human/soln2/00000/0251_p02257_Prime_Numbers.cpp,human,soln2,SUCCESS,,False,,CWE-563,,,CWE-563,,1
human/soln2/00000/0253_1007_E._Mini_Metro.cpp,human,soln2,PARSE_ERROR,,False,,CWE-197|CWE-398,,,CWE-197|CWE-398,,1
human/soln2/00000/0255_1053_C._Putting_Boxes_Together.cpp,human,soln2,PARSE_ERROR,,False,,CWE-398|CWE-786,,,CWE-398|CWE-786,,1
human/soln2/00000/0256_1075_D._Intersecting_Subtrees.cpp,human,soln2,PARSE_ERROR,,True,CWE-122|CWE-416,,,CWE-122|CWE-416,,,1
human/soln2/00000/0258_1117_F._Crisp_String.cpp,human,soln2,PARSE_ERROR,,False,,CWE-398,,,CWE-398,,1
human/soln2/00000/0261_1184_B3._The_Doctor_Meets_Vader__Hard_.cpp,human,soln2,PARSE_ERROR,,False,,CWE-398,,,CWE-398,,1
human/soln2/00000/0263_1219_H._Function_Composition.cpp,human,soln2,PARSE_ERROR,,False,,CWE-398,,,CWE-398,,1
human/soln2/00000/0265_1264_A._Beautiful_Regional_Contest.cpp,human,soln2,PARSE_ERROR,,True,CWE-125,CWE-570,,CWE-125,CWE-570,,2
human/soln2/00000/0266_1285_C._Fadi_and_LCM.cpp,human,soln2,PARSE_ERROR,,False,,CWE-398|CWE-563,,,CWE-398|CWE-563,,1
human/soln2/00000/0268_1328_F._Make_k_Equal.cpp,human,soln2,PARSE_ERROR,,True,CWE-125,CWE-563,,CWE-125,CWE-563,,2
human/soln2/00000/0269_1348_F._Phoenix_and_Memory.cpp,human,soln2,PARSE_ERROR,,False,,CWE-398,,,CWE-398,,1
human/soln2/00000/0270_1369_D._TediousLee.cpp,human,soln2,PARSE_ERROR,,False,,CWE-398,,,CWE-398,,1
human/soln2/00000/0272_1413_F._Roads_and_Ramen.cpp,human,soln2,PARSE_ERROR,,False,,CWE-398,,,CWE-398,,1
human/soln2/00000/0274_147_B._Smile_House.cpp,human,soln2,PARSE_ERROR,,False,,CWE-457,,,CWE-457,,1
human/soln2/00000/0275_1506_F._Triangular_Paths.cpp,human,soln2,TIMEOUT,,False,,CWE-571,,,CWE-571,,1
human/soln2/00001/0000_152_E._Garden.cpp,human,soln2,PARSE_ERROR,,False,,CWE-457,,,CWE-457,,1
human/soln2/00001/0003_203_E._Transportation.cpp,human,soln2,PARSE_ERROR,,False,,CWE-398,,,CWE-398,,1
human/soln2/00001/0004_228_D._Zigzag.cpp,human,soln2,PARSE_ERROR,,False,,CWE-398|CWE-788,,,CWE-398|CWE-788,,1
human/soln2/00001/0005_252_B._Unsorting_Array.cpp,human,soln2,PARSE_ERROR,,False,,CWE-398,,,CWE-398,,1
human/soln2/00001/0008_323_C._Two_permutations.cpp,human,soln2,PARSE_ERROR,,False,,CWE-398,,,CWE-398,,1
human/soln2/00001/0010_371_B._Fox_Dividing_Cheese.cpp,human,soln2,PARSE_ERROR,,False,,CWE-563,,,CWE-563,,1
human/soln2/00001/0014_464_D._World_of_Darkraft_-_2.cpp,human,soln2,PARSE_ERROR,,False,,CWE-398,,,CWE-398,,1
human/soln2/00001/0017_536_C._Tavas_and_Pashmaks.cpp,human,soln2,PARSE_ERROR,,False,,CWE-457,,,CWE-457,,1
human/soln2/00001/0018_560_D._Equivalent_Strings.cpp,human,soln2,PARSE_ERROR,,False,,CWE-398,,,CWE-398,,1
human/soln2/00001/0025_724_F._Uniformly_Branched_Trees.cpp,human,soln2,PARSE_ERROR,,False,,CWE-563,,,CWE-563,,1
human/soln2/00001/0026_746_F._Music_in_Car.cpp,human,soln2,PARSE_ERROR,,False,,CWE-398,,,CWE-398,,1
human/soln2/00001/0027_76_B._Mice.cpp,human,soln2,PARSE_ERROR,,False,,CWE-563,,,CWE-563,,1
human/soln2/00001/0030_83_C._Track.cpp,human,soln2,PARSE_ERROR,,False,,CWE-119|CWE-398,,,CWE-119|CWE-398,,1
human/soln2/00001/0032_886_D._Restoration_of_string.cpp,human,soln2,PARSE_ERROR,,False,,CWE-398,,,CWE-398,,1
human/soln2/00001/0033_909_D._Colorful_Points.cpp,human,soln2,PARSE_ERROR,,False,,CWE-398|CWE-563,,,CWE-398|CWE-563,,1
human/soln2/00001/0037_p02574_AtCoder_Beginner_Contest_177_-_Coprime.cpp,human,soln2,TIMEOUT,,False,,CWE-788,,,CWE-788,,1
human/soln2/00001/0041_p03107_AtCoder_Beginner_Contest_120_-_Unification.cpp,human,soln2,PARSE_ERROR,,False,,CWE-398,,,CWE-398,,1
human/soln2/00001/0044_p03570_CODE_FESTIVAL_2017_qual_C_-_Yet_Another_Palindrome_Partitioning.cpp,human,soln2,PARSE_ERROR,,False,,CWE-119,,,CWE-119,,1
human/soln2/00001/0045_p03725_AtCoder_Grand_Contest_014_-_Closed_Rooms.cpp,human,soln2,PARSE_ERROR,,False,,CWE-119,,,CWE-119,,1
human/soln2/00001/0049_p00260_Cats_Going_Straight.cpp,human,soln2,SUCCESS,,False,,CWE-398,,,CWE-398,,1
human/soln2/00001/0057_p01484_Icy_Composer.cpp,human,soln2,PARSE_ERROR,,False,,CWE-119,,,CWE-119,,1
human/soln2/00001/0061_p02069_Universal_and_Existential_Quantifiers.cpp,human,soln2,PARSE_ERROR,,False,,CWE-686,,,CWE-686,,1
human/soln2/00001/0062_p02211_Apple_Adventure.cpp,human,soln2,PARSE_ERROR,,False,,CWE-398,,,CWE-398,,1
human/soln2/00001/0063_p02365_Minimum-Cost_Arborescence.cpp,human,soln2,PARSE_ERROR,,False,,CWE-563,,,CWE-563,,1
human/soln2/00001/0065_1027_E._Inverse_Coloring.cpp,human,soln2,PARSE_ERROR,,False,,CWE-398|CWE-563,,,CWE-398|CWE-563,,1
human/soln2/00001/0067_1070_C._Cloud_Computing.cpp,human,soln2,PARSE_ERROR,,False,,CWE-563,,,CWE-563,,1
human/soln2/00001/0068_1091_G._New_Year_and_the_Factorisation_Collaboration.cpp,human,soln2,PARSE_ERROR,,False,,CWE-119|CWE-398,,,CWE-119|CWE-398,,1
human/soln2/00001/0070_1140_B._Good_String.cpp,human,soln2,PARSE_ERROR,,False,,CWE-398,,,CWE-398,,1
human/soln2/00001/0075_1239_E._Turtle.cpp,human,soln2,PARSE_ERROR,,False,,CWE-398,,,CWE-398,,1
human/soln2/00001/0076_1257_G._Divisor_Set.cpp,human,soln2,PARSE_ERROR,,False,,CWE-398,,,CWE-398,,1
human/soln2/00001/0080_1344_A._Hilbert_s_Hotel.cpp,human,soln2,PARSE_ERROR,,False,,CWE-398,,,CWE-398,,1
human/soln2/00001/0082_1386_A._Colors.cpp,human,soln2,PARSE_ERROR,,False,,CWE-398|CWE-563,,,CWE-398|CWE-563,,1
human/soln2/00001/0086_1475_D._Cleaning_the_Phone.cpp,human,soln2,PARSE_ERROR,,False,,CWE-398|CWE-563,,,CWE-398|CWE-563,,1
human/soln2/00001/0087_1500_B._Two_chandeliers.cpp,human,soln2,PARSE_ERROR,,False,,CWE-398,,,CWE-398,,1
human/soln2/00001/0088_1525_D._Armchairs.cpp,human,soln2,PARSE_ERROR,,False,,CWE-252,,,CWE-252,,1
human/soln2/00001/0094_272_B._Dima_and_Sequence.cpp,human,soln2,PARSE_ERROR,,False,,CWE-563,,,CWE-563,,1
human/soln2/00001/0096_319_B._Psychos_in_a_Line.cpp,human,soln2,PARSE_ERROR,,False,,CWE-398,,,CWE-398,,1
human/soln2/00001/0097_343_B._Alternating_Current.cpp,human,soln2,PARSE_ERROR,,False,,CWE-119|CWE-563,,,CWE-119|CWE-563,,1
human/soln2/00001/0107_604_A._Uncowed_Forces.cpp,human,soln2,PARSE_ERROR,,False,,CWE-398,,,CWE-398,,1
human/soln2/00001/0111_699_F._Limak_and_Shooting_Points.cpp,human,soln2,PARSE_ERROR,,False,,CWE-398,,,CWE-398,,1
human/soln2/00001/0113_741_E._Arpa_s_abnormal_DNA_and_Mehrdad_s_deep_interest.cpp,human,soln2,PARSE_ERROR,,False,,CWE-119|CWE-398,,,CWE-119|CWE-398,,1
human/soln2/00001/0116_80_C._Heroes.cpp,human,soln2,PARSE_ERROR,,False,,CWE-398|CWE-563,,,CWE-398|CWE-563,,1
human/soln2/00001/0118_855_D._Rowena_Ravenclaw_s_Diadem.cpp,human,soln2,PARSE_ERROR,,False,,CWE-398|CWE-563|CWE-571,,,CWE-398|CWE-563|CWE-571,,1
human/soln2/00001/0119_87_B._Vasya_and_Types.cpp,human,soln2,PARSE_ERROR,,False,,CWE-398|CWE-563,,,CWE-398|CWE-563,,1
human/soln2/00001/0122_954_F._Runner_s_Problem.cpp,human,soln2,PARSE_ERROR,,False,,CWE-398,,,CWE-398,,1
human/soln2/00001/0123_980_E._The_Number_Games.cpp,human,soln2,PARSE_ERROR,,False,,CWE-398,,,CWE-398,,1
human/soln2/00001/0126_p02679_AtCoder_Beginner_Contest_168_-____Bullet_.cpp,human,soln2,PARSE_ERROR,,False,,CWE-398,,,CWE-398,,1
human/soln2/00001/0128_p02943_AtCoder_Grand_Contest_037_-_Reversing_and_Concatenating.cpp,human,soln2,FAILED,CWE-119,False,,CWE-398,CWE-119,,CWE-398,,2
human/soln2/00001/0138_p00395_Maze_and_Items.cpp,human,soln2,PARSE_ERROR,,False,,CWE-788,,,CWE-788,,1
human/soln2/00001/0140_p00748_Pollock_s_conjecture.cpp,human,soln2,SUCCESS,,False,,CWE-686,,,CWE-686,,1
human/soln2/00001/0141_p00886_Towns_along_a_Highway.cpp,human,soln2,PARSE_ERROR,,False,,CWE-398,,,CWE-398,,1
human/soln2/00001/0143_p01150_Eight_Princes.cpp,human,soln2,FAILED,CWE-119,False,,,CWE-119,,,,1
human/soln2/00001/0144_p01289_Strange_Couple.cpp,human,soln2,FAILED,CWE-119,False,,CWE-561,CWE-119,,CWE-561,,2
human/soln2/00001/0145_p01458_Kth_Sentence.cpp,human,soln2,SUCCESS,,False,,CWE-119,,,CWE-119,,1
human/soln2/00001/0146_p01609_One.cpp,human,soln2,PARSE_ERROR,,False,,CWE-398,,,CWE-398,,1
human/soln2/00001/0151_p02327_Largest_Rectangle.cpp,human,soln2,SUCCESS,,False,,CWE-398|CWE-563,,,CWE-398|CWE-563,,1
human/soln2/00001/0152_p02472_Addition_of_Big_Integers.cpp,human,soln2,PARSE_ERROR,,False,,CWE-398,,,CWE-398,,1
human/soln2/00001/0153_1011_A._Stages.cpp,human,soln2,PARSE_ERROR,,False,,CWE-398|CWE-563,,,CWE-398|CWE-563,,1
human/soln2/00001/0154_1036_B._Diagonal_Walking_v.2.cpp,human,soln2,PARSE_ERROR,,False,,CWE-398,,,CWE-398,,1
human/soln2/00001/0156_1080_C._Masha_and_two_friends.cpp,human,soln2,PARSE_ERROR,,False,,CWE-398,,,CWE-398,,1
human/soln2/00001/0159_1148_C._Crazy_Diamond.cpp,human,soln2,PARSE_ERROR,,False,,CWE-686,,,CWE-686,,1
human/soln2/00001/0161_1187_G._Gang_Up.cpp,human,soln2,PARSE_ERROR,,False,,CWE-398,,,CWE-398,,1
human/soln2/00001/0162_1206_F._Almost_All.cpp,human,soln2,PARSE_ERROR,,False,,CWE-398,,,CWE-398,,1
human/soln2/00001/0163_1225_B1._TV_Subscriptions__Easy_Version_.cpp,human,soln2,PARSE_ERROR,,False,,CWE-398|CWE-563,,,CWE-398|CWE-563,,1
human/soln2/00001/0165_1267_L._Lexicography.cpp,human,soln2,PARSE_ERROR,,False,,CWE-398,,,CWE-398,,1
human/soln2/00001/0168_1332_G._No_Monotone_Triples.cpp,human,soln2,PARSE_ERROR,,False,,CWE-398|CWE-457|CWE-665|CWE-786,,,CWE-398|CWE-457|CWE-665|CWE-786,,1
human/soln2/00001/0169_1353_C._Board_Moves.cpp,human,soln2,PARSE_ERROR,,False,,CWE-563,,,CWE-563,,1
human/soln2/00001/0170_1373_B._01_Game.cpp,human,soln2,PARSE_ERROR,,False,,CWE-398,,,CWE-398,,1
human/soln2/00001/0172_141_C._Queue.cpp,human,soln2,PARSE_ERROR,,False,,CWE-398|CWE-563,,,CWE-398|CWE-563,,1
human/soln2/00001/0176_1511_F._Chainword.cpp,human,soln2,PARSE_ERROR,,False,,CWE-398|CWE-563,,,CWE-398|CWE-563,,1
human/soln2/00001/0177_1539_D._PriceFixed.cpp,human,soln2,PARSE_ERROR,,False,,CWE-563,,,CWE-563,,1
human/soln2/00001/0181_233_C._Cycles.cpp,human,soln2,PARSE_ERROR,,False,,CWE-457|CWE-563,,,CWE-457|CWE-563,,1
human/soln2/00001/0182_259_B._Little_Elephant_and_Magic_Square.cpp,human,soln2,PARSE_ERROR,,False,,CWE-398,,,CWE-398,,1
human/soln2/00001/0184_305_A._Strange_Addition.cpp,human,soln2,PARSE_ERROR,,False,,CWE-563,,,CWE-563,,1
human/soln2/00001/0186_352_E._Jeff_and_Brackets.cpp,human,soln2,PARSE_ERROR,,False,,CWE-686,,,CWE-686,,1
human/soln2/00001/0187_377_A._Maze.cpp,human,soln2,PARSE_ERROR,,False,,CWE-398|CWE-571,,,CWE-398|CWE-571,,1
human/soln2/00001/0191_46_C._Hamsters_and_Tigers.cpp,human,soln2,PARSE_ERROR,,False,,CWE-398,,,CWE-398,,1
human/soln2/00001/0198_633_A._Ebony_and_Ivory.cpp,human,soln2,PARSE_ERROR,,False,,CWE-398|CWE-563,,,CWE-398|CWE-563,,1
human/soln2/00001/0199_685_D._Kay_and_Eternity.cpp,human,soln2,PARSE_ERROR,,False,,CWE-398,,,CWE-398,,1
human/soln2/00001/0201_750_F._New_Year_and_Finding_Roots.cpp,human,soln2,PARSE_ERROR,,False,,CWE-398,,,CWE-398,,1
human/soln2/00001/0203_799_D._Field_expansion.cpp,human,soln2,PARSE_ERROR,,False,,CWE-686,,,CWE-686,,1
human/soln2/00001/0204_819_D._Mister_B_and_Astronomers.cpp,human,soln2,PARSE_ERROR,,False,,CWE-398|CWE-457,,,CWE-398|CWE-457,,1
human/soln2/00001/0207_891_D._Sloth.cpp,human,soln2,PARSE_ERROR,,False,,CWE-398,,,CWE-398,,1
human/soln2/00001/0208_913_G._Power_Substring.cpp,human,soln2,PARSE_ERROR,,True,CWE-190,,,CWE-190,,,1
human/soln2/00001/0210_961_F._k-substrings.cpp,human,soln2,PARSE_ERROR,,True,CWE-125,CWE-119,,CWE-125,CWE-119,,2
human/soln2/00001/0211_989_E._A_Trance_of_Nightfall.cpp,human,soln2,PARSE_ERROR,,False,,CWE-398|CWE-563,,,CWE-398|CWE-563,,1
human/soln2/00001/0216_p03143_NIKKEI_Programming_Contest_2019_-_Weights_on_Vertices_and_Edges.cpp,human,soln2,PARSE_ERROR,,False,,CWE-563,,,CWE-563,,1
human/soln2/00001/0218_p03443_AtCoder_Petrozavodsk_Contest_001_-_Colorful_Doors.cpp,human,soln2,PARSE_ERROR,,False,,CWE-563,,,CWE-563,,1
human/soln2/00001/0219_p03603_AtCoder_Regular_Contest_083_-_Bichrome_Tree.cpp,human,soln2,PARSE_ERROR,,False,,CWE-398,,,CWE-398,,1
human/soln2/00001/0221_p03932_square869120Contest__3_-_Souvenirs.cpp,human,soln2,PARSE_ERROR,,False,,CWE-398,,,CWE-398,,1
human/soln2/00001/0224_p00313_Secret_Investigation.cpp,human,soln2,TIMEOUT,,False,,CWE-398|CWE-563,,,CWE-398|CWE-563,,1
human/soln2/00001/0225_p00483_Planetary_Exploration.cpp,human,soln2,FAILED,CWE-119,False,,,CWE-119,,,,1
human/soln2/00001/0226_p00669_K_Cards.cpp,human,soln2,SUCCESS,,False,,CWE-398|CWE-758,,,CWE-398|CWE-758,,1
human/soln2/00001/0227_p00812_Equals_are_Equals.cpp,human,soln2,PARSE_ERROR,,False,,CWE-398,,,CWE-398,,1
human/soln2/00001/0230_p01210_Speed.cpp,human,soln2,SUCCESS,,False,,CWE-119|CWE-398,,,CWE-119|CWE-398,,1
human/soln2/00001/0231_p01346_Ropeway.cpp,human,soln2,SUCCESS,,False,,CWE-398,,,CWE-398,,1
human/soln2/00001/0235_p01963_Separate_String.cpp,human,soln2,SUCCESS,,False,,CWE-119|CWE-398,,,CWE-119|CWE-398,,1
human/soln2/00001/0237_p02250_Multiple_String_Matching.cpp,human,soln2,PARSE_ERROR,,False,,CWE-398,,,CWE-398,,1
human/soln2/00001/0238_p02398_How_Many_Divisors_.cpp,human,soln2,SUCCESS,,False,,CWE-457|CWE-665,,,CWE-457|CWE-665,,1
human/soln2/00001/0239_1016_C._Vasya_And_The_Mushrooms.cpp,human,soln2,PARSE_ERROR,,False,,CWE-398|CWE-563,,,CWE-398|CWE-563,,1
human/soln2/00001/0243_1103_E._Radix_sum.cpp,human,soln2,PARSE_ERROR,,False,,CWE-398,,,CWE-398,,1
human/soln2/00001/0244_1131_E._String_Multiplication.cpp,human,soln2,PARSE_ERROR,,False,,CWE-571,,,CWE-571,,1
human/soln2/00001/0254_1336_F._Journey.cpp,human,soln2,PARSE_ERROR,,False,,CWE-398,,,CWE-398,,1
human/soln2/00001/0255_1359_D._Yet_Another_Yet_Another_Task.cpp,human,soln2,PARSE_ERROR,,False,,CWE-391,,,CWE-391,,1
human/soln2/00001/0256_1379_F1._Chess_Strikes_Back__easy_version_.cpp,human,soln2,PARSE_ERROR,,False,,CWE-398,,,CWE-398,,1
human/soln2/00001/0257_139_D._Digits_Permutations.cpp,human,soln2,PARSE_ERROR,,False,,CWE-398|CWE-563,,,CWE-398|CWE-563,,1
human/soln2/00001/0260_1468_J._Road_Reform.cpp,human,soln2,PARSE_ERROR,,False,,CWE-398,,,CWE-398,,1
human/soln2/00001/0261_1493_C._K-beautiful_Strings.cpp,human,soln2,PARSE_ERROR,,False,,CWE-119|CWE-563,,,CWE-119|CWE-563,,1
human/soln2/00001/0262_1515_I._Phoenix_and_Diamonds.cpp,human,soln2,PARSE_ERROR,,True,CWE-190,CWE-190|CWE-252|CWE-398|CWE-563|CWE-570|CWE-628,,,CWE-252|CWE-398|CWE-563|CWE-570|CWE-628,CWE-190,2
human/soln2/00001/0263_1543_B._Customising_the_Track.cpp,human,soln2,PARSE_ERROR,,False,,CWE-398,,,CWE-398,,1
human/soln2/00001/0268_263_D._Cycle_in_Graph.cpp,human,soln2,PARSE_ERROR,,False,,CWE-563|CWE-686,,,CWE-563|CWE-686,,1
human/soln2/00001/0271_335_B._Palindrome.cpp,human,soln2,PARSE_ERROR,,False,,CWE-119,,,CWE-119,,1
human/soln2/00001/0274_401_E._Olympic_Games.cpp,human,soln2,PARSE_ERROR,,False,,CWE-398,,,CWE-398,,1
human/soln2/00001/0276_451_D._Count_Good_Substrings.cpp,human,soln2,PARSE_ERROR,,False,,CWE-119,,,CWE-119,,1
human/soln2/00001/0277_474_C._Captain_Marmot.cpp,human,soln2,PARSE_ERROR,,False,,CWE-197,,,CWE-197,,1
human/soln2/00001/0279_521_C._Pluses_everywhere.cpp,human,soln2,PARSE_ERROR,,False,,CWE-119,,,CWE-119,,1
human/soln2/00001/0280_548_E._Mike_and_Foam.cpp,human,soln2,PARSE_ERROR,,False,,CWE-563,,,CWE-563,,1
human/soln2/00001/0281_575_B._Bribes.cpp,human,soln2,PARSE_ERROR,,False,,CWE-398,,,CWE-398,,1
human/soln2/00001/0282_596_E._Wilbur_and_Strings.cpp,human,soln2,PARSE_ERROR,,False,,CWE-119,,,CWE-119,,1
human/soln2/00001/0285_666_B._World_Tour.cpp,human,soln2,PARSE_ERROR,,False,,CWE-398|CWE-457,,,CWE-398|CWE-457,,1
human/soln2/00001/0289_757_D._Felicity_s_Big_Secret_Revealed.cpp,human,soln2,PARSE_ERROR,,False,,CWE-119,,,CWE-119,,1
human/soln2/00001/0290_779_A._Pupils_Redistribution.cpp,human,soln2,PARSE_ERROR,,False,,CWE-398|CWE-563,,,CWE-398|CWE-563,,1
human/soln2/00002/0001_848_C._Goodbye_Souvenir.cpp,human,soln2,PARSE_ERROR,,False,,CWE-398,,,CWE-398,,1
human/soln2/00002/0005_940_A._Points_on_the_line.cpp,human,soln2,PARSE_ERROR,,False,,CWE-398,,,CWE-398,,1
human/soln2/00002/0008_p02630_AtCoder_Beginner_Contest_171_-_Replacing.cpp,human,soln2,FAILED,CWE-119,False,,,CWE-119,,,,1
human/soln2/00002/0014_p03474_AtCoder_Beginner_Contest_084_-_Postal_Code.cpp,human,soln2,SUCCESS,,False,,CWE-119,,,CWE-119,,1
human/soln2/00002/0016_p03794_Mujin_Programming_Challenge_2017_-_Oriented_Tree.cpp,human,soln2,PARSE_ERROR,,False,,CWE-398,,,CWE-398,,1
human/soln2/00002/0018_p00054_Sum_of_Nth_decimal_places.cpp,human,soln2,SUCCESS,,False,,CWE-398,,,CWE-398,,1
human/soln2/00002/0020_p00340_Rectangle.cpp,human,soln2,SUCCESS,,False,,CWE-563,,,CWE-563,,1
human/soln2/00002/0022_p00698_Missing_Numbers.cpp,human,soln2,PARSE_ERROR,,False,,CWE-704,,,CWE-704,,1
human/soln2/00002/0023_p00839_Organize_Your_Train.cpp,human,soln2,PARSE_ERROR,,False,,CWE-398|CWE-788,,,CWE-398|CWE-788,,1
human/soln2/00002/0024_p00971_Shortest_Common_Non-Subsequence.cpp,human,soln2,TIMEOUT,,False,,CWE-119|CWE-398|CWE-563,,,CWE-119|CWE-398|CWE-563,,1
human/soln2/00002/0026_p01240_Oil_Company.cpp,human,soln2,PARSE_ERROR,,False,,CWE-398|CWE-571,,,CWE-398|CWE-571,,1
human/soln2/00002/0027_p01402_Anipero.cpp,human,soln2,SUCCESS,,False,,CWE-119,,,CWE-119,,1
human/soln2/00002/0030_p01856_Typhoon.cpp,human,soln2,PARSE_ERROR,,False,,CWE-398,,,CWE-398,,1
human/soln2/00002/0033_p02278_Minimum_Cost_Sort.cpp,human,soln2,SUCCESS,,False,,CWE-563,,,CWE-563,,1
human/soln2/00002/0035_1008_D._Pave_the_Parallelepiped.cpp,human,soln2,PARSE_ERROR,,False,,CWE-398,,,CWE-398,,1
human/soln2/00002/0037_1054_B._Appending_Mex.cpp,human,soln2,PARSE_ERROR,,False,,CWE-197|CWE-398,,,CWE-197|CWE-398,,1
human/soln2/00002/0040_1118_C._Palindromic_Matrix.cpp,human,soln2,PARSE_ERROR,,False,,CWE-398,,,CWE-398,,1
human/soln2/00002/0041_1144_F._Graph_Without_Long_Directed_Paths.cpp,human,soln2,PARSE_ERROR,,False,,CWE-398,,,CWE-398,,1
human/soln2/00002/0045_121_C._Lucky_Permutation.cpp,human,soln2,PARSE_ERROR,,True,CWE-125,CWE-398|CWE-788,,CWE-125,CWE-398|CWE-788,,2
human/soln2/00002/0047_1264_D2._Beautiful_Bracket_Sequence__hard_version_.cpp,human,soln2,PARSE_ERROR,,False,,CWE-119,,,CWE-119,,1
human/soln2/00002/0049_1305_B._Kuroni_and_Simple_Strings.cpp,human,soln2,PARSE_ERROR,,False,,CWE-398|CWE-571,,,CWE-398|CWE-571,,1
human/soln2/00002/0050_1329_D._Dreamoon_Likes_Strings.cpp,human,soln2,PARSE_ERROR,,False,,CWE-398|CWE-563|CWE-788,,,CWE-398|CWE-563|CWE-788,,1
human/soln2/00002/0055_1433_C._Dominant_Piranha.cpp,human,soln2,PARSE_ERROR,,False,,CWE-457|CWE-563|CWE-786,,,CWE-457|CWE-563|CWE-786,,1
human/soln2/00002/0056_1458_B._Glass_Half_Spilled.cpp,human,soln2,SUCCESS,,False,,CWE-252,,,CWE-252,,1
human/soln2/00002/0057_1481_B._New_Colony.cpp,human,soln2,PARSE_ERROR,,True,CWE-125,CWE-398,,CWE-125,CWE-398,,2
human/soln2/00002/0059_1534_D._Lost_Tree.cpp,human,soln2,PARSE_ERROR,,True,,CWE-398|CWE-563,,,CWE-398|CWE-563,,2
human/soln2/00002/0061_204_D._Little_Elephant_and_Retro_Strings.cpp,human,soln2,PARSE_ERROR,,False,,CWE-119,,,CWE-119,,1
human/soln2/00002/0064_278_B._New_Problem.cpp,human,soln2,PARSE_ERROR,,False,,CWE-119|CWE-398,,,CWE-119|CWE-398,,1
human/soln2/00002/0065_300_A._Array.cpp,human,soln2,PARSE_ERROR,,False,,CWE-563|CWE-571,,,CWE-563|CWE-571,,1
human/soln2/00002/0068_372_A._Counting_Kangaroos_is_Fun.cpp,human,soln2,PARSE_ERROR,,False,,CWE-563,,,CWE-563,,1
human/soln2/00002/0071_443_B._Kolya_and_Tandem_Repeat.cpp,human,soln2,PARSE_ERROR,,False,,CWE-398,,,CWE-398,,1
human/soln2/00002/0072_465_C._No_to_Palindromes_.cpp,human,soln2,PARSE_ERROR,,False,,CWE-398,,,CWE-398,,1
human/soln2/00002/0073_489_B._BerSU_Ball.cpp,human,soln2,PARSE_ERROR,,False,,CWE-398,,,CWE-398,,1
human/soln2/00002/0074_513_A._Game.cpp,human,soln2,PARSE_ERROR,,False,,CWE-571,,,CWE-571,,1
human/soln2/00002/0076_566_C._Logistical_Questions.cpp,human,soln2,PARSE_ERROR,,False,,CWE-704,,,CWE-704,,1
human/soln2/00002/0081_680_D._Bear_and_Tower_of_Cubes.cpp,human,soln2,PARSE_ERROR,,False,,CWE-398,,,CWE-398,,1
human/soln2/00002/0082_703_C._Chris_and_Road.cpp,human,soln2,PARSE_ERROR,,False,,CWE-398,,,CWE-398,,1
human/soln2/00002/0083_725_C._Hidden_Word.cpp,human,soln2,PARSE_ERROR,,True,CWE-122,CWE-398|CWE-563,,CWE-122,CWE-398|CWE-563,,2
human/soln2/00002/0084_747_C._Servers.cpp,human,soln2,PARSE_ERROR,,False,,CWE-398,,,CWE-398,,1
human/soln2/00002/0085_76_F._Tourist.cpp,human,soln2,PARSE_ERROR,,False,,CWE-398,,,CWE-398,,1
human/soln2/00002/0086_794_C._Naming_Company.cpp,human,soln2,PARSE_ERROR,,False,,CWE-119|CWE-398|CWE-563,,,CWE-119|CWE-398|CWE-563,,1
human/soln2/00002/0087_815_B._Karen_and_Test.cpp,human,soln2,PARSE_ERROR,,False,,CWE-563|CWE-686,,,CWE-563|CWE-686,,1
human/soln2/00002/0088_840_B._Leha_and_another_game_about_graph.cpp,human,soln2,PARSE_ERROR,,False,,CWE-563,,,CWE-563,,1
human/soln2/00002/0089_860_C._Tests_Renumeration.cpp,human,soln2,PARSE_ERROR,,False,,CWE-398|CWE-563,,,CWE-398|CWE-563,,1
human/soln2/00002/0092_931_E._Game_with_String.cpp,human,soln2,PARSE_ERROR,,False,,CWE-398,,,CWE-398,,1
human/soln2/00002/0093_958_F3._Lightsabers__hard_.cpp,human,soln2,PARSE_ERROR,,False,,CWE-398,,,CWE-398,,1
human/soln2/00002/0095_p02578_AtCoder_Beginner_Contest_176_-_Step.cpp,human,soln2,PARSE_ERROR,,False,,CWE-563,,,CWE-563,,1
human/soln2/00002/0100_p03258_AtCoder_Grand_Contest_027_-_ABBreviate.cpp,human,soln2,PARSE_ERROR,,False,,CWE-119,,,CWE-119,,1
human/soln2/00002/0103_p03729_AtCoder_Beginner_Contest_060_-_Shiritori.cpp,human,soln2,FAILED,,False,,,,,,,1
human/soln2/00002/0108_p00451_Common_Sub-String.cpp,human,soln2,PARSE_ERROR,,False,,CWE-398,,,CWE-398,,1
human/soln2/00002/0110_p00786_BUT_We_Need_a_Diagram.cpp,human,soln2,PARSE_ERROR,,False,,CWE-398|CWE-758,,,CWE-398|CWE-758,,1
human/soln2/00002/0111_p00918_Dragon_s_Cruller.cpp,human,soln2,PARSE_ERROR,,False,,CWE-398,,,CWE-398,,1
human/soln2/00002/0112_p01051_Squid_Ink.cpp,human,soln2,PARSE_ERROR,,False,,CWE-398|CWE-563,,,CWE-398|CWE-563,,1
human/soln2/00002/0115_p01488_TransferTrain.cpp,human,soln2,PARSE_ERROR,,False,,CWE-398,,,CWE-398,,1
human/soln2/00002/0119_p02074_N-by-M_grid_calculation.cpp,human,soln2,PARSE_ERROR,,False,,CWE-398|CWE-570|CWE-786|CWE-788,,,CWE-398|CWE-570|CWE-786|CWE-788,,1
human/soln2/00002/0121_p02369_Cycle_Detection_for_a_Directed_Graph.cpp,human,soln2,PARSE_ERROR,,False,,CWE-398,,,CWE-398,,1
human/soln2/00002/0123_1025_D._Recovering_BST.cpp,human,soln2,PARSE_ERROR,,True,CWE-125,CWE-786,,CWE-125,CWE-786,,2
human/soln2/00002/0126_1090_J._Two_Prefixes.cpp,human,soln2,PARSE_ERROR,,True,CWE-190,CWE-119,,CWE-190,CWE-119,,2
human/soln2/00002/0127_110_B._Lucky_String.cpp,human,soln2,PARSE_ERROR,,False,,CWE-398,,,CWE-398,,1
human/soln2/00002/0132_1215_B._The_Number_of_Products.cpp,human,soln2,PARSE_ERROR,,False,,CWE-398,,,CWE-398,,1
human/soln2/00002/0134_1256_E._Yet_Another_Division_Into_Teams.cpp,human,soln2,PARSE_ERROR,,False,,CWE-398,,,CWE-398,,1
human/soln2/00002/0135_127_E._E-reader_Display.cpp,human,soln2,PARSE_ERROR,,False,,CWE-119,,,CWE-119,,1
human/soln2/00002/0141_1406_C._Link_Cut_Centroids.cpp,human,soln2,PARSE_ERROR,,False,,CWE-398,,,CWE-398,,1
human/soln2/00002/0143_1450_D._Rating_Compression.cpp,human,soln2,PARSE_ERROR,,False,,CWE-252|CWE-398,,,CWE-252|CWE-398,,1
human/soln2/00002/0144_1474_B._Different_Divisors.cpp,human,soln2,SUCCESS,,False,,CWE-457,,,CWE-457,,1
human/soln2/00002/0145_149_D._Coloring_Brackets.cpp,human,soln2,PARSE_ERROR,,False,,CWE-477,,,CWE-477,,1
human/soln2/00002/0146_1523_D._Love-Hate.cpp,human,soln2,PARSE_ERROR,,False,,CWE-398,,,CWE-398,,1
human/soln2/00002/0147_155_C._Hometask.cpp,human,soln2,PARSE_ERROR,,False,,CWE-398|CWE-563,,,CWE-398|CWE-563,,1
human/soln2/00002/0148_177_D1._Encrypting_Messages.cpp,human,soln2,PARSE_ERROR,,False,,CWE-398|CWE-563,,,CWE-398|CWE-563,,1
human/soln2/00002/0156_365_A._Good_Number.cpp,human,soln2,PARSE_ERROR,,True,CWE-125,,,CWE-125,,,1
human/soln2/00002/0157_388_E._Fox_and_Meteor_Shower.cpp,human,soln2,PARSE_ERROR,,False,,CWE-398,,,CWE-398,,1
human/soln2/00002/0158_409_C._Magnum_Opus.cpp,human,soln2,PARSE_ERROR,,False,,CWE-398,,,CWE-398,,1
human/soln2/00002/0160_459_E._Pashmak_and_Graph.cpp,human,soln2,PARSE_ERROR,,False,,CWE-398|CWE-563,,,CWE-398|CWE-563,,1
human/soln2/00002/0161_480_D._Parcels.cpp,human,soln2,PARSE_ERROR,,False,,CWE-398|CWE-563,,,CWE-398|CWE-563,,1
human/soln2/00002/0169_698_D._Limak_and_Shooting_Points.cpp,human,soln2,PARSE_ERROR,,False,,CWE-398,,,CWE-398,,1
human/soln2/00002/0170_719_E._Sasha_and_Array.cpp,human,soln2,PARSE_ERROR,,False,,CWE-398,,,CWE-398,,1
human/soln2/00002/0171_740_B._Alyona_and_flowers.cpp,human,soln2,PARSE_ERROR,,False,,CWE-398|CWE-563,,,CWE-398|CWE-563,,1
human/soln2/00002/0175_833_C._Ever-Hungry_Krakozyabra.cpp,human,soln2,PARSE_ERROR,,False,,CWE-398,,,CWE-398,,1
human/soln2/00002/0181_97_B._Superset.cpp,human,soln2,PARSE_ERROR,,False,,CWE-398,,,CWE-398,,1
human/soln2/00002/0182_99_B._Help_Chef_Gerasim.cpp,human,soln2,PARSE_ERROR,,False,,CWE-398|CWE-457,,,CWE-398|CWE-457,,1
human/soln2/00002/0183_p02539_ACL_Beginner_Contest_-_Heights_and_Pairs.cpp,human,soln2,PARSE_ERROR,,False,,CWE-398,,,CWE-398,,1
human/soln2/00002/0184_p02670_AtCoder_Grand_Contest_044_-_Joker.cpp,human,soln2,PARSE_ERROR,,False,,CWE-398,,,CWE-398,,1
human/soln2/00002/0185_p02799_Keyence_Programming_Contest_2020_-_Bichromization.cpp,human,soln2,TIMEOUT,,False,,CWE-398|CWE-563,,,CWE-398|CWE-563,,1
human/soln2/00002/0190_p03521_CODE_FESTIVAL_2017_Exhibition__Parallel__-_Awkward.cpp,human,soln2,PARSE_ERROR,,False,,CWE-398,,,CWE-398,,1
human/soln2/00002/0191_p03686_AtCoder_Regular_Contest_076_-_Exhausted_.cpp,human,soln2,PARSE_ERROR,,False,,CWE-252,,,CWE-252,,1
human/soln2/00002/0192_p03839_AtCoder_Grand_Contest_008_-_Contiguous_Repainting.cpp,human,soln2,PARSE_ERROR,,False,,CWE-398|CWE-563,,,CWE-398|CWE-563,,1
human/soln2/00002/0195_p00224_Bicycle_Diet.cpp,human,soln2,SUCCESS,,False,,CWE-398|CWE-758,,,CWE-398|CWE-758,,1
human/soln2/00002/0196_p00386_Gathering.cpp,human,soln2,PARSE_ERROR,,False,,CWE-398|CWE-563,,,CWE-398|CWE-563,,1
human/soln2/00002/0199_p00878_Origami_Through-Hole.cpp,human,soln2,PARSE_ERROR,,False,,CWE-398,,,CWE-398,,1
human/soln2/00002/0200_p01009_Room_of_Time_and_Spirit.cpp,human,soln2,PARSE_ERROR,,False,,CWE-398,,,CWE-398,,1
human/soln2/00002/0201_p01141_Lifeguard_in_the_Pool.cpp,human,soln2,PARSE_ERROR,,False,,CWE-398,,,CWE-398,,1
human/soln2/00002/0202_p01280_Galaxy_Wide_Web_Service.cpp,human,soln2,FAILED,CWE-119,False,,,CWE-119,,,,1
human/soln2/00002/0203_p01450_My_friends_are_small.cpp,human,soln2,FAILED,CWE-119,False,,,CWE-119,,,,1
human/soln2/00002/0205_p01756_Longest_Match.cpp,human,soln2,PARSE_ERROR,,False,,CWE-398,,,CWE-398,,1
human/soln2/00002/0206_p01896_Folding_Paper.cpp,human,soln2,PARSE_ERROR,,False,,CWE-398,,,CWE-398,,1
human/soln2/00002/0207_p02033_Arrow.cpp,human,soln2,SUCCESS,,False,,CWE-398,,,CWE-398,,1
human/soln2/00002/0209_p02319_0-1_Knapsack_Problem_II.cpp,human,soln2,SUCCESS,,False,,CWE-788,,,CWE-788,,1
human/soln2/00002/0211_1000_A._Codehorses_T-shirts.cpp,human,soln2,PARSE_ERROR,,False,,CWE-398|CWE-563,,,CWE-398|CWE-563,,1
human/soln2/00002/0213_1045_D._Interstellar_battle.cpp,human,soln2,PARSE_ERROR,,False,,CWE-398,,,CWE-398,,1
human/soln2/00002/0215_1090_C._New_Year_Presents.cpp,human,soln2,PARSE_ERROR,,True,CWE-125,CWE-252|CWE-398,,CWE-125,CWE-252|CWE-398,,2
human/soln2/00002/0216_1109_F._Sasha_and_Algorithm_of_Silence_s_Sounds.cpp,human,soln2,PARSE_ERROR,,False,,CWE-398,,,CWE-398,,1
human/soln2/00002/0217_1139_C._Edgy_Trees.cpp,human,soln2,PARSE_ERROR,,False,,CWE-398,,,CWE-398,,1
human/soln2/00002/0219_1179_E._Alesya_and_Discrete_Math.cpp,human,soln2,PARSE_ERROR,,True,,CWE-398,,,CWE-398,,2
human/soln2/00002/0220_1198_A._MP3.cpp,human,soln2,PARSE_ERROR,,False,,CWE-197,,,CWE-197,,1
human/soln2/00002/0223_1256_C._Platforms_Jumping.cpp,human,soln2,PARSE_ERROR,,False,,CWE-398,,,CWE-398,,1
human/soln2/00002/0224_127_C._Hot_Bath.cpp,human,soln2,PARSE_ERROR,,False,,CWE-398,,,CWE-398,,1
human/soln2/00002/0227_1342_C._Yet_Another_Counting_Problem.cpp,human,soln2,PARSE_ERROR,,False,,CWE-398,,,CWE-398,,1
human/soln2/00002/0228_1364_C._Ehab_and_Prefix_MEXs.cpp,human,soln2,PARSE_ERROR,,False,,CWE-563,,,CWE-563,,1
human/soln2/00002/0232_1450_B._Balls_of_Steel.cpp,human,soln2,PARSE_ERROR,,False,,CWE-398|CWE-563,,,CWE-398|CWE-563,,1
human/soln2/00002/0234_149_B._Martian_Clock.cpp,human,soln2,PARSE_ERROR,,False,,CWE-119|CWE-398,,,CWE-119|CWE-398,,1
human/soln2/00002/0237_177_C1._Party.cpp,human,soln2,PARSE_ERROR,,False,,CWE-398,,,CWE-398,,1
human/soln2/00002/0238_198_B._Jumping_on_Walls.cpp,human,soln2,PARSE_ERROR,,True,CWE-125,,,CWE-125,,,1
human/soln2/00002/0239_221_C._Little_Elephant_and_Problem.cpp,human,soln2,PARSE_ERROR,,False,,CWE-398,,,CWE-398,,1
human/soln2/00002/0241_270_B._Multithreading.cpp,human,soln2,PARSE_ERROR,,False,,CWE-563,,,CWE-563,,1
human/soln2/00002/0242_293_D._Ksusha_and_Square.cpp,human,soln2,PARSE_ERROR,,False,,CWE-398,,,CWE-398,,1
human/soln2/00002/0243_317_B._Ants.cpp,human,soln2,PARSE_ERROR,,False,,CWE-398,,,CWE-398,,1
human/soln2/00002/0246_388_C._Fox_and_Card_Game.cpp,human,soln2,PARSE_ERROR,,True,CWE-125,CWE-786,,CWE-125,CWE-786,,2
human/soln2/00002/0252_529_A._And_Yet_Another_Bracket_Sequence.cpp,human,soln2,PARSE_ERROR,,False,,CWE-252|CWE-398|CWE-772,,,CWE-252|CWE-398|CWE-772,,1
human/soln2/00002/0253_554_C._Kyoya_and_Colored_Balls.cpp,human,soln2,PARSE_ERROR,,False,,CWE-398|CWE-563,,,CWE-398|CWE-563,,1
human/soln2/00002/0254_580_B._Kefa_and_Company.cpp,human,soln2,PARSE_ERROR,,False,,CWE-398|CWE-758,,,CWE-398|CWE-758,,1
human/soln2/00002/0256_624_D._Array_GCD.cpp,human,soln2,PARSE_ERROR,,False,,CWE-398|CWE-563,,,CWE-398|CWE-563,,1
human/soln2/00002/0257_673_A._Bear_and_Game.cpp,human,soln2,PARSE_ERROR,,False,,CWE-563,,,CWE-563,,1
human/soln2/00002/0260_73_F._Plane_of_Tanks.cpp,human,soln2,PARSE_ERROR,,False,,CWE-398,,,CWE-398,,1
human/soln2/00002/0261_763_D._Timofey_and_a_flat_tree.cpp,human,soln2,PARSE_ERROR,,True,,CWE-398|CWE-563,,,CWE-398|CWE-563,,2
human/soln2/00002/0265_853_D._Michael_and_Charging_Stations.cpp,human,soln2,PARSE_ERROR,,False,,CWE-398,,,CWE-398,,1
human/soln2/00002/0267_901_D._Weighting_a_Tree.cpp,human,soln2,PARSE_ERROR,,False,,CWE-398|CWE-563,,,CWE-398|CWE-563,,1
human/soln2/00002/0273_p02668_NOMURA_Programming_Competition_2020_-_Sorting_Game.cpp,human,soln2,PARSE_ERROR,,False,,CWE-398,,,CWE-398,,1
human/soln2/00002/0276_p03069_Tenka1_Programmer_Beginner_Contest_2019_-_Stones.cpp,human,soln2,SUCCESS,,False,,CWE-119,,,CWE-119,,1
human/soln2/00002/0278_p03361_AtCoder_Beginner_Contest_096_-_Grid_Repainting_2.cpp,human,soln2,SUCCESS,,False,,CWE-398|CWE-571,,,CWE-398|CWE-571,,1
human/soln2/00002/0279_p03519_CODE_FESTIVAL_2017_Elimination_Tournament_Round_1__Parallel__-_Paired_Parentheses.cpp,human,soln2,FAILED,CWE-119,False,,CWE-398|CWE-788,CWE-119,,CWE-398|CWE-788,,2
human/soln2/00002/0280_p03684_AtCoder_Regular_Contest_076_-_Built_.cpp,human,soln2,SUCCESS,,False,,CWE-398,,,CWE-398,,1
human/soln2/00002/0281_p03837_AtCoder_Beginner_Contest_051_-_Candidates_of_No_Shortest_Paths.cpp,human,soln2,PARSE_ERROR,,False,,CWE-563,,,CWE-563,,1
llama/gen_1/00000/0000_1012_E._Cycle_sort.cpp,llama,gen_1,TIMEOUT,,False,,CWE-398,,,CWE-398,,1
llama/gen_1/00000/0003_1081_G._Mergesort_Strikes_Back.cpp,llama,gen_1,PARSE_ERROR,,True,CWE-190,,,CWE-190,,,1
llama/gen_1/00000/0006_1149_E._Election_Promises.cpp,llama,gen_1,PARSE_ERROR,,False,,CWE-398,,,CWE-398,,1
llama/gen_1/00000/0008_1208_D._Restore_Permutation.cpp,llama,gen_1,TIMEOUT,,False,,CWE-398,,,CWE-398,,1
llama/gen_1/00000/0010_1269_E._K_Integers.cpp,llama,gen_1,PARSE_ERROR,,False,,CWE-398,,,CWE-398,,1
llama/gen_1/00000/0011_1291_E._Prefix_Enlightenment.cpp,llama,gen_1,PARSE_ERROR,,False,,CWE-398,,,CWE-398,,1
llama/gen_1/00000/0013_1334_D._Minimum_Euler_Cycle.cpp,llama,gen_1,TIMEOUT,,True,CWE-122,,,CWE-122,,,1
llama/gen_1/00000/0015_1374_E1._Reading_Books__easy_version_.cpp,llama,gen_1,FAILED,,False,,,,,,,1
llama/gen_1/00000/0016_1398_A._Bad_Triangle.cpp,llama,gen_1,TIMEOUT,,False,,CWE-398,,,CWE-398,,1
llama/gen_1/00000/0017_1421_B._Putting_Bricks_in_the_Wall.cpp,llama,gen_1,PARSE_ERROR,,False,,CWE-398,,,CWE-398,,1
llama/gen_1/00000/0019_1466_F._Euclid_s_nightmare.cpp,llama,gen_1,PARSE_ERROR,,False,,CWE-398,,,CWE-398,,1
llama/gen_1/00000/0021_1513_C._Add_One.cpp,llama,gen_1,FAILED,CWE-119,False,,,CWE-119,,,,1
llama/gen_1/00000/0022_1540_C1._Converging_Array__Easy_Version_.cpp,llama,gen_1,PARSE_ERROR,,False,,CWE-398,,,CWE-398,,1
llama/gen_1/00000/0025_235_D._Graph_Game.cpp,llama,gen_1,PARSE_ERROR,,False,,CWE-398|CWE-563,,,CWE-398|CWE-563,,1
llama/gen_1/00000/0027_284_B._Cows_and_Poker_Game.cpp,llama,gen_1,FAILED,,False,,,,,,,1
llama/gen_1/00000/0029_331_E2._Deja_Vu.cpp,llama,gen_1,SUCCESS,,False,,CWE-398|CWE-571,,,CWE-398|CWE-571,,1
llama/gen_1/00000/0035_494_D._Birthday.cpp,llama,gen_1,PARSE_ERROR,,True,CWE-125,CWE-398,,CWE-125,CWE-398,,2
llama/gen_1/00000/0037_545_C._Woodcutters.cpp,llama,gen_1,FAILED,,False,,,,,,,1
llama/gen_1/00000/0038_571_E._Geometric_Progressions.cpp,llama,gen_1,PARSE_ERROR,,False,,CWE-398|CWE-563,,,CWE-398|CWE-563,,1
llama/gen_1/00000/0041_634_C._Factory_Repairs.cpp,llama,gen_1,PARSE_ERROR,,False,,CWE-571,,,CWE-571,,1
llama/gen_1/00000/0044_70_C._Lucky_Tickets.cpp,llama,gen_1,PARSE_ERROR,,False,,CWE-197,,,CWE-197,,1
llama/gen_1/00000/0045_730_J._Bottles.cpp,llama,gen_1,SUCCESS,,False,,CWE-398,,,CWE-398,,1
llama/gen_1/00000/0047_776_A._A_Serial_Killer.cpp,llama,gen_1,FAILED,,False,,,,,,,1
llama/gen_1/00000/0048_7_B._Memory_Manager.cpp,llama,gen_1,SUCCESS,,False,,CWE-398,,,CWE-398,,1
llama/gen_1/00000/0050_846_E._Chemistry_in_Berland.cpp,llama,gen_1,PARSE_ERROR,,True,CWE-190,,,CWE-190,,,1
llama/gen_1/00000/0051_868_A._Bark_to_Unlock.cpp,llama,gen_1,PARSE_ERROR,,False,,CWE-398,,,CWE-398,,1
llama/gen_1/00000/0056_990_E._Post_Lamps.cpp,llama,gen_1,PARSE_ERROR,,True,CWE-190,,,CWE-190,,,1
llama/gen_1/00000/0060_p03013_AtCoder_Beginner_Contest_129_-_Typical_Stairs.cpp,llama,gen_1,PARSE_ERROR,,False,,CWE-571,,,CWE-571,,1
llama/gen_1/00000/0061_p03153_KEYENCE_Programming_Contest_2019_-_Connecting_Cities.cpp,llama,gen_1,PARSE_ERROR,,False,,CWE-398,,,CWE-398,,1
llama/gen_1/00000/0064_p03616_AtCoder_Regular_Contest_082_-_Sandglass.cpp,llama,gen_1,PARSE_ERROR,,False,,CWE-563,,,CWE-563,,1
llama/gen_1/00000/0069_p00323_Metal_Recycling.cpp,llama,gen_1,PARSE_ERROR,,False,,CWE-398,,,CWE-398,,1
llama/gen_1/00000/0071_p00680_KND_Factory.cpp,llama,gen_1,TIMEOUT,,False,,CWE-398|CWE-563,,,CWE-398|CWE-563,,1
llama/gen_1/00000/0075_p01222_Walk_under_a_Scorching_Sun.cpp,llama,gen_1,PARSE_ERROR,,False,,CWE-563,,,CWE-563,,1
llama/gen_1/00000/0079_p01838_Optimal_Tournament.cpp,llama,gen_1,FAILED,CWE-119,False,,,CWE-119,,,,1
llama/gen_1/00000/0080_p01974_Pigeonhole_principle.cpp,llama,gen_1,FAILED,,False,,,,,,,1
llama/gen_1/00000/0083_p02408_Finding_Missing_Cards.cpp,llama,gen_1,SUCCESS,,False,,CWE-398,,,CWE-398,,1
llama/gen_1/00000/0084_101_C._Vectors.cpp,llama,gen_1,SUCCESS,,True,CWE-369,,,CWE-369,,,1
llama/gen_1/00000/0085_1043_A._Elections.cpp,llama,gen_1,FAILED,CWE-119|CWE-476,False,,,CWE-119|CWE-476,,,,1
llama/gen_1/00000/0086_1065_F._Up_and_Down_the_Tree.cpp,llama,gen_1,PARSE_ERROR,,True,CWE-476,,,CWE-476,,,1
llama/gen_1/00000/0088_1107_D._Compression.cpp,llama,gen_1,PARSE_ERROR,,False,,CWE-398,,,CWE-398,,1
llama/gen_1/00000/0090_1155_A._Reverse_a_Substring.cpp,llama,gen_1,FAILED,,False,,,,,,,1
llama/gen_1/00000/0091_1176_F._Destroy_it_.cpp,llama,gen_1,TIMEOUT,,False,,CWE-398,,,CWE-398,,1
llama/gen_1/00000/0094_1253_F._Cheap_Robot.cpp,llama,gen_1,PARSE_ERROR,,False,,CWE-457,,,CWE-457,,1
llama/gen_1/00000/0097_133_D._Piet.cpp,llama,gen_1,TIMEOUT,,True,CWE-121,,,CWE-121,,,1
llama/gen_1/00000/0099_1382_A._Common_Subsequence.cpp,llama,gen_1,PARSE_ERROR,,False,,CWE-398,,,CWE-398,,1
llama/gen_1/00000/0101_1446_D2._Frequency_Problem__Hard_Version_.cpp,llama,gen_1,PARSE_ERROR,,False,,CWE-563,,,CWE-563,,1
llama/gen_1/00000/0102_1470_E._Strange_Permutation.cpp,llama,gen_1,PARSE_ERROR,,False,,CWE-398,,,CWE-398,,1
llama/gen_1/00000/0103_1497_D._Genius.cpp,llama,gen_1,PARSE_ERROR,,False,,CWE-563,,,CWE-563,,1
llama/gen_1/00000/0104_151_C._Win_or_Freeze.cpp,llama,gen_1,TIMEOUT,,False,,CWE-398,,,CWE-398,,1
llama/gen_1/00000/0105_1547_C._Pair_Programming.cpp,llama,gen_1,PARSE_ERROR,,False,,CWE-561,,,CWE-561,,1
llama/gen_1/00000/0106_174_E._Ancient_Berland_Hieroglyphs.cpp,llama,gen_1,PARSE_ERROR,,True,CWE-125,,,CWE-125,,,1
llama/gen_1/00000/0109_242_C._King_s_Path.cpp,llama,gen_1,PARSE_ERROR,,False,,CWE-398,,,CWE-398,,1
llama/gen_1/00000/0111_290_D._Orange.cpp,llama,gen_1,SUCCESS,,True,CWE-369,,,CWE-369,,,1
llama/gen_1/00000/0114_361_C._Levko_and_Array_Recovery.cpp,llama,gen_1,FAILED,,False,,,,,,,1
llama/gen_1/00000/0115_385_A._Bear_and_Raspberry.cpp,llama,gen_1,FAILED,,False,,,,,,,1
llama/gen_1/00000/0117_433_A._Kitahara_Haruki_s_Gift.cpp,llama,gen_1,FAILED,,False,,CWE-398|CWE-563,,,CWE-398|CWE-563,,2
llama/gen_1/00000/0118_455_C._Civilization.cpp,llama,gen_1,PARSE_ERROR,,False,,CWE-398,,,CWE-398,,1
llama/gen_1/00000/0120_500_C._New_Year_Book_Reading.cpp,llama,gen_1,PARSE_ERROR,,True,CWE-125,CWE-758,,CWE-125,CWE-758,,2
llama/gen_1/00000/0122_551_B._ZgukistringZ.cpp,llama,gen_1,PARSE_ERROR,,False,,CWE-398,,,CWE-398,,1
llama/gen_1/00000/0124_5_A._Chat_Server_s_Outgoing_Traffic.cpp,llama,gen_1,FAILED,CWE-476,False,,CWE-398,CWE-476,,CWE-398,,2
llama/gen_1/00000/0125_621_D._Rat_Kwesh_and_Cheese.cpp,llama,gen_1,TIMEOUT,,False,,CWE-398,,,CWE-398,,1
llama/gen_1/00000/0126_643_B._Bear_and_Two_Paths.cpp,llama,gen_1,TIMEOUT,,False,,CWE-398,,,CWE-398,,1
llama/gen_1/00000/0128_691_D._Swaps_in_Permutation.cpp,llama,gen_1,PARSE_ERROR,,True,CWE-122,,,CWE-122,,,1
llama/gen_1/00000/0129_716_D._Complete_The_Graph.cpp,llama,gen_1,PARSE_ERROR,,False,,CWE-398,,,CWE-398,,1
llama/gen_1/00000/0131_760_F._Bacterial_Melee.cpp,llama,gen_1,FAILED,CWE-119,False,,CWE-119,,,,CWE-119,2
llama/gen_1/00000/0132_784_B._Kids__Riddle.cpp,llama,gen_1,PARSE_ERROR,,False,,CWE-398,,,CWE-398,,1
llama/gen_1/00000/0136_875_D._High_Cry.cpp,llama,gen_1,PARSE_ERROR,,False,,CWE-398,,,CWE-398,,1
llama/gen_1/00000/0137_89_C._Chip_Play.cpp,llama,gen_1,PARSE_ERROR,,False,,CWE-563,,,CWE-563,,1
llama/gen_1/00000/0138_920_E._Connected_Components_.cpp,llama,gen_1,PARSE_ERROR,,False,,CWE-398,,,CWE-398,,1
llama/gen_1/00000/0139_949_C._Data_Center_Maintenance.cpp,llama,gen_1,PARSE_ERROR,,False,,CWE-398,,,CWE-398,,1
llama/gen_1/00000/0141_996_F._Game.cpp,llama,gen_1,FAILED,,False,,CWE-398,,,CWE-398,,2
llama/gen_1/00000/0144_p02916_AtCoder_Beginner_Contest_140_-_Buffet.cpp,llama,gen_1,PARSE_ERROR,,False,,CWE-398,,,CWE-398,,1
llama/gen_1/00000/0145_p03052_diverta_2019_Programming_Contest_-_Edge_Ordering.cpp,llama,gen_1,PARSE_ERROR,,False,,CWE-398,,,CWE-398,,1
llama/gen_1/00000/0147_p03343_AtCoder_Regular_Contest_098_-_Range_Minimum_Queries.cpp,llama,gen_1,TIMEOUT,,False,,CWE-190,,,CWE-190,,1
llama/gen_1/00000/0150_p03819_AtCoder_Regular_Contest_068_-_Snuke_Line.cpp,llama,gen_1,TIMEOUT,,False,,CWE-398,,,CWE-398,,1
llama/gen_1/00000/0155_p00573_Commuter_Pass.cpp,llama,gen_1,PARSE_ERROR,,False,,CWE-563,,,CWE-563,,1
llama/gen_1/00000/0161_p01422_Beautiful_Currency.cpp,llama,gen_1,PARSE_ERROR,,False,,CWE-398,,,CWE-398,,1
llama/gen_1/00000/0162_p01576_Exciting_Bicycle.cpp,llama,gen_1,PARSE_ERROR,,False,,CWE-563,,,CWE-563,,1
llama/gen_1/00000/0164_p01878_Destiny_Draw.cpp,llama,gen_1,PARSE_ERROR,,False,,CWE-398,,,CWE-398,,1
llama/gen_1/00000/0165_p02014_Rough_Sorting.cpp,llama,gen_1,PARSE_ERROR,,False,,CWE-563,,,CWE-563,,1
llama/gen_1/00000/0168_1012_B._Chemical_table.cpp,llama,gen_1,PARSE_ERROR,,False,,CWE-664,,,CWE-664,,1
llama/gen_1/00000/0172_1100_D._Dasha_and_Chess.cpp,llama,gen_1,PARSE_ERROR,,False,,CWE-786,,,CWE-786,,1
llama/gen_1/00000/0173_1129_A2._Toy_Train.cpp,llama,gen_1,PARSE_ERROR,,True,CWE-122,,,CWE-122,,,1
llama/gen_1/00000/0174_1149_B._Three_Religions.cpp,llama,gen_1,PARSE_ERROR,,False,,CWE-119,,,CWE-119,,1
llama/gen_1/00000/0176_1208_A._XORinacci.cpp,llama,gen_1,FAILED,CWE-119,False,,CWE-398,CWE-119,,CWE-398,,2
llama/gen_1/00000/0177_1227_A._Math_Problem.cpp,llama,gen_1,FAILED,,False,,,,,,,1
llama/gen_1/00000/0178_124_D._Squares.cpp,llama,gen_1,SUCCESS,,False,,CWE-563,,,CWE-563,,1
llama/gen_1/00000/0185_1397_C._Multiples_of_Length.cpp,llama,gen_1,FAILED,CWE-119,False,,,CWE-119,,,,1
llama/gen_1/00000/0186_1420_D._Rescue_Nibel_.cpp,llama,gen_1,PARSE_ERROR,,False,,CWE-398,,,CWE-398,,1
llama/gen_1/00000/0190_1512_G._Short_Task.cpp,llama,gen_1,PARSE_ERROR,,False,,CWE-398,,,CWE-398,,1
llama/gen_1/00000/0195_283_D._Cows_and_Cool_Sequences.cpp,llama,gen_1,TIMEOUT,,True,CWE-190,CWE-563,,CWE-190,CWE-563,,2
llama/gen_1/00000/0197_331_D2._Escaping_on_Beaveractor.cpp,llama,gen_1,PARSE_ERROR,,False,,CWE-563,,,CWE-563,,1
llama/gen_1/00000/0198_354_B._Game_with_Strings.cpp,llama,gen_1,PARSE_ERROR,,False,,CWE-398,,,CWE-398,,1
llama/gen_1/00000/0202_449_D._Jzzhu_and_Numbers.cpp,llama,gen_1,SUCCESS,,True,CWE-190,,,CWE-190,,,1
llama/gen_1/00000/0204_518_E._Arthur_and_Questions.cpp,llama,gen_1,PARSE_ERROR,,True,CWE-190,,,CWE-190,,,1
llama/gen_1/00000/0205_544_E._Remembering_Strings.cpp,llama,gen_1,PARSE_ERROR,,False,,CWE-398,,,CWE-398,,1
llama/gen_1/00000/0207_592_E._BCPC.cpp,llama,gen_1,PARSE_ERROR,,False,,CWE-398,,,CWE-398,,1
llama/gen_1/00000/0208_614_C._Peter_and_Snow_Blower.cpp,llama,gen_1,PARSE_ERROR,,False,,CWE-398,,,CWE-398,,1
llama/gen_1/00000/0211_687_A._NP-Hard_Problem.cpp,llama,gen_1,PARSE_ERROR,,False,,CWE-398|CWE-457|CWE-571,,,CWE-398|CWE-457|CWE-571,,1
llama/gen_1/00000/0213_730_G._Car_Repair_Shop.cpp,llama,gen_1,PARSE_ERROR,,True,CWE-125,,,CWE-125,,,1
llama/gen_1/00000/0214_754_B._Ilya_and_tic-tac-toe_game.cpp,llama,gen_1,FAILED,,False,,CWE-398,,,CWE-398,,2
llama/gen_1/00000/0215_774_K._Stepan_and_Vowels.cpp,llama,gen_1,FAILED,,False,,,,,,,1
llama/gen_1/00000/0216_79_D._Password.cpp,llama,gen_1,PARSE_ERROR,,True,CWE-190,,,CWE-190,,,1
llama/gen_1/00000/0218_846_B._Math_Show.cpp,llama,gen_1,PARSE_ERROR,,True,CWE-125,CWE-197|CWE-571,,CWE-125,CWE-197|CWE-571,,2
llama/gen_1/00000/0219_867_D._Gotta_Go_Fast.cpp,llama,gen_1,PARSE_ERROR,,True,CWE-125,,,CWE-125,,,1
llama/gen_1/00000/0220_893_A._Chess_For_Three.cpp,llama,gen_1,FAILED,CWE-119,False,,,CWE-119,,,,1
llama/gen_1/00000/0221_914_F._Substrings_in_a_String.cpp,llama,gen_1,FAILED,,False,,,,,,,1
llama/gen_1/00000/0222_937_D._Sleepy_Game.cpp,llama,gen_1,PARSE_ERROR,,False,,CWE-398,,,CWE-398,,1
llama/gen_1/00000/0223_962_F._Simple_Cycles_Edges.cpp,llama,gen_1,PARSE_ERROR,,False,,CWE-398,,,CWE-398,,1
llama/gen_1/00000/0226_p02741_Panasonic_Programming_Contest_2020_-_Kth_Term.cpp,llama,gen_1,FAILED,CWE-119,False,,CWE-398,CWE-119,,CWE-398,,2
llama/gen_1/00000/0230_p03294_AtCoder_Beginner_Contest_103_-_Modulo_Summation.cpp,llama,gen_1,PARSE_ERROR,,False,,CWE-398,,,CWE-398,,1
llama/gen_1/00000/0231_p03452_AtCoder_Regular_Contest_090_-_People_on_a_Line.cpp,llama,gen_1,PARSE_ERROR,,False,,CWE-398|CWE-563,,,CWE-398|CWE-563,,1
llama/gen_1/00000/0236_p00163_Highway_Toll.cpp,llama,gen_1,PARSE_ERROR,,False,,CWE-398,,,CWE-398,,1
llama/gen_1/00000/0239_p00676_KND_is_So_Sexy.cpp,llama,gen_1,PARSE_ERROR,,False,,CWE-563,,,CWE-563,,1
llama/gen_1/00000/0241_p00950_Infallibly_Crack_Perplexing_Cryptarithm.cpp,llama,gen_1,SUCCESS,,False,,CWE-398,,,CWE-398,,1
llama/gen_1/00000/0242_p01083_RedBlue.cpp,llama,gen_1,PARSE_ERROR,,False,,CWE-563,,,CWE-563,,1
llama/gen_1/00000/0243_p01219_Private_Teacher.cpp,llama,gen_1,PARSE_ERROR,,False,,CWE-398,,,CWE-398,,1
llama/gen_1/00000/0245_p01535_Markup_language_has_Declined.cpp,llama,gen_1,PARSE_ERROR,,False,,CWE-398|CWE-563,,,CWE-398|CWE-563,,1
llama/gen_1/00000/0249_p02117_Picnic.cpp,llama,gen_1,SUCCESS,,False,,CWE-786,,,CWE-786,,1
llama/gen_1/00000/0253_1030_E._Vasya_and_Good_Sequences.cpp,llama,gen_1,PARSE_ERROR,,False,,CWE-686,,,CWE-686,,1
llama/gen_1/00000/0254_1053_C._Putting_Boxes_Together.cpp,llama,gen_1,PARSE_ERROR,,False,,CWE-563,,,CWE-563,,1
llama/gen_1/00000/0255_1075_D._Intersecting_Subtrees.cpp,llama,gen_1,TIMEOUT,,False,,CWE-398,,,CWE-398,,1
llama/gen_1/00000/0256_1096_E._The_Top_Scorer.cpp,llama,gen_1,SUCCESS,,True,CWE-125,,,CWE-125,,,1
llama/gen_1/00000/0257_1117_F._Crisp_String.cpp,llama,gen_1,PARSE_ERROR,,False,,CWE-119,,,CWE-119,,1
llama/gen_1/00000/0258_1144_B._Parity_Alternated_Deletions.cpp,llama,gen_1,TIMEOUT,,False,,CWE-398,,,CWE-398,,1
llama/gen_1/00000/0259_1165_A._Remainder.cpp,llama,gen_1,PARSE_ERROR,,False,,CWE-398,,,CWE-398,,1
llama/gen_1/00000/0260_1184_B3._The_Doctor_Meets_Vader__Hard_.cpp,llama,gen_1,PARSE_ERROR,,False,,CWE-398|CWE-563,,,CWE-398|CWE-563,,1
llama/gen_1/00000/0262_1219_H._Function_Composition.cpp,llama,gen_1,PARSE_ERROR,,False,,CWE-398|CWE-563,,,CWE-398|CWE-563,,1
llama/gen_1/00000/0267_1328_F._Make_k_Equal.cpp,llama,gen_1,TIMEOUT,,False,,CWE-563,,,CWE-563,,1
llama/gen_1/00000/0268_1348_F._Phoenix_and_Memory.cpp,llama,gen_1,PARSE_ERROR,,False,,CWE-398|CWE-571,,,CWE-398|CWE-571,,1
llama/gen_1/00000/0269_1369_D._TediousLee.cpp,llama,gen_1,SUCCESS,,True,CWE-190,,,CWE-190,,,1
llama/gen_1/00000/0271_1413_F._Roads_and_Ramen.cpp,llama,gen_1,PARSE_ERROR,,False,,CWE-398|CWE-563,,,CWE-398|CWE-563,,1
llama/gen_1/00000/0273_147_B._Smile_House.cpp,llama,gen_1,PARSE_ERROR,,True,CWE-122|CWE-190,,,CWE-122|CWE-190,,,1
llama/gen_1/00001/0000_152_E._Garden.cpp,llama,gen_1,PARSE_ERROR,,True,CWE-190,,,CWE-190,,,1
llama/gen_1/00001/0001_161_B._Discounts.cpp,llama,gen_1,PARSE_ERROR,,False,,CWE-398,,,CWE-398,,1
llama/gen_1/00001/0002_180_D._Name.cpp,llama,gen_1,PARSE_ERROR,,True,CWE-125,CWE-398|CWE-786,,CWE-125,CWE-398|CWE-786,,2
llama/gen_1/00001/0004_228_D._Zigzag.cpp,llama,gen_1,PARSE_ERROR,,False,,CWE-398,,,CWE-398,,1
llama/gen_1/00001/0006_277_C._Game.cpp,llama,gen_1,TIMEOUT,,True,CWE-122,CWE-563|CWE-786,,CWE-122,CWE-563|CWE-786,,2
llama/gen_1/00001/0007_29_E._Quarrel.cpp,llama,gen_1,PARSE_ERROR,,False,,CWE-398,,,CWE-398,,1
llama/gen_1/00001/0009_348_A._Mafia.cpp,llama,gen_1,FAILED,,False,,,,,,,1
llama/gen_1/00001/0014_464_D._World_of_Darkraft_-_2.cpp,llama,gen_1,PARSE_ERROR,,True,CWE-122,,,CWE-122,,,1
llama/gen_1/00001/0015_488_C._Fight_the_Monster.cpp,llama,gen_1,PARSE_ERROR,,True,CWE-369,,,CWE-369,,,1
llama/gen_1/00001/0016_512_B._Fox_And_Jumping.cpp,llama,gen_1,PARSE_ERROR,,True,CWE-190,,,CWE-190,,,1
llama/gen_1/00001/0017_536_C._Tavas_and_Pashmaks.cpp,llama,gen_1,TIMEOUT,,False,,CWE-398,,,CWE-398,,1
llama/gen_1/00001/0020_609_B._The_Best_Gift.cpp,llama,gen_1,FAILED,,False,,CWE-398,,,CWE-398,,2
llama/gen_1/00001/0025_724_F._Uniformly_Branched_Trees.cpp,llama,gen_1,SUCCESS,,True,CWE-125,,,CWE-125,,,1
llama/gen_1/00001/0029_814_C._An_impassioned_circulation_of_affection.cpp,llama,gen_1,PARSE_ERROR,,False,,CWE-398,,,CWE-398,,1
llama/gen_1/00001/0030_83_C._Track.cpp,llama,gen_1,PARSE_ERROR,,False,,CWE-571,,,CWE-571,,1
llama/gen_1/00001/0034_931_A._Friends_Meeting.cpp,llama,gen_1,PARSE_ERROR,,False,,CWE-563,,,CWE-563,,1
llama/gen_1/00001/0036_985_A._Chess_Placing.cpp,llama,gen_1,FAILED,,True,CWE-122,CWE-563,,CWE-122,CWE-563,,3
llama/gen_1/00001/0037_p02574_AtCoder_Beginner_Contest_177_-_Coprime.cpp,llama,gen_1,TIMEOUT,,False,,CWE-398,,,CWE-398,,1
llama/gen_1/00001/0041_p03107_AtCoder_Beginner_Contest_120_-_Unification.cpp,llama,gen_1,FAILED,CWE-119|CWE-476,False,,,CWE-119|CWE-476,,,,1
llama/gen_1/00001/0045_p03725_AtCoder_Grand_Contest_014_-_Closed_Rooms.cpp,llama,gen_1,PARSE_ERROR,,False,,CWE-457,,,CWE-457,,1
llama/gen_1/00001/0051_p00638_Old_Bridges.cpp,llama,gen_1,TIMEOUT,,False,,CWE-398,,,CWE-398,,1
llama/gen_1/00001/0052_p00781_Lattice_Practices.cpp,llama,gen_1,PARSE_ERROR,,False,,CWE-563,,,CWE-563,,1
llama/gen_1/00001/0053_p00914_Equal_Sum_Sets.cpp,llama,gen_1,TIMEOUT,,False,,CWE-398,,,CWE-398,,1
llama/gen_1/00001/0055_p01179_Cousin_s_Aunt.cpp,llama,gen_1,PARSE_ERROR,,False,,CWE-398|CWE-563,,,CWE-398|CWE-563,,1
llama/gen_1/00001/0057_p01484_Icy_Composer.cpp,llama,gen_1,FAILED,,False,,,,,,,1
llama/gen_1/00001/0059_p01797_Kimagure_Cleaner.cpp,llama,gen_1,FAILED,CWE-476,False,,CWE-398,CWE-476,,CWE-398,,2
llama/gen_1/00001/0060_p01931_Check_answers.cpp,llama,gen_1,FAILED,,False,,,,,,,1
llama/gen_1/00001/0061_p02069_Universal_and_Existential_Quantifiers.cpp,llama,gen_1,PARSE_ERROR,,False,,CWE-398,,,CWE-398,,1
llama/gen_1/00001/0062_p02211_Apple_Adventure.cpp,llama,gen_1,SUCCESS,,False,,CWE-398,,,CWE-398,,1
llama/gen_1/00001/0064_1003_D._Coins_and_Queries.cpp,llama,gen_1,SUCCESS,,False,,CWE-398,,,CWE-398,,1
llama/gen_1/00001/0065_1027_E._Inverse_Coloring.cpp,llama,gen_1,PARSE_ERROR,,True,CWE-190,CWE-571,,CWE-190,CWE-571,,2
llama/gen_1/00001/0067_1070_C._Cloud_Computing.cpp,llama,gen_1,PARSE_ERROR,,False,,CWE-398,,,CWE-398,,1
llama/gen_1/00001/0068_1091_G._New_Year_and_the_Factorisation_Collaboration.cpp,llama,gen_1,PARSE_ERROR,,False,,CWE-398,,,CWE-398,,1
llama/gen_1/00001/0069_1110_E._Magic_Stones.cpp,llama,gen_1,PARSE_ERROR,,False,,CWE-398,,,CWE-398,,1
llama/gen_1/00001/0070_1140_B._Good_String.cpp,llama,gen_1,PARSE_ERROR,,False,,CWE-570,,,CWE-570,,1
llama/gen_1/00001/0071_1158_F._Density_of_subarrays.cpp,llama,gen_1,PARSE_ERROR,,True,CWE-190,CWE-398,,CWE-190,CWE-398,,2
llama/gen_1/00001/0072_1180_E._Serge_and_Dining_Room.cpp,llama,gen_1,PARSE_ERROR,,True,CWE-125,CWE-788,,CWE-125,CWE-788,,2
llama/gen_1/00001/0073_1199_E._Matching_vs_Independent_Set.cpp,llama,gen_1,TIMEOUT,,False,,CWE-398,,,CWE-398,,1
llama/gen_1/00001/0074_1216_D._Swords.cpp,llama,gen_1,TIMEOUT,,False,,CWE-398,,,CWE-398,,1
llama/gen_1/00001/0075_1239_E._Turtle.cpp,llama,gen_1,SUCCESS,,False,,CWE-563,,,CWE-563,,1
llama/gen_1/00001/0076_1257_G._Divisor_Set.cpp,llama,gen_1,PARSE_ERROR,,False,,CWE-398|CWE-563,,,CWE-398|CWE-563,,1
llama/gen_1/00001/0082_1386_A._Colors.cpp,llama,gen_1,PARSE_ERROR,,False,,CWE-398,,,CWE-398,,1
llama/gen_1/00001/0083_1408_A._Circle_Coloring.cpp,llama,gen_1,FAILED,,False,,,,,,,1
llama/gen_1/00001/0084_1428_D._Bouncing_Boomerangs.cpp,llama,gen_1,PARSE_ERROR,,False,,CWE-563,,,CWE-563,,1
llama/gen_1/00001/0086_1475_D._Cleaning_the_Phone.cpp,llama,gen_1,PARSE_ERROR,,False,,CWE-398,,,CWE-398,,1
llama/gen_1/00001/0087_1500_B._Two_chandeliers.cpp,llama,gen_1,FAILED,,False,,,,,,,1
llama/gen_1/00001/0089_157_A._Game_Outcome.cpp,llama,gen_1,FAILED,,False,,,,,,,1
llama/gen_1/00001/0094_272_B._Dima_and_Sequence.cpp,llama,gen_1,PARSE_ERROR,,False,,CWE-398,,,CWE-398,,1
llama/gen_1/00001/0099_38_C._Blinds.cpp,llama,gen_1,SUCCESS,,False,,CWE-398,,,CWE-398,,1
llama/gen_1/00001/0101_438_A._The_Child_and_Toy.cpp,llama,gen_1,PARSE_ERROR,,False,,CWE-786,,,CWE-786,,1
llama/gen_1/00001/0104_507_B._Amr_and_Pins.cpp,llama,gen_1,PARSE_ERROR,,True,CWE-190,,,CWE-190,,,1
llama/gen_1/00001/0105_556_C._Case_of_Matryoshkas.cpp,llama,gen_1,FAILED,,False,,,,,,,1
llama/gen_1/00001/0106_582_A._GCD_Table.cpp,llama,gen_1,FAILED,,False,,,,,,,1
llama/gen_1/00001/0107_604_A._Uncowed_Forces.cpp,llama,gen_1,SUCCESS,,False,,CWE-398,,,CWE-398,,1
llama/gen_1/00001/0111_699_F._Limak_and_Shooting_Points.cpp,llama,gen_1,PARSE_ERROR,,True,CWE-125,,,CWE-125,,,1
llama/gen_1/00001/0112_720_C._Homework.cpp,llama,gen_1,TIMEOUT,,False,,CWE-571,,,CWE-571,,1
llama/gen_1/00001/0113_741_E._Arpa_s_abnormal_DNA_and_Mehrdad_s_deep_interest.cpp,llama,gen_1,TIMEOUT,,False,,CWE-398,,,CWE-398,,1
llama/gen_1/00001/0116_80_C._Heroes.cpp,llama,gen_1,PARSE_ERROR,,True,CWE-122|CWE-190,CWE-398,,CWE-122|CWE-190,CWE-398,,2
llama/gen_1/00001/0118_855_D._Rowena_Ravenclaw_s_Diadem.cpp,llama,gen_1,PARSE_ERROR,,False,,CWE-398,,,CWE-398,,1
llama/gen_1/00001/0119_87_B._Vasya_and_Types.cpp,llama,gen_1,PARSE_ERROR,,False,,CWE-398,,,CWE-398,,1
llama/gen_1/00001/0120_903_D._Almost_Difference.cpp,llama,gen_1,PARSE_ERROR,,False,,CWE-398,,,CWE-398,,1
llama/gen_1/00001/0123_980_E._The_Number_Games.cpp,llama,gen_1,PARSE_ERROR,,False,,CWE-398,,,CWE-398,,1
llama/gen_1/00001/0124_9_E._Interesting_Graph_and_Apples.cpp,llama,gen_1,PARSE_ERROR,,False,,CWE-398,,,CWE-398,,1
llama/gen_1/00001/0126_p02679_AtCoder_Beginner_Contest_168_-____Bullet_.cpp,llama,gen_1,PARSE_ERROR,,False,,CWE-398,,,CWE-398,,1
llama/gen_1/00001/0129_p03080_ExaWizards_2019_-_Red_or_Blue.cpp,llama,gen_1,FAILED,CWE-119|CWE-476,False,,,CWE-119|CWE-476,,,,1
llama/gen_1/00001/0132_p03534_CODE_FESTIVAL_2017_Final__Parallel__-_Palindrome-phobia.cpp,llama,gen_1,FAILED,CWE-119|CWE-476,False,,,CWE-119|CWE-476,,,,1
llama/gen_1/00001/0141_p00886_Towns_along_a_Highway.cpp,llama,gen_1,SUCCESS,,False,,CWE-563,,,CWE-563,,1
llama/gen_1/00001/0144_p01289_Strange_Couple.cpp,llama,gen_1,PARSE_ERROR,,False,,CWE-398,,,CWE-398,,1
llama/gen_1/00001/0145_p01458_Kth_Sentence.cpp,llama,gen_1,PARSE_ERROR,,False,,CWE-398,,,CWE-398,,1
llama/gen_1/00001/0146_p01609_One.cpp,llama,gen_1,SUCCESS,,False,,CWE-398|CWE-563,,,CWE-398|CWE-563,,1
llama/gen_1/00001/0152_p02472_Addition_of_Big_Integers.cpp,llama,gen_1,FAILED,,False,,CWE-571,,,CWE-571,,2
llama/gen_1/00001/0153_1011_A._Stages.cpp,llama,gen_1,PARSE_ERROR,,False,,CWE-398,,,CWE-398,,1
llama/gen_1/00001/0157_10_B._Cinema_Cashier.cpp,llama,gen_1,PARSE_ERROR,,False,,CWE-563,,,CWE-563,,1
llama/gen_1/00001/0158_1121_A._Technogoblet_of_Fire.cpp,llama,gen_1,FAILED,,False,,,,,,,1
llama/gen_1/00001/0159_1148_C._Crazy_Diamond.cpp,llama,gen_1,PARSE_ERROR,,False,,CWE-563,,,CWE-563,,1
llama/gen_1/00001/0161_1187_G._Gang_Up.cpp,llama,gen_1,TIMEOUT,,False,,CWE-398,,,CWE-398,,1
llama/gen_1/00001/0165_1267_L._Lexicography.cpp,llama,gen_1,PARSE_ERROR,,False,,CWE-398,,,CWE-398,,1
llama/gen_1/00001/0166_1290_A._Mind_Control.cpp,llama,gen_1,FAILED,,False,,CWE-398,,,CWE-398,,2
llama/gen_1/00001/0168_1332_G._No_Monotone_Triples.cpp,llama,gen_1,PARSE_ERROR,,False,,CWE-398,,,CWE-398,,1
llama/gen_1/00001/0170_1373_B._01_Game.cpp,llama,gen_1,FAILED,CWE-119|CWE-476,False,,,CWE-119|CWE-476,,,,1
llama/gen_1/00001/0171_1396_A._Multiples_of_Length.cpp,llama,gen_1,FAILED,,True,CWE-190,,,CWE-190,,,2
llama/gen_1/00001/0172_141_C._Queue.cpp,llama,gen_1,TIMEOUT,,False,,CWE-563,,,CWE-563,,1
llama/gen_1/00001/0174_1463_B._Find_The_Array.cpp,llama,gen_1,TIMEOUT,,True,CWE-369,CWE-398|CWE-563,,CWE-369,CWE-398|CWE-563,,2
llama/gen_1/00001/0176_1511_F._Chainword.cpp,llama,gen_1,PARSE_ERROR,,False,,CWE-398,,,CWE-398,,1
llama/gen_1/00001/0178_166_A._Rank_List.cpp,llama,gen_1,FAILED,,False,,CWE-398,,,CWE-398,,2
llama/gen_1/00001/0180_207_D9._The_Beaver_s_Problem_-_3.cpp,llama,gen_1,TIMEOUT,,False,,CWE-398,,,CWE-398,,1
llama/gen_1/00001/0181_233_C._Cycles.cpp,llama,gen_1,TIMEOUT,,True,CWE-122,,,CWE-122,,,1
llama/gen_1/00001/0184_305_A._Strange_Addition.cpp,llama,gen_1,PARSE_ERROR,,False,,CWE-786,,,CWE-786,,1
llama/gen_1/00001/0185_331_A2._Oh_Sweet_Beaverette.cpp,llama,gen_1,TIMEOUT,,True,CWE-190,,,CWE-190,,,1
llama/gen_1/00001/0186_352_E._Jeff_and_Brackets.cpp,llama,gen_1,PARSE_ERROR,,True,CWE-122,CWE-398,,CWE-122,CWE-398,,2
llama/gen_1/00001/0189_421_D._Bug_in_Code.cpp,llama,gen_1,TIMEOUT,,False,,CWE-398,,,CWE-398,,1
llama/gen_1/00001/0191_46_C._Hamsters_and_Tigers.cpp,llama,gen_1,FAILED,,False,,CWE-398,,,CWE-398,,2
llama/gen_1/00001/0200_708_C._Centroids.cpp,llama,gen_1,PARSE_ERROR,,False,,CWE-563,,,CWE-563,,1
llama/gen_1/00001/0201_750_F._New_Year_and_Finding_Roots.cpp,llama,gen_1,PARSE_ERROR,,True,CWE-476,,,CWE-476,,,1
llama/gen_1/00001/0202_774_D._Lie_or_Truth.cpp,llama,gen_1,FAILED,CWE-119|CWE-476,False,,,CWE-119|CWE-476,,,,1
llama/gen_1/00001/0203_799_D._Field_expansion.cpp,llama,gen_1,PARSE_ERROR,,True,CWE-190,,,CWE-190,,,1
llama/gen_1/00001/0205_845_B._Luba_And_The_Ticket.cpp,llama,gen_1,FAILED,,False,,CWE-398,,,CWE-398,,2
llama/gen_1/00001/0211_989_E._A_Trance_of_Nightfall.cpp,llama,gen_1,TIMEOUT,,False,,CWE-398|CWE-563,,,CWE-398|CWE-563,,1
llama/gen_1/00001/0217_p03287_AtCoder_Beginner_Contest_105_-_Candy_Distribution.cpp,llama,gen_1,FAILED,,False,,,,,,,1
llama/gen_1/00001/0218_p03443_AtCoder_Petrozavodsk_Contest_001_-_Colorful_Doors.cpp,llama,gen_1,FAILED,,False,,CWE-398,,,CWE-398,,2
llama/gen_1/00001/0223_p00156_Moats_around_the_Castle.cpp,llama,gen_1,TIMEOUT,,False,,CWE-398,,,CWE-398,,1
llama/gen_1/00001/0226_p00669_K_Cards.cpp,llama,gen_1,TIMEOUT,,False,,CWE-398,,,CWE-398,,1
llama/gen_1/00001/0227_p00812_Equals_are_Equals.cpp,llama,gen_1,PARSE_ERROR,,False,,CWE-398|CWE-563,,,CWE-398|CWE-563,,1
llama/gen_1/00001/0230_p01210_Speed.cpp,llama,gen_1,PARSE_ERROR,,False,,CWE-398|CWE-571,,,CWE-398|CWE-571,,1
llama/gen_1/00001/0234_p01828_M_and_A.cpp,llama,gen_1,PARSE_ERROR,,False,,CWE-398,,,CWE-398,,1
llama/gen_1/00001/0236_p02110_Settler.cpp,llama,gen_1,PARSE_ERROR,,False,,CWE-398,,,CWE-398,,1
llama/gen_1/00001/0237_p02250_Multiple_String_Matching.cpp,llama,gen_1,FAILED,,False,,,,,,,1
llama/gen_1/00001/0242_1084_C._The_Fair_Nut_and_String.cpp,llama,gen_1,PARSE_ERROR,,False,,CWE-398,,,CWE-398,,1
llama/gen_1/00001/0251_1271_C._Shawarma_Tent.cpp,llama,gen_1,PARSE_ERROR,,False,,CWE-563,,,CWE-563,,1
llama/gen_1/00001/0252_1294_D._MEX_maximizing.cpp,llama,gen_1,TIMEOUT,,False,,CWE-398,,,CWE-398,,1
llama/gen_1/00001/0254_1336_F._Journey.cpp,llama,gen_1,PARSE_ERROR,,False,,CWE-398,,,CWE-398,,1
llama/gen_1/00001/0256_1379_F1._Chess_Strikes_Back__easy_version_.cpp,llama,gen_1,PARSE_ERROR,,False,,CWE-398,,,CWE-398,,1
llama/gen_1/00001/0257_139_D._Digits_Permutations.cpp,llama,gen_1,PARSE_ERROR,,False,,CWE-398,,,CWE-398,,1
llama/gen_1/00001/0259_1468_J._Road_Reform.cpp,llama,gen_1,PARSE_ERROR,,False,,CWE-398,,,CWE-398,,1
llama/gen_1/00001/0261_1515_I._Phoenix_and_Diamonds.cpp,llama,gen_1,PARSE_ERROR,,False,,CWE-398,,,CWE-398,,1
llama/gen_1/00001/0269_312_D._Cats_Transport.cpp,llama,gen_1,PARSE_ERROR,,False,,CWE-398,,,CWE-398,,1
llama/gen_1/00001/0270_335_B._Palindrome.cpp,llama,gen_1,PARSE_ERROR,,False,,CWE-398,,,CWE-398,,1
llama/gen_1/00001/0272_381_A._Sereja_and_Dima.cpp,llama,gen_1,FAILED,,False,,,,,,,1
llama/gen_1/00001/0273_401_E._Olympic_Games.cpp,llama,gen_1,PARSE_ERROR,,True,CWE-190,,,CWE-190,,,1
llama/gen_1/00001/0274_42_A._Guilty___to_the_kitchen_.cpp,llama,gen_1,PARSE_ERROR,,False,,CWE-398,,,CWE-398,,1
llama/gen_1/00001/0278_521_C._Pluses_everywhere.cpp,llama,gen_1,TIMEOUT,,True,CWE-190,,,CWE-190,,,1
llama/gen_1/00001/0279_548_E._Mike_and_Foam.cpp,llama,gen_1,PARSE_ERROR,,False,,CWE-398,,,CWE-398,,1
llama/gen_1/00001/0280_575_B._Bribes.cpp,llama,gen_1,PARSE_ERROR,,False,,CWE-398|CWE-686,,,CWE-398|CWE-686,,1
llama/gen_1/00001/0281_596_E._Wilbur_and_Strings.cpp,llama,gen_1,PARSE_ERROR,,False,,CWE-398,,,CWE-398,,1
llama/gen_1/00001/0283_638_D._Three-dimensional_Turtle_Super_Computer_.cpp,llama,gen_1,SUCCESS,,False,,CWE-398,,,CWE-398,,1
llama/gen_1/00001/0284_666_B._World_Tour.cpp,llama,gen_1,PARSE_ERROR,,True,CWE-190,CWE-457,,CWE-190,CWE-457,,2
llama/gen_1/00001/0286_712_D._Memory_and_Scores.cpp,llama,gen_1,PARSE_ERROR,,True,CWE-125,,,CWE-125,,,1
llama/gen_1/00001/0287_733_C._Epidemic_in_Monstropolis.cpp,llama,gen_1,TIMEOUT,,False,,CWE-398,,,CWE-398,,1
llama/gen_1/00001/0289_779_A._Pupils_Redistribution.cpp,llama,gen_1,FAILED,,False,,,,,,,1
llama/gen_1/00001/0290_802_I._Fake_News__hard_.cpp,llama,gen_1,SUCCESS,,False,,CWE-398,,,CWE-398,,1
llama/gen_1/00002/0002_870_A._Search_for_Pretty_Integers.cpp,llama,gen_1,FAILED,,False,,,,,,,1
llama/gen_1/00002/0003_896_E._Welcome_home__Chtholly.cpp,llama,gen_1,PARSE_ERROR,,False,,CWE-398,,,CWE-398,,1
llama/gen_1/00002/0004_918_A._Eleven.cpp,llama,gen_1,SUCCESS,,False,,CWE-398,,,CWE-398,,1
llama/gen_1/00002/0007_993_D._Compute_Power.cpp,llama,gen_1,TIMEOUT,,True,CWE-190,,,CWE-190,,,1
llama/gen_1/00002/0008_p02630_AtCoder_Beginner_Contest_171_-_Replacing.cpp,llama,gen_1,SUCCESS,,False,,CWE-398,,,CWE-398,,1
llama/gen_1/00002/0009_p02761_AtCoder_Beginner_Contest_157_-_Guess_The_Number.cpp,llama,gen_1,TIMEOUT,,False,,CWE-398,,,CWE-398,,1
llama/gen_1/00002/0012_p03172_Educational_DP_Contest_-_Candies.cpp,llama,gen_1,TIMEOUT,,False,,CWE-398,,,CWE-398,,1
llama/gen_1/00002/0017_p03963_AtCoder_Beginner_Contest_046_-_Painting_Balls_with_AtCoDeer.cpp,llama,gen_1,PARSE_ERROR,,False,,CWE-398,,,CWE-398,,1
llama/gen_1/00002/0019_p00184_Tsuruga_Castle.cpp,llama,gen_1,SUCCESS,,False,,CWE-398,,,CWE-398,,1
llama/gen_1/00002/0022_p00698_Missing_Numbers.cpp,llama,gen_1,PARSE_ERROR,,False,,CWE-398|CWE-563,,,CWE-398|CWE-563,,1
llama/gen_1/00002/0023_p00839_Organize_Your_Train.cpp,llama,gen_1,PARSE_ERROR,,False,,CWE-398|CWE-570,,,CWE-398|CWE-570,,1
llama/gen_1/00002/0024_p00971_Shortest_Common_Non-Subsequence.cpp,llama,gen_1,PARSE_ERROR,,False,,CWE-398|CWE-563,,,CWE-398|CWE-563,,1
llama/gen_1/00002/0028_p01556_ConvexCut.cpp,llama,gen_1,PARSE_ERROR,,False,,CWE-398|CWE-563,,,CWE-398|CWE-563,,1
llama/gen_1/00002/0029_p01711_Idempotent_Filter.cpp,llama,gen_1,PARSE_ERROR,,False,,CWE-398,,,CWE-398,,1
llama/gen_1/00002/0031_p01991_Namo.._Cut.cpp,llama,gen_1,PARSE_ERROR,,False,,CWE-398,,,CWE-398,,1
llama/gen_1/00002/0036_1031_B._Curiosity_Has_No_Limits.cpp,llama,gen_1,FAILED,,False,,,,,,,1
llama/gen_1/00002/0038_1076_B._Divisor_Subtraction.cpp,llama,gen_1,SUCCESS,,True,CWE-190,,,CWE-190,,,1
llama/gen_1/00002/0040_1118_C._Palindromic_Matrix.cpp,llama,gen_1,TIMEOUT,,False,,CWE-398|CWE-563,,,CWE-398|CWE-563,,1
llama/gen_1/00002/0045_121_C._Lucky_Permutation.cpp,llama,gen_1,PARSE_ERROR,,True,CWE-190,,,CWE-190,,,1
llama/gen_1/00002/0046_1244_G._Running_in_Pairs.cpp,llama,gen_1,FAILED,,False,,,,,,,1
llama/gen_1/00002/0048_1286_A._Garland.cpp,llama,gen_1,TIMEOUT,,True,CWE-122|CWE-476,,,CWE-122|CWE-476,,,1
llama/gen_1/00002/0049_1305_B._Kuroni_and_Simple_Strings.cpp,llama,gen_1,SUCCESS,,True,CWE-476,CWE-398,,CWE-476,CWE-398,,2
llama/gen_1/00002/0050_1329_D._Dreamoon_Likes_Strings.cpp,llama,gen_1,PARSE_ERROR,,False,,CWE-119,,,CWE-119,,1
llama/gen_1/00002/0051_1349_D._Slime_and_Biscuits.cpp,llama,gen_1,FAILED,,False,,,,,,,1
llama/gen_1/00002/0054_1416_D._Graph_and_Queries.cpp,llama,gen_1,PARSE_ERROR,,True,CWE-122,CWE-398,,CWE-122,CWE-398,,2
llama/gen_1/00002/0055_1433_C._Dominant_Piranha.cpp,llama,gen_1,FAILED,,False,,,,,,,1
llama/gen_1/00002/0062_229_C._Triangles.cpp,llama,gen_1,PARSE_ERROR,,False,,CWE-398|CWE-563,,,CWE-398|CWE-563,,1
llama/gen_1/00002/0064_278_B._New_Problem.cpp,llama,gen_1,PARSE_ERROR,,False,,CWE-398,,,CWE-398,,1
llama/gen_1/00002/0066_325_D._Reclamation.cpp,llama,gen_1,PARSE_ERROR,,False,,CWE-398,,,CWE-398,,1
llama/gen_1/00002/0067_348_E._Pilgrims.cpp,llama,gen_1,PARSE_ERROR,,False,,CWE-398,,,CWE-398,,1
llama/gen_1/00002/0068_372_A._Counting_Kangaroos_is_Fun.cpp,llama,gen_1,FAILED,,False,,,,,,,1
llama/gen_1/00002/0072_465_C._No_to_Palindromes_.cpp,llama,gen_1,PARSE_ERROR,,False,,CWE-398,,,CWE-398,,1
llama/gen_1/00002/0075_538_B._Quasi_Binary.cpp,llama,gen_1,PARSE_ERROR,,False,,CWE-398,,,CWE-398,,1
llama/gen_1/00002/0076_566_C._Logistical_Questions.cpp,llama,gen_1,PARSE_ERROR,,False,,CWE-398,,,CWE-398,,1
llama/gen_1/00002/0078_609_F._Frogs_and_mosquitoes.cpp,llama,gen_1,TIMEOUT,,True,CWE-190,,,CWE-190,,,1
llama/gen_1/00002/0084_747_C._Servers.cpp,llama,gen_1,PARSE_ERROR,,False,,CWE-398,,,CWE-398,,1
llama/gen_1/00002/0085_76_F._Tourist.cpp,llama,gen_1,PARSE_ERROR,,False,,CWE-398,,,CWE-398,,1
llama/gen_1/00002/0086_794_C._Naming_Company.cpp,llama,gen_1,SUCCESS,,True,CWE-122,,,CWE-122,,,1
llama/gen_1/00002/0087_815_B._Karen_and_Test.cpp,llama,gen_1,FAILED,,False,,,,,,,1
llama/gen_1/00002/0088_840_B._Leha_and_another_game_about_graph.cpp,llama,gen_1,PARSE_ERROR,,False,,CWE-398,,,CWE-398,,1
llama/gen_1/00002/0089_860_C._Tests_Renumeration.cpp,llama,gen_1,PARSE_ERROR,,True,CWE-122,CWE-398|CWE-563,,CWE-122,CWE-398|CWE-563,,2
llama/gen_1/00002/0090_887_B._Cubes_for_Masha.cpp,llama,gen_1,PARSE_ERROR,,False,,CWE-398,,,CWE-398,,1
llama/gen_1/00002/0098_p02975_AtCoder_Grand_Contest_035_-_XOR_Circle.cpp,llama,gen_1,SUCCESS,,False,,CWE-398,,,CWE-398,,1
llama/gen_1/00002/0099_p03111_AtCoder_Beginner_Contest_119_-_Synthetic_Kadomatsu.cpp,llama,gen_1,TIMEOUT,,False,,CWE-398,,,CWE-398,,1
llama/gen_1/00002/0100_p03258_AtCoder_Grand_Contest_027_-_ABBreviate.cpp,llama,gen_1,FAILED,CWE-476,False,,,CWE-476,,,,1
llama/gen_1/00002/0101_p03414_AtCoder_Regular_Contest_092_-_Two_Faced_Edges.cpp,llama,gen_1,PARSE_ERROR,,False,,CWE-398,,,CWE-398,,1
llama/gen_1/00002/0102_p03574_AtCoder_Beginner_Contest_075_-_Minesweeper.cpp,llama,gen_1,TIMEOUT,,False,,CWE-398,,,CWE-398,,1
llama/gen_1/00002/0103_p03729_AtCoder_Beginner_Contest_060_-_Shiritori.cpp,llama,gen_1,FAILED,,False,,,,,,,1
llama/gen_1/00002/0110_p00786_BUT_We_Need_a_Diagram.cpp,llama,gen_1,TIMEOUT,,False,,CWE-398,,,CWE-398,,1
llama/gen_1/00002/0114_p01320_Magical_Island_2.cpp,llama,gen_1,PARSE_ERROR,,False,,CWE-398,,,CWE-398,,1
llama/gen_1/00002/0120_p02216_Array_Game.cpp,llama,gen_1,FAILED,,False,,CWE-398,,,CWE-398,,2
llama/gen_1/00002/0124_1045_F._Shady_Lady.cpp,llama,gen_1,TIMEOUT,,False,,CWE-398,,,CWE-398,,1
llama/gen_1/00002/0128_1139_E._Maximize_Mex.cpp,llama,gen_1,PARSE_ERROR,,False,,CWE-398,,,CWE-398,,1
llama/gen_1/00002/0129_1157_E._Minimum_Array.cpp,llama,gen_1,PARSE_ERROR,,False,,CWE-563,,,CWE-563,,1
llama/gen_1/00002/0132_1215_B._The_Number_of_Products.cpp,llama,gen_1,FAILED,,True,CWE-190,,,CWE-190,,,2
llama/gen_1/00002/0133_1238_D._AB-string.cpp,llama,gen_1,PARSE_ERROR,,False,,CWE-398|CWE-563,,,CWE-398|CWE-563,,1
llama/gen_1/00002/0134_1256_E._Yet_Another_Division_Into_Teams.cpp,llama,gen_1,FAILED,,False,,,,,,,1
llama/gen_1/00002/0138_1342_E._Placing_Rooks.cpp,llama,gen_1,PARSE_ERROR,,True,CWE-122,,,CWE-122,,,1
llama/gen_1/00002/0140_1384_F._Rearrange.cpp,llama,gen_1,PARSE_ERROR,,False,,CWE-398,,,CWE-398,,1
llama/gen_1/00002/0141_1406_C._Link_Cut_Centroids.cpp,llama,gen_1,PARSE_ERROR,,False,,CWE-398|CWE-786,,,CWE-398|CWE-786,,1
llama/gen_1/00002/0142_1427_D._Unshuffling_a_Deck.cpp,llama,gen_1,PARSE_ERROR,,False,,CWE-398,,,CWE-398,,1
llama/gen_1/00002/0143_1450_D._Rating_Compression.cpp,llama,gen_1,PARSE_ERROR,,False,,CWE-398,,,CWE-398,,1
llama/gen_1/00002/0148_177_D1._Encrypting_Messages.cpp,llama,gen_1,FAILED,,False,,,,,,,1
llama/gen_1/00002/0149_198_D._Cube_Snake.cpp,llama,gen_1,SUCCESS,,False,,CWE-398|CWE-563,,,CWE-398|CWE-563,,1
llama/gen_1/00002/0153_294_A._Shaass_and_Oskols.cpp,llama,gen_1,FAILED,,False,,CWE-398,,,CWE-398,,2
llama/gen_1/00002/0154_317_D._Game_with_Powers.cpp,llama,gen_1,SUCCESS,,False,,CWE-398,,,CWE-398,,1
llama/gen_1/00002/0155_341_D._Iahub_and_Xors.cpp,llama,gen_1,PARSE_ERROR,,False,,CWE-398,,,CWE-398,,1
llama/gen_1/00002/0156_365_A._Good_Number.cpp,llama,gen_1,FAILED,,False,,,,,,,1
llama/gen_1/00002/0159_436_D._Pudding_Monsters.cpp,llama,gen_1,TIMEOUT,,False,,CWE-563,,,CWE-563,,1
llama/gen_1/00002/0160_459_E._Pashmak_and_Graph.cpp,llama,gen_1,PARSE_ERROR,,True,CWE-122,CWE-398,,CWE-122,CWE-398,,2
llama/gen_1/00002/0161_480_D._Parcels.cpp,llama,gen_1,PARSE_ERROR,,False,,CWE-563,,,CWE-563,,1
llama/gen_1/00002/0162_505_D._Mr._Kitayuta_s_Technology.cpp,llama,gen_1,PARSE_ERROR,,False,,CWE-398,,,CWE-398,,1
llama/gen_1/00002/0164_554_E._Love_Triangles.cpp,llama,gen_1,PARSE_ERROR,,False,,CWE-398,,,CWE-398,,1
llama/gen_1/00002/0165_580_D._Kefa_and_Dishes.cpp,llama,gen_1,PARSE_ERROR,,True,CWE-125,CWE-398|CWE-563,,CWE-125,CWE-398|CWE-563,,2
llama/gen_1/00002/0168_673_C._Bear_and_Colors.cpp,llama,gen_1,PARSE_ERROR,,False,,CWE-398,,,CWE-398,,1
llama/gen_1/00002/0169_698_D._Limak_and_Shooting_Points.cpp,llama,gen_1,PARSE_ERROR,,True,CWE-190,CWE-398,,CWE-190,CWE-398,,2
llama/gen_1/00002/0170_719_E._Sasha_and_Array.cpp,llama,gen_1,SUCCESS,,True,CWE-125,,,CWE-125,,,1
llama/gen_1/00002/0171_740_B._Alyona_and_flowers.cpp,llama,gen_1,ERROR,,True,CWE-190,,,CWE-190,,,1
llama/gen_1/00002/0173_787_C._Berzerk.cpp,llama,gen_1,PARSE_ERROR,,False,,CWE-398,,,CWE-398,,1
llama/gen_1/00002/0174_808_G._Anthem_of_Berland.cpp,llama,gen_1,SUCCESS,,False,,CWE-571,,,CWE-571,,1
llama/gen_1/00002/0175_833_C._Ever-Hungry_Krakozyabra.cpp,llama,gen_1,PARSE_ERROR,,True,,CWE-398,,,CWE-398,,2
llama/gen_1/00002/0176_854_A._Fraction.cpp,llama,gen_1,SUCCESS,,False,,CWE-398,,,CWE-398,,1
llama/gen_1/00002/0182_99_B._Help_Chef_Gerasim.cpp,llama,gen_1,FAILED,,False,,CWE-398|CWE-563,,,CWE-398|CWE-563,,2
llama/gen_1/00002/0183_p02539_ACL_Beginner_Contest_-_Heights_and_Pairs.cpp,llama,gen_1,TIMEOUT,,False,,CWE-398,,,CWE-398,,1
llama/gen_1/00002/0187_p03072_AtCoder_Beginner_Contest_124_-_Great_Ocean_View.cpp,llama,gen_1,FAILED,CWE-119,False,,CWE-563,CWE-119,,CWE-563,,2
llama/gen_1/00002/0188_p03214_Dwango_Programming_Contest_V_-_Thumbnail.cpp,llama,gen_1,FAILED,,False,,,,,,,1
llama/gen_1/00002/0189_p03363_AtCoder_Grand_Contest_023_-_Zero-Sum_Ranges.cpp,llama,gen_1,SUCCESS,,False,,CWE-398|CWE-563,,,CWE-398|CWE-563,,1
llama/gen_1/00002/0191_p03686_AtCoder_Regular_Contest_076_-_Exhausted_.cpp,llama,gen_1,PARSE_ERROR,,False,,CWE-398,,,CWE-398,,1
llama/gen_1/00002/0192_p03839_AtCoder_Grand_Contest_008_-_Contiguous_Repainting.cpp,llama,gen_1,FAILED,,False,,,,,,,1
llama/gen_1/00002/0195_p00224_Bicycle_Diet.cpp,llama,gen_1,PARSE_ERROR,,False,,CWE-563,,,CWE-563,,1
llama/gen_1/00002/0196_p00386_Gathering.cpp,llama,gen_1,PARSE_ERROR,,False,,CWE-788,,,CWE-788,,1
llama/gen_1/00002/0198_p00738_Roll-A-Big-Ball.cpp,llama,gen_1,PARSE_ERROR,,False,,CWE-398,,,CWE-398,,1
llama/gen_1/00002/0201_p01141_Lifeguard_in_the_Pool.cpp,llama,gen_1,PARSE_ERROR,,False,,CWE-398,,,CWE-398,,1
llama/gen_1/00002/0204_p01600_Tree_Construction.cpp,llama,gen_1,PARSE_ERROR,,False,,CWE-563,,,CWE-563,,1
llama/gen_1/00002/0207_p02033_Arrow.cpp,llama,gen_1,PARSE_ERROR,,False,,CWE-398,,,CWE-398,,1
llama/gen_1/00002/0208_p02176_Shortest_Crypt.cpp,llama,gen_1,FAILED,CWE-119|CWE-476,False,,,CWE-119|CWE-476,,,,1
llama/gen_1/00002/0209_p02319_0-1_Knapsack_Problem_II.cpp,llama,gen_1,FAILED,,False,,,,,,,1
llama/gen_1/00002/0210_p02464_Set_Intersection.cpp,llama,gen_1,FAILED,,False,,,,,,,1
llama/gen_1/00002/0213_1045_D._Interstellar_battle.cpp,llama,gen_1,PARSE_ERROR,,False,,CWE-563,,,CWE-563,,1
llama/gen_1/00002/0217_1139_C._Edgy_Trees.cpp,llama,gen_1,PARSE_ERROR,,True,CWE-190,,,CWE-190,,,1
llama/gen_1/00002/0219_1179_E._Alesya_and_Discrete_Math.cpp,llama,gen_1,PARSE_ERROR,,False,,CWE-398|CWE-563,,,CWE-398|CWE-563,,1
llama/gen_1/00002/0220_1198_A._MP3.cpp,llama,gen_1,PARSE_ERROR,,False,,CWE-398,,,CWE-398,,1
llama/gen_1/00002/0223_1256_C._Platforms_Jumping.cpp,llama,gen_1,SUCCESS,,False,,CWE-398,,,CWE-398,,1
llama/gen_1/00002/0224_127_C._Hot_Bath.cpp,llama,gen_1,PARSE_ERROR,,True,CWE-190|CWE-369,,,CWE-190|CWE-369,,,1
llama/gen_1/00002/0225_12_B._Correct_Solution_.cpp,llama,gen_1,FAILED,,False,,,,,,,1
llama/gen_1/00002/0228_1364_C._Ehab_and_Prefix_MEXs.cpp,llama,gen_1,TIMEOUT,,True,CWE-122,,,CWE-122,,,1
llama/gen_1/00002/0229_1384_D._GameGame.cpp,llama,gen_1,PARSE_ERROR,,False,,CWE-398,,,CWE-398,,1
llama/gen_1/00002/0230_1406_A._Subset_Mex.cpp,llama,gen_1,TIMEOUT,,False,,CWE-398,,,CWE-398,,1
llama/gen_1/00002/0231_1427_B._Chess_Cheater.cpp,llama,gen_1,PARSE_ERROR,,False,,CWE-398|CWE-563,,,CWE-398|CWE-563,,1
llama/gen_1/00002/0232_1450_B._Balls_of_Steel.cpp,llama,gen_1,PARSE_ERROR,,False,,CWE-398,,,CWE-398,,1
llama/gen_1/00002/0233_1473_G._Tiles.cpp,llama,gen_1,TIMEOUT,,False,,CWE-398,,,CWE-398,,1
llama/gen_1/00002/0235_1523_B._Lord_of_the_Values.cpp,llama,gen_1,PARSE_ERROR,,False,,CWE-398,,,CWE-398,,1
llama/gen_1/00002/0236_155_A._I_love__username_.cpp,llama,gen_1,FAILED,,False,,,,,,,1
llama/gen_1/00002/0237_177_C1._Party.cpp,llama,gen_1,PARSE_ERROR,,False,,CWE-398,,,CWE-398,,1
llama/gen_1/00002/0238_198_B._Jumping_on_Walls.cpp,llama,gen_1,PARSE_ERROR,,False,,CWE-571,,,CWE-571,,1
llama/gen_1/00002/0239_221_C._Little_Elephant_and_Problem.cpp,llama,gen_1,FAILED,,False,,,,,,,1
llama/gen_1/00002/0241_270_B._Multithreading.cpp,llama,gen_1,SUCCESS,,False,,CWE-570,,,CWE-570,,1
llama/gen_1/00002/0244_341_B._Bubble_Sort_Graph.cpp,llama,gen_1,FAILED,,False,,,,,,,1
llama/gen_1/00002/0245_364_D._Ghd.cpp,llama,gen_1,PARSE_ERROR,,False,,CWE-398,,,CWE-398,,1
llama/gen_1/00002/0247_409_A._The_Great_Game.cpp,llama,gen_1,FAILED,CWE-119|CWE-476,False,,,CWE-119|CWE-476,,,,1
llama/gen_1/00002/0248_436_B._Om_Nom_and_Spiders.cpp,llama,gen_1,PARSE_ERROR,,False,,CWE-119|CWE-398,,,CWE-119|CWE-398,,1
llama/gen_1/00002/0250_480_B._Long_Jumps.cpp,llama,gen_1,FAILED,,False,,CWE-398,,,CWE-398,,2
llama/gen_1/00002/0254_580_B._Kefa_and_Company.cpp,llama,gen_1,PARSE_ERROR,,True,CWE-190,,,CWE-190,,,1
llama/gen_1/00002/0255_602_A._Two_Bases.cpp,llama,gen_1,SUCCESS,,False,,CWE-398,,,CWE-398,,1
llama/gen_1/00002/0256_624_D._Array_GCD.cpp,llama,gen_1,PARSE_ERROR,,True,CWE-190,,,CWE-190,,,1
llama/gen_1/00002/0257_673_A._Bear_and_Game.cpp,llama,gen_1,FAILED,,False,,CWE-563,,,CWE-563,,2
llama/gen_1/00002/0258_698_B._Fix_a_Tree.cpp,llama,gen_1,FAILED,,False,,CWE-398,,,CWE-398,,2
llama/gen_1/00002/0259_719_B._Anatoly_and_Cockroaches.cpp,llama,gen_1,FAILED,,False,,,,,,,1
llama/gen_1/00002/0261_763_D._Timofey_and_a_flat_tree.cpp,llama,gen_1,PARSE_ERROR,,False,,CWE-398,,,CWE-398,,1
llama/gen_1/00002/0264_833_A._The_Meaningless_Game.cpp,llama,gen_1,PARSE_ERROR,,True,CWE-190,CWE-758,,CWE-190,CWE-758,,2
llama/gen_1/00002/0266_878_B._Teams_Formation.cpp,llama,gen_1,PARSE_ERROR,,True,CWE-190,CWE-398,,CWE-190,CWE-398,,2
llama/gen_1/00002/0268_924_A._Mystical_Mosaic.cpp,llama,gen_1,PARSE_ERROR,,False,,CWE-119,,,CWE-119,,1
llama/gen_1/00002/0270_979_E._Kuro_and_Topological_Parity.cpp,llama,gen_1,SUCCESS,,False,,CWE-571,,,CWE-571,,1
llama/gen_1/00002/0274_p02797_Keyence_Programming_Contest_2020_-_Subarray_Sum.cpp,llama,gen_1,FAILED,,False,,,,,,,1
llama/gen_1/00002/0279_p03519_CODE_FESTIVAL_2017_Elimination_Tournament_Round_1__Parallel__-_Paired_Parentheses.cpp,llama,gen_1,PARSE_ERROR,,False,,CWE-398,,,CWE-398,,1
llama/gen_1/00002/0280_p03684_AtCoder_Regular_Contest_076_-_Built_.cpp,llama,gen_1,PARSE_ERROR,,False,,CWE-398,,,CWE-398,,1
llama/gen_2/00000_2/0000_1012_E._Cycle_sort.cpp,llama,gen_2,PARSE_ERROR,,False,,CWE-398|CWE-664,,,CWE-398|CWE-664,,1
llama/gen_2/00000_2/0001_1037_E._Trips.cpp,llama,gen_2,PARSE_ERROR,,False,,CWE-398,,,CWE-398,,1
llama/gen_2/00000_2/0003_1081_G._Mergesort_Strikes_Back.cpp,llama,gen_2,FAILED,CWE-119,True,CWE-190,,CWE-119,CWE-190,,,2
llama/gen_2/00000_2/0005_1149_E._Election_Promises.cpp,llama,gen_2,PARSE_ERROR,,False,,CWE-398,,,CWE-398,,1
llama/gen_2/00000_2/0013_1374_E1._Reading_Books__easy_version_.cpp,llama,gen_2,FAILED,,False,,,,,,,1
llama/gen_2/00000_2/0014_1398_A._Bad_Triangle.cpp,llama,gen_2,TIMEOUT,,False,,CWE-398,,,CWE-398,,1
llama/gen_2/00000_2/0017_1466_F._Euclid_s_nightmare.cpp,llama,gen_2,PARSE_ERROR,,False,,CWE-398,,,CWE-398,,1
llama/gen_2/00000_2/0018_1490_G._Old_Floppy_Drive_.cpp,llama,gen_2,PARSE_ERROR,,False,,CWE-398,,,CWE-398,,1
llama/gen_2/00000_2/0023_235_D._Graph_Game.cpp,llama,gen_2,PARSE_ERROR,,False,,CWE-398,,,CWE-398,,1
llama/gen_2/00000_2/0024_260_B._Ancient_Prophesy.cpp,llama,gen_2,SUCCESS,,False,,CWE-398,,,CWE-398,,1
llama/gen_2/00000_2/0025_284_B._Cows_and_Poker_Game.cpp,llama,gen_2,FAILED,,False,,,,,,,1
llama/gen_2/00000_2/0027_331_E2._Deja_Vu.cpp,llama,gen_2,PARSE_ERROR,,False,,CWE-563,,,CWE-563,,1
llama/gen_2/00000_2/0033_494_D._Birthday.cpp,llama,gen_2,PARSE_ERROR,,False,,CWE-398,,,CWE-398,,1
llama/gen_2/00000_2/0034_519_B._A_and_B_and_Compilation_Errors.cpp,llama,gen_2,FAILED,,True,CWE-476,CWE-398,,CWE-476,CWE-398,,3
llama/gen_2/00000_2/0036_571_E._Geometric_Progressions.cpp,llama,gen_2,PARSE_ERROR,,False,,CWE-398,,,CWE-398,,1
llama/gen_2/00000_2/0039_634_C._Factory_Repairs.cpp,llama,gen_2,PARSE_ERROR,,False,,CWE-398,,,CWE-398,,1
llama/gen_2/00000_2/0041_687_D._Dividing_Kingdom_II.cpp,llama,gen_2,PARSE_ERROR,,False,,CWE-398,,,CWE-398,,1
llama/gen_2/00000_2/0042_70_C._Lucky_Tickets.cpp,llama,gen_2,SUCCESS,,True,CWE-190,,,CWE-190,,,1
llama/gen_2/00000_2/0046_7_B._Memory_Manager.cpp,llama,gen_2,PARSE_ERROR,,False,,CWE-398,,,CWE-398,,1
llama/gen_2/00000_2/0048_846_E._Chemistry_in_Berland.cpp,llama,gen_2,TIMEOUT,,True,CWE-190,,,CWE-190,,,1
llama/gen_2/00000_2/0052_938_B._Run_For_Your_Prize.cpp,llama,gen_2,SUCCESS,,False,,CWE-398,,,CWE-398,,1
llama/gen_2/00000_2/0054_990_E._Post_Lamps.cpp,llama,gen_2,TIMEOUT,,True,CWE-190,,,CWE-190,,,1
llama/gen_2/00000_2/0056_p02744_Panasonic_Programming_Contest_2020_-_String_Equivalence.cpp,llama,gen_2,SUCCESS,,False,,CWE-398,,,CWE-398,,1
llama/gen_2/00000_2/0060_p03297_AtCoder_Grand_Contest_026_-_rng_10s.cpp,llama,gen_2,SUCCESS,,False,,CWE-563|CWE-571,,,CWE-563|CWE-571,,1
llama/gen_2/00000_2/0062_p03616_AtCoder_Regular_Contest_082_-_Sandglass.cpp,llama,gen_2,FAILED,,False,,CWE-398,,,CWE-398,,2
llama/gen_2/00000_2/0064_p03943_AtCoder_Beginner_Contest_047_-_Fighting_over_Candies.cpp,llama,gen_2,PARSE_ERROR,,False,,CWE-570,,,CWE-570,,1
llama/gen_2/00000_2/0067_p00323_Metal_Recycling.cpp,llama,gen_2,PARSE_ERROR,,False,,CWE-369|CWE-398|CWE-563,,,CWE-369|CWE-398|CWE-563,,1
llama/gen_2/00000_2/0070_p00822_Weather_Forecast.cpp,llama,gen_2,PARSE_ERROR,,False,,CWE-398,,,CWE-398,,1
llama/gen_2/00000_2/0071_p00953_Animal_Companion_in_Maze.cpp,llama,gen_2,FAILED,,False,,,,,,,1
llama/gen_2/00000_2/0073_p01222_Walk_under_a_Scorching_Sun.cpp,llama,gen_2,PARSE_ERROR,,False,,CWE-398|CWE-563,,,CWE-398|CWE-563,,1
llama/gen_2/00000_2/0078_p01974_Pigeonhole_principle.cpp,llama,gen_2,FAILED,,False,,,,,,,1
llama/gen_2/00000_2/0080_p02260_Selection_Sort.cpp,llama,gen_2,FAILED,,False,,CWE-398,,,CWE-398,,2
llama/gen_2/00000_2/0082_101_C._Vectors.cpp,llama,gen_2,SUCCESS,,True,CWE-190,CWE-398,,CWE-190,CWE-398,,2
llama/gen_2/00000_2/0084_1065_F._Up_and_Down_the_Tree.cpp,llama,gen_2,PARSE_ERROR,,True,CWE-476,,,CWE-476,,,1
llama/gen_2/00000_2/0087_1136_D._Nastya_Is_Buying_Lunch.cpp,llama,gen_2,PARSE_ERROR,,True,,CWE-398,,,CWE-398,,2
llama/gen_2/00000_2/0088_1155_A._Reverse_a_Substring.cpp,llama,gen_2,FAILED,,False,,,,,,,1
llama/gen_2/00000_2/0089_1176_F._Destroy_it_.cpp,llama,gen_2,PARSE_ERROR,,False,,CWE-398,,,CWE-398,,1
llama/gen_2/00000_2/0090_1195_D2._Submarine_in_the_Rybinsk_Sea__hard_edition_.cpp,llama,gen_2,TIMEOUT,,False,,CWE-398,,,CWE-398,,1
llama/gen_2/00000_2/0092_1253_F._Cheap_Robot.cpp,llama,gen_2,PARSE_ERROR,,False,,CWE-398|CWE-563,,,CWE-398|CWE-563,,1
llama/gen_2/00000_2/0095_133_D._Piet.cpp,llama,gen_2,PARSE_ERROR,,True,CWE-122,CWE-398|CWE-563,,CWE-122,CWE-398|CWE-563,,2
llama/gen_2/00000_2/0096_1361_E._James_and_the_Chase.cpp,llama,gen_2,PARSE_ERROR,,False,,CWE-398,,,CWE-398,,1
llama/gen_2/00000_2/0097_1382_A._Common_Subsequence.cpp,llama,gen_2,TIMEOUT,,False,,CWE-398,,,CWE-398,,1
llama/gen_2/00000_2/0098_1424_N._BubbleSquare_Tokens.cpp,llama,gen_2,PARSE_ERROR,,False,,CWE-398,,,CWE-398,,1
llama/gen_2/00000_2/0102_151_C._Win_or_Freeze.cpp,llama,gen_2,TIMEOUT,,True,CWE-190,CWE-398,,CWE-190,CWE-398,,2
llama/gen_2/00000_2/0104_174_E._Ancient_Berland_Hieroglyphs.cpp,llama,gen_2,FAILED,,False,,,,,,,1
llama/gen_2/00000_2/0108_268_A._Games.cpp,llama,gen_2,FAILED,,False,,,,,,,1
llama/gen_2/00000_2/0111_339_A._Helpful_Maths.cpp,llama,gen_2,FAILED,,False,,,,,,,1
llama/gen_2/00000_2/0113_385_A._Bear_and_Raspberry.cpp,llama,gen_2,FAILED,,False,,,,,,,1
llama/gen_2/00000_2/0114_405_E._Graph_Cutting.cpp,llama,gen_2,PARSE_ERROR,,False,,CWE-398|CWE-786,,,CWE-398|CWE-786,,1
llama/gen_2/00000_2/0116_455_C._Civilization.cpp,llama,gen_2,PARSE_ERROR,,False,,CWE-398,,,CWE-398,,1
llama/gen_2/00000_2/0118_500_C._New_Year_Book_Reading.cpp,llama,gen_2,SUCCESS,,True,CWE-122,CWE-398|CWE-786,,CWE-122,CWE-398|CWE-786,,2
llama/gen_2/00000_2/0120_551_B._ZgukistringZ.cpp,llama,gen_2,PARSE_ERROR,,False,,CWE-563,,,CWE-563,,1
llama/gen_2/00000_2/0122_5_A._Chat_Server_s_Outgoing_Traffic.cpp,llama,gen_2,FAILED,CWE-476,False,,,CWE-476,,,,1
llama/gen_2/00000_2/0123_621_D._Rat_Kwesh_and_Cheese.cpp,llama,gen_2,SUCCESS,,False,,CWE-563,,,CWE-563,,1
llama/gen_2/00000_2/0124_670_B._Game_of_Robots.cpp,llama,gen_2,FAILED,,False,,,,,,,1
llama/gen_2/00000_2/0132_851_B._Arpa_and_an_exam_about_geometry.cpp,llama,gen_2,PARSE_ERROR,,True,CWE-190,CWE-563,,CWE-190,CWE-563,,2
llama/gen_2/00000_2/0135_920_E._Connected_Components_.cpp,llama,gen_2,PARSE_ERROR,,False,,CWE-398,,,CWE-398,,1
llama/gen_2/00000_2/0139_p02652_AtCoder_Grand_Contest_045_-_01_Unbalanced.cpp,llama,gen_2,FAILED,CWE-119|CWE-476,False,,CWE-398,CWE-119|CWE-476,,CWE-398,,2
llama/gen_2/00000_2/0141_p02916_AtCoder_Beginner_Contest_140_-_Buffet.cpp,llama,gen_2,FAILED,,False,,,,,,,1
llama/gen_2/00000_2/0142_p03052_diverta_2019_Programming_Contest_-_Edge_Ordering.cpp,llama,gen_2,PARSE_ERROR,,False,,CWE-398|CWE-563,,,CWE-398|CWE-563,,1
llama/gen_2/00000_2/0147_p03819_AtCoder_Regular_Contest_068_-_Snuke_Line.cpp,llama,gen_2,FAILED,CWE-476,False,,,CWE-476,,,,1
llama/gen_2/00000_2/0148_p03986_AtCoder_Grand_Contest_005_-_STring.cpp,llama,gen_2,FAILED,CWE-119|CWE-476,False,,CWE-398|CWE-563,CWE-119|CWE-476,,CWE-398|CWE-563,,2
llama/gen_2/00000_2/0150_p00206_Next_Trip.cpp,llama,gen_2,SUCCESS,,False,,CWE-398,,,CWE-398,,1
llama/gen_2/00000_2/0152_p00573_Commuter_Pass.cpp,llama,gen_2,PARSE_ERROR,,False,,CWE-398|CWE-788,,,CWE-398|CWE-788,,1
llama/gen_2/00000_2/0153_p00720_Earth_Observation_with_a_Mobile_Robot_Team.cpp,llama,gen_2,PARSE_ERROR,,False,,CWE-398|CWE-563,,,CWE-398|CWE-563,,1
llama/gen_2/00000_2/0154_p00860_The_Morning_after_Halloween.cpp,llama,gen_2,PARSE_ERROR,,False,,CWE-398,,,CWE-398,,1
llama/gen_2/00000_2/0157_p01262_Adaptive_Time_Slicing_Quantization.cpp,llama,gen_2,TIMEOUT,,False,,CWE-398,,,CWE-398,,1
llama/gen_2/00000_2/0159_p01576_Exciting_Bicycle.cpp,llama,gen_2,PARSE_ERROR,,False,,CWE-398|CWE-563,,,CWE-398|CWE-563,,1
llama/gen_2/00000_2/0160_p01738_Gravity_Point.cpp,llama,gen_2,TIMEOUT,,False,,CWE-563,,,CWE-563,,1
llama/gen_2/00000_2/0162_p02014_Rough_Sorting.cpp,llama,gen_2,SUCCESS,,False,,CWE-563,,,CWE-563,,1
llama/gen_2/00000_2/0165_p02445_Swap.cpp,llama,gen_2,FAILED,,False,,,,,,,1
llama/gen_2/00000_2/0166_1012_B._Chemical_table.cpp,llama,gen_2,TIMEOUT,,False,,CWE-398,,,CWE-398,,1
llama/gen_2/00000_2/0167_1037_B._Reach_Median.cpp,llama,gen_2,PARSE_ERROR,,False,,CWE-398,,,CWE-398,,1
llama/gen_2/00000_2/0168_105_C._Item_World.cpp,llama,gen_2,PARSE_ERROR,,True,CWE-122|CWE-476,CWE-398,,CWE-122|CWE-476,CWE-398,,2
llama/gen_2/00000_2/0171_1129_A2._Toy_Train.cpp,llama,gen_2,PARSE_ERROR,,True,CWE-122|CWE-476,,,CWE-122|CWE-476,,,1
llama/gen_2/00000_2/0172_1149_B._Three_Religions.cpp,llama,gen_2,PARSE_ERROR,,False,,CWE-398,,,CWE-398,,1
llama/gen_2/00000_2/0173_1189_A._Keanu_Reeves.cpp,llama,gen_2,TIMEOUT,,False,,CWE-398,,,CWE-398,,1
llama/gen_2/00000_2/0174_1208_A._XORinacci.cpp,llama,gen_2,FAILED,,False,,,,,,,1
llama/gen_2/00000_2/0175_1227_A._Math_Problem.cpp,llama,gen_2,FAILED,,False,,,,,,,1
llama/gen_2/00000_2/0177_1269_B._Modulo_Equality.cpp,llama,gen_2,PARSE_ERROR,,False,,CWE-398,,,CWE-398,,1
llama/gen_2/00000_2/0178_1291_B._Array_Sharpening.cpp,llama,gen_2,FAILED,,False,,,,,,,1
llama/gen_2/00000_2/0181_1354_C2._Not_So_Simple_Polygon_Embedding.cpp,llama,gen_2,SUCCESS,,False,,CWE-563,,,CWE-563,,1
llama/gen_2/00000_2/0183_1397_C._Multiples_of_Length.cpp,llama,gen_2,FAILED,,False,,,,,,,1
llama/gen_2/00000_2/0184_1420_D._Rescue_Nibel_.cpp,llama,gen_2,PARSE_ERROR,,False,,CWE-398|CWE-563,,,CWE-398|CWE-563,,1
llama/gen_2/00000_2/0188_209_B._Pixels.cpp,llama,gen_2,PARSE_ERROR,,True,CWE-190,,,CWE-190,,,1
llama/gen_2/00000_2/0191_425_A._Sereja_and_Swaps.cpp,llama,gen_2,TIMEOUT,,True,CWE-190,,,CWE-190,,,1
llama/gen_2/00000_2/0192_449_D._Jzzhu_and_Numbers.cpp,llama,gen_2,PARSE_ERROR,,True,CWE-190,,,CWE-190,,,1
llama/gen_2/00000_2/0193_494_A._Treasure.cpp,llama,gen_2,PARSE_ERROR,,True,CWE-122|CWE-190|CWE-476,,,CWE-122|CWE-190|CWE-476,,,1
llama/gen_2/00000_2/0196_614_C._Peter_and_Snow_Blower.cpp,llama,gen_2,PARSE_ERROR,,False,,CWE-398,,,CWE-398,,1
llama/gen_2/00000_2/0200_709_E._Centroids.cpp,llama,gen_2,PARSE_ERROR,,False,,CWE-398,,,CWE-398,,1
llama/gen_2/00000_2/0201_730_G._Car_Repair_Shop.cpp,llama,gen_2,PARSE_ERROR,,False,,CWE-398|CWE-563,,,CWE-398|CWE-563,,1
llama/gen_2/00000_2/0203_774_K._Stepan_and_Vowels.cpp,llama,gen_2,FAILED,,False,,,,,,,1
llama/gen_2/00000_2/0204_79_D._Password.cpp,llama,gen_2,SUCCESS,,True,CWE-125|CWE-190,,,CWE-125|CWE-190,,,1
llama/gen_2/00000_2/0205_820_A._Mister_B_and_Book_Reading.cpp,llama,gen_2,PARSE_ERROR,,True,CWE-190,,,CWE-190,,,1
llama/gen_2/00000_2/0206_846_B._Math_Show.cpp,llama,gen_2,PARSE_ERROR,,True,CWE-122,,,CWE-122,,,1
llama/gen_2/00000_2/0208_893_A._Chess_For_Three.cpp,llama,gen_2,FAILED,CWE-119,False,,,CWE-119,,,,1
llama/gen_2/00000_2/0210_937_D._Sleepy_Game.cpp,llama,gen_2,PARSE_ERROR,,False,,CWE-398,,,CWE-398,,1
llama/gen_2/00000_2/0211_962_F._Simple_Cycles_Edges.cpp,llama,gen_2,PARSE_ERROR,,False,,CWE-398,,,CWE-398,,1
llama/gen_2/00000_2/0214_p02741_Panasonic_Programming_Contest_2020_-_Kth_Term.cpp,llama,gen_2,FAILED,CWE-119,False,,CWE-398,CWE-119,,CWE-398,,2
llama/gen_2/00000_2/0215_p02876_AtCoder_Grand_Contest_040_-_Balance_Beam.cpp,llama,gen_2,PARSE_ERROR,,False,,CWE-398,,,CWE-398,,1
llama/gen_2/00000_2/0218_p03294_AtCoder_Beginner_Contest_103_-_Modulo_Summation.cpp,llama,gen_2,FAILED,,False,,,,,,,1
llama/gen_2/00000_2/0224_p00163_Highway_Toll.cpp,llama,gen_2,FAILED,CWE-119,False,,,CWE-119,,,,1
llama/gen_2/00000_2/0230_p01083_RedBlue.cpp,llama,gen_2,PARSE_ERROR,,False,,CWE-398|CWE-563,,,CWE-398|CWE-563,,1
llama/gen_2/00000_2/0231_p01219_Private_Teacher.cpp,llama,gen_2,TIMEOUT,,False,,CWE-398,,,CWE-398,,1
llama/gen_2/00000_2/0232_p01353_Rabbit_Plays_Games_.cpp,llama,gen_2,PARSE_ERROR,,False,,CWE-398|CWE-563,,,CWE-398|CWE-563,,1
llama/gen_2/00000_2/0233_p01535_Markup_language_has_Declined.cpp,llama,gen_2,PARSE_ERROR,,False,,CWE-398|CWE-570,,,CWE-398|CWE-570,,1
llama/gen_2/00000_2/0234_p01691_Disappear_Drive.cpp,llama,gen_2,TIMEOUT,,False,,CWE-398,,,CWE-398,,1
llama/gen_2/00000_2/0235_p01835_Donut_Decoration.cpp,llama,gen_2,TIMEOUT,,False,,CWE-398,,,CWE-398,,1
llama/gen_2/00000_2/0236_p01970_The_Diversity_of_Prime_Factorization.cpp,llama,gen_2,PARSE_ERROR,,False,,CWE-398|CWE-570,,,CWE-398|CWE-570,,1
llama/gen_2/00000_2/0237_p02117_Picnic.cpp,llama,gen_2,PARSE_ERROR,,False,,CWE-788,,,CWE-788,,1
llama/gen_2/00000_2/0240_1007_E._Mini_Metro.cpp,llama,gen_2,TIMEOUT,,True,CWE-190,CWE-563,,CWE-190,CWE-563,,2
llama/gen_2/00000_2/0243_1075_D._Intersecting_Subtrees.cpp,llama,gen_2,PARSE_ERROR,,False,,CWE-398|CWE-563,,,CWE-398|CWE-563,,1
llama/gen_2/00000_2/0244_1096_E._The_Top_Scorer.cpp,llama,gen_2,PARSE_ERROR,,True,CWE-122,,,CWE-122,,,1
llama/gen_2/00000_2/0245_1117_F._Crisp_String.cpp,llama,gen_2,PARSE_ERROR,,True,CWE-122,,,CWE-122,,,1
llama/gen_2/00000_2/0246_1144_B._Parity_Alternated_Deletions.cpp,llama,gen_2,TIMEOUT,,False,,CWE-398,,,CWE-398,,1
llama/gen_2/00000_2/0247_1165_A._Remainder.cpp,llama,gen_2,FAILED,,False,,CWE-398,,,CWE-398,,2
llama/gen_2/00000_2/0248_1184_B3._The_Doctor_Meets_Vader__Hard_.cpp,llama,gen_2,PARSE_ERROR,,False,,CWE-398,,,CWE-398,,1
llama/gen_2/00000_2/0249_1202_C._You_Are_Given_a_WASD-string....cpp,llama,gen_2,PARSE_ERROR,,False,,CWE-563,,,CWE-563,,1
llama/gen_2/00000_2/0250_1219_H._Function_Composition.cpp,llama,gen_2,SUCCESS,,False,,CWE-398|CWE-563,,,CWE-398|CWE-563,,1
llama/gen_2/00000_2/0254_1304_E._1-Trees_and_Queries.cpp,llama,gen_2,PARSE_ERROR,,False,,CWE-570,,,CWE-570,,1
llama/gen_2/00000_2/0255_1328_F._Make_k_Equal.cpp,llama,gen_2,PARSE_ERROR,,False,,CWE-398,,,CWE-398,,1
llama/gen_2/00000_2/0256_1348_F._Phoenix_and_Memory.cpp,llama,gen_2,PARSE_ERROR,,False,,CWE-398,,,CWE-398,,1
llama/gen_2/00000_2/0260_1455_F._String_and_Operations.cpp,llama,gen_2,FAILED,,False,,,,,,,1
llama/gen_2/00000_2/0261_147_B._Smile_House.cpp,llama,gen_2,PARSE_ERROR,,False,,CWE-398,,,CWE-398,,1
llama/gen_2/00001_2/0000_152_E._Garden.cpp,llama,gen_2,PARSE_ERROR,,False,,CWE-398,,,CWE-398,,1
llama/gen_2/00001_2/0001_161_B._Discounts.cpp,llama,gen_2,TIMEOUT,,False,,CWE-398,,,CWE-398,,1
llama/gen_2/00001_2/0002_180_D._Name.cpp,llama,gen_2,PARSE_ERROR,,False,,CWE-398,,,CWE-398,,1
llama/gen_2/00001_2/0003_203_E._Transportation.cpp,llama,gen_2,PARSE_ERROR,,True,CWE-190,CWE-398,,CWE-190,CWE-398,,2
llama/gen_2/00001_2/0004_228_D._Zigzag.cpp,llama,gen_2,FAILED,,True,CWE-190,,,CWE-190,,,2
llama/gen_2/00001_2/0005_252_B._Unsorting_Array.cpp,llama,gen_2,PARSE_ERROR,,False,,CWE-398,,,CWE-398,,1
llama/gen_2/00001_2/0008_348_A._Mafia.cpp,llama,gen_2,FAILED,,False,,CWE-398,,,CWE-398,,2
llama/gen_2/00001_2/0009_371_B._Fox_Dividing_Cheese.cpp,llama,gen_2,PARSE_ERROR,,True,CWE-190,CWE-398,,CWE-190,CWE-398,,2
llama/gen_2/00001_2/0011_415_E._Mashmokh_and_Reverse_Operation.cpp,llama,gen_2,PARSE_ERROR,,False,,CWE-398,,,CWE-398,,1
llama/gen_2/00001_2/0012_442_C._Artem_and_Array_.cpp,llama,gen_2,FAILED,,False,,,,,,,1
llama/gen_2/00001_2/0013_464_D._World_of_Darkraft_-_2.cpp,llama,gen_2,TIMEOUT,,True,CWE-125,,,CWE-125,,,1
llama/gen_2/00001_2/0014_488_C._Fight_the_Monster.cpp,llama,gen_2,PARSE_ERROR,,True,CWE-369,,,CWE-369,,,1
llama/gen_2/00001_2/0015_512_B._Fox_And_Jumping.cpp,llama,gen_2,PARSE_ERROR,,True,CWE-190,,,CWE-190,,,1
llama/gen_2/00001_2/0018_586_F._Lizard_Era__Beginning.cpp,llama,gen_2,PARSE_ERROR,,False,,CWE-563|CWE-783,,,CWE-563|CWE-783,,1
llama/gen_2/00001_2/0019_609_B._The_Best_Gift.cpp,llama,gen_2,TIMEOUT,,False,,CWE-398,,,CWE-398,,1
llama/gen_2/00001_2/0021_656_E._Out_of_Controls.cpp,llama,gen_2,TIMEOUT,,False,,CWE-563,,,CWE-563,,1
llama/gen_2/00001_2/0022_67_E._Save_the_City_.cpp,llama,gen_2,PARSE_ERROR,,False,,CWE-398,,,CWE-398,,1
llama/gen_2/00001_2/0023_702_E._Analysis_of_Pathes_in_Functional_Graph.cpp,llama,gen_2,TIMEOUT,,False,,CWE-563,,,CWE-563,,1
llama/gen_2/00001_2/0024_724_F._Uniformly_Branched_Trees.cpp,llama,gen_2,FAILED,CWE-119,False,,,CWE-119,,,,1
llama/gen_2/00001_2/0026_76_B._Mice.cpp,llama,gen_2,FAILED,,False,,,,,,,1
llama/gen_2/00001_2/0029_83_C._Track.cpp,llama,gen_2,PARSE_ERROR,,False,,CWE-398|CWE-457,,,CWE-398|CWE-457,,1
llama/gen_2/00001_2/0031_886_D._Restoration_of_string.cpp,llama,gen_2,PARSE_ERROR,,False,,CWE-398,,,CWE-398,,1
llama/gen_2/00001_2/0035_985_A._Chess_Placing.cpp,llama,gen_2,SUCCESS,,True,CWE-122,CWE-825,,CWE-122,CWE-825,,2
llama/gen_2/00001_2/0036_p02574_AtCoder_Beginner_Contest_177_-_Coprime.cpp,llama,gen_2,PARSE_ERROR,,False,,CWE-398,,,CWE-398,,1
llama/gen_2/00001_2/0044_p03725_AtCoder_Grand_Contest_014_-_Closed_Rooms.cpp,llama,gen_2,PARSE_ERROR,,False,,CWE-457,,,CWE-457,,1
llama/gen_2/00001_2/0045_p03889_CODE_FESTIVAL_2016_Relay__Parallel__-_Mirror_String.cpp,llama,gen_2,SUCCESS,,False,,CWE-398,,,CWE-398,,1
llama/gen_2/00001_2/0048_p00260_Cats_Going_Straight.cpp,llama,gen_2,PARSE_ERROR,,False,,CWE-563,,,CWE-563,,1
llama/gen_2/00001_2/0051_p00781_Lattice_Practices.cpp,llama,gen_2,FAILED,CWE-476|CWE-825,False,,,CWE-476|CWE-825,,,,1
llama/gen_2/00001_2/0053_p01046_Yu-kun_Likes_a_lot_of_Money.cpp,llama,gen_2,TIMEOUT,,False,,CWE-457,,,CWE-457,,1
llama/gen_2/00001_2/0054_p01179_Cousin_s_Aunt.cpp,llama,gen_2,PARSE_ERROR,,False,,CWE-398,,,CWE-398,,1
llama/gen_2/00001_2/0058_p01931_Check_answers.cpp,llama,gen_2,FAILED,CWE-119|CWE-476,False,,,CWE-119|CWE-476,,,,1
llama/gen_2/00001_2/0059_p02069_Universal_and_Existential_Quantifiers.cpp,llama,gen_2,PARSE_ERROR,,False,,CWE-398,,,CWE-398,,1
llama/gen_2/00001_2/0060_p02211_Apple_Adventure.cpp,llama,gen_2,PARSE_ERROR,,False,,CWE-457,,,CWE-457,,1
llama/gen_2/00001_2/0061_p02365_Minimum-Cost_Arborescence.cpp,llama,gen_2,SUCCESS,,False,,CWE-786,,,CWE-786,,1
llama/gen_2/00001_2/0065_1091_G._New_Year_and_the_Factorisation_Collaboration.cpp,llama,gen_2,SUCCESS,,True,CWE-125|CWE-369,,,CWE-125|CWE-369,,,1
llama/gen_2/00001_2/0068_1158_F._Density_of_subarrays.cpp,llama,gen_2,PARSE_ERROR,,True,CWE-190,CWE-398,,CWE-190,CWE-398,,2
llama/gen_2/00001_2/0069_1180_E._Serge_and_Dining_Room.cpp,llama,gen_2,PARSE_ERROR,,True,CWE-122,CWE-398,,CWE-122,CWE-398,,2
llama/gen_2/00001_2/0070_1199_E._Matching_vs_Independent_Set.cpp,llama,gen_2,PARSE_ERROR,,False,,CWE-563,,,CWE-563,,1
llama/gen_2/00001_2/0071_1216_D._Swords.cpp,llama,gen_2,TIMEOUT,,False,,CWE-398,,,CWE-398,,1
llama/gen_2/00001_2/0072_1239_E._Turtle.cpp,llama,gen_2,FAILED,,False,,,,,,,1
llama/gen_2/00001_2/0073_1257_G._Divisor_Set.cpp,llama,gen_2,PARSE_ERROR,,False,,CWE-398,,,CWE-398,,1
llama/gen_2/00001_2/0079_1408_A._Circle_Coloring.cpp,llama,gen_2,TIMEOUT,,False,,CWE-398,,,CWE-398,,1
llama/gen_2/00001_2/0080_1500_B._Two_chandeliers.cpp,llama,gen_2,PARSE_ERROR,,False,,CWE-563,,,CWE-563,,1
llama/gen_2/00001_2/0081_1525_D._Armchairs.cpp,llama,gen_2,PARSE_ERROR,,True,CWE-190,,,CWE-190,,,1
llama/gen_2/00001_2/0083_178_A1._Educational_Game.cpp,llama,gen_2,FAILED,,False,,,,,,,1
llama/gen_2/00001_2/0084_19_B._Checkout_Assistant.cpp,llama,gen_2,PARSE_ERROR,,True,CWE-190,,,CWE-190,,,1
llama/gen_2/00001_2/0086_248_A._Cupboards.cpp,llama,gen_2,PARSE_ERROR,,False,,CWE-563,,,CWE-563,,1
llama/gen_2/00001_2/0087_272_B._Dima_and_Sequence.cpp,llama,gen_2,PARSE_ERROR,,False,,CWE-398,,,CWE-398,,1
llama/gen_2/00001_2/0091_87_B._Vasya_and_Types.cpp,llama,gen_2,PARSE_ERROR,,False,,CWE-398,,,CWE-398,,1
llama/gen_2/00001_2/0092_903_D._Almost_Difference.cpp,llama,gen_2,FAILED,,False,,CWE-563,,,CWE-563,,2
llama/gen_2/00001_2/0095_9_E._Interesting_Graph_and_Apples.cpp,llama,gen_2,PARSE_ERROR,,True,CWE-122,,,CWE-122,,,1
llama/gen_2/00001_2/0097_p02679_AtCoder_Beginner_Contest_168_-____Bullet_.cpp,llama,gen_2,PARSE_ERROR,,False,,CWE-398,,,CWE-398,,1
llama/gen_2/00001_2/0100_p03080_ExaWizards_2019_-_Red_or_Blue.cpp,llama,gen_2,FAILED,CWE-119|CWE-476,False,,,CWE-119|CWE-476,,,,1
llama/gen_2/00001_2/0101_p03225_Tenka1_Programmer_Contest_-_Equilateral.cpp,llama,gen_2,PARSE_ERROR,,False,,CWE-398,,,CWE-398,,1
llama/gen_2/00001_2/0102_p03371_AtCoder_Beginner_Contest_095_-_Half_and_Half.cpp,llama,gen_2,SUCCESS,,False,,CWE-398|CWE-563,,,CWE-398|CWE-563,,1
llama/gen_2/00001_2/0103_p03534_CODE_FESTIVAL_2017_Final__Parallel__-_Palindrome-phobia.cpp,llama,gen_2,FAILED,CWE-119|CWE-476,False,,,CWE-119|CWE-476,,,,1
llama/gen_2/00001_2/0104_p03694_AtCoder_Beginner_Contest_064_-_Traveling_AtCoDeer_Problem.cpp,llama,gen_2,FAILED,,False,,CWE-398,,,CWE-398,,2
llama/gen_2/00001_2/0108_p00232_Life_Game.cpp,llama,gen_2,PARSE_ERROR,,False,,CWE-398,,,CWE-398,,1
llama/gen_2/00001_2/0109_p00395_Maze_and_Items.cpp,llama,gen_2,SUCCESS,,False,,CWE-457,,,CWE-457,,1
llama/gen_2/00001_2/0110_p00610_Cleaning_Robot_2.cpp,llama,gen_2,PARSE_ERROR,,False,,CWE-563,,,CWE-563,,1
llama/gen_2/00001_2/0112_p00886_Towns_along_a_Highway.cpp,llama,gen_2,PARSE_ERROR,,False,,CWE-398|CWE-786,,,CWE-398|CWE-786,,1
llama/gen_2/00001_2/0115_p01289_Strange_Couple.cpp,llama,gen_2,PARSE_ERROR,,False,,CWE-563,,,CWE-563,,1
llama/gen_2/00001_2/0116_p01458_Kth_Sentence.cpp,llama,gen_2,TIMEOUT,,False,,CWE-398,,,CWE-398,,1
llama/gen_2/00001_2/0119_p01904_Minimum_Enclosing_Rectangle.cpp,llama,gen_2,FAILED,,False,,,,,,,1
llama/gen_2/00001_2/0121_p02185_Many_Decimal_Integers.cpp,llama,gen_2,PARSE_ERROR,,False,,CWE-398,,,CWE-398,,1
llama/gen_2/00001_2/0122_p02327_Largest_Rectangle.cpp,llama,gen_2,PARSE_ERROR,,False,,CWE-398,,,CWE-398,,1
llama/gen_2/00001_2/0124_1011_A._Stages.cpp,llama,gen_2,PARSE_ERROR,,False,,CWE-398,,,CWE-398,,1
llama/gen_2/00001_2/0126_1059_A._Cashier.cpp,llama,gen_2,FAILED,CWE-119,True,,,CWE-119,,,,2
llama/gen_2/00001_2/0127_1080_C._Masha_and_two_friends.cpp,llama,gen_2,PARSE_ERROR,,False,,CWE-197,,,CWE-197,,1
llama/gen_2/00001_2/0128_10_B._Cinema_Cashier.cpp,llama,gen_2,TIMEOUT,,False,,CWE-563,,,CWE-563,,1
llama/gen_2/00001_2/0129_1121_A._Technogoblet_of_Fire.cpp,llama,gen_2,FAILED,,False,,,,,,,1
llama/gen_2/00001_2/0130_1148_C._Crazy_Diamond.cpp,llama,gen_2,TIMEOUT,,False,,CWE-398,,,CWE-398,,1
llama/gen_2/00001_2/0132_1187_G._Gang_Up.cpp,llama,gen_2,PARSE_ERROR,,False,,CWE-398|CWE-563,,,CWE-398|CWE-563,,1
llama/gen_2/00001_2/0135_1249_D1._Too_Many_Segments__easy_version_.cpp,llama,gen_2,PARSE_ERROR,,False,,CWE-563|CWE-786,,,CWE-563|CWE-786,,1
llama/gen_2/00001_2/0136_1267_L._Lexicography.cpp,llama,gen_2,PARSE_ERROR,,True,CWE-122,,,CWE-122,,,1
llama/gen_2/00001_2/0142_1396_A._Multiples_of_Length.cpp,llama,gen_2,FAILED,,True,CWE-190,,,CWE-190,,,2
llama/gen_2/00001_2/0144_1438_C._Engineer_Artem.cpp,llama,gen_2,FAILED,,False,,,,,,,1
llama/gen_2/00001_2/0147_1511_F._Chainword.cpp,llama,gen_2,TIMEOUT,,True,CWE-121,CWE-398|CWE-563,,CWE-121,CWE-398|CWE-563,,2
llama/gen_2/00001_2/0148_1539_D._PriceFixed.cpp,llama,gen_2,TIMEOUT,,False,,CWE-563,,,CWE-563,,1
llama/gen_2/00001_2/0149_166_A._Rank_List.cpp,llama,gen_2,TIMEOUT,,False,,CWE-398,,,CWE-398,,1
llama/gen_2/00001_2/0150_187_B._AlgoRace.cpp,llama,gen_2,PARSE_ERROR,,False,,CWE-190,,,CWE-190,,1
llama/gen_2/00001_2/0154_282_B._Painting_Eggs.cpp,llama,gen_2,FAILED,,False,,,,,,,1
llama/gen_2/00001_2/0157_352_E._Jeff_and_Brackets.cpp,llama,gen_2,TIMEOUT,,False,,CWE-398,,,CWE-398,,1
llama/gen_2/00001_2/0159_421_D._Bug_in_Code.cpp,llama,gen_2,TIMEOUT,,False,,CWE-398,,,CWE-398,,1
llama/gen_2/00001_2/0160_448_B._Suffix_Structures.cpp,llama,gen_2,PARSE_ERROR,,False,,CWE-398,,,CWE-398,,1
llama/gen_2/00001_2/0161_46_C._Hamsters_and_Tigers.cpp,llama,gen_2,FAILED,CWE-119|CWE-476,False,,,CWE-119|CWE-476,,,,1
llama/gen_2/00001_2/0162_492_D._Vanya_and_Computer_Game.cpp,llama,gen_2,SUCCESS,,True,CWE-190,CWE-563,,CWE-190,CWE-563,,2
llama/gen_2/00001_2/0163_516_C._Drazil_and_Park.cpp,llama,gen_2,PARSE_ERROR,,False,,CWE-398|CWE-563,,,CWE-398|CWE-563,,1
llama/gen_2/00001_2/0165_56_E._Domino_Principle.cpp,llama,gen_2,FAILED,,False,,,,,,,1
llama/gen_2/00001_2/0170_708_C._Centroids.cpp,llama,gen_2,PARSE_ERROR,,False,,CWE-664,,,CWE-664,,1
llama/gen_2/00001_2/0171_750_F._New_Year_and_Finding_Roots.cpp,llama,gen_2,TIMEOUT,,True,CWE-122,,,CWE-122,,,1
llama/gen_2/00001_2/0173_799_D._Field_expansion.cpp,llama,gen_2,PARSE_ERROR,,True,CWE-190,,,CWE-190,,,1
llama/gen_2/00001_2/0175_845_B._Luba_And_The_Ticket.cpp,llama,gen_2,FAILED,,False,,CWE-570,,,CWE-570,,2
llama/gen_2/00001_2/0179_989_E._A_Trance_of_Nightfall.cpp,llama,gen_2,PARSE_ERROR,,False,,CWE-398|CWE-563,,,CWE-398|CWE-563,,1
llama/gen_2/00001_2/0180_p02603_M-SOLUTIONS_Programming_Contest_2020_-_Road_to_Millionaire.cpp,llama,gen_2,SUCCESS,,False,,CWE-563,,,CWE-563,,1
llama/gen_2/00001_2/0184_p03443_AtCoder_Petrozavodsk_Contest_001_-_Colorful_Doors.cpp,llama,gen_2,PARSE_ERROR,,False,,CWE-398|CWE-563,,,CWE-398|CWE-563,,1
llama/gen_2/00001_2/0186_p03762_AtCoder_Beginner_Contest_058_-____.cpp,llama,gen_2,PARSE_ERROR,,False,,CWE-398,,,CWE-398,,1
llama/gen_2/00001_2/0187_p03932_square869120Contest__3_-_Souvenirs.cpp,llama,gen_2,TIMEOUT,,False,,CWE-398,,,CWE-398,,1
llama/gen_2/00001_2/0188_p00025_Hit_and_Blow.cpp,llama,gen_2,SUCCESS,,False,,CWE-398,,,CWE-398,,1
llama/gen_2/00001_2/0189_p00156_Moats_around_the_Castle.cpp,llama,gen_2,TIMEOUT,,False,,CWE-398,,,CWE-398,,1
llama/gen_2/00001_2/0192_p00669_K_Cards.cpp,llama,gen_2,TIMEOUT,,False,,CWE-398,,,CWE-398,,1
llama/gen_2/00001_2/0193_p00812_Equals_are_Equals.cpp,llama,gen_2,PARSE_ERROR,,False,,CWE-398,,,CWE-398,,1
llama/gen_2/00001_2/0194_p00943_Routing_a_Marathon_Race.cpp,llama,gen_2,PARSE_ERROR,,False,,CWE-398|CWE-786,,,CWE-398|CWE-786,,1
llama/gen_2/00001_2/0196_p01210_Speed.cpp,llama,gen_2,PARSE_ERROR,,False,,CWE-398|CWE-563,,,CWE-398|CWE-563,,1
llama/gen_2/00001_2/0197_p01346_Ropeway.cpp,llama,gen_2,SUCCESS,,False,,CWE-563,,,CWE-563,,1
llama/gen_2/00001_2/0202_p02110_Settler.cpp,llama,gen_2,PARSE_ERROR,,False,,CWE-398,,,CWE-398,,1
llama/gen_2/00001_2/0205_103_C._Russian_Roulette.cpp,llama,gen_2,SUCCESS,,False,,CWE-571,,,CWE-571,,1
llama/gen_2/00001_2/0211_1173_E2._Nauuo_and_Pictures__hard_version_.cpp,llama,gen_2,PARSE_ERROR,,False,,CWE-398,,,CWE-398,,1
llama/gen_2/00001_2/0216_1271_C._Shawarma_Tent.cpp,llama,gen_2,PARSE_ERROR,,False,,CWE-398,,,CWE-398,,1
llama/gen_2/00001_2/0220_139_D._Digits_Permutations.cpp,llama,gen_2,PARSE_ERROR,,True,CWE-122,CWE-398,,CWE-122,CWE-398,,2
llama/gen_2/00001_2/0224_1493_C._K-beautiful_Strings.cpp,llama,gen_2,PARSE_ERROR,,False,,CWE-398,,,CWE-398,,1
llama/gen_2/00001_2/0229_215_A._Bicycle_Chain.cpp,llama,gen_2,SUCCESS,,False,,CWE-398,,,CWE-398,,1
llama/gen_2/00001_2/0230_239_A._Two_Bags_of_Potatoes.cpp,llama,gen_2,SUCCESS,,False,,CWE-398,,,CWE-398,,1
llama/gen_2/00001_2/0233_312_D._Cats_Transport.cpp,llama,gen_2,PARSE_ERROR,,False,,CWE-563,,,CWE-563,,1
llama/gen_2/00001_2/0235_358_B._Dima_and_Text_Messages.cpp,llama,gen_2,PARSE_ERROR,,False,,CWE-563,,,CWE-563,,1
llama/gen_2/00001_2/0236_381_A._Sereja_and_Dima.cpp,llama,gen_2,FAILED,,False,,,,,,,1
llama/gen_2/00001_2/0237_401_E._Olympic_Games.cpp,llama,gen_2,PARSE_ERROR,,False,,CWE-398,,,CWE-398,,1
llama/gen_2/00001_2/0240_474_C._Captain_Marmot.cpp,llama,gen_2,TIMEOUT,,False,,CWE-398,,,CWE-398,,1
llama/gen_2/00001_2/0242_521_C._Pluses_everywhere.cpp,llama,gen_2,PARSE_ERROR,,False,,CWE-398,,,CWE-398,,1
llama/gen_2/00001_2/0243_548_E._Mike_and_Foam.cpp,llama,gen_2,PARSE_ERROR,,False,,CWE-398,,,CWE-398,,1
llama/gen_2/00001_2/0244_575_B._Bribes.cpp,llama,gen_2,PARSE_ERROR,,False,,CWE-398,,,CWE-398,,1
llama/gen_2/00001_2/0247_638_D._Three-dimensional_Turtle_Super_Computer_.cpp,llama,gen_2,PARSE_ERROR,,False,,CWE-398,,,CWE-398,,1
llama/gen_2/00001_2/0248_666_B._World_Tour.cpp,llama,gen_2,PARSE_ERROR,,False,,CWE-398,,,CWE-398,,1
llama/gen_2/00001_2/0250_712_D._Memory_and_Scores.cpp,llama,gen_2,TIMEOUT,,True,CWE-122,,,CWE-122,,,1
llama/gen_2/00001_2/0252_757_D._Felicity_s_Big_Secret_Revealed.cpp,llama,gen_2,PARSE_ERROR,,False,,CWE-398,,,CWE-398,,1
llama/gen_2/00001_2/0253_779_A._Pupils_Redistribution.cpp,llama,gen_2,FAILED,,False,,,,,,,1
llama/gen_2/00002_2/0001_848_C._Goodbye_Souvenir.cpp,llama,gen_2,TIMEOUT,,False,,CWE-398,,,CWE-398,,1
llama/gen_2/00002_2/0003_896_E._Welcome_home__Chtholly.cpp,llama,gen_2,FAILED,,False,,CWE-398,,,CWE-398,,2
llama/gen_2/00002_2/0004_918_A._Eleven.cpp,llama,gen_2,TIMEOUT,,False,,CWE-398,,,CWE-398,,1
llama/gen_2/00002_2/0005_940_A._Points_on_the_line.cpp,llama,gen_2,FAILED,,False,,CWE-563,,,CWE-563,,2
llama/gen_2/00002_2/0007_993_D._Compute_Power.cpp,llama,gen_2,TIMEOUT,,True,CWE-190,CWE-190|CWE-398,,,CWE-398,CWE-190,2
llama/gen_2/00002_2/0008_p02630_AtCoder_Beginner_Contest_171_-_Replacing.cpp,llama,gen_2,SUCCESS,,False,,CWE-398,,,CWE-398,,1
llama/gen_2/00002_2/0009_p02761_AtCoder_Beginner_Contest_157_-_Guess_The_Number.cpp,llama,gen_2,PARSE_ERROR,,False,,CWE-398,,,CWE-398,,1
llama/gen_2/00002_2/0013_p03318_AtCoder_Beginner_Contest_101_-_Snuke_Numbers.cpp,llama,gen_2,SUCCESS,,False,,CWE-571,,,CWE-571,,1
llama/gen_2/00002_2/0014_p03474_AtCoder_Beginner_Contest_084_-_Postal_Code.cpp,llama,gen_2,PARSE_ERROR,,False,,CWE-398,,,CWE-398,,1
llama/gen_2/00002_2/0022_p00698_Missing_Numbers.cpp,llama,gen_2,PARSE_ERROR,,False,,CWE-398,,,CWE-398,,1
llama/gen_2/00002_2/0023_p00839_Organize_Your_Train.cpp,llama,gen_2,PARSE_ERROR,,False,,CWE-398,,,CWE-398,,1
llama/gen_2/00002_2/0024_p00971_Shortest_Common_Non-Subsequence.cpp,llama,gen_2,TIMEOUT,,False,,CWE-398,,,CWE-398,,1
llama/gen_2/00002_2/0026_p01240_Oil_Company.cpp,llama,gen_2,TIMEOUT,,False,,CWE-571,,,CWE-571,,1
llama/gen_2/00002_2/0028_p01556_ConvexCut.cpp,llama,gen_2,FAILED,,False,,CWE-398,,,CWE-398,,2
llama/gen_2/00002_2/0029_p01711_Idempotent_Filter.cpp,llama,gen_2,FAILED,CWE-476,False,,,CWE-476,,,,1
llama/gen_2/00002_2/0030_p01856_Typhoon.cpp,llama,gen_2,SUCCESS,,False,,CWE-398,,,CWE-398,,1
llama/gen_2/00002_2/0032_p02137_Special_Chat.cpp,llama,gen_2,SUCCESS,,False,,CWE-398,,,CWE-398,,1
llama/gen_2/00002_2/0034_p02425_Bit_Flag.cpp,llama,gen_2,SUCCESS,,False,,CWE-758,,,CWE-758,,1
llama/gen_2/00002_2/0036_1031_B._Curiosity_Has_No_Limits.cpp,llama,gen_2,FAILED,,False,,,,,,,1
llama/gen_2/00002_2/0039_1097_B._Petr_and_a_Combination_Lock.cpp,llama,gen_2,TIMEOUT,,False,,CWE-398,,,CWE-398,,1
llama/gen_2/00002_2/0040_1118_C._Palindromic_Matrix.cpp,llama,gen_2,PARSE_ERROR,,False,,CWE-664,,,CWE-664,,1
llama/gen_2/00002_2/0042_1165_E._Two_Arrays_and_Sum_of_Functions.cpp,llama,gen_2,PARSE_ERROR,,False,,CWE-197,,,CWE-197,,1
llama/gen_2/00002_2/0045_121_C._Lucky_Permutation.cpp,llama,gen_2,FAILED,,True,CWE-190,,,CWE-190,,,2
llama/gen_2/00002_2/0046_1244_G._Running_in_Pairs.cpp,llama,gen_2,PARSE_ERROR,,True,CWE-190,,,CWE-190,,,1
llama/gen_2/00002_2/0049_1305_B._Kuroni_and_Simple_Strings.cpp,llama,gen_2,PARSE_ERROR,,False,,CWE-398|CWE-563,,,CWE-398|CWE-563,,1
llama/gen_2/00002_2/0051_1349_D._Slime_and_Biscuits.cpp,llama,gen_2,PARSE_ERROR,,False,,CWE-398,,,CWE-398,,1
llama/gen_2/00002_2/0053_1392_B._Omkar_and_Infinity_Clock.cpp,llama,gen_2,FAILED,,False,,,,,,,1
llama/gen_2/00002_2/0054_1416_D._Graph_and_Queries.cpp,llama,gen_2,PARSE_ERROR,,False,,CWE-786,,,CWE-786,,1
llama/gen_2/00002_2/0055_1433_C._Dominant_Piranha.cpp,llama,gen_2,FAILED,,False,,,,,,,1
llama/gen_2/00002_2/0056_1458_B._Glass_Half_Spilled.cpp,llama,gen_2,FAILED,,True,CWE-190,,,CWE-190,,,2
llama/gen_2/00002_2/0060_181_B._Number_of_Triplets.cpp,llama,gen_2,TIMEOUT,,False,,CWE-398,,,CWE-398,,1
llama/gen_2/00002_2/0061_204_D._Little_Elephant_and_Retro_Strings.cpp,llama,gen_2,FAILED,,False,,CWE-398,,,CWE-398,,2
llama/gen_2/00002_2/0064_278_B._New_Problem.cpp,llama,gen_2,PARSE_ERROR,,False,,CWE-398,,,CWE-398,,1
llama/gen_2/00002_2/0066_325_D._Reclamation.cpp,llama,gen_2,PARSE_ERROR,,False,,CWE-398,,,CWE-398,,1
llama/gen_2/00002_2/0067_348_E._Pilgrims.cpp,llama,gen_2,PARSE_ERROR,,False,,CWE-398,,,CWE-398,,1
llama/gen_2/00002_2/0068_372_A._Counting_Kangaroos_is_Fun.cpp,llama,gen_2,FAILED,,False,,,,,,,1
llama/gen_2/00002_2/0071_443_B._Kolya_and_Tandem_Repeat.cpp,llama,gen_2,SUCCESS,,True,CWE-121|CWE-122,,,CWE-121|CWE-122,,,1
llama/gen_2/00002_2/0072_465_C._No_to_Palindromes_.cpp,llama,gen_2,PARSE_ERROR,,False,,CWE-398,,,CWE-398,,1
llama/gen_2/00002_2/0075_538_B._Quasi_Binary.cpp,llama,gen_2,TIMEOUT,,False,,CWE-398,,,CWE-398,,1
llama/gen_2/00002_2/0077_587_D._Duff_in_Mafia.cpp,llama,gen_2,PARSE_ERROR,,False,,CWE-398,,,CWE-398,,1
llama/gen_2/00002_2/0078_609_F._Frogs_and_mosquitoes.cpp,llama,gen_2,TIMEOUT,,False,,CWE-398,,,CWE-398,,1
llama/gen_2/00002_2/0079_630_E._A_rectangle.cpp,llama,gen_2,SUCCESS,,True,CWE-190,,,CWE-190,,,1
llama/gen_2/00002_2/0083_725_C._Hidden_Word.cpp,llama,gen_2,SUCCESS,,True,CWE-122,CWE-398|CWE-786,,CWE-122,CWE-398|CWE-786,,2
llama/gen_2/00002_2/0087_815_B._Karen_and_Test.cpp,llama,gen_2,PARSE_ERROR,,True,CWE-122,,,CWE-122,,,1
llama/gen_2/00002_2/0088_840_B._Leha_and_another_game_about_graph.cpp,llama,gen_2,PARSE_ERROR,,True,,CWE-398,,,CWE-398,,2
llama/gen_2/00002_2/0089_860_C._Tests_Renumeration.cpp,llama,gen_2,TIMEOUT,,True,CWE-122,CWE-398,,CWE-122,CWE-398,,2
llama/gen_2/00002_2/0092_931_E._Game_with_String.cpp,llama,gen_2,PARSE_ERROR,,False,,CWE-398,,,CWE-398,,1
llama/gen_2/00002_2/0093_958_F3._Lightsabers__hard_.cpp,llama,gen_2,TIMEOUT,,False,,CWE-398,,,CWE-398,,1
llama/gen_2/00002_2/0097_p02838_AtCoder_Beginner_Contest_147_-_Xor_Sum_4.cpp,llama,gen_2,SUCCESS,,False,,CWE-563,,,CWE-563,,1
llama/gen_2/00002_2/0098_p02975_AtCoder_Grand_Contest_035_-_XOR_Circle.cpp,llama,gen_2,SUCCESS,,False,,CWE-398,,,CWE-398,,1
llama/gen_2/00002_2/0100_p03258_AtCoder_Grand_Contest_027_-_ABBreviate.cpp,llama,gen_2,FAILED,CWE-476,False,,,CWE-476,,,,1
llama/gen_2/00002_2/0103_p03729_AtCoder_Beginner_Contest_060_-_Shiritori.cpp,llama,gen_2,FAILED,,False,,,,,,,1
llama/gen_2/00002_2/0110_p00786_BUT_We_Need_a_Diagram.cpp,llama,gen_2,PARSE_ERROR,,False,,CWE-398|CWE-563,,,CWE-398|CWE-563,,1
llama/gen_2/00002_2/0111_p00918_Dragon_s_Cruller.cpp,llama,gen_2,PARSE_ERROR,,False,,CWE-562,,,CWE-562,,1
llama/gen_2/00002_2/0112_p01051_Squid_Ink.cpp,llama,gen_2,TIMEOUT,,False,,CWE-457,,,CWE-457,,1
llama/gen_2/00002_2/0115_p01488_TransferTrain.cpp,llama,gen_2,TIMEOUT,,False,,CWE-398,,,CWE-398,,1
llama/gen_2/00002_2/0120_p02216_Array_Game.cpp,llama,gen_2,FAILED,,False,,,,,,,1
llama/gen_2/00002_2/0121_p02369_Cycle_Detection_for_a_Directed_Graph.cpp,llama,gen_2,TIMEOUT,,False,,CWE-398,,,CWE-398,,1
llama/gen_2/00002_2/0123_1025_D._Recovering_BST.cpp,llama,gen_2,PARSE_ERROR,,False,,CWE-398,,,CWE-398,,1
llama/gen_2/00002_2/0124_1045_F._Shady_Lady.cpp,llama,gen_2,FAILED,,False,,CWE-398,,,CWE-398,,2
llama/gen_2/00002_2/0128_1139_E._Maximize_Mex.cpp,llama,gen_2,PARSE_ERROR,,False,,CWE-398,,,CWE-398,,1
llama/gen_2/00002_2/0132_1215_B._The_Number_of_Products.cpp,llama,gen_2,SUCCESS,,True,CWE-190,,,CWE-190,,,1
llama/gen_2/00002_2/0134_1256_E._Yet_Another_Division_Into_Teams.cpp,llama,gen_2,FAILED,,False,,,,,,,1
llama/gen_2/00002_2/0136_12_D._Ball.cpp,llama,gen_2,FAILED,,False,,CWE-398,,,CWE-398,,2
llama/gen_2/00002_2/0138_1342_E._Placing_Rooks.cpp,llama,gen_2,SUCCESS,,True,CWE-190,,,CWE-190,,,1
llama/gen_2/00002_2/0139_1364_E._X-OR.cpp,llama,gen_2,PARSE_ERROR,,False,,CWE-786,,,CWE-786,,1
llama/gen_2/00002_2/0140_1384_F._Rearrange.cpp,llama,gen_2,PARSE_ERROR,,False,,CWE-398,,,CWE-398,,1
llama/gen_2/00002_2/0142_1427_D._Unshuffling_a_Deck.cpp,llama,gen_2,TIMEOUT,,True,CWE-122,CWE-398,,CWE-122,CWE-398,,2
llama/gen_2/00002_2/0145_149_D._Coloring_Brackets.cpp,llama,gen_2,FAILED,CWE-476,False,,,CWE-476,,,,1
llama/gen_2/00002_2/0146_1523_D._Love-Hate.cpp,llama,gen_2,TIMEOUT,,False,,CWE-398,,,CWE-398,,1
llama/gen_2/00002_2/0147_155_C._Hometask.cpp,llama,gen_2,SUCCESS,,False,,CWE-398,,,CWE-398,,1
llama/gen_2/00002_2/0148_177_D1._Encrypting_Messages.cpp,llama,gen_2,FAILED,,False,,,,,,,1
llama/gen_2/00002_2/0151_245_F._Log_Stream_Analysis.cpp,llama,gen_2,FAILED,CWE-476,False,,,CWE-476,,,,1
llama/gen_2/00002_2/0153_294_A._Shaass_and_Oskols.cpp,llama,gen_2,FAILED,,False,,CWE-398,,,CWE-398,,2
llama/gen_2/00002_2/0156_365_A._Good_Number.cpp,llama,gen_2,FAILED,,False,,,,,,,1
llama/gen_2/00002_2/0157_388_E._Fox_and_Meteor_Shower.cpp,llama,gen_2,PARSE_ERROR,,True,CWE-369,CWE-398,,CWE-369,CWE-398,,2
llama/gen_2/00002_2/0158_409_C._Magnum_Opus.cpp,llama,gen_2,SUCCESS,,False,,CWE-398,,,CWE-398,,1
llama/gen_2/00002_2/0160_459_E._Pashmak_and_Graph.cpp,llama,gen_2,PARSE_ERROR,,False,,CWE-398,,,CWE-398,,1
llama/gen_2/00002_2/0168_673_C._Bear_and_Colors.cpp,llama,gen_2,PARSE_ERROR,,False,,CWE-398,,,CWE-398,,1
llama/gen_2/00002_2/0170_719_E._Sasha_and_Array.cpp,llama,gen_2,PARSE_ERROR,,True,CWE-125,,,CWE-125,,,1
llama/gen_2/00002_2/0171_740_B._Alyona_and_flowers.cpp,llama,gen_2,FAILED,,True,CWE-190,,,CWE-190,,,2
llama/gen_2/00002_2/0179_924_C._Riverside_Curio.cpp,llama,gen_2,FAILED,,True,CWE-122,CWE-398|CWE-786,,CWE-122,CWE-398|CWE-786,,3
llama/gen_2/00002_2/0180_952_E._Cheese_Board.cpp,llama,gen_2,TIMEOUT,,False,,CWE-398,,,CWE-398,,1
llama/gen_2/00002_2/0182_99_B._Help_Chef_Gerasim.cpp,llama,gen_2,FAILED,,False,,,,,,,1
llama/gen_2/00002_2/0183_p02539_ACL_Beginner_Contest_-_Heights_and_Pairs.cpp,llama,gen_2,PARSE_ERROR,,False,,CWE-398,,,CWE-398,,1
llama/gen_2/00002_2/0185_p02799_Keyence_Programming_Contest_2020_-_Bichromization.cpp,llama,gen_2,PARSE_ERROR,,False,,CWE-398,,,CWE-398,,1
llama/gen_2/00002_2/0186_p02935_AtCoder_Beginner_Contest_138_-_Alchemist.cpp,llama,gen_2,TIMEOUT,,False,,CWE-398,,,CWE-398,,1
llama/gen_2/00002_2/0187_p03072_AtCoder_Beginner_Contest_124_-_Great_Ocean_View.cpp,llama,gen_2,SUCCESS,,False,,CWE-398,,,CWE-398,,1
llama/gen_2/00002_2/0188_p03214_Dwango_Programming_Contest_V_-_Thumbnail.cpp,llama,gen_2,FAILED,,False,,,,,,,1
llama/gen_2/00002_2/0192_p03839_AtCoder_Grand_Contest_008_-_Contiguous_Repainting.cpp,llama,gen_2,SUCCESS,,False,,CWE-398,,,CWE-398,,1
llama/gen_2/00002_2/0198_p00738_Roll-A-Big-Ball.cpp,llama,gen_2,TIMEOUT,,False,,CWE-398,,,CWE-398,,1
llama/gen_2/00002_2/0206_p01896_Folding_Paper.cpp,llama,gen_2,FAILED,,False,,CWE-398,,,CWE-398,,2
llama/gen_2/00002_2/0207_p02033_Arrow.cpp,llama,gen_2,TIMEOUT,,False,,CWE-398,,,CWE-398,,1
llama/gen_2/00002_2/0211_1000_A._Codehorses_T-shirts.cpp,llama,gen_2,TIMEOUT,,False,,CWE-398,,,CWE-398,,1
llama/gen_2/00002_2/0215_1090_C._New_Year_Presents.cpp,llama,gen_2,PARSE_ERROR,,True,CWE-122,CWE-398|CWE-563|CWE-786,,CWE-122,CWE-398|CWE-563|CWE-786,,2
llama/gen_2/00002_2/0218_1157_C2._Increasing_Subsequence__hard_version_.cpp,llama,gen_2,TIMEOUT,,False,,CWE-398|CWE-563|CWE-571,,,CWE-398|CWE-563|CWE-571,,1
llama/gen_2/00002_2/0219_1179_E._Alesya_and_Discrete_Math.cpp,llama,gen_2,ERROR,,False,,CWE-398,,,CWE-398,,1
llama/gen_2/00002_2/0220_1198_A._MP3.cpp,llama,gen_2,PARSE_ERROR,,False,,CWE-398|CWE-563,,,CWE-398|CWE-563,,1
llama/gen_2/00002_2/0221_1214_H._Tiles_Placement.cpp,llama,gen_2,PARSE_ERROR,,False,,CWE-398,,,CWE-398,,1
llama/gen_2/00002_2/0223_1256_C._Platforms_Jumping.cpp,llama,gen_2,SUCCESS,,False,,CWE-563,,,CWE-563,,1
llama/gen_2/00002_2/0224_127_C._Hot_Bath.cpp,llama,gen_2,SUCCESS,,True,CWE-190,,,CWE-190,,,1
llama/gen_2/00002_2/0225_12_B._Correct_Solution_.cpp,llama,gen_2,FAILED,,False,,CWE-398,,,CWE-398,,2
llama/gen_2/00002_2/0226_1323_D._Present.cpp,llama,gen_2,SUCCESS,,False,,CWE-398,,,CWE-398,,1
llama/gen_2/00002_2/0228_1364_C._Ehab_and_Prefix_MEXs.cpp,llama,gen_2,PARSE_ERROR,,True,CWE-122,CWE-398,,CWE-122,CWE-398,,2
llama/gen_2/00002_2/0229_1384_D._GameGame.cpp,llama,gen_2,SUCCESS,,False,,CWE-758,,,CWE-758,,1
llama/gen_2/00002_2/0233_1473_G._Tiles.cpp,llama,gen_2,PARSE_ERROR,,False,,CWE-398,,,CWE-398,,1
llama/gen_2/00002_2/0234_149_B._Martian_Clock.cpp,llama,gen_2,FAILED,,False,,,,,,,1
llama/gen_2/00002_2/0236_155_A._I_love__username_.cpp,llama,gen_2,FAILED,,False,,,,,,,1
llama/gen_2/00002_2/0237_177_C1._Party.cpp,llama,gen_2,PARSE_ERROR,,False,,CWE-398,,,CWE-398,,1
llama/gen_2/00002_2/0241_270_B._Multithreading.cpp,llama,gen_2,SUCCESS,,False,,CWE-398,,,CWE-398,,1
llama/gen_2/00002_2/0243_317_B._Ants.cpp,llama,gen_2,TIMEOUT,,True,CWE-190,,,CWE-190,,,1
llama/gen_2/00002_2/0244_341_B._Bubble_Sort_Graph.cpp,llama,gen_2,FAILED,,False,,,,,,,1
llama/gen_2/00002_2/0245_364_D._Ghd.cpp,llama,gen_2,TIMEOUT,,False,,CWE-398,,,CWE-398,,1
llama/gen_2/00002_2/0247_409_A._The_Great_Game.cpp,llama,gen_2,FAILED,CWE-119|CWE-476,False,,CWE-398,CWE-119|CWE-476,,CWE-398,,2
llama/gen_2/00002_2/0253_554_C._Kyoya_and_Colored_Balls.cpp,llama,gen_2,SUCCESS,,True,CWE-190,,,CWE-190,,,1
llama/gen_2/00002_2/0254_580_B._Kefa_and_Company.cpp,llama,gen_2,FAILED,,True,CWE-190,,,CWE-190,,,2
llama/gen_2/00002_2/0256_624_D._Array_GCD.cpp,llama,gen_2,PARSE_ERROR,,True,CWE-190,CWE-190,,,,CWE-190,2
llama/gen_2/00002_2/0258_698_B._Fix_a_Tree.cpp,llama,gen_2,FAILED,,False,,CWE-398|CWE-563,,,CWE-398|CWE-563,,2
llama/gen_2/00002_2/0259_719_B._Anatoly_and_Cockroaches.cpp,llama,gen_2,FAILED,,False,,,,,,,1
llama/gen_2/00002_2/0260_73_F._Plane_of_Tanks.cpp,llama,gen_2,TIMEOUT,,True,CWE-476,,,CWE-476,,,1
llama/gen_2/00002_2/0261_763_D._Timofey_and_a_flat_tree.cpp,llama,gen_2,PARSE_ERROR,,False,,CWE-398|CWE-563,,,CWE-398|CWE-563,,1
llama/gen_2/00002_2/0266_878_B._Teams_Formation.cpp,llama,gen_2,TIMEOUT,,True,CWE-190,,,CWE-190,,,1
llama/gen_2/00002_2/0267_901_D._Weighting_a_Tree.cpp,llama,gen_2,PARSE_ERROR,,True,CWE-122,,,CWE-122,,,1
llama/gen_2/00002_2/0268_924_A._Mystical_Mosaic.cpp,llama,gen_2,PARSE_ERROR,,False,,CWE-119,,,CWE-119,,1
llama/gen_2/00002_2/0269_952_C._Ravioli_Sort.cpp,llama,gen_2,PARSE_ERROR,,False,,CWE-398,,,CWE-398,,1
llama/gen_2/00002_2/0270_979_E._Kuro_and_Topological_Parity.cpp,llama,gen_2,PARSE_ERROR,,True,CWE-125,,,CWE-125,,,1
llama/gen_2/00002_2/0271_999_F._Cards_and_Joy.cpp,llama,gen_2,TIMEOUT,,True,CWE-122,,,CWE-122,,,1
llama/gen_2/00002_2/0272_p02537_ACL_Beginner_Contest_-_Flat_Subsequence.cpp,llama,gen_2,FAILED,CWE-119|CWE-476,False,,,CWE-119|CWE-476,,,,1
llama/gen_2/00002_2/0274_p02797_Keyence_Programming_Contest_2020_-_Subarray_Sum.cpp,llama,gen_2,FAILED,,False,,,,,,,1
llama/gen_2/00002_2/0279_p03519_CODE_FESTIVAL_2017_Elimination_Tournament_Round_1__Parallel__-_Paired_Parentheses.cpp,llama,gen_2,PARSE_ERROR,,False,,CWE-398,,,CWE-398,,1
llama/gen_2/00002_2/0280_p03684_AtCoder_Regular_Contest_076_-_Built_.cpp,llama,gen_2,PARSE_ERROR,,False,,CWE-398,,,CWE-398,,1
llama/gen_3/00000_3/0000_1012_E._Cycle_sort.cpp,llama,gen_3,PARSE_ERROR,,False,,CWE-398,,,CWE-398,,1
llama/gen_3/00000_3/0001_1037_E._Trips.cpp,llama,gen_3,TIMEOUT,,False,,CWE-398,,,CWE-398,,1
llama/gen_3/00000_3/0006_1149_E._Election_Promises.cpp,llama,gen_3,PARSE_ERROR,,True,CWE-122,,,CWE-122,,,1
llama/gen_3/00000_3/0008_1208_D._Restore_Permutation.cpp,llama,gen_3,PARSE_ERROR,,True,CWE-122,,,CWE-122,,,1
llama/gen_3/00000_3/0009_1227_D1._Optimal_Subsequences__Easy_Version_.cpp,llama,gen_3,PARSE_ERROR,,False,,CWE-398,,,CWE-398,,1
llama/gen_3/00000_3/0010_1269_E._K_Integers.cpp,llama,gen_3,PARSE_ERROR,,False,,CWE-398,,,CWE-398,,1
llama/gen_3/00000_3/0011_1291_E._Prefix_Enlightenment.cpp,llama,gen_3,PARSE_ERROR,,False,,CWE-398,,,CWE-398,,1
llama/gen_3/00000_3/0013_1334_D._Minimum_Euler_Cycle.cpp,llama,gen_3,TIMEOUT,,True,CWE-122,CWE-563,,CWE-122,CWE-563,,2
llama/gen_3/00000_3/0014_1354_F._Summoning_Minions.cpp,llama,gen_3,PARSE_ERROR,,False,,CWE-563,,,CWE-563,,1
llama/gen_3/00000_3/0016_1398_A._Bad_Triangle.cpp,llama,gen_3,FAILED,,False,,,,,,,1
llama/gen_3/00000_3/0017_1421_B._Putting_Bricks_in_the_Wall.cpp,llama,gen_3,PARSE_ERROR,,False,,CWE-398,,,CWE-398,,1
llama/gen_3/00000_3/0019_1466_F._Euclid_s_nightmare.cpp,llama,gen_3,PARSE_ERROR,,False,,CWE-398,,,CWE-398,,1
llama/gen_3/00000_3/0020_1490_G._Old_Floppy_Drive_.cpp,llama,gen_3,PARSE_ERROR,,False,,CWE-398,,,CWE-398,,1
llama/gen_3/00000_3/0022_1540_C1._Converging_Array__Easy_Version_.cpp,llama,gen_3,PARSE_ERROR,,False,,CWE-398,,,CWE-398,,1
llama/gen_3/00000_3/0026_260_B._Ancient_Prophesy.cpp,llama,gen_3,FAILED,,True,,CWE-398,,,CWE-398,,3
llama/gen_3/00000_3/0027_284_B._Cows_and_Poker_Game.cpp,llama,gen_3,FAILED,,False,,,,,,,1
llama/gen_3/00000_3/0028_309_B._Context_Advertising.cpp,llama,gen_3,TIMEOUT,,True,CWE-369,CWE-369,,,,CWE-369,2
llama/gen_3/00000_3/0029_331_E2._Deja_Vu.cpp,llama,gen_3,TIMEOUT,,True,CWE-122|CWE-125|CWE-476,CWE-788,,CWE-122|CWE-125|CWE-476,CWE-788,,2
llama/gen_3/00000_3/0035_494_D._Birthday.cpp,llama,gen_3,PARSE_ERROR,,True,CWE-190,,,CWE-190,,,1
llama/gen_3/00000_3/0036_519_B._A_and_B_and_Compilation_Errors.cpp,llama,gen_3,PARSE_ERROR,,True,CWE-122|CWE-476,CWE-398,,CWE-122|CWE-476,CWE-398,,2
llama/gen_3/00000_3/0037_545_C._Woodcutters.cpp,llama,gen_3,TIMEOUT,,False,,CWE-398,,,CWE-398,,1
llama/gen_3/00000_3/0038_571_E._Geometric_Progressions.cpp,llama,gen_3,PARSE_ERROR,,True,CWE-190,,,CWE-190,,,1
llama/gen_3/00000_3/0040_615_A._Bulbs.cpp,llama,gen_3,PARSE_ERROR,,True,CWE-190,,,CWE-190,,,1
llama/gen_3/00000_3/0041_634_C._Factory_Repairs.cpp,llama,gen_3,FAILED,,False,,,,,,,1
llama/gen_3/00000_3/0042_663_A._Rebus.cpp,llama,gen_3,PARSE_ERROR,,True,,CWE-563,,,CWE-563,,2
llama/gen_3/00000_3/0043_687_D._Dividing_Kingdom_II.cpp,llama,gen_3,PARSE_ERROR,,True,,CWE-398,,,CWE-398,,2
llama/gen_3/00000_3/0047_776_A._A_Serial_Killer.cpp,llama,gen_3,FAILED,,False,,,,,,,1
llama/gen_3/00000_3/0048_7_B._Memory_Manager.cpp,llama,gen_3,SUCCESS,,False,,CWE-398,,,CWE-398,,1
llama/gen_3/00000_3/0051_868_A._Bark_to_Unlock.cpp,llama,gen_3,PARSE_ERROR,,False,,CWE-398,,,CWE-398,,1
llama/gen_3/00000_3/0052_893_D._Credit_Card.cpp,llama,gen_3,FAILED,,False,,,,,,,1
llama/gen_3/00000_3/0056_990_E._Post_Lamps.cpp,llama,gen_3,FAILED,,True,CWE-122,CWE-563,,CWE-122,CWE-563,,3
llama/gen_3/00000_3/0060_p03013_AtCoder_Beginner_Contest_129_-_Typical_Stairs.cpp,llama,gen_3,PARSE_ERROR,,False,,CWE-571,,,CWE-571,,1
llama/gen_3/00000_3/0071_p00680_KND_Factory.cpp,llama,gen_3,PARSE_ERROR,,False,,CWE-398,,,CWE-398,,1
llama/gen_3/00000_3/0072_p00822_Weather_Forecast.cpp,llama,gen_3,PARSE_ERROR,,False,,CWE-563,,,CWE-563,,1
llama/gen_3/00000_3/0073_p00953_Animal_Companion_in_Maze.cpp,llama,gen_3,FAILED,CWE-119,False,,,CWE-119,,,,1
llama/gen_3/00000_3/0075_p01222_Walk_under_a_Scorching_Sun.cpp,llama,gen_3,PARSE_ERROR,,False,,CWE-563,,,CWE-563,,1
llama/gen_3/00000_3/0076_p01356_Nearest_Station.cpp,llama,gen_3,SUCCESS,,False,,CWE-563,,,CWE-563,,1
llama/gen_3/00000_3/0079_p01838_Optimal_Tournament.cpp,llama,gen_3,FAILED,,False,,,,,,,1
llama/gen_3/00000_3/0084_101_C._Vectors.cpp,llama,gen_3,TIMEOUT,,True,CWE-190,CWE-398,,CWE-190,CWE-398,,2
llama/gen_3/00000_3/0085_1043_A._Elections.cpp,llama,gen_3,FAILED,CWE-119|CWE-476,False,,CWE-398,CWE-119|CWE-476,,CWE-398,,2
llama/gen_3/00000_3/0086_1065_F._Up_and_Down_the_Tree.cpp,llama,gen_3,PARSE_ERROR,,False,,CWE-398,,,CWE-398,,1
llama/gen_3/00000_3/0090_1155_A._Reverse_a_Substring.cpp,llama,gen_3,PARSE_ERROR,,False,,CWE-570,,,CWE-570,,1
llama/gen_3/00000_3/0092_1195_D2._Submarine_in_the_Rybinsk_Sea__hard_edition_.cpp,llama,gen_3,PARSE_ERROR,,False,,CWE-398,,,CWE-398,,1
llama/gen_3/00000_3/0094_1253_F._Cheap_Robot.cpp,llama,gen_3,PARSE_ERROR,,False,,CWE-398,,,CWE-398,,1
llama/gen_3/00000_3/0098_1382_A._Common_Subsequence.cpp,llama,gen_3,TIMEOUT,,False,,CWE-398,,,CWE-398,,1
llama/gen_3/00000_3/0099_1424_N._BubbleSquare_Tokens.cpp,llama,gen_3,FAILED,,False,,CWE-398,,,CWE-398,,2
llama/gen_3/00000_3/0108_242_C._King_s_Path.cpp,llama,gen_3,PARSE_ERROR,,False,,CWE-398,,,CWE-398,,1
llama/gen_3/00000_3/0109_268_A._Games.cpp,llama,gen_3,FAILED,,False,,,,,,,1
llama/gen_3/00000_3/0110_290_D._Orange.cpp,llama,gen_3,PARSE_ERROR,,True,CWE-369,,,CWE-369,,,1
llama/gen_3/00000_3/0112_339_A._Helpful_Maths.cpp,llama,gen_3,FAILED,CWE-119|CWE-476,False,,,CWE-119|CWE-476,,,,1
llama/gen_3/00000_3/0113_361_C._Levko_and_Array_Recovery.cpp,llama,gen_3,PARSE_ERROR,,False,,CWE-563,,,CWE-563,,1
llama/gen_3/00000_3/0114_385_A._Bear_and_Raspberry.cpp,llama,gen_3,FAILED,,False,,,,,,,1
llama/gen_3/00000_3/0116_433_A._Kitahara_Haruki_s_Gift.cpp,llama,gen_3,FAILED,,False,,,,,,,1
llama/gen_3/00000_3/0117_455_C._Civilization.cpp,llama,gen_3,PARSE_ERROR,,False,,CWE-398,,,CWE-398,,1
llama/gen_3/00000_3/0118_478_A._Initial_Bet.cpp,llama,gen_3,SUCCESS,,False,,CWE-391,,,CWE-391,,1
llama/gen_3/00000_3/0120_526_A._King_of_Thieves.cpp,llama,gen_3,FAILED,,False,,CWE-571,,,CWE-571,,2
llama/gen_3/00000_3/0121_551_B._ZgukistringZ.cpp,llama,gen_3,PARSE_ERROR,,False,,CWE-398|CWE-563,,,CWE-398|CWE-563,,1
llama/gen_3/00000_3/0123_5_A._Chat_Server_s_Outgoing_Traffic.cpp,llama,gen_3,FAILED,CWE-476,False,,CWE-398,CWE-476,,CWE-398,,2
llama/gen_3/00000_3/0124_621_D._Rat_Kwesh_and_Cheese.cpp,llama,gen_3,TIMEOUT,,False,,CWE-786,,,CWE-786,,1
llama/gen_3/00000_3/0125_643_B._Bear_and_Two_Paths.cpp,llama,gen_3,TIMEOUT,,False,,CWE-563,,,CWE-563,,1
llama/gen_3/00000_3/0126_670_B._Game_of_Robots.cpp,llama,gen_3,FAILED,,False,,,,,,,1
llama/gen_3/00000_3/0128_716_D._Complete_The_Graph.cpp,llama,gen_3,PARSE_ERROR,,False,,CWE-398,,,CWE-398,,1
llama/gen_3/00000_3/0129_737_A._Road_to_Cinema.cpp,llama,gen_3,PARSE_ERROR,,False,,CWE-398,,,CWE-398,,1
llama/gen_3/00000_3/0130_760_F._Bacterial_Melee.cpp,llama,gen_3,PARSE_ERROR,,False,,CWE-398,,,CWE-398,,1
llama/gen_3/00000_3/0134_851_B._Arpa_and_an_exam_about_geometry.cpp,llama,gen_3,PARSE_ERROR,,True,CWE-190,,,CWE-190,,,1
llama/gen_3/00000_3/0135_875_D._High_Cry.cpp,llama,gen_3,SUCCESS,,False,,CWE-398,,,CWE-398,,1
llama/gen_3/00000_3/0137_920_E._Connected_Components_.cpp,llama,gen_3,PARSE_ERROR,,False,,CWE-398,,,CWE-398,,1
llama/gen_3/00000_3/0141_p02652_AtCoder_Grand_Contest_045_-_01_Unbalanced.cpp,llama,gen_3,PARSE_ERROR,,False,,CWE-119,,,CWE-119,,1
llama/gen_3/00000_3/0143_p02916_AtCoder_Beginner_Contest_140_-_Buffet.cpp,llama,gen_3,FAILED,,False,,CWE-398,,,CWE-398,,2
llama/gen_3/00000_3/0144_p03052_diverta_2019_Programming_Contest_-_Edge_Ordering.cpp,llama,gen_3,PARSE_ERROR,,False,,CWE-398,,,CWE-398,,1
llama/gen_3/00000_3/0152_p00206_Next_Trip.cpp,llama,gen_3,SUCCESS,,False,,CWE-398|CWE-563,,,CWE-398|CWE-563,,1
llama/gen_3/00000_3/0154_p00573_Commuter_Pass.cpp,llama,gen_3,PARSE_ERROR,,False,,CWE-398|CWE-563,,,CWE-398|CWE-563,,1
llama/gen_3/00000_3/0155_p00720_Earth_Observation_with_a_Mobile_Robot_Team.cpp,llama,gen_3,PARSE_ERROR,,False,,CWE-398|CWE-563,,,CWE-398|CWE-563,,1
llama/gen_3/00000_3/0156_p00860_The_Morning_after_Halloween.cpp,llama,gen_3,PARSE_ERROR,,False,,CWE-398,,,CWE-398,,1
llama/gen_3/00000_3/0160_p01422_Beautiful_Currency.cpp,llama,gen_3,FAILED,CWE-119|CWE-476,False,,CWE-398,CWE-119|CWE-476,,CWE-398,,2
llama/gen_3/00000_3/0161_p01576_Exciting_Bicycle.cpp,llama,gen_3,FAILED,,False,,CWE-398,,,CWE-398,,2
llama/gen_3/00000_3/0164_p02014_Rough_Sorting.cpp,llama,gen_3,PARSE_ERROR,,False,,CWE-398,,,CWE-398,,1
llama/gen_3/00000_3/0165_p02157_Shuffle_2.cpp,llama,gen_3,FAILED,CWE-476,False,,,CWE-476,,,,1
llama/gen_3/00000_3/0167_p02445_Swap.cpp,llama,gen_3,FAILED,,False,,,,,,,1
llama/gen_3/00000_3/0171_1081_D._Maximum_Distance.cpp,llama,gen_3,PARSE_ERROR,,False,,CWE-398,,,CWE-398,,1
llama/gen_3/00000_3/0174_1149_B._Three_Religions.cpp,llama,gen_3,PARSE_ERROR,,False,,CWE-398|CWE-563,,,CWE-398|CWE-563,,1
llama/gen_3/00000_3/0175_1189_A._Keanu_Reeves.cpp,llama,gen_3,TIMEOUT,,True,CWE-122,,,CWE-122,,,1
llama/gen_3/00000_3/0181_1311_C._Perform_the_Combo.cpp,llama,gen_3,SUCCESS,,True,CWE-369,,,CWE-369,,,1
llama/gen_3/00000_3/0182_1334_A._Level_Statistics.cpp,llama,gen_3,FAILED,,False,,,,,,,1
llama/gen_3/00000_3/0185_1397_C._Multiples_of_Length.cpp,llama,gen_3,FAILED,,True,CWE-190,,,CWE-190,,,2
llama/gen_3/00000_3/0189_1490_D._Permutation_Transformation.cpp,llama,gen_3,PARSE_ERROR,,False,,CWE-398,,,CWE-398,,1
llama/gen_3/00000_3/0194_25_D._Roads_not_only_in_Berland.cpp,llama,gen_3,PARSE_ERROR,,True,CWE-476,,,CWE-476,,,1
llama/gen_3/00000_3/0195_283_D._Cows_and_Cool_Sequences.cpp,llama,gen_3,TIMEOUT,,True,CWE-190,CWE-563,,CWE-190,CWE-563,,2
llama/gen_3/00000_3/0201_425_A._Sereja_and_Swaps.cpp,llama,gen_3,PARSE_ERROR,,False,,CWE-571,,,CWE-571,,1
llama/gen_3/00000_3/0202_494_A._Treasure.cpp,llama,gen_3,FAILED,CWE-119|CWE-476,False,,,CWE-119|CWE-476,,,,1
llama/gen_3/00000_3/0203_518_E._Arthur_and_Questions.cpp,llama,gen_3,TIMEOUT,,False,,CWE-563,,,CWE-563,,1
llama/gen_3/00000_3/0207_633_H._Fibonacci-ish_II.cpp,llama,gen_3,SUCCESS,,False,,CWE-398,,,CWE-398,,1
llama/gen_3/00000_3/0209_687_A._NP-Hard_Problem.cpp,llama,gen_3,PARSE_ERROR,,False,,CWE-398|CWE-563,,,CWE-398|CWE-563,,1
llama/gen_3/00000_3/0210_730_G._Car_Repair_Shop.cpp,llama,gen_3,PARSE_ERROR,,False,,CWE-398|CWE-563,,,CWE-398|CWE-563,,1
llama/gen_3/00000_3/0211_754_B._Ilya_and_tic-tac-toe_game.cpp,llama,gen_3,SUCCESS,,False,,CWE-398,,,CWE-398,,1
llama/gen_3/00000_3/0213_79_D._Password.cpp,llama,gen_3,TIMEOUT,,False,,CWE-398,,,CWE-398,,1
llama/gen_3/00000_3/0217_893_A._Chess_For_Three.cpp,llama,gen_3,FAILED,CWE-119,False,,,CWE-119,,,,1
llama/gen_3/00000_3/0219_937_D._Sleepy_Game.cpp,llama,gen_3,PARSE_ERROR,,False,,CWE-398,,,CWE-398,,1
llama/gen_3/00000_3/0220_962_F._Simple_Cycles_Edges.cpp,llama,gen_3,PARSE_ERROR,,False,,CWE-398,,,CWE-398,,1
llama/gen_3/00000_3/0221_990_B._Micro-World.cpp,llama,gen_3,FAILED,,False,,,,,,,1
llama/gen_3/00000_3/0223_p02741_Panasonic_Programming_Contest_2020_-_Kth_Term.cpp,llama,gen_3,FAILED,CWE-119,False,,CWE-398,CWE-119,,CWE-398,,2
llama/gen_3/00000_3/0224_p02876_AtCoder_Grand_Contest_040_-_Balance_Beam.cpp,llama,gen_3,TIMEOUT,,False,,CWE-398,,,CWE-398,,1
llama/gen_3/00000_3/0227_p03294_AtCoder_Beginner_Contest_103_-_Modulo_Summation.cpp,llama,gen_3,FAILED,,False,,,,,,,1
llama/gen_3/00000_3/0228_p03452_AtCoder_Regular_Contest_090_-_People_on_a_Line.cpp,llama,gen_3,PARSE_ERROR,,False,,CWE-398,,,CWE-398,,1
llama/gen_3/00000_3/0232_p00032_Plastic_Board.cpp,llama,gen_3,PARSE_ERROR,,False,,CWE-398|CWE-563,,,CWE-398|CWE-563,,1
llama/gen_3/00000_3/0233_p00163_Highway_Toll.cpp,llama,gen_3,FAILED,CWE-119,False,,,CWE-119,,,,1
llama/gen_3/00000_3/0238_p00950_Infallibly_Crack_Perplexing_Cryptarithm.cpp,llama,gen_3,FAILED,CWE-119|CWE-476,False,,CWE-398,CWE-119|CWE-476,,CWE-398,,2
llama/gen_3/00000_3/0239_p01083_RedBlue.cpp,llama,gen_3,PARSE_ERROR,,False,,CWE-398,,,CWE-398,,1
llama/gen_3/00000_3/0240_p01219_Private_Teacher.cpp,llama,gen_3,PARSE_ERROR,,False,,CWE-398,,,CWE-398,,1
llama/gen_3/00000_3/0242_p01535_Markup_language_has_Declined.cpp,llama,gen_3,PARSE_ERROR,,False,,CWE-398|CWE-563,,,CWE-398|CWE-563,,1
llama/gen_3/00000_3/0243_p01691_Disappear_Drive.cpp,llama,gen_3,PARSE_ERROR,,False,,CWE-398|CWE-563,,,CWE-398|CWE-563,,1
llama/gen_3/00000_3/0244_p01835_Donut_Decoration.cpp,llama,gen_3,FAILED,,False,,CWE-398,,,CWE-398,,2
llama/gen_3/00000_3/0245_p01970_The_Diversity_of_Prime_Factorization.cpp,llama,gen_3,TIMEOUT,,False,,CWE-398,,,CWE-398,,1
llama/gen_3/00000_3/0246_p02117_Picnic.cpp,llama,gen_3,PARSE_ERROR,,False,,CWE-398,,,CWE-398,,1
llama/gen_3/00000_3/0249_1007_E._Mini_Metro.cpp,llama,gen_3,PARSE_ERROR,,True,CWE-190,,,CWE-190,,,1
llama/gen_3/00000_3/0250_1030_E._Vasya_and_Good_Sequences.cpp,llama,gen_3,PARSE_ERROR,,True,CWE-190,,,CWE-190,,,1
llama/gen_3/00000_3/0251_1053_C._Putting_Boxes_Together.cpp,llama,gen_3,PARSE_ERROR,,False,,CWE-398|CWE-563,,,CWE-398|CWE-563,,1
llama/gen_3/00000_3/0253_1096_E._The_Top_Scorer.cpp,llama,gen_3,TIMEOUT,,True,CWE-122|CWE-476,,,CWE-122|CWE-476,,,1
llama/gen_3/00000_3/0254_1117_F._Crisp_String.cpp,llama,gen_3,PARSE_ERROR,,True,CWE-125,CWE-398,,CWE-125,CWE-398,,2
llama/gen_3/00000_3/0255_1144_B._Parity_Alternated_Deletions.cpp,llama,gen_3,TIMEOUT,,False,,CWE-398,,,CWE-398,,1
llama/gen_3/00000_3/0256_1165_A._Remainder.cpp,llama,gen_3,SUCCESS,,False,,CWE-398,,,CWE-398,,1
llama/gen_3/00000_3/0257_1184_B3._The_Doctor_Meets_Vader__Hard_.cpp,llama,gen_3,PARSE_ERROR,,False,,CWE-398,,,CWE-398,,1
llama/gen_3/00000_3/0258_1202_C._You_Are_Given_a_WASD-string....cpp,llama,gen_3,PARSE_ERROR,,False,,CWE-398,,,CWE-398,,1
llama/gen_3/00000_3/0261_1264_A._Beautiful_Regional_Contest.cpp,llama,gen_3,FAILED,,False,,,,,,,1
llama/gen_3/00000_3/0270_147_B._Smile_House.cpp,llama,gen_3,TIMEOUT,,False,,CWE-398,,,CWE-398,,1
llama/gen_3/00000_3/0271_1506_F._Triangular_Paths.cpp,llama,gen_3,PARSE_ERROR,,False,,CWE-398,,,CWE-398,,1
llama/gen_3/00001_3/0001_161_B._Discounts.cpp,llama,gen_3,TIMEOUT,,False,,CWE-398,,,CWE-398,,1
llama/gen_3/00001_3/0003_203_E._Transportation.cpp,llama,gen_3,TIMEOUT,,False,,CWE-398,,,CWE-398,,1
llama/gen_3/00001_3/0004_228_D._Zigzag.cpp,llama,gen_3,FAILED,,False,,,,,,,1
llama/gen_3/00001_3/0011_392_D._Three_Arrays.cpp,llama,gen_3,TIMEOUT,,True,CWE-122,,,CWE-122,,,1
llama/gen_3/00001_3/0012_415_E._Mashmokh_and_Reverse_Operation.cpp,llama,gen_3,TIMEOUT,,False,,CWE-398,,,CWE-398,,1
llama/gen_3/00001_3/0013_442_C._Artem_and_Array_.cpp,llama,gen_3,PARSE_ERROR,,True,CWE-125,,,CWE-125,,,1
llama/gen_3/00001_3/0015_488_C._Fight_the_Monster.cpp,llama,gen_3,PARSE_ERROR,,True,CWE-190|CWE-369,CWE-398,,CWE-190|CWE-369,CWE-398,,2
llama/gen_3/00001_3/0016_512_B._Fox_And_Jumping.cpp,llama,gen_3,PARSE_ERROR,,True,CWE-190,CWE-398,,CWE-190,CWE-398,,2
llama/gen_3/00001_3/0017_536_C._Tavas_and_Pashmaks.cpp,llama,gen_3,PARSE_ERROR,,False,,CWE-398,,,CWE-398,,1
llama/gen_3/00001_3/0019_586_F._Lizard_Era__Beginning.cpp,llama,gen_3,SUCCESS,,False,,CWE-398|CWE-788,,,CWE-398|CWE-788,,1
llama/gen_3/00001_3/0020_609_B._The_Best_Gift.cpp,llama,gen_3,TIMEOUT,,False,,CWE-398,,,CWE-398,,1
llama/gen_3/00001_3/0027_76_B._Mice.cpp,llama,gen_3,FAILED,,False,,,,,,,1
llama/gen_3/00001_3/0029_814_C._An_impassioned_circulation_of_affection.cpp,llama,gen_3,FAILED,,False,,,,,,,1
llama/gen_3/00001_3/0030_83_C._Track.cpp,llama,gen_3,PARSE_ERROR,,False,,CWE-457,,,CWE-457,,1
llama/gen_3/00001_3/0035_958_E2._Guard_Duty__medium_.cpp,llama,gen_3,FAILED,,False,,,,,,,1
llama/gen_3/00001_3/0037_p02574_AtCoder_Beginner_Contest_177_-_Coprime.cpp,llama,gen_3,TIMEOUT,,False,,CWE-398,,,CWE-398,,1
llama/gen_3/00001_3/0040_p02971_AtCoder_Beginner_Contest_134_-_Exception_Handling.cpp,llama,gen_3,FAILED,,False,,,,,,,1
llama/gen_3/00001_3/0044_p03570_CODE_FESTIVAL_2017_qual_C_-_Yet_Another_Palindrome_Partitioning.cpp,llama,gen_3,SUCCESS,,False,,CWE-398,,,CWE-398,,1
llama/gen_3/00001_3/0045_p03725_AtCoder_Grand_Contest_014_-_Closed_Rooms.cpp,llama,gen_3,TIMEOUT,,False,,CWE-398|CWE-457,,,CWE-398|CWE-457,,1
llama/gen_3/00001_3/0054_p01046_Yu-kun_Likes_a_lot_of_Money.cpp,llama,gen_3,PARSE_ERROR,,False,,CWE-398|CWE-457,,,CWE-398|CWE-457,,1
llama/gen_3/00001_3/0057_p01484_Icy_Composer.cpp,llama,gen_3,FAILED,,False,,,,,,,1
llama/gen_3/00001_3/0058_p01646_Dictionary.cpp,llama,gen_3,PARSE_ERROR,,False,,CWE-398,,,CWE-398,,1
llama/gen_3/00001_3/0059_p01797_Kimagure_Cleaner.cpp,llama,gen_3,FAILED,CWE-476,False,,,CWE-476,,,,1
llama/gen_3/00001_3/0060_p01931_Check_answers.cpp,llama,gen_3,FAILED,CWE-119|CWE-476,False,,,CWE-119|CWE-476,,,,1
llama/gen_3/00001_3/0062_p02211_Apple_Adventure.cpp,llama,gen_3,PARSE_ERROR,,False,,CWE-457,,,CWE-457,,1
llama/gen_3/00001_3/0063_p02365_Minimum-Cost_Arborescence.cpp,llama,gen_3,TIMEOUT,,False,,CWE-398,,,CWE-398,,1
llama/gen_3/00001_3/0064_1003_D._Coins_and_Queries.cpp,llama,gen_3,FAILED,,False,,CWE-758,,,CWE-758,,2
llama/gen_3/00001_3/0065_1027_E._Inverse_Coloring.cpp,llama,gen_3,PARSE_ERROR,,True,CWE-190,,,CWE-190,,,1
llama/gen_3/00001_3/0066_1046_D._Interstellar_battle.cpp,llama,gen_3,PARSE_ERROR,,False,,CWE-563,,,CWE-563,,1
llama/gen_3/00001_3/0067_1070_C._Cloud_Computing.cpp,llama,gen_3,PARSE_ERROR,,True,CWE-416,CWE-664,,CWE-416,CWE-664,,2
llama/gen_3/00001_3/0069_1110_E._Magic_Stones.cpp,llama,gen_3,FAILED,,False,,,,,,,1
llama/gen_3/00001_3/0071_1158_F._Density_of_subarrays.cpp,llama,gen_3,PARSE_ERROR,,True,CWE-122,,,CWE-122,,,1
llama/gen_3/00001_3/0072_1180_E._Serge_and_Dining_Room.cpp,llama,gen_3,TIMEOUT,,False,,CWE-398,,,CWE-398,,1
llama/gen_3/00001_3/0074_1216_D._Swords.cpp,llama,gen_3,FAILED,,False,,CWE-398,,,CWE-398,,2
llama/gen_3/00001_3/0076_1257_G._Divisor_Set.cpp,llama,gen_3,SUCCESS,,False,,CWE-398,,,CWE-398,,1
llama/gen_3/00001_3/0084_1428_D._Bouncing_Boomerangs.cpp,llama,gen_3,PARSE_ERROR,,False,,CWE-398,,,CWE-398,,1
llama/gen_3/00001_3/0088_1525_D._Armchairs.cpp,llama,gen_3,PARSE_ERROR,,True,CWE-190,,,CWE-190,,,1
llama/gen_3/00001_3/0092_223_C._Partial_Sums.cpp,llama,gen_3,FAILED,,False,,,,,,,1
llama/gen_3/00001_3/0093_248_A._Cupboards.cpp,llama,gen_3,FAILED,,False,,,,,,,1
llama/gen_3/00001_3/0094_272_B._Dima_and_Sequence.cpp,llama,gen_3,SUCCESS,,False,,CWE-398,,,CWE-398,,1
llama/gen_3/00001_3/0098_366_D._Dima_and_Trap_Graph.cpp,llama,gen_3,PARSE_ERROR,,False,,CWE-398,,,CWE-398,,1
llama/gen_3/00001_3/0099_38_C._Blinds.cpp,llama,gen_3,FAILED,CWE-119|CWE-476,False,,CWE-398,CWE-119|CWE-476,,CWE-398,,2
llama/gen_3/00001_3/0101_438_A._The_Child_and_Toy.cpp,llama,gen_3,PARSE_ERROR,,False,,CWE-398,,,CWE-398,,1
llama/gen_3/00001_3/0102_45_H._Road_Problem.cpp,llama,gen_3,PARSE_ERROR,,False,,CWE-398,,,CWE-398,,1
llama/gen_3/00001_3/0107_604_A._Uncowed_Forces.cpp,llama,gen_3,SUCCESS,,False,,CWE-398,,,CWE-398,,1
llama/gen_3/00001_3/0108_626_D._Jerry_s_Protest.cpp,llama,gen_3,TIMEOUT,,False,,CWE-398,,,CWE-398,,1
llama/gen_3/00001_3/0109_650_B._Image_Preview.cpp,llama,gen_3,FAILED,,False,,,,,,,1
llama/gen_3/00001_3/0111_699_F._Limak_and_Shooting_Points.cpp,llama,gen_3,TIMEOUT,,False,,CWE-398,,,CWE-398,,1
llama/gen_3/00001_3/0112_720_C._Homework.cpp,llama,gen_3,PARSE_ERROR,,True,CWE-122,CWE-571,,CWE-122,CWE-571,,2
llama/gen_3/00001_3/0116_80_C._Heroes.cpp,llama,gen_3,PARSE_ERROR,,False,,CWE-563,,,CWE-563,,1
llama/gen_3/00001_3/0118_855_D._Rowena_Ravenclaw_s_Diadem.cpp,llama,gen_3,PARSE_ERROR,,False,,CWE-398,,,CWE-398,,1
llama/gen_3/00001_3/0120_903_D._Almost_Difference.cpp,llama,gen_3,SUCCESS,,False,,CWE-398,,,CWE-398,,1
llama/gen_3/00001_3/0121_925_E._May_Holidays.cpp,llama,gen_3,PARSE_ERROR,,False,,CWE-398,,,CWE-398,,1
llama/gen_3/00001_3/0122_954_F._Runner_s_Problem.cpp,llama,gen_3,PARSE_ERROR,,False,,CWE-398,,,CWE-398,,1
llama/gen_3/00001_3/0123_980_E._The_Number_Games.cpp,llama,gen_3,PARSE_ERROR,,True,CWE-122,,,CWE-122,,,1
llama/gen_3/00001_3/0124_9_E._Interesting_Graph_and_Apples.cpp,llama,gen_3,PARSE_ERROR,,False,,CWE-398,,,CWE-398,,1
llama/gen_3/00001_3/0126_p02679_AtCoder_Beginner_Contest_168_-____Bullet_.cpp,llama,gen_3,PARSE_ERROR,,False,,CWE-398,,,CWE-398,,1
llama/gen_3/00001_3/0127_p02807_Dwango_Programming_Contest_6th_-_Fusing_Slimes.cpp,llama,gen_3,FAILED,,False,,CWE-398,,,CWE-398,,2
llama/gen_3/00001_3/0129_p03080_ExaWizards_2019_-_Red_or_Blue.cpp,llama,gen_3,FAILED,CWE-119|CWE-476,False,,,CWE-119|CWE-476,,,,1
llama/gen_3/00001_3/0132_p03534_CODE_FESTIVAL_2017_Final__Parallel__-_Palindrome-phobia.cpp,llama,gen_3,FAILED,CWE-119|CWE-476,False,,,CWE-119|CWE-476,,,,1
llama/gen_3/00001_3/0133_p03694_AtCoder_Beginner_Contest_064_-_Traveling_AtCoDeer_Problem.cpp,llama,gen_3,PARSE_ERROR,,False,,CWE-398,,,CWE-398,,1
llama/gen_3/00001_3/0136_p00100_Sale_Result.cpp,llama,gen_3,TIMEOUT,,False,,CWE-398,,,CWE-398,,1
llama/gen_3/00001_3/0140_p00748_Pollock_s_conjecture.cpp,llama,gen_3,PARSE_ERROR,,False,,CWE-398,,,CWE-398,,1
llama/gen_3/00001_3/0141_p00886_Towns_along_a_Highway.cpp,llama,gen_3,PARSE_ERROR,,False,,CWE-398,,,CWE-398,,1
llama/gen_3/00001_3/0144_p01289_Strange_Couple.cpp,llama,gen_3,PARSE_ERROR,,False,,CWE-398,,,CWE-398,,1
llama/gen_3/00001_3/0145_p01458_Kth_Sentence.cpp,llama,gen_3,PARSE_ERROR,,False,,CWE-570,,,CWE-570,,1
llama/gen_3/00001_3/0146_p01609_One.cpp,llama,gen_3,PARSE_ERROR,,False,,CWE-563,,,CWE-563,,1
llama/gen_3/00001_3/0148_p01904_Minimum_Enclosing_Rectangle.cpp,llama,gen_3,FAILED,,False,,,,,,,1
llama/gen_3/00001_3/0151_p02327_Largest_Rectangle.cpp,llama,gen_3,TIMEOUT,,False,,CWE-563,,,CWE-563,,1
llama/gen_3/00001_3/0155_1059_A._Cashier.cpp,llama,gen_3,SUCCESS,,False,,CWE-398,,,CWE-398,,1
llama/gen_3/00001_3/0156_1080_C._Masha_and_two_friends.cpp,llama,gen_3,PARSE_ERROR,,False,,CWE-197|CWE-398,,,CWE-197|CWE-398,,1
llama/gen_3/00001_3/0158_1121_A._Technogoblet_of_Fire.cpp,llama,gen_3,FAILED,,False,,CWE-398,,,CWE-398,,2
llama/gen_3/00001_3/0159_1148_C._Crazy_Diamond.cpp,llama,gen_3,TIMEOUT,,False,,CWE-398,,,CWE-398,,1
llama/gen_3/00001_3/0165_1267_L._Lexicography.cpp,llama,gen_3,PARSE_ERROR,,False,,CWE-571,,,CWE-571,,1
llama/gen_3/00001_3/0166_1290_A._Mind_Control.cpp,llama,gen_3,FAILED,,False,,,,,,,1
llama/gen_3/00001_3/0170_1373_B._01_Game.cpp,llama,gen_3,FAILED,CWE-119|CWE-476,False,,CWE-398,CWE-119|CWE-476,,CWE-398,,2
llama/gen_3/00001_3/0171_1396_A._Multiples_of_Length.cpp,llama,gen_3,FAILED,CWE-119|CWE-476,False,,,CWE-119|CWE-476,,,,1
llama/gen_3/00001_3/0176_1511_F._Chainword.cpp,llama,gen_3,PARSE_ERROR,,True,,CWE-563,,,CWE-563,,2
llama/gen_3/00001_3/0178_166_A._Rank_List.cpp,llama,gen_3,TIMEOUT,,False,,CWE-398,,,CWE-398,,1
llama/gen_3/00001_3/0179_187_B._AlgoRace.cpp,llama,gen_3,PARSE_ERROR,,False,,CWE-398,,,CWE-398,,1
llama/gen_3/00001_3/0189_421_D._Bug_in_Code.cpp,llama,gen_3,TIMEOUT,,False,,CWE-398,,,CWE-398,,1
llama/gen_3/00001_3/0191_46_C._Hamsters_and_Tigers.cpp,llama,gen_3,FAILED,CWE-119|CWE-476,False,,CWE-563,CWE-119|CWE-476,,CWE-563,,2
llama/gen_3/00001_3/0194_543_C._Remembering_Strings.cpp,llama,gen_3,TIMEOUT,,True,CWE-190,,,CWE-190,,,1
llama/gen_3/00001_3/0197_613_A._Peter_and_Snow_Blower.cpp,llama,gen_3,SUCCESS,,False,,CWE-398,,,CWE-398,,1
llama/gen_3/00001_3/0199_685_D._Kay_and_Eternity.cpp,llama,gen_3,TIMEOUT,,False,,CWE-398,,,CWE-398,,1
llama/gen_3/00001_3/0200_708_C._Centroids.cpp,llama,gen_3,PARSE_ERROR,,False,,CWE-398,,,CWE-398,,1
llama/gen_3/00001_3/0201_750_F._New_Year_and_Finding_Roots.cpp,llama,gen_3,TIMEOUT,,False,,CWE-398,,,CWE-398,,1
llama/gen_3/00001_3/0203_799_D._Field_expansion.cpp,llama,gen_3,PARSE_ERROR,,True,CWE-190,,,CWE-190,,,1
llama/gen_3/00001_3/0204_819_D._Mister_B_and_Astronomers.cpp,llama,gen_3,TIMEOUT,,False,,CWE-563|CWE-786,,,CWE-563|CWE-786,,1
llama/gen_3/00001_3/0205_845_B._Luba_And_The_Ticket.cpp,llama,gen_3,FAILED,,False,,,,,,,1
llama/gen_3/00001_3/0207_891_D._Sloth.cpp,llama,gen_3,PARSE_ERROR,,True,,CWE-398|CWE-563,,,CWE-398|CWE-563,,2
llama/gen_3/00001_3/0208_913_G._Power_Substring.cpp,llama,gen_3,PARSE_ERROR,,True,CWE-190,,,CWE-190,,,1
llama/gen_3/00001_3/0216_p03143_NIKKEI_Programming_Contest_2019_-_Weights_on_Vertices_and_Edges.cpp,llama,gen_3,PARSE_ERROR,,False,,CWE-563,,,CWE-563,,1
llama/gen_3/00001_3/0218_p03443_AtCoder_Petrozavodsk_Contest_001_-_Colorful_Doors.cpp,llama,gen_3,FAILED,,False,,CWE-398,,,CWE-398,,2
llama/gen_3/00001_3/0220_p03762_AtCoder_Beginner_Contest_058_-____.cpp,llama,gen_3,PARSE_ERROR,,False,,CWE-398,,,CWE-398,,1
llama/gen_3/00001_3/0223_p00156_Moats_around_the_Castle.cpp,llama,gen_3,PARSE_ERROR,,False,,CWE-398,,,CWE-398,,1
llama/gen_3/00001_3/0226_p00669_K_Cards.cpp,llama,gen_3,TIMEOUT,,False,,CWE-398,,,CWE-398,,1
llama/gen_3/00001_3/0227_p00812_Equals_are_Equals.cpp,llama,gen_3,PARSE_ERROR,,False,,CWE-398,,,CWE-398,,1
llama/gen_3/00001_3/0228_p00943_Routing_a_Marathon_Race.cpp,llama,gen_3,PARSE_ERROR,,False,,CWE-398,,,CWE-398,,1
llama/gen_3/00001_3/0230_p01210_Speed.cpp,llama,gen_3,TIMEOUT,,False,,CWE-398,,,CWE-398,,1
llama/gen_3/00001_3/0234_p01828_M_and_A.cpp,llama,gen_3,SUCCESS,,False,,CWE-398|CWE-563,,,CWE-398|CWE-563,,1
llama/gen_3/00001_3/0236_p02110_Settler.cpp,llama,gen_3,PARSE_ERROR,,False,,CWE-398,,,CWE-398,,1
llama/gen_3/00001_3/0237_p02250_Multiple_String_Matching.cpp,llama,gen_3,FAILED,,False,,,,,,,1
llama/gen_3/00001_3/0240_103_C._Russian_Roulette.cpp,llama,gen_3,FAILED,,False,,,,,,,1
llama/gen_3/00001_3/0242_1084_C._The_Fair_Nut_and_String.cpp,llama,gen_3,PARSE_ERROR,,False,,CWE-398|CWE-563,,,CWE-398|CWE-563,,1
llama/gen_3/00001_3/0243_1103_E._Radix_sum.cpp,llama,gen_3,PARSE_ERROR,,True,CWE-369,CWE-398,,CWE-369,CWE-398,,2
llama/gen_3/00001_3/0247_1191_C._Tokitsukaze_and_Discard_Items.cpp,llama,gen_3,FAILED,,False,,,,,,,1
llama/gen_3/00001_3/0251_1271_C._Shawarma_Tent.cpp,llama,gen_3,PARSE_ERROR,,False,,CWE-398|CWE-563,,,CWE-398|CWE-563,,1
llama/gen_3/00001_3/0252_1294_D._MEX_maximizing.cpp,llama,gen_3,PARSE_ERROR,,False,,CWE-398,,,CWE-398,,1
llama/gen_3/00001_3/0255_1359_D._Yet_Another_Yet_Another_Task.cpp,llama,gen_3,PARSE_ERROR,,False,,CWE-398,,,CWE-398,,1
llama/gen_3/00001_3/0256_1379_F1._Chess_Strikes_Back__easy_version_.cpp,llama,gen_3,PARSE_ERROR,,False,,CWE-563,,,CWE-563,,1
llama/gen_3/00001_3/0258_1423_H._Virus.cpp,llama,gen_3,TIMEOUT,,False,,CWE-398,,,CWE-398,,1
llama/gen_3/00001_3/0260_1468_J._Road_Reform.cpp,llama,gen_3,PARSE_ERROR,,False,,CWE-398,,,CWE-398,,1
llama/gen_3/00001_3/0261_1493_C._K-beautiful_Strings.cpp,llama,gen_3,FAILED,CWE-119,False,,CWE-398,CWE-119,,CWE-398,,2
llama/gen_3/00001_3/0263_1543_B._Customising_the_Track.cpp,llama,gen_3,FAILED,,False,,,,,,,1
llama/gen_3/00001_3/0264_171_C._A_Piece_of_Cake.cpp,llama,gen_3,SUCCESS,,False,,CWE-398,,,CWE-398,,1
llama/gen_3/00001_3/0268_263_D._Cycle_in_Graph.cpp,llama,gen_3,TIMEOUT,,False,,CWE-398,,,CWE-398,,1
llama/gen_3/00001_3/0271_335_B._Palindrome.cpp,llama,gen_3,PARSE_ERROR,,False,,CWE-398,,,CWE-398,,1
llama/gen_3/00001_3/0273_381_A._Sereja_and_Dima.cpp,llama,gen_3,FAILED,,False,,,,,,,1
llama/gen_3/00001_3/0274_401_E._Olympic_Games.cpp,llama,gen_3,FAILED,,True,CWE-122|CWE-190,CWE-398,,CWE-122|CWE-190,CWE-398,,3
llama/gen_3/00001_3/0279_521_C._Pluses_everywhere.cpp,llama,gen_3,PARSE_ERROR,,True,CWE-125,,,CWE-125,,,1
llama/gen_3/00001_3/0280_548_E._Mike_and_Foam.cpp,llama,gen_3,PARSE_ERROR,,False,,CWE-398,,,CWE-398,,1
llama/gen_3/00001_3/0281_575_B._Bribes.cpp,llama,gen_3,TIMEOUT,,False,,CWE-398,,,CWE-398,,1
llama/gen_3/00001_3/0284_638_D._Three-dimensional_Turtle_Super_Computer_.cpp,llama,gen_3,SUCCESS,,True,CWE-125,CWE-398|CWE-563|CWE-788,,CWE-125,CWE-398|CWE-563|CWE-788,,2
llama/gen_3/00001_3/0287_712_D._Memory_and_Scores.cpp,llama,gen_3,FAILED,CWE-119,False,,,CWE-119,,,,1
llama/gen_3/00001_3/0289_757_D._Felicity_s_Big_Secret_Revealed.cpp,llama,gen_3,TIMEOUT,,False,,CWE-398,,,CWE-398,,1
llama/gen_3/00002_3/0000_825_E._Minimal_Labels.cpp,llama,gen_3,PARSE_ERROR,,False,,CWE-398,,,CWE-398,,1
llama/gen_3/00002_3/0001_848_C._Goodbye_Souvenir.cpp,llama,gen_3,TIMEOUT,,False,,CWE-398,,,CWE-398,,1
llama/gen_3/00002_3/0002_870_A._Search_for_Pretty_Integers.cpp,llama,gen_3,TIMEOUT,,False,,CWE-563,,,CWE-563,,1
llama/gen_3/00002_3/0003_896_E._Welcome_home__Chtholly.cpp,llama,gen_3,FAILED,,False,,CWE-398,,,CWE-398,,2
llama/gen_3/00002_3/0004_918_A._Eleven.cpp,llama,gen_3,SUCCESS,,False,,CWE-398,,,CWE-398,,1
llama/gen_3/00002_3/0005_940_A._Points_on_the_line.cpp,llama,gen_3,FAILED,,False,,,,,,,1
llama/gen_3/00002_3/0006_967_D._Resource_Distribution.cpp,llama,gen_3,TIMEOUT,,False,,CWE-563,,,CWE-563,,1
llama/gen_3/00002_3/0007_993_D._Compute_Power.cpp,llama,gen_3,TIMEOUT,,True,CWE-190,,,CWE-190,,,1
llama/gen_3/00002_3/0009_p02761_AtCoder_Beginner_Contest_157_-_Guess_The_Number.cpp,llama,gen_3,TIMEOUT,,False,,CWE-398,,,CWE-398,,1
llama/gen_3/00002_3/0014_p03474_AtCoder_Beginner_Contest_084_-_Postal_Code.cpp,llama,gen_3,PARSE_ERROR,,False,,CWE-398,,,CWE-398,,1
llama/gen_3/00002_3/0017_p03963_AtCoder_Beginner_Contest_046_-_Painting_Balls_with_AtCoDeer.cpp,llama,gen_3,PARSE_ERROR,,False,,CWE-398,,,CWE-398,,1
llama/gen_3/00002_3/0022_p00698_Missing_Numbers.cpp,llama,gen_3,TIMEOUT,,False,,CWE-398,,,CWE-398,,1
llama/gen_3/00002_3/0023_p00839_Organize_Your_Train.cpp,llama,gen_3,PARSE_ERROR,,False,,CWE-398,,,CWE-398,,1
llama/gen_3/00002_3/0024_p00971_Shortest_Common_Non-Subsequence.cpp,llama,gen_3,PARSE_ERROR,,False,,CWE-398,,,CWE-398,,1
llama/gen_3/00002_3/0026_p01240_Oil_Company.cpp,llama,gen_3,TIMEOUT,,False,,CWE-571,,,CWE-571,,1
llama/gen_3/00002_3/0028_p01556_ConvexCut.cpp,llama,gen_3,FAILED,,False,,,,,,,1
llama/gen_3/00002_3/0029_p01711_Idempotent_Filter.cpp,llama,gen_3,FAILED,CWE-476,False,,,CWE-476,,,,1
llama/gen_3/00002_3/0031_p01991_Namo.._Cut.cpp,llama,gen_3,PARSE_ERROR,,False,,CWE-563,,,CWE-563,,1
llama/gen_3/00002_3/0032_p02137_Special_Chat.cpp,llama,gen_3,SUCCESS,,False,,CWE-398,,,CWE-398,,1
llama/gen_3/00002_3/0033_p02278_Minimum_Cost_Sort.cpp,llama,gen_3,TIMEOUT,,False,,CWE-398,,,CWE-398,,1
llama/gen_3/00002_3/0034_p02425_Bit_Flag.cpp,llama,gen_3,SUCCESS,,False,,CWE-758,,,CWE-758,,1
llama/gen_3/00002_3/0035_1008_D._Pave_the_Parallelepiped.cpp,llama,gen_3,TIMEOUT,,False,,CWE-398,,,CWE-398,,1
llama/gen_3/00002_3/0036_1031_B._Curiosity_Has_No_Limits.cpp,llama,gen_3,FAILED,,False,,,,,,,1
llama/gen_3/00002_3/0040_1118_C._Palindromic_Matrix.cpp,llama,gen_3,FAILED,,False,,CWE-398|CWE-563,,,CWE-398|CWE-563,,2
llama/gen_3/00002_3/0045_121_C._Lucky_Permutation.cpp,llama,gen_3,PARSE_ERROR,,True,CWE-190,,,CWE-190,,,1
llama/gen_3/00002_3/0046_1244_G._Running_in_Pairs.cpp,llama,gen_3,SUCCESS,,True,CWE-190,,,CWE-190,,,1
llama/gen_3/00002_3/0048_1286_A._Garland.cpp,llama,gen_3,FAILED,,False,,,,,,,1
llama/gen_3/00002_3/0049_1305_B._Kuroni_and_Simple_Strings.cpp,llama,gen_3,PARSE_ERROR,,False,,CWE-398|CWE-563,,,CWE-398|CWE-563,,1
llama/gen_3/00002_3/0050_1329_D._Dreamoon_Likes_Strings.cpp,llama,gen_3,PARSE_ERROR,,False,,CWE-398|CWE-563,,,CWE-398|CWE-563,,1
llama/gen_3/00002_3/0058_1508_C._Complete_the_MST.cpp,llama,gen_3,PARSE_ERROR,,False,,CWE-398,,,CWE-398,,1
llama/gen_3/00002_3/0059_1534_D._Lost_Tree.cpp,llama,gen_3,PARSE_ERROR,,True,CWE-476,CWE-398|CWE-563,,CWE-476,CWE-398|CWE-563,,2
llama/gen_3/00002_3/0072_465_C._No_to_Palindromes_.cpp,llama,gen_3,PARSE_ERROR,,False,,CWE-398,,,CWE-398,,1
llama/gen_3/00002_3/0075_538_B._Quasi_Binary.cpp,llama,gen_3,PARSE_ERROR,,False,,CWE-398,,,CWE-398,,1
llama/gen_3/00002_3/0076_566_C._Logistical_Questions.cpp,llama,gen_3,SUCCESS,,True,CWE-190,CWE-398,,CWE-190,CWE-398,,2
llama/gen_3/00002_3/0077_587_D._Duff_in_Mafia.cpp,llama,gen_3,PARSE_ERROR,,False,,CWE-398,,,CWE-398,,1
llama/gen_3/00002_3/0078_609_F._Frogs_and_mosquitoes.cpp,llama,gen_3,PARSE_ERROR,,True,CWE-190,,,CWE-190,,,1
llama/gen_3/00002_3/0079_630_E._A_rectangle.cpp,llama,gen_3,SUCCESS,,True,CWE-190,,,CWE-190,,,1
llama/gen_3/00002_3/0083_725_C._Hidden_Word.cpp,llama,gen_3,PARSE_ERROR,,False,,CWE-563,,,CWE-563,,1
llama/gen_3/00002_3/0087_815_B._Karen_and_Test.cpp,llama,gen_3,FAILED,,False,,,,,,,1
llama/gen_3/00002_3/0088_840_B._Leha_and_another_game_about_graph.cpp,llama,gen_3,PARSE_ERROR,,False,,CWE-398,,,CWE-398,,1
llama/gen_3/00002_3/0089_860_C._Tests_Renumeration.cpp,llama,gen_3,TIMEOUT,,False,,CWE-398|CWE-563,,,CWE-398|CWE-563,,1
llama/gen_3/00002_3/0092_931_E._Game_with_String.cpp,llama,gen_3,PARSE_ERROR,,False,,CWE-398|CWE-563,,,CWE-398|CWE-563,,1
llama/gen_3/00002_3/0094_985_E._Pencils_and_Boxes.cpp,llama,gen_3,FAILED,,False,,,,,,,1
llama/gen_3/00002_3/0095_p02578_AtCoder_Beginner_Contest_176_-_Step.cpp,llama,gen_3,FAILED,,False,,,,,,,1
llama/gen_3/00002_3/0097_p02838_AtCoder_Beginner_Contest_147_-_Xor_Sum_4.cpp,llama,gen_3,FAILED,,False,,CWE-398,,,CWE-398,,2
llama/gen_3/00002_3/0098_p02975_AtCoder_Grand_Contest_035_-_XOR_Circle.cpp,llama,gen_3,PARSE_ERROR,,False,,CWE-398,,,CWE-398,,1
llama/gen_3/00002_3/0099_p03111_AtCoder_Beginner_Contest_119_-_Synthetic_Kadomatsu.cpp,llama,gen_3,PARSE_ERROR,,False,,CWE-398|CWE-563,,,CWE-398|CWE-563,,1
llama/gen_3/00002_3/0101_p03414_AtCoder_Regular_Contest_092_-_Two_Faced_Edges.cpp,llama,gen_3,SUCCESS,,False,,CWE-563,,,CWE-563,,1
llama/gen_3/00002_3/0103_p03729_AtCoder_Beginner_Contest_060_-_Shiritori.cpp,llama,gen_3,FAILED,,False,,,,,,,1
llama/gen_3/00002_3/0107_p00264_East_Wind.cpp,llama,gen_3,TIMEOUT,,False,,CWE-398|CWE-563,,,CWE-398|CWE-563,,1
llama/gen_3/00002_3/0112_p01051_Squid_Ink.cpp,llama,gen_3,PARSE_ERROR,,False,,CWE-563,,,CWE-563,,1
llama/gen_3/00002_3/0113_p01183_Tetrahedra.cpp,llama,gen_3,PARSE_ERROR,,False,,CWE-398|CWE-563,,,CWE-398|CWE-563,,1
llama/gen_3/00002_3/0114_p01320_Magical_Island_2.cpp,llama,gen_3,TIMEOUT,,False,,CWE-398,,,CWE-398,,1
llama/gen_3/00002_3/0115_p01488_TransferTrain.cpp,llama,gen_3,TIMEOUT,,False,,CWE-398|CWE-563,,,CWE-398|CWE-563,,1
llama/gen_3/00002_3/0117_p01801_Wall_Making_Game.cpp,llama,gen_3,FAILED,,False,,,,,,,1
llama/gen_3/00002_3/0118_p01935_Protect_from_the_enemy_attack.cpp,llama,gen_3,PARSE_ERROR,,False,,CWE-398,,,CWE-398,,1
llama/gen_3/00002_3/0121_p02369_Cycle_Detection_for_a_Directed_Graph.cpp,llama,gen_3,TIMEOUT,,False,,CWE-398,,,CWE-398,,1
llama/gen_3/00002_3/0123_1025_D._Recovering_BST.cpp,llama,gen_3,TIMEOUT,,False,,CWE-398,,,CWE-398,,1
llama/gen_3/00002_3/0124_1045_F._Shady_Lady.cpp,llama,gen_3,PARSE_ERROR,,False,,CWE-398,,,CWE-398,,1
llama/gen_3/00002_3/0128_1139_E._Maximize_Mex.cpp,llama,gen_3,PARSE_ERROR,,False,,CWE-398,,,CWE-398,,1
llama/gen_3/00002_3/0129_1157_E._Minimum_Array.cpp,llama,gen_3,PARSE_ERROR,,False,,CWE-398,,,CWE-398,,1
llama/gen_3/00002_3/0134_1256_E._Yet_Another_Division_Into_Teams.cpp,llama,gen_3,PARSE_ERROR,,True,CWE-122,,,CWE-122,,,1
llama/gen_3/00002_3/0136_12_D._Ball.cpp,llama,gen_3,FAILED,,False,,CWE-398,,,CWE-398,,2
llama/gen_3/00002_3/0139_1364_E._X-OR.cpp,llama,gen_3,PARSE_ERROR,,False,,CWE-786,,,CWE-786,,1
llama/gen_3/00002_3/0140_1384_F._Rearrange.cpp,llama,gen_3,SUCCESS,,True,CWE-122,CWE-398,,CWE-122,CWE-398,,2
llama/gen_3/00002_3/0141_1406_C._Link_Cut_Centroids.cpp,llama,gen_3,PARSE_ERROR,,False,,CWE-398,,,CWE-398,,1
llama/gen_3/00002_3/0142_1427_D._Unshuffling_a_Deck.cpp,llama,gen_3,TIMEOUT,,False,,CWE-398,,,CWE-398,,1
llama/gen_3/00002_3/0145_149_D._Coloring_Brackets.cpp,llama,gen_3,FAILED,CWE-476,False,,,CWE-476,,,,1
llama/gen_3/00002_3/0147_155_C._Hometask.cpp,llama,gen_3,PARSE_ERROR,,True,CWE-125,CWE-398|CWE-788,,CWE-125,CWE-398|CWE-788,,2
llama/gen_3/00002_3/0148_177_D1._Encrypting_Messages.cpp,llama,gen_3,FAILED,,False,,,,,,,1
llama/gen_3/00002_3/0151_245_F._Log_Stream_Analysis.cpp,llama,gen_3,PARSE_ERROR,,True,,CWE-398,,,CWE-398,,2
llama/gen_3/00002_3/0153_294_A._Shaass_and_Oskols.cpp,llama,gen_3,FAILED,,False,,CWE-398,,,CWE-398,,2
llama/gen_3/00002_3/0155_341_D._Iahub_and_Xors.cpp,llama,gen_3,TIMEOUT,,False,,CWE-398,,,CWE-398,,1
llama/gen_3/00002_3/0156_365_A._Good_Number.cpp,llama,gen_3,FAILED,,False,,,,,,,1
llama/gen_3/00002_3/0157_388_E._Fox_and_Meteor_Shower.cpp,llama,gen_3,PARSE_ERROR,,True,CWE-369,CWE-398|CWE-563,,CWE-369,CWE-398|CWE-563,,2
llama/gen_3/00002_3/0159_436_D._Pudding_Monsters.cpp,llama,gen_3,PARSE_ERROR,,False,,CWE-398,,,CWE-398,,1
llama/gen_3/00002_3/0160_459_E._Pashmak_and_Graph.cpp,llama,gen_3,PARSE_ERROR,,False,,CWE-563,,,CWE-563,,1
llama/gen_3/00002_3/0161_480_D._Parcels.cpp,llama,gen_3,SUCCESS,,True,CWE-122|CWE-476,,,CWE-122|CWE-476,,,1
llama/gen_3/00002_3/0162_505_D._Mr._Kitayuta_s_Technology.cpp,llama,gen_3,PARSE_ERROR,,False,,CWE-398,,,CWE-398,,1
llama/gen_3/00002_3/0164_554_E._Love_Triangles.cpp,llama,gen_3,PARSE_ERROR,,True,CWE-190,,,CWE-190,,,1
llama/gen_3/00002_3/0168_673_C._Bear_and_Colors.cpp,llama,gen_3,PARSE_ERROR,,False,,CWE-786,,,CWE-786,,1
llama/gen_3/00002_3/0169_698_D._Limak_and_Shooting_Points.cpp,llama,gen_3,TIMEOUT,,False,,CWE-398,,,CWE-398,,1
llama/gen_3/00002_3/0170_719_E._Sasha_and_Array.cpp,llama,gen_3,PARSE_ERROR,,False,,CWE-398,,,CWE-398,,1
llama/gen_3/00002_3/0171_740_B._Alyona_and_flowers.cpp,llama,gen_3,PARSE_ERROR,,True,CWE-190,,,CWE-190,,,1
llama/gen_3/00002_3/0173_787_C._Berzerk.cpp,llama,gen_3,SUCCESS,,True,CWE-122|CWE-416,,,CWE-122|CWE-416,,,1
llama/gen_3/00002_3/0174_808_G._Anthem_of_Berland.cpp,llama,gen_3,PARSE_ERROR,,False,,CWE-398|CWE-563,,,CWE-398|CWE-563,,1
llama/gen_3/00002_3/0175_833_C._Ever-Hungry_Krakozyabra.cpp,llama,gen_3,PARSE_ERROR,,False,,CWE-398,,,CWE-398,,1
llama/gen_3/00002_3/0182_99_B._Help_Chef_Gerasim.cpp,llama,gen_3,SUCCESS,,False,,CWE-398,,,CWE-398,,1
llama/gen_3/00002_3/0183_p02539_ACL_Beginner_Contest_-_Heights_and_Pairs.cpp,llama,gen_3,SUCCESS,,False,,CWE-398,,,CWE-398,,1
llama/gen_3/00002_3/0185_p02799_Keyence_Programming_Contest_2020_-_Bichromization.cpp,llama,gen_3,PARSE_ERROR,,False,,CWE-398,,,CWE-398,,1
llama/gen_3/00002_3/0186_p02935_AtCoder_Beginner_Contest_138_-_Alchemist.cpp,llama,gen_3,PARSE_ERROR,,False,,CWE-398,,,CWE-398,,1
llama/gen_3/00002_3/0187_p03072_AtCoder_Beginner_Contest_124_-_Great_Ocean_View.cpp,llama,gen_3,FAILED,,False,,CWE-398|CWE-563,,,CWE-398|CWE-563,,2
llama/gen_3/00002_3/0189_p03363_AtCoder_Grand_Contest_023_-_Zero-Sum_Ranges.cpp,llama,gen_3,SUCCESS,,False,,CWE-398,,,CWE-398,,1
llama/gen_3/00002_3/0192_p03839_AtCoder_Grand_Contest_008_-_Contiguous_Repainting.cpp,llama,gen_3,SUCCESS,,False,,CWE-398,,,CWE-398,,1
llama/gen_3/00002_3/0200_p01009_Room_of_Time_and_Spirit.cpp,llama,gen_3,PARSE_ERROR,,False,,CWE-398,,,CWE-398,,1
llama/gen_3/00002_3/0203_p01450_My_friends_are_small.cpp,llama,gen_3,PARSE_ERROR,,False,,CWE-398,,,CWE-398,,1
llama/gen_3/00002_3/0206_p01896_Folding_Paper.cpp,llama,gen_3,FAILED,,False,,CWE-563,,,CWE-563,,2
llama/gen_3/00002_3/0207_p02033_Arrow.cpp,llama,gen_3,TIMEOUT,,False,,CWE-398,,,CWE-398,,1
llama/gen_3/00002_3/0212_1025_B._Weakened_Common_Divisor.cpp,llama,gen_3,PARSE_ERROR,,False,,CWE-398,,,CWE-398,,1
llama/gen_3/00002_3/0213_1045_D._Interstellar_battle.cpp,llama,gen_3,PARSE_ERROR,,False,,CWE-398,,,CWE-398,,1
llama/gen_3/00002_3/0215_1090_C._New_Year_Presents.cpp,llama,gen_3,PARSE_ERROR,,False,,CWE-398|CWE-563,,,CWE-398|CWE-563,,1
llama/gen_3/00002_3/0217_1139_C._Edgy_Trees.cpp,llama,gen_3,PARSE_ERROR,,False,,CWE-398,,,CWE-398,,1
llama/gen_3/00002_3/0220_1198_A._MP3.cpp,llama,gen_3,PARSE_ERROR,,False,,CWE-398|CWE-563,,,CWE-398|CWE-563,,1
llama/gen_3/00002_3/0221_1214_H._Tiles_Placement.cpp,llama,gen_3,PARSE_ERROR,,False,,CWE-398,,,CWE-398,,1
llama/gen_3/00002_3/0226_1323_D._Present.cpp,llama,gen_3,PARSE_ERROR,,True,CWE-122,,,CWE-122,,,1
llama/gen_3/00002_3/0227_1342_C._Yet_Another_Counting_Problem.cpp,llama,gen_3,SUCCESS,,True,CWE-190,,,CWE-190,,,1
llama/gen_3/00002_3/0229_1384_D._GameGame.cpp,llama,gen_3,SUCCESS,,False,,CWE-398,,,CWE-398,,1
llama/gen_3/00002_3/0230_1406_A._Subset_Mex.cpp,llama,gen_3,PARSE_ERROR,,True,CWE-122,,,CWE-122,,,1
llama/gen_3/00002_3/0231_1427_B._Chess_Cheater.cpp,llama,gen_3,PARSE_ERROR,,False,,CWE-398,,,CWE-398,,1
llama/gen_3/00002_3/0232_1450_B._Balls_of_Steel.cpp,llama,gen_3,TIMEOUT,,False,,CWE-398,,,CWE-398,,1
llama/gen_3/00002_3/0234_149_B._Martian_Clock.cpp,llama,gen_3,PARSE_ERROR,,False,,CWE-398,,,CWE-398,,1
llama/gen_3/00002_3/0235_1523_B._Lord_of_the_Values.cpp,llama,gen_3,FAILED,,False,,,,,,,1
llama/gen_3/00002_3/0236_155_A._I_love__username_.cpp,llama,gen_3,FAILED,,False,,,,,,,1
llama/gen_3/00002_3/0237_177_C1._Party.cpp,llama,gen_3,TIMEOUT,,False,,CWE-398,,,CWE-398,,1
llama/gen_3/00002_3/0239_221_C._Little_Elephant_and_Problem.cpp,llama,gen_3,FAILED,,False,,,,,,,1
llama/gen_3/00002_3/0245_364_D._Ghd.cpp,llama,gen_3,TIMEOUT,,False,,CWE-398,,,CWE-398,,1
llama/gen_3/00002_3/0247_409_A._The_Great_Game.cpp,llama,gen_3,FAILED,CWE-119|CWE-476,False,,,CWE-119|CWE-476,,,,1
llama/gen_3/00002_3/0250_480_B._Long_Jumps.cpp,llama,gen_3,FAILED,,False,,,,,,,1
llama/gen_3/00002_3/0254_580_B._Kefa_and_Company.cpp,llama,gen_3,PARSE_ERROR,,True,CWE-190,,,CWE-190,,,1
llama/gen_3/00002_3/0257_673_A._Bear_and_Game.cpp,llama,gen_3,FAILED,,False,,,,,,,1
llama/gen_3/00002_3/0258_698_B._Fix_a_Tree.cpp,llama,gen_3,SUCCESS,,False,,CWE-398,,,CWE-398,,1
llama/gen_3/00002_3/0260_73_F._Plane_of_Tanks.cpp,llama,gen_3,PARSE_ERROR,,True,CWE-122,,,CWE-122,,,1
llama/gen_3/00002_3/0267_901_D._Weighting_a_Tree.cpp,llama,gen_3,TIMEOUT,,False,,CWE-398,,,CWE-398,,1
llama/gen_3/00002_3/0268_924_A._Mystical_Mosaic.cpp,llama,gen_3,TIMEOUT,,False,,CWE-398,,,CWE-398,,1
llama/gen_3/00002_3/0269_952_C._Ravioli_Sort.cpp,llama,gen_3,FAILED,,False,,,,,,,1
llama/gen_3/00002_3/0271_999_F._Cards_and_Joy.cpp,llama,gen_3,PARSE_ERROR,,False,,CWE-398,,,CWE-398,,1
llama/gen_3/00002_3/0274_p02797_Keyence_Programming_Contest_2020_-_Subarray_Sum.cpp,llama,gen_3,FAILED,,False,,,,,,,1
llama/gen_3/00002_3/0276_p03069_Tenka1_Programmer_Beginner_Contest_2019_-_Stones.cpp,llama,gen_3,PARSE_ERROR,,False,,CWE-398,,,CWE-398,,1
llama/gen_3/00002_3/0280_p03684_AtCoder_Regular_Contest_076_-_Built_.cpp,llama,gen_3,PARSE_ERROR,,False,,CWE-398,,,CWE-398,,1
qwen/gen_1/00000/0000_1012_E._Cycle_sort.cpp,qwen,gen_1,PARSE_ERROR,,False,,CWE-398,,,CWE-398,,1
qwen/gen_1/00000/0001_1037_E._Trips.cpp,qwen,gen_1,PARSE_ERROR,,False,,CWE-398,,,CWE-398,,1
qwen/gen_1/00000/0002_1060_A._Phone_Numbers.cpp,qwen,gen_1,FAILED,CWE-119|CWE-476,False,,CWE-398,CWE-119|CWE-476,,CWE-398,,2
qwen/gen_1/00000/0006_1149_E._Election_Promises.cpp,qwen,gen_1,PARSE_ERROR,,False,,CWE-563,,,CWE-563,,1
qwen/gen_1/00000/0007_1189_D1._Add_on_a_Tree.cpp,qwen,gen_1,PARSE_ERROR,,False,,CWE-398,,,CWE-398,,1
qwen/gen_1/00000/0008_1208_D._Restore_Permutation.cpp,qwen,gen_1,PARSE_ERROR,,False,,CWE-398,,,CWE-398,,1
qwen/gen_1/00000/0013_1334_D._Minimum_Euler_Cycle.cpp,qwen,gen_1,PARSE_ERROR,,True,CWE-122,CWE-398,,CWE-122,CWE-398,,2
qwen/gen_1/00000/0015_1374_E1._Reading_Books__easy_version_.cpp,qwen,gen_1,PARSE_ERROR,,False,,CWE-398,,,CWE-398,,1
qwen/gen_1/00000/0017_1421_B._Putting_Bricks_in_the_Wall.cpp,qwen,gen_1,PARSE_ERROR,,False,,CWE-398,,,CWE-398,,1
qwen/gen_1/00000/0018_143_A._Help_Vasilisa_the_Wise_2.cpp,qwen,gen_1,TIMEOUT,,False,,CWE-563,,,CWE-563,,1
qwen/gen_1/00000/0025_235_D._Graph_Game.cpp,qwen,gen_1,PARSE_ERROR,,False,,CWE-563,,,CWE-563,,1
qwen/gen_1/00000/0030_354_E._Lucky_Number_Representation.cpp,qwen,gen_1,PARSE_ERROR,,False,,CWE-398,,,CWE-398,,1
qwen/gen_1/00000/0039_593_C._Beautiful_Function.cpp,qwen,gen_1,PARSE_ERROR,,False,,CWE-563,,,CWE-563,,1
qwen/gen_1/00000/0040_615_A._Bulbs.cpp,qwen,gen_1,PARSE_ERROR,,False,,CWE-398,,,CWE-398,,1
qwen/gen_1/00000/0041_634_C._Factory_Repairs.cpp,qwen,gen_1,PARSE_ERROR,,False,,CWE-398,,,CWE-398,,1
qwen/gen_1/00000/0042_663_A._Rebus.cpp,qwen,gen_1,FAILED,,False,,,,,,,1
qwen/gen_1/00000/0044_70_C._Lucky_Tickets.cpp,qwen,gen_1,PARSE_ERROR,,True,CWE-190,,,CWE-190,,,1
qwen/gen_1/00000/0045_730_J._Bottles.cpp,qwen,gen_1,PARSE_ERROR,,False,,CWE-398,,,CWE-398,,1
qwen/gen_1/00000/0048_7_B._Memory_Manager.cpp,qwen,gen_1,SUCCESS,,False,,CWE-398,,,CWE-398,,1
qwen/gen_1/00000/0051_868_A._Bark_to_Unlock.cpp,qwen,gen_1,TIMEOUT,,False,,CWE-398,,,CWE-398,,1
qwen/gen_1/00000/0058_p02744_Panasonic_Programming_Contest_2020_-_String_Equivalence.cpp,qwen,gen_1,SUCCESS,,False,,CWE-398,,,CWE-398,,1
qwen/gen_1/00000/0060_p03013_AtCoder_Beginner_Contest_129_-_Typical_Stairs.cpp,qwen,gen_1,PARSE_ERROR,,False,,CWE-571,,,CWE-571,,1
qwen/gen_1/00000/0064_p03616_AtCoder_Regular_Contest_082_-_Sandglass.cpp,qwen,gen_1,PARSE_ERROR,,False,,CWE-398,,,CWE-398,,1
qwen/gen_1/00000/0067_p00035_Is_it_Convex_.cpp,qwen,gen_1,PARSE_ERROR,,False,,CWE-398,,,CWE-398,,1
qwen/gen_1/00000/0069_p00323_Metal_Recycling.cpp,qwen,gen_1,PARSE_ERROR,,False,,CWE-398,,,CWE-398,,1
qwen/gen_1/00000/0071_p00680_KND_Factory.cpp,qwen,gen_1,PARSE_ERROR,,False,,CWE-398,,,CWE-398,,1
qwen/gen_1/00000/0072_p00822_Weather_Forecast.cpp,qwen,gen_1,PARSE_ERROR,,False,,CWE-398,,,CWE-398,,1
qwen/gen_1/00000/0073_p00953_Animal_Companion_in_Maze.cpp,qwen,gen_1,FAILED,,False,,,,,,,1
qwen/gen_1/00000/0074_p01086_Short_Phrase.cpp,qwen,gen_1,TIMEOUT,,False,,CWE-398,,,CWE-398,,1
qwen/gen_1/00000/0075_p01222_Walk_under_a_Scorching_Sun.cpp,qwen,gen_1,PARSE_ERROR,,False,,CWE-398|CWE-563,,,CWE-398|CWE-563,,1
qwen/gen_1/00000/0081_p02120_Cluster_Network.cpp,qwen,gen_1,PARSE_ERROR,,False,,CWE-398,,,CWE-398,,1
qwen/gen_1/00000/0084_101_C._Vectors.cpp,qwen,gen_1,PARSE_ERROR,,True,CWE-369,,,CWE-369,,,1
qwen/gen_1/00000/0085_1043_A._Elections.cpp,qwen,gen_1,SUCCESS,,False,,CWE-398,,,CWE-398,,1
qwen/gen_1/00000/0089_1136_D._Nastya_Is_Buying_Lunch.cpp,qwen,gen_1,PARSE_ERROR,,False,,CWE-398,,,CWE-398,,1
qwen/gen_1/00000/0090_1155_A._Reverse_a_Substring.cpp,qwen,gen_1,FAILED,,False,,,,,,,1
qwen/gen_1/00000/0092_1195_D2._Submarine_in_the_Rybinsk_Sea__hard_edition_.cpp,qwen,gen_1,PARSE_ERROR,,False,,CWE-398,,,CWE-398,,1
qwen/gen_1/00000/0094_1253_F._Cheap_Robot.cpp,qwen,gen_1,PARSE_ERROR,,False,,CWE-398,,,CWE-398,,1
qwen/gen_1/00000/0097_133_D._Piet.cpp,qwen,gen_1,PARSE_ERROR,,True,CWE-121|CWE-122,CWE-398|CWE-563,,CWE-121|CWE-122,CWE-398|CWE-563,,2
qwen/gen_1/00000/0105_1547_C._Pair_Programming.cpp,qwen,gen_1,PARSE_ERROR,,False,,CWE-398,,,CWE-398,,1
qwen/gen_1/00000/0106_174_E._Ancient_Berland_Hieroglyphs.cpp,qwen,gen_1,PARSE_ERROR,,True,CWE-122,,,CWE-122,,,1
qwen/gen_1/00000/0114_361_C._Levko_and_Array_Recovery.cpp,qwen,gen_1,PARSE_ERROR,,False,,CWE-398,,,CWE-398,,1
qwen/gen_1/00000/0116_405_E._Graph_Cutting.cpp,qwen,gen_1,PARSE_ERROR,,False,,CWE-398,,,CWE-398,,1
qwen/gen_1/00000/0117_433_A._Kitahara_Haruki_s_Gift.cpp,qwen,gen_1,FAILED,,False,,,,,,,1
qwen/gen_1/00000/0118_455_C._Civilization.cpp,qwen,gen_1,PARSE_ERROR,,False,,CWE-398,,,CWE-398,,1
qwen/gen_1/00000/0120_500_C._New_Year_Book_Reading.cpp,qwen,gen_1,PARSE_ERROR,,True,CWE-122,CWE-398,,CWE-122,CWE-398,,2
qwen/gen_1/00000/0121_526_A._King_of_Thieves.cpp,qwen,gen_1,PARSE_ERROR,,False,,CWE-398,,,CWE-398,,1
qwen/gen_1/00000/0122_551_B._ZgukistringZ.cpp,qwen,gen_1,PARSE_ERROR,,False,,CWE-563,,,CWE-563,,1
qwen/gen_1/00000/0123_578_C._Weakness_and_Poorness.cpp,qwen,gen_1,PARSE_ERROR,,False,,CWE-398,,,CWE-398,,1
qwen/gen_1/00000/0124_5_A._Chat_Server_s_Outgoing_Traffic.cpp,qwen,gen_1,FAILED,CWE-476,False,,,CWE-476,,,,1
qwen/gen_1/00000/0125_621_D._Rat_Kwesh_and_Cheese.cpp,qwen,gen_1,SUCCESS,,False,,CWE-563,,,CWE-563,,1
qwen/gen_1/00000/0128_691_D._Swaps_in_Permutation.cpp,qwen,gen_1,PARSE_ERROR,,False,,CWE-398,,,CWE-398,,1
qwen/gen_1/00000/0129_716_D._Complete_The_Graph.cpp,qwen,gen_1,PARSE_ERROR,,False,,CWE-398,,,CWE-398,,1
qwen/gen_1/00000/0136_875_D._High_Cry.cpp,qwen,gen_1,PARSE_ERROR,,True,CWE-122,CWE-398,,CWE-122,CWE-398,,2
qwen/gen_1/00000/0137_89_C._Chip_Play.cpp,qwen,gen_1,PARSE_ERROR,,False,,CWE-398,,,CWE-398,,1
qwen/gen_1/00000/0142_p02652_AtCoder_Grand_Contest_045_-_01_Unbalanced.cpp,qwen,gen_1,ERROR,,False,,CWE-398,,,CWE-398,,1
qwen/gen_1/00000/0145_p03052_diverta_2019_Programming_Contest_-_Edge_Ordering.cpp,qwen,gen_1,PARSE_ERROR,,False,,CWE-398,,,CWE-398,,1
qwen/gen_1/00000/0147_p03343_AtCoder_Regular_Contest_098_-_Range_Minimum_Queries.cpp,qwen,gen_1,PARSE_ERROR,,False,,CWE-398,,,CWE-398,,1
qwen/gen_1/00000/0151_p03986_AtCoder_Grand_Contest_005_-_STring.cpp,qwen,gen_1,FAILED,CWE-119|CWE-476,False,,,CWE-119|CWE-476,,,,1
qwen/gen_1/00000/0154_p00365_Age_Difference.cpp,qwen,gen_1,PARSE_ERROR,,False,,CWE-398|CWE-563,,,CWE-398|CWE-563,,1
qwen/gen_1/00000/0157_p00860_The_Morning_after_Halloween.cpp,qwen,gen_1,PARSE_ERROR,,False,,CWE-398,,,CWE-398,,1
qwen/gen_1/00000/0159_p01123_Let_s_Move_Tiles_.cpp,qwen,gen_1,PARSE_ERROR,,False,,CWE-398,,,CWE-398,,1
qwen/gen_1/00000/0163_p01738_Gravity_Point.cpp,qwen,gen_1,PARSE_ERROR,,False,,CWE-563,,,CWE-563,,1
qwen/gen_1/00000/0165_p02014_Rough_Sorting.cpp,qwen,gen_1,PARSE_ERROR,,False,,CWE-398,,,CWE-398,,1
qwen/gen_1/00000/0171_105_C._Item_World.cpp,qwen,gen_1,PARSE_ERROR,,True,CWE-122,CWE-398,,CWE-122,CWE-398,,2
qwen/gen_1/00000/0173_1100_D._Dasha_and_Chess.cpp,qwen,gen_1,PARSE_ERROR,,False,,CWE-398,,,CWE-398,,1
qwen/gen_1/00000/0174_1129_A2._Toy_Train.cpp,qwen,gen_1,PARSE_ERROR,,False,,CWE-398,,,CWE-398,,1
qwen/gen_1/00000/0175_1149_B._Three_Religions.cpp,qwen,gen_1,PARSE_ERROR,,False,,CWE-563,,,CWE-563,,1
qwen/gen_1/00000/0176_1189_A._Keanu_Reeves.cpp,qwen,gen_1,PARSE_ERROR,,False,,CWE-398,,,CWE-398,,1
qwen/gen_1/00000/0177_1208_A._XORinacci.cpp,qwen,gen_1,PARSE_ERROR,,False,,CWE-398,,,CWE-398,,1
qwen/gen_1/00000/0178_1227_A._Math_Problem.cpp,qwen,gen_1,PARSE_ERROR,,False,,CWE-563,,,CWE-563,,1
qwen/gen_1/00000/0179_124_D._Squares.cpp,qwen,gen_1,PARSE_ERROR,,True,CWE-190,,,CWE-190,,,1
qwen/gen_1/00000/0195_25_D._Roads_not_only_in_Berland.cpp,qwen,gen_1,PARSE_ERROR,,True,CWE-122|CWE-476,,,CWE-122|CWE-476,,,1
qwen/gen_1/00000/0198_331_D2._Escaping_on_Beaveractor.cpp,qwen,gen_1,PARSE_ERROR,,False,,CWE-398,,,CWE-398,,1
qwen/gen_1/00000/0200_378_C._Maze.cpp,qwen,gen_1,PARSE_ERROR,,True,CWE-476,CWE-398,,CWE-476,CWE-398,,2
qwen/gen_1/00000/0202_425_A._Sereja_and_Swaps.cpp,qwen,gen_1,ERROR,,True,CWE-190,,,CWE-190,,,1
qwen/gen_1/00000/0204_494_A._Treasure.cpp,qwen,gen_1,PARSE_ERROR,,False,,CWE-563,,,CWE-563,,1
qwen/gen_1/00000/0205_518_E._Arthur_and_Questions.cpp,qwen,gen_1,PARSE_ERROR,,True,CWE-122,CWE-398,,CWE-122,CWE-398,,2
qwen/gen_1/00000/0206_544_E._Remembering_Strings.cpp,qwen,gen_1,PARSE_ERROR,,True,CWE-125,,,CWE-125,,,1
qwen/gen_1/00000/0209_614_C._Peter_and_Snow_Blower.cpp,qwen,gen_1,PARSE_ERROR,,False,,CWE-398,,,CWE-398,,1
qwen/gen_1/00000/0212_687_A._NP-Hard_Problem.cpp,qwen,gen_1,PARSE_ERROR,,False,,CWE-398,,,CWE-398,,1
qwen/gen_1/00000/0213_709_E._Centroids.cpp,qwen,gen_1,PARSE_ERROR,,False,,CWE-398,,,CWE-398,,1
qwen/gen_1/00000/0214_730_G._Car_Repair_Shop.cpp,qwen,gen_1,PARSE_ERROR,,False,,CWE-398,,,CWE-398,,1
qwen/gen_1/00000/0219_846_B._Math_Show.cpp,qwen,gen_1,PARSE_ERROR,,False,,CWE-398,,,CWE-398,,1
qwen/gen_1/00000/0220_867_D._Gotta_Go_Fast.cpp,qwen,gen_1,PARSE_ERROR,,False,,CWE-398,,,CWE-398,,1
qwen/gen_1/00000/0222_914_F._Substrings_in_a_String.cpp,qwen,gen_1,PARSE_ERROR,,False,,CWE-398|CWE-571,,,CWE-398|CWE-571,,1
qwen/gen_1/00000/0223_937_D._Sleepy_Game.cpp,qwen,gen_1,PARSE_ERROR,,False,,CWE-398,,,CWE-398,,1
qwen/gen_1/00000/0226_p02610_AIsing_Programming_Contest_2020_-_Camel_Train.cpp,qwen,gen_1,PARSE_ERROR,,False,,CWE-563,,,CWE-563,,1
qwen/gen_1/00000/0227_p02741_Panasonic_Programming_Contest_2020_-_Kth_Term.cpp,qwen,gen_1,FAILED,CWE-119,False,,CWE-398,CWE-119,,CWE-398,,2
qwen/gen_1/00000/0231_p03294_AtCoder_Beginner_Contest_103_-_Modulo_Summation.cpp,qwen,gen_1,PARSE_ERROR,,False,,CWE-398,,,CWE-398,,1
qwen/gen_1/00000/0232_p03452_AtCoder_Regular_Contest_090_-_People_on_a_Line.cpp,qwen,gen_1,PARSE_ERROR,,False,,CWE-563,,,CWE-563,,1
qwen/gen_1/00000/0237_p00163_Highway_Toll.cpp,qwen,gen_1,TIMEOUT,,False,,CWE-570,,,CWE-570,,1
qwen/gen_1/00000/0243_p01083_RedBlue.cpp,qwen,gen_1,PARSE_ERROR,,False,,CWE-563,,,CWE-563,,1
qwen/gen_1/00000/0244_p01219_Private_Teacher.cpp,qwen,gen_1,PARSE_ERROR,,False,,CWE-398,,,CWE-398,,1
qwen/gen_1/00000/0245_p01353_Rabbit_Plays_Games_.cpp,qwen,gen_1,PARSE_ERROR,,False,,CWE-563,,,CWE-563,,1
qwen/gen_1/00000/0246_p01535_Markup_language_has_Declined.cpp,qwen,gen_1,PARSE_ERROR,,False,,CWE-398|CWE-563|CWE-570,,,CWE-398|CWE-563|CWE-570,,1
qwen/gen_1/00000/0249_p01970_The_Diversity_of_Prime_Factorization.cpp,qwen,gen_1,PARSE_ERROR,,False,,CWE-563,,,CWE-563,,1
qwen/gen_1/00000/0253_1007_E._Mini_Metro.cpp,qwen,gen_1,PARSE_ERROR,,False,,CWE-398,,,CWE-398,,1
qwen/gen_1/00000/0255_1053_C._Putting_Boxes_Together.cpp,qwen,gen_1,PARSE_ERROR,,False,,CWE-398,,,CWE-398,,1
qwen/gen_1/00000/0256_1075_D._Intersecting_Subtrees.cpp,qwen,gen_1,PARSE_ERROR,,True,CWE-122,CWE-398,,CWE-122,CWE-398,,2
qwen/gen_1/00000/0257_1096_E._The_Top_Scorer.cpp,qwen,gen_1,PARSE_ERROR,,True,CWE-190,CWE-398,,CWE-190,CWE-398,,2
qwen/gen_1/00000/0258_1117_F._Crisp_String.cpp,qwen,gen_1,PARSE_ERROR,,False,,CWE-398,,,CWE-398,,1
qwen/gen_1/00000/0261_1184_B3._The_Doctor_Meets_Vader__Hard_.cpp,qwen,gen_1,PARSE_ERROR,,False,,CWE-398|CWE-563,,,CWE-398|CWE-563,,1
qwen/gen_1/00000/0263_1219_H._Function_Composition.cpp,qwen,gen_1,PARSE_ERROR,,False,,CWE-563,,,CWE-563,,1
qwen/gen_1/00000/0264_1244_C._The_Football_Season.cpp,qwen,gen_1,SUCCESS,,False,,CWE-398,,,CWE-398,,1
qwen/gen_1/00000/0269_1348_F._Phoenix_and_Memory.cpp,qwen,gen_1,PARSE_ERROR,,False,,CWE-398|CWE-563,,,CWE-398|CWE-563,,1
qwen/gen_1/00000/0272_1413_F._Roads_and_Ramen.cpp,qwen,gen_1,PARSE_ERROR,,False,,CWE-398,,,CWE-398,,1
qwen/gen_1/00000/0273_1455_F._String_and_Operations.cpp,qwen,gen_1,PARSE_ERROR,,False,,CWE-398,,,CWE-398,,1
qwen/gen_1/00001/0000_152_E._Garden.cpp,qwen,gen_1,PARSE_ERROR,,True,CWE-122|CWE-125,CWE-398|CWE-786,,CWE-122|CWE-125,CWE-398|CWE-786,,2
qwen/gen_1/00001/0001_161_B._Discounts.cpp,qwen,gen_1,PARSE_ERROR,,False,,CWE-398,,,CWE-398,,1
qwen/gen_1/00001/0003_203_E._Transportation.cpp,qwen,gen_1,PARSE_ERROR,,False,,CWE-563,,,CWE-563,,1
qwen/gen_1/00001/0004_228_D._Zigzag.cpp,qwen,gen_1,PARSE_ERROR,,False,,CWE-398,,,CWE-398,,1
qwen/gen_1/00001/0007_29_E._Quarrel.cpp,qwen,gen_1,PARSE_ERROR,,False,,CWE-398,,,CWE-398,,1
qwen/gen_1/00001/0008_323_C._Two_permutations.cpp,qwen,gen_1,PARSE_ERROR,,False,,CWE-398,,,CWE-398,,1
qwen/gen_1/00001/0011_392_D._Three_Arrays.cpp,qwen,gen_1,PARSE_ERROR,,True,CWE-122,CWE-398,,CWE-122,CWE-398,,2
qwen/gen_1/00001/0014_464_D._World_of_Darkraft_-_2.cpp,qwen,gen_1,PARSE_ERROR,,False,,CWE-398,,,CWE-398,,1
qwen/gen_1/00001/0015_488_C._Fight_the_Monster.cpp,qwen,gen_1,PARSE_ERROR,,False,,CWE-398|CWE-563,,,CWE-398|CWE-563,,1
qwen/gen_1/00001/0016_512_B._Fox_And_Jumping.cpp,qwen,gen_1,PARSE_ERROR,,True,CWE-190,CWE-563,,CWE-190,CWE-563,,2
qwen/gen_1/00001/0017_536_C._Tavas_and_Pashmaks.cpp,qwen,gen_1,PARSE_ERROR,,False,,CWE-398,,,CWE-398,,1
qwen/gen_1/00001/0019_586_F._Lizard_Era__Beginning.cpp,qwen,gen_1,PARSE_ERROR,,False,,CWE-398,,,CWE-398,,1
qwen/gen_1/00001/0020_609_B._The_Best_Gift.cpp,qwen,gen_1,FAILED,,False,,CWE-398,,,CWE-398,,2
qwen/gen_1/00001/0023_67_E._Save_the_City_.cpp,qwen,gen_1,PARSE_ERROR,,False,,CWE-398|CWE-457,,,CWE-398|CWE-457,,1
qwen/gen_1/00001/0032_886_D._Restoration_of_string.cpp,qwen,gen_1,PARSE_ERROR,,False,,CWE-398,,,CWE-398,,1
qwen/gen_1/00001/0039_p02834_AtCoder_Beginner_Contest_148_-_Playing_Tag_on_Tree.cpp,qwen,gen_1,PARSE_ERROR,,False,,CWE-398,,,CWE-398,,1
qwen/gen_1/00001/0041_p03107_AtCoder_Beginner_Contest_120_-_Unification.cpp,qwen,gen_1,FAILED,CWE-119|CWE-476,False,,,CWE-119|CWE-476,,,,1
qwen/gen_1/00001/0042_p03254_AtCoder_Grand_Contest_027_-_Candy_Distribution_Again.cpp,qwen,gen_1,FAILED,,False,,,,,,,1
qwen/gen_1/00001/0046_p03889_CODE_FESTIVAL_2016_Relay__Parallel__-_Mirror_String.cpp,qwen,gen_1,PARSE_ERROR,,False,,CWE-398,,,CWE-398,,1
qwen/gen_1/00001/0049_p00260_Cats_Going_Straight.cpp,qwen,gen_1,PARSE_ERROR,,False,,CWE-398,,,CWE-398,,1
qwen/gen_1/00001/0050_p00447_Searching_Constellation.cpp,qwen,gen_1,TIMEOUT,,False,,CWE-398,,,CWE-398,,1
qwen/gen_1/00001/0051_p00638_Old_Bridges.cpp,qwen,gen_1,PARSE_ERROR,,False,,CWE-398|CWE-563,,,CWE-398|CWE-563,,1
qwen/gen_1/00001/0052_p00781_Lattice_Practices.cpp,qwen,gen_1,PARSE_ERROR,,False,,CWE-398,,,CWE-398,,1
qwen/gen_1/00001/0060_p01931_Check_answers.cpp,qwen,gen_1,FAILED,,False,,,,,,,1
qwen/gen_1/00001/0062_p02211_Apple_Adventure.cpp,qwen,gen_1,PARSE_ERROR,,False,,CWE-457,,,CWE-457,,1
qwen/gen_1/00001/0064_1003_D._Coins_and_Queries.cpp,qwen,gen_1,PARSE_ERROR,,False,,CWE-563,,,CWE-563,,1
qwen/gen_1/00001/0066_1046_D._Interstellar_battle.cpp,qwen,gen_1,PARSE_ERROR,,True,CWE-125,CWE-398,,CWE-125,CWE-398,,2
qwen/gen_1/00001/0067_1070_C._Cloud_Computing.cpp,qwen,gen_1,PARSE_ERROR,,True,CWE-476,CWE-398,,CWE-476,CWE-398,,2
qwen/gen_1/00001/0072_1180_E._Serge_and_Dining_Room.cpp,qwen,gen_1,PARSE_ERROR,,False,,CWE-398|CWE-563,,,CWE-398|CWE-563,,1
qwen/gen_1/00001/0073_1199_E._Matching_vs_Independent_Set.cpp,qwen,gen_1,PARSE_ERROR,,False,,CWE-398,,,CWE-398,,1
qwen/gen_1/00001/0074_1216_D._Swords.cpp,qwen,gen_1,PARSE_ERROR,,False,,CWE-398,,,CWE-398,,1
qwen/gen_1/00001/0082_1386_A._Colors.cpp,qwen,gen_1,PARSE_ERROR,,False,,CWE-398,,,CWE-398,,1
qwen/gen_1/00001/0084_1428_D._Bouncing_Boomerangs.cpp,qwen,gen_1,PARSE_ERROR,,True,CWE-122,CWE-398,,CWE-122,CWE-398,,2
qwen/gen_1/00001/0086_1475_D._Cleaning_the_Phone.cpp,qwen,gen_1,PARSE_ERROR,,True,CWE-122,,,CWE-122,,,1
qwen/gen_1/00001/0089_157_A._Game_Outcome.cpp,qwen,gen_1,TIMEOUT,,False,,CWE-398,,,CWE-398,,1
qwen/gen_1/00001/0092_223_C._Partial_Sums.cpp,qwen,gen_1,FAILED,,False,,,,,,,1
qwen/gen_1/00001/0094_272_B._Dima_and_Sequence.cpp,qwen,gen_1,FAILED,,False,,,,,,,1
qwen/gen_1/00001/0099_38_C._Blinds.cpp,qwen,gen_1,ERROR,,False,,CWE-398,,,CWE-398,,1
qwen/gen_1/00001/0100_40_B._Repaintings.cpp,qwen,gen_1,SUCCESS,,False,,CWE-783,,,CWE-783,,1
qwen/gen_1/00001/0101_438_A._The_Child_and_Toy.cpp,qwen,gen_1,PARSE_ERROR,,False,,CWE-398,,,CWE-398,,1
qwen/gen_1/00001/0102_45_H._Road_Problem.cpp,qwen,gen_1,PARSE_ERROR,,False,,CWE-398,,,CWE-398,,1
qwen/gen_1/00001/0103_483_B._Friends_and_Presents.cpp,qwen,gen_1,PARSE_ERROR,,False,,CWE-398,,,CWE-398,,1
qwen/gen_1/00001/0104_507_B._Amr_and_Pins.cpp,qwen,gen_1,PARSE_ERROR,,True,CWE-190,,,CWE-190,,,1
qwen/gen_1/00001/0105_556_C._Case_of_Matryoshkas.cpp,qwen,gen_1,PARSE_ERROR,,False,,CWE-398,,,CWE-398,,1
qwen/gen_1/00001/0106_582_A._GCD_Table.cpp,qwen,gen_1,PARSE_ERROR,,True,CWE-122,,,CWE-122,,,1
qwen/gen_1/00001/0109_650_B._Image_Preview.cpp,qwen,gen_1,PARSE_ERROR,,False,,CWE-563|CWE-571,,,CWE-563|CWE-571,,1
qwen/gen_1/00001/0110_675_E._Trains_and_Statistic.cpp,qwen,gen_1,PARSE_ERROR,,False,,CWE-398,,,CWE-398,,1
qwen/gen_1/00001/0111_699_F._Limak_and_Shooting_Points.cpp,qwen,gen_1,PARSE_ERROR,,False,,CWE-398,,,CWE-398,,1
qwen/gen_1/00001/0113_741_E._Arpa_s_abnormal_DNA_and_Mehrdad_s_deep_interest.cpp,qwen,gen_1,PARSE_ERROR,,False,,CWE-398,,,CWE-398,,1
qwen/gen_1/00001/0114_765_D._Artsem_and_Saunders.cpp,qwen,gen_1,PARSE_ERROR,,False,,CWE-398,,,CWE-398,,1
qwen/gen_1/00001/0115_789_A._Anastasia_and_pebbles.cpp,qwen,gen_1,FAILED,,False,,CWE-398,,,CWE-398,,2
qwen/gen_1/00001/0116_80_C._Heroes.cpp,qwen,gen_1,PARSE_ERROR,,True,CWE-369,CWE-398,,CWE-369,CWE-398,,2
qwen/gen_1/00001/0119_87_B._Vasya_and_Types.cpp,qwen,gen_1,PARSE_ERROR,,True,CWE-121|CWE-122,CWE-398|CWE-563,,CWE-121|CWE-122,CWE-398|CWE-563,,2
qwen/gen_1/00001/0123_980_E._The_Number_Games.cpp,qwen,gen_1,PARSE_ERROR,,False,,CWE-398|CWE-563,,,CWE-398|CWE-563,,1
qwen/gen_1/00001/0124_9_E._Interesting_Graph_and_Apples.cpp,qwen,gen_1,PARSE_ERROR,,True,CWE-122,CWE-398,,CWE-122,CWE-398,,2
qwen/gen_1/00001/0133_p03694_AtCoder_Beginner_Contest_064_-_Traveling_AtCoDeer_Problem.cpp,qwen,gen_1,FAILED,,False,,,,,,,1
qwen/gen_1/00001/0141_p00886_Towns_along_a_Highway.cpp,qwen,gen_1,PARSE_ERROR,,False,,CWE-398,,,CWE-398,,1
qwen/gen_1/00001/0146_p01609_One.cpp,qwen,gen_1,PARSE_ERROR,,False,,CWE-398,,,CWE-398,,1
qwen/gen_1/00001/0150_p02185_Many_Decimal_Integers.cpp,qwen,gen_1,PARSE_ERROR,,False,,CWE-563,,,CWE-563,,1
qwen/gen_1/00001/0153_1011_A._Stages.cpp,qwen,gen_1,PARSE_ERROR,,False,,CWE-398|CWE-563,,,CWE-398|CWE-563,,1
qwen/gen_1/00001/0157_10_B._Cinema_Cashier.cpp,qwen,gen_1,PARSE_ERROR,,True,CWE-190,CWE-398,,CWE-190,CWE-398,,2
qwen/gen_1/00001/0158_1121_A._Technogoblet_of_Fire.cpp,qwen,gen_1,PARSE_ERROR,,True,CWE-122,CWE-398,,CWE-122,CWE-398,,2
qwen/gen_1/00001/0159_1148_C._Crazy_Diamond.cpp,qwen,gen_1,PARSE_ERROR,,False,,CWE-398,,,CWE-398,,1
qwen/gen_1/00001/0161_1187_G._Gang_Up.cpp,qwen,gen_1,PARSE_ERROR,,True,CWE-190,CWE-398,,CWE-190,CWE-398,,2
qwen/gen_1/00001/0162_1206_F._Almost_All.cpp,qwen,gen_1,PARSE_ERROR,,True,CWE-122,,,CWE-122,,,1
qwen/gen_1/00001/0164_1249_D1._Too_Many_Segments__easy_version_.cpp,qwen,gen_1,PARSE_ERROR,,False,,CWE-398,,,CWE-398,,1
qwen/gen_1/00001/0169_1353_C._Board_Moves.cpp,qwen,gen_1,PARSE_ERROR,,True,CWE-190,,,CWE-190,,,1
qwen/gen_1/00001/0172_141_C._Queue.cpp,qwen,gen_1,PARSE_ERROR,,False,,CWE-398,,,CWE-398,,1
qwen/gen_1/00001/0175_148_B._Escape.cpp,qwen,gen_1,PARSE_ERROR,,True,CWE-190,,,CWE-190,,,1
qwen/gen_1/00001/0177_1539_D._PriceFixed.cpp,qwen,gen_1,PARSE_ERROR,,False,,CWE-398,,,CWE-398,,1
qwen/gen_1/00001/0179_187_B._AlgoRace.cpp,qwen,gen_1,PARSE_ERROR,,False,,CWE-398,,,CWE-398,,1
qwen/gen_1/00001/0184_305_A._Strange_Addition.cpp,qwen,gen_1,ERROR,,False,,CWE-398,,,CWE-398,,1
qwen/gen_1/00001/0187_377_A._Maze.cpp,qwen,gen_1,PARSE_ERROR,,False,,CWE-398,,,CWE-398,,1
qwen/gen_1/00001/0188_399_C._Cards.cpp,qwen,gen_1,ERROR,,True,CWE-190,,,CWE-190,,,1
qwen/gen_1/00001/0189_421_D._Bug_in_Code.cpp,qwen,gen_1,PARSE_ERROR,,False,,CWE-398,,,CWE-398,,1
qwen/gen_1/00001/0190_448_B._Suffix_Structures.cpp,qwen,gen_1,PARSE_ERROR,,True,CWE-121|CWE-122,,,CWE-121|CWE-122,,,1
qwen/gen_1/00001/0193_516_C._Drazil_and_Park.cpp,qwen,gen_1,PARSE_ERROR,,False,,CWE-398,,,CWE-398,,1
qwen/gen_1/00001/0194_543_C._Remembering_Strings.cpp,qwen,gen_1,PARSE_ERROR,,True,CWE-125|CWE-190,CWE-758,,CWE-125|CWE-190,CWE-758,,2
qwen/gen_1/00001/0199_685_D._Kay_and_Eternity.cpp,qwen,gen_1,PARSE_ERROR,,False,,CWE-398,,,CWE-398,,1
qwen/gen_1/00001/0201_750_F._New_Year_and_Finding_Roots.cpp,qwen,gen_1,PARSE_ERROR,,True,CWE-122,,,CWE-122,,,1
qwen/gen_1/00001/0203_799_D._Field_expansion.cpp,qwen,gen_1,ERROR,,True,CWE-190,,,CWE-190,,,1
qwen/gen_1/00001/0204_819_D._Mister_B_and_Astronomers.cpp,qwen,gen_1,PARSE_ERROR,,False,,CWE-786,,,CWE-786,,1
qwen/gen_1/00001/0208_913_G._Power_Substring.cpp,qwen,gen_1,PARSE_ERROR,,True,CWE-190,,,CWE-190,,,1
qwen/gen_1/00001/0209_936_A._Save_Energy_.cpp,qwen,gen_1,PARSE_ERROR,,False,,CWE-563,,,CWE-563,,1
qwen/gen_1/00001/0210_961_F._k-substrings.cpp,qwen,gen_1,PARSE_ERROR,,False,,CWE-398,,,CWE-398,,1
qwen/gen_1/00001/0211_989_E._A_Trance_of_Nightfall.cpp,qwen,gen_1,PARSE_ERROR,,False,,CWE-398|CWE-704,,,CWE-398|CWE-704,,1
qwen/gen_1/00001/0215_p03003_AtCoder_Beginner_Contest_130_-_Common_Subsequence.cpp,qwen,gen_1,PARSE_ERROR,,False,,CWE-398,,,CWE-398,,1
qwen/gen_1/00001/0218_p03443_AtCoder_Petrozavodsk_Contest_001_-_Colorful_Doors.cpp,qwen,gen_1,PARSE_ERROR,,False,,CWE-398,,,CWE-398,,1
qwen/gen_1/00001/0223_p00156_Moats_around_the_Castle.cpp,qwen,gen_1,PARSE_ERROR,,False,,CWE-398,,,CWE-398,,1
qwen/gen_1/00001/0227_p00812_Equals_are_Equals.cpp,qwen,gen_1,PARSE_ERROR,,False,,CWE-398|CWE-664,,,CWE-398|CWE-664,,1
qwen/gen_1/00001/0231_p01346_Ropeway.cpp,qwen,gen_1,FAILED,,False,,,,,,,1
qwen/gen_1/00001/0232_p01516_Milky_Way.cpp,qwen,gen_1,PARSE_ERROR,,False,,CWE-398,,,CWE-398,,1
qwen/gen_1/00001/0233_p01684_Venn_Diagram.cpp,qwen,gen_1,SUCCESS,,False,,CWE-457,,,CWE-457,,1
qwen/gen_1/00001/0240_103_C._Russian_Roulette.cpp,qwen,gen_1,FAILED,,False,,CWE-563,,,CWE-563,,2
qwen/gen_1/00001/0242_1084_C._The_Fair_Nut_and_String.cpp,qwen,gen_1,PARSE_ERROR,,True,CWE-122,,,CWE-122,,,1
qwen/gen_1/00001/0243_1103_E._Radix_sum.cpp,qwen,gen_1,PARSE_ERROR,,True,CWE-125,CWE-398|CWE-788,,CWE-125,CWE-398|CWE-788,,2
qwen/gen_1/00001/0247_1191_C._Tokitsukaze_and_Discard_Items.cpp,qwen,gen_1,PARSE_ERROR,,False,,CWE-563,,,CWE-563,,1
qwen/gen_1/00001/0248_120_C._Winnie-the-Pooh_and_honey.cpp,qwen,gen_1,PARSE_ERROR,,False,,CWE-398,,,CWE-398,,1
qwen/gen_1/00001/0256_1379_F1._Chess_Strikes_Back__easy_version_.cpp,qwen,gen_1,PARSE_ERROR,,False,,CWE-563,,,CWE-563,,1
qwen/gen_1/00001/0258_1423_H._Virus.cpp,qwen,gen_1,PARSE_ERROR,,True,CWE-122,CWE-398,,CWE-122,CWE-398,,2
qwen/gen_1/00001/0260_1468_J._Road_Reform.cpp,qwen,gen_1,PARSE_ERROR,,False,,CWE-398,,,CWE-398,,1
qwen/gen_1/00001/0261_1493_C._K-beautiful_Strings.cpp,qwen,gen_1,PARSE_ERROR,,False,,CWE-398,,,CWE-398,,1
qwen/gen_1/00001/0263_1543_B._Customising_the_Track.cpp,qwen,gen_1,PARSE_ERROR,,False,,CWE-398,,,CWE-398,,1
qwen/gen_1/00001/0264_171_C._A_Piece_of_Cake.cpp,qwen,gen_1,SUCCESS,,False,,CWE-398,,,CWE-398,,1
qwen/gen_1/00001/0265_191_A._Dynasty_Puzzles.cpp,qwen,gen_1,PARSE_ERROR,,False,,CWE-398|CWE-563,,,CWE-398|CWE-563,,1
qwen/gen_1/00001/0271_335_B._Palindrome.cpp,qwen,gen_1,PARSE_ERROR,,False,,CWE-628,,,CWE-628,,1
qwen/gen_1/00001/0273_381_A._Sereja_and_Dima.cpp,qwen,gen_1,FAILED,,False,,,,,,,1
qwen/gen_1/00001/0277_474_C._Captain_Marmot.cpp,qwen,gen_1,PARSE_ERROR,,True,CWE-125,,,CWE-125,,,1
qwen/gen_1/00001/0278_498_B._Name_That_Tune.cpp,qwen,gen_1,PARSE_ERROR,,False,,CWE-398,,,CWE-398,,1
qwen/gen_1/00001/0281_575_B._Bribes.cpp,qwen,gen_1,PARSE_ERROR,,True,CWE-190,,,CWE-190,,,1
qwen/gen_1/00001/0282_596_E._Wilbur_and_Strings.cpp,qwen,gen_1,PARSE_ERROR,,False,,CWE-563,,,CWE-563,,1
qwen/gen_1/00001/0287_712_D._Memory_and_Scores.cpp,qwen,gen_1,PARSE_ERROR,,True,CWE-125,,,CWE-125,,,1
qwen/gen_1/00001/0289_757_D._Felicity_s_Big_Secret_Revealed.cpp,qwen,gen_1,PARSE_ERROR,,False,,CWE-398,,,CWE-398,,1
qwen/gen_1/00001/0290_779_A._Pupils_Redistribution.cpp,qwen,gen_1,PARSE_ERROR,,False,,CWE-563,,,CWE-563,,1
qwen/gen_1/00001/0291_802_I._Fake_News__hard_.cpp,qwen,gen_1,PARSE_ERROR,,False,,CWE-398,,,CWE-398,,1
qwen/gen_1/00002/0001_848_C._Goodbye_Souvenir.cpp,qwen,gen_1,PARSE_ERROR,,True,CWE-122,,,CWE-122,,,1
qwen/gen_1/00002/0003_896_E._Welcome_home__Chtholly.cpp,qwen,gen_1,PARSE_ERROR,,False,,CWE-563,,,CWE-563,,1
qwen/gen_1/00002/0004_918_A._Eleven.cpp,qwen,gen_1,FAILED,,False,,,,,,,1
qwen/gen_1/00002/0006_967_D._Resource_Distribution.cpp,qwen,gen_1,PARSE_ERROR,,True,CWE-122|CWE-369,,,CWE-122|CWE-369,,,1
qwen/gen_1/00002/0007_993_D._Compute_Power.cpp,qwen,gen_1,PARSE_ERROR,,True,CWE-190,,,CWE-190,,,1
qwen/gen_1/00002/0009_p02761_AtCoder_Beginner_Contest_157_-_Guess_The_Number.cpp,qwen,gen_1,FAILED,,False,,CWE-398,,,CWE-398,,2
qwen/gen_1/00002/0010_p02896_AtCoder_Grand_Contest_039_-_Min_Product_Sum.cpp,qwen,gen_1,PARSE_ERROR,,False,,CWE-398,,,CWE-398,,1
qwen/gen_1/00002/0014_p03474_AtCoder_Beginner_Contest_084_-_Postal_Code.cpp,qwen,gen_1,PARSE_ERROR,,False,,CWE-398,,,CWE-398,,1
qwen/gen_1/00002/0017_p03963_AtCoder_Beginner_Contest_046_-_Painting_Balls_with_AtCoDeer.cpp,qwen,gen_1,SUCCESS,,False,,CWE-197,,,CWE-197,,1
qwen/gen_1/00002/0022_p00698_Missing_Numbers.cpp,qwen,gen_1,PARSE_ERROR,,False,,CWE-398|CWE-563|CWE-571,,,CWE-398|CWE-563|CWE-571,,1
qwen/gen_1/00002/0024_p00971_Shortest_Common_Non-Subsequence.cpp,qwen,gen_1,PARSE_ERROR,,False,,CWE-563,,,CWE-563,,1
qwen/gen_1/00002/0028_p01556_ConvexCut.cpp,qwen,gen_1,PARSE_ERROR,,False,,CWE-398,,,CWE-398,,1
qwen/gen_1/00002/0038_1076_B._Divisor_Subtraction.cpp,qwen,gen_1,PARSE_ERROR,,False,,CWE-398,,,CWE-398,,1
qwen/gen_1/00002/0041_1144_F._Graph_Without_Long_Directed_Paths.cpp,qwen,gen_1,PARSE_ERROR,,False,,CWE-398,,,CWE-398,,1
qwen/gen_1/00002/0046_1244_G._Running_in_Pairs.cpp,qwen,gen_1,PARSE_ERROR,,True,CWE-190|CWE-476,CWE-398|CWE-570,,CWE-190|CWE-476,CWE-398|CWE-570,,2
qwen/gen_1/00002/0049_1305_B._Kuroni_and_Simple_Strings.cpp,qwen,gen_1,PARSE_ERROR,,True,CWE-190,CWE-398|CWE-563,,CWE-190,CWE-398|CWE-563,,2
qwen/gen_1/00002/0051_1349_D._Slime_and_Biscuits.cpp,qwen,gen_1,PARSE_ERROR,,True,CWE-190,,,CWE-190,,,1
qwen/gen_1/00002/0056_1458_B._Glass_Half_Spilled.cpp,qwen,gen_1,PARSE_ERROR,,False,,CWE-398,,,CWE-398,,1
qwen/gen_1/00002/0058_1508_C._Complete_the_MST.cpp,qwen,gen_1,PARSE_ERROR,,False,,CWE-398,,,CWE-398,,1
qwen/gen_1/00002/0059_1534_D._Lost_Tree.cpp,qwen,gen_1,PARSE_ERROR,,True,,CWE-786,,,CWE-786,,2
qwen/gen_1/00002/0061_204_D._Little_Elephant_and_Retro_Strings.cpp,qwen,gen_1,PARSE_ERROR,,True,CWE-122,,,CWE-122,,,1
qwen/gen_1/00002/0063_253_A._Boys_and_Girls.cpp,qwen,gen_1,SUCCESS,,False,,CWE-571,,,CWE-571,,1
qwen/gen_1/00002/0064_278_B._New_Problem.cpp,qwen,gen_1,PARSE_ERROR,,False,,CWE-398,,,CWE-398,,1
qwen/gen_1/00002/0069_393_C._Blocked_Points.cpp,qwen,gen_1,SUCCESS,,False,,CWE-197,,,CWE-197,,1
qwen/gen_1/00002/0070_416_D._Population_Size.cpp,qwen,gen_1,PARSE_ERROR,,True,CWE-122,,,CWE-122,,,1
qwen/gen_1/00002/0071_443_B._Kolya_and_Tandem_Repeat.cpp,qwen,gen_1,FAILED,,True,CWE-121,,,CWE-121,,,2
qwen/gen_1/00002/0075_538_B._Quasi_Binary.cpp,qwen,gen_1,PARSE_ERROR,,False,,CWE-398,,,CWE-398,,1
qwen/gen_1/00002/0077_587_D._Duff_in_Mafia.cpp,qwen,gen_1,PARSE_ERROR,,True,CWE-476,CWE-398,,CWE-476,CWE-398,,2
qwen/gen_1/00002/0078_609_F._Frogs_and_mosquitoes.cpp,qwen,gen_1,PARSE_ERROR,,False,,CWE-398|CWE-571,,,CWE-398|CWE-571,,1
qwen/gen_1/00002/0083_725_C._Hidden_Word.cpp,qwen,gen_1,PARSE_ERROR,,False,,CWE-398|CWE-563,,,CWE-398|CWE-563,,1
qwen/gen_1/00002/0085_76_F._Tourist.cpp,qwen,gen_1,PARSE_ERROR,,False,,CWE-398,,,CWE-398,,1
qwen/gen_1/00002/0086_794_C._Naming_Company.cpp,qwen,gen_1,PARSE_ERROR,,False,,CWE-398,,,CWE-398,,1
qwen/gen_1/00002/0089_860_C._Tests_Renumeration.cpp,qwen,gen_1,PARSE_ERROR,,True,,CWE-398,,,CWE-398,,2
qwen/gen_1/00002/0090_887_B._Cubes_for_Masha.cpp,qwen,gen_1,PARSE_ERROR,,False,,CWE-398,,,CWE-398,,1
qwen/gen_1/00002/0097_p02838_AtCoder_Beginner_Contest_147_-_Xor_Sum_4.cpp,qwen,gen_1,PARSE_ERROR,,False,,CWE-398,,,CWE-398,,1
qwen/gen_1/00002/0098_p02975_AtCoder_Grand_Contest_035_-_XOR_Circle.cpp,qwen,gen_1,PARSE_ERROR,,False,,CWE-398,,,CWE-398,,1
qwen/gen_1/00002/0099_p03111_AtCoder_Beginner_Contest_119_-_Synthetic_Kadomatsu.cpp,qwen,gen_1,PARSE_ERROR,,False,,CWE-398,,,CWE-398,,1
qwen/gen_1/00002/0100_p03258_AtCoder_Grand_Contest_027_-_ABBreviate.cpp,qwen,gen_1,PARSE_ERROR,,False,,CWE-398|CWE-563,,,CWE-398|CWE-563,,1
qwen/gen_1/00002/0101_p03414_AtCoder_Regular_Contest_092_-_Two_Faced_Edges.cpp,qwen,gen_1,PARSE_ERROR,,False,,CWE-398,,,CWE-398,,1
qwen/gen_1/00002/0103_p03729_AtCoder_Beginner_Contest_060_-_Shiritori.cpp,qwen,gen_1,FAILED,,False,,,,,,,1
qwen/gen_1/00002/0105_p04052_AtCoder_Grand_Contest_001_-_Wide_Swap.cpp,qwen,gen_1,PARSE_ERROR,,False,,CWE-398,,,CWE-398,,1
qwen/gen_1/00002/0110_p00786_BUT_We_Need_a_Diagram.cpp,qwen,gen_1,PARSE_ERROR,,False,,CWE-398,,,CWE-398,,1
qwen/gen_1/00002/0111_p00918_Dragon_s_Cruller.cpp,qwen,gen_1,PARSE_ERROR,,False,,CWE-398,,,CWE-398,,1
qwen/gen_1/00002/0112_p01051_Squid_Ink.cpp,qwen,gen_1,PARSE_ERROR,,False,,CWE-457,,,CWE-457,,1
qwen/gen_1/00002/0113_p01183_Tetrahedra.cpp,qwen,gen_1,PARSE_ERROR,,False,,CWE-563,,,CWE-563,,1
qwen/gen_1/00002/0114_p01320_Magical_Island_2.cpp,qwen,gen_1,PARSE_ERROR,,False,,CWE-398,,,CWE-398,,1
qwen/gen_1/00002/0115_p01488_TransferTrain.cpp,qwen,gen_1,PARSE_ERROR,,False,,CWE-398,,,CWE-398,,1
qwen/gen_1/00002/0118_p01935_Protect_from_the_enemy_attack.cpp,qwen,gen_1,PARSE_ERROR,,False,,CWE-398,,,CWE-398,,1
qwen/gen_1/00002/0125_1068_F._Knights.cpp,qwen,gen_1,PARSE_ERROR,,False,,CWE-398,,,CWE-398,,1
qwen/gen_1/00002/0129_1157_E._Minimum_Array.cpp,qwen,gen_1,PARSE_ERROR,,False,,CWE-398,,,CWE-398,,1
qwen/gen_1/00002/0131_1198_C._Matching_vs_Independent_Set.cpp,qwen,gen_1,PARSE_ERROR,,True,CWE-122,,,CWE-122,,,1
qwen/gen_1/00002/0134_1256_E._Yet_Another_Division_Into_Teams.cpp,qwen,gen_1,PARSE_ERROR,,False,,CWE-398,,,CWE-398,,1
qwen/gen_1/00002/0135_127_E._E-reader_Display.cpp,qwen,gen_1,PARSE_ERROR,,True,CWE-122,,,CWE-122,,,1
qwen/gen_1/00002/0137_1323_F._Reality_Show.cpp,qwen,gen_1,PARSE_ERROR,,True,CWE-122,,,CWE-122,,,1
qwen/gen_1/00002/0139_1364_E._X-OR.cpp,qwen,gen_1,PARSE_ERROR,,False,,CWE-398,,,CWE-398,,1
qwen/gen_1/00002/0140_1384_F._Rearrange.cpp,qwen,gen_1,PARSE_ERROR,,False,,CWE-398,,,CWE-398,,1
qwen/gen_1/00002/0141_1406_C._Link_Cut_Centroids.cpp,qwen,gen_1,PARSE_ERROR,,False,,CWE-398,,,CWE-398,,1
qwen/gen_1/00002/0142_1427_D._Unshuffling_a_Deck.cpp,qwen,gen_1,PARSE_ERROR,,False,,CWE-398,,,CWE-398,,1
qwen/gen_1/00002/0146_1523_D._Love-Hate.cpp,qwen,gen_1,PARSE_ERROR,,True,CWE-190,,,CWE-190,,,1
qwen/gen_1/00002/0147_155_C._Hometask.cpp,qwen,gen_1,PARSE_ERROR,,False,,CWE-398,,,CWE-398,,1
qwen/gen_1/00002/0148_177_D1._Encrypting_Messages.cpp,qwen,gen_1,FAILED,,False,,,,,,,1
qwen/gen_1/00002/0151_270_D._Greenhouse_Effect.cpp,qwen,gen_1,PARSE_ERROR,,True,CWE-190,,,CWE-190,,,1
qwen/gen_1/00002/0152_294_A._Shaass_and_Oskols.cpp,qwen,gen_1,FAILED,,False,,CWE-398,,,CWE-398,,2
qwen/gen_1/00002/0155_365_A._Good_Number.cpp,qwen,gen_1,FAILED,CWE-119|CWE-476,False,,,CWE-119|CWE-476,,,,1
qwen/gen_1/00002/0156_388_E._Fox_and_Meteor_Shower.cpp,qwen,gen_1,PARSE_ERROR,,False,,CWE-398,,,CWE-398,,1
qwen/gen_1/00002/0158_436_D._Pudding_Monsters.cpp,qwen,gen_1,PARSE_ERROR,,False,,CWE-571,,,CWE-571,,1
qwen/gen_1/00002/0161_505_D._Mr._Kitayuta_s_Technology.cpp,qwen,gen_1,PARSE_ERROR,,False,,CWE-398,,,CWE-398,,1
qwen/gen_1/00002/0163_554_E._Love_Triangles.cpp,qwen,gen_1,PARSE_ERROR,,True,CWE-122|CWE-190|CWE-476,CWE-563,,CWE-122|CWE-190|CWE-476,CWE-563,,2
qwen/gen_1/00002/0167_673_C._Bear_and_Colors.cpp,qwen,gen_1,PARSE_ERROR,,False,,CWE-398,,,CWE-398,,1
qwen/gen_1/00002/0168_698_D._Limak_and_Shooting_Points.cpp,qwen,gen_1,PARSE_ERROR,,False,,CWE-398,,,CWE-398,,1
qwen/gen_1/00002/0169_719_E._Sasha_and_Array.cpp,qwen,gen_1,PARSE_ERROR,,True,CWE-125|CWE-190,,,CWE-125|CWE-190,,,1
qwen/gen_1/00002/0170_740_B._Alyona_and_flowers.cpp,qwen,gen_1,PARSE_ERROR,,True,CWE-190,,,CWE-190,,,1
qwen/gen_1/00002/0172_787_C._Berzerk.cpp,qwen,gen_1,PARSE_ERROR,,True,,CWE-563,,,CWE-563,,2
qwen/gen_1/00002/0176_878_D._Magic_Breeding.cpp,qwen,gen_1,PARSE_ERROR,,True,CWE-122,,,CWE-122,,,1
qwen/gen_1/00002/0181_99_B._Help_Chef_Gerasim.cpp,qwen,gen_1,FAILED,,False,,,,,,,1
qwen/gen_1/00002/0183_p02670_AtCoder_Grand_Contest_044_-_Joker.cpp,qwen,gen_1,PARSE_ERROR,,False,,CWE-398,,,CWE-398,,1
qwen/gen_1/00002/0184_p02799_Keyence_Programming_Contest_2020_-_Bichromization.cpp,qwen,gen_1,PARSE_ERROR,,False,,CWE-398,,,CWE-398,,1
qwen/gen_1/00002/0185_p02935_AtCoder_Beginner_Contest_138_-_Alchemist.cpp,qwen,gen_1,TIMEOUT,,False,,CWE-686,,,CWE-686,,1
qwen/gen_1/00002/0187_p03214_Dwango_Programming_Contest_V_-_Thumbnail.cpp,qwen,gen_1,FAILED,,False,,CWE-398,,,CWE-398,,2
qwen/gen_1/00002/0189_p03521_CODE_FESTIVAL_2017_Exhibition__Parallel__-_Awkward.cpp,qwen,gen_1,PARSE_ERROR,,False,,CWE-398,,,CWE-398,,1
qwen/gen_1/00002/0194_p00224_Bicycle_Diet.cpp,qwen,gen_1,PARSE_ERROR,,False,,CWE-398|CWE-563,,,CWE-398|CWE-563,,1
qwen/gen_1/00002/0195_p00386_Gathering.cpp,qwen,gen_1,PARSE_ERROR,,False,,CWE-398,,,CWE-398,,1
qwen/gen_1/00002/0197_p00738_Roll-A-Big-Ball.cpp,qwen,gen_1,PARSE_ERROR,,False,,CWE-398|CWE-563,,,CWE-398|CWE-563,,1
qwen/gen_1/00002/0198_p00878_Origami_Through-Hole.cpp,qwen,gen_1,PARSE_ERROR,,False,,CWE-398|CWE-563,,,CWE-398|CWE-563,,1
qwen/gen_1/00002/0200_p01141_Lifeguard_in_the_Pool.cpp,qwen,gen_1,PARSE_ERROR,,False,,CWE-398,,,CWE-398,,1
qwen/gen_1/00002/0202_p01450_My_friends_are_small.cpp,qwen,gen_1,FAILED,,False,,CWE-398,,,CWE-398,,2
qwen/gen_1/00002/0212_1045_D._Interstellar_battle.cpp,qwen,gen_1,PARSE_ERROR,,False,,CWE-786,,,CWE-786,,1
qwen/gen_1/00002/0219_1198_A._MP3.cpp,qwen,gen_1,PARSE_ERROR,,False,,CWE-563,,,CWE-563,,1
qwen/gen_1/00002/0220_1214_H._Tiles_Placement.cpp,qwen,gen_1,PARSE_ERROR,,False,,CWE-398,,,CWE-398,,1
qwen/gen_1/00002/0222_1256_C._Platforms_Jumping.cpp,qwen,gen_1,PARSE_ERROR,,True,CWE-190,,,CWE-190,,,1
qwen/gen_1/00002/0224_12_B._Correct_Solution_.cpp,qwen,gen_1,FAILED,,False,,CWE-398,,,CWE-398,,2
qwen/gen_1/00002/0225_1323_D._Present.cpp,qwen,gen_1,PARSE_ERROR,,False,,CWE-398,,,CWE-398,,1
qwen/gen_1/00002/0227_1364_C._Ehab_and_Prefix_MEXs.cpp,qwen,gen_1,PARSE_ERROR,,False,,CWE-398,,,CWE-398,,1
qwen/gen_1/00002/0229_1406_A._Subset_Mex.cpp,qwen,gen_1,PARSE_ERROR,,False,,CWE-398,,,CWE-398,,1
qwen/gen_1/00002/0231_1450_B._Balls_of_Steel.cpp,qwen,gen_1,PARSE_ERROR,,False,,CWE-398,,,CWE-398,,1
qwen/gen_1/00002/0232_1473_G._Tiles.cpp,qwen,gen_1,PARSE_ERROR,,False,,CWE-398,,,CWE-398,,1
qwen/gen_1/00002/0234_1523_B._Lord_of_the_Values.cpp,qwen,gen_1,PARSE_ERROR,,False,,CWE-398,,,CWE-398,,1
qwen/gen_1/00002/0235_155_A._I_love__username_.cpp,qwen,gen_1,FAILED,,False,,,,,,,1
qwen/gen_1/00002/0236_177_C1._Party.cpp,qwen,gen_1,PARSE_ERROR,,False,,CWE-398|CWE-786,,,CWE-398|CWE-786,,1
qwen/gen_1/00002/0241_293_D._Ksusha_and_Square.cpp,qwen,gen_1,PARSE_ERROR,,False,,CWE-398,,,CWE-398,,1
qwen/gen_1/00002/0242_317_B._Ants.cpp,qwen,gen_1,PARSE_ERROR,,False,,CWE-398,,,CWE-398,,1
qwen/gen_1/00002/0243_341_B._Bubble_Sort_Graph.cpp,qwen,gen_1,PARSE_ERROR,,True,CWE-122,,,CWE-122,,,1
qwen/gen_1/00002/0244_364_D._Ghd.cpp,qwen,gen_1,PARSE_ERROR,,False,,CWE-398,,,CWE-398,,1
qwen/gen_1/00002/0245_388_C._Fox_and_Card_Game.cpp,qwen,gen_1,PARSE_ERROR,,True,CWE-122,,,CWE-122,,,1
qwen/gen_1/00002/0246_409_A._The_Great_Game.cpp,qwen,gen_1,FAILED,CWE-119|CWE-476,False,,CWE-398,CWE-119|CWE-476,,CWE-398,,2
qwen/gen_1/00002/0247_436_B._Om_Nom_and_Spiders.cpp,qwen,gen_1,PARSE_ERROR,,True,CWE-190,CWE-570,,CWE-190,CWE-570,,2
qwen/gen_1/00002/0250_505_B._Mr._Kitayuta_s_Colorful_Graph.cpp,qwen,gen_1,PARSE_ERROR,,False,,CWE-398,,,CWE-398,,1
qwen/gen_1/00002/0251_529_A._And_Yet_Another_Bracket_Sequence.cpp,qwen,gen_1,PARSE_ERROR,,False,,CWE-563,,,CWE-563,,1
qwen/gen_1/00002/0254_602_A._Two_Bases.cpp,qwen,gen_1,SUCCESS,,False,,CWE-398,,,CWE-398,,1
qwen/gen_1/00002/0255_624_D._Array_GCD.cpp,qwen,gen_1,PARSE_ERROR,,False,,CWE-398,,,CWE-398,,1
qwen/gen_1/00002/0260_763_D._Timofey_and_a_flat_tree.cpp,qwen,gen_1,PARSE_ERROR,,False,,CWE-398|CWE-563,,,CWE-398|CWE-563,,1
qwen/gen_1/00002/0262_808_E._Selling_Souvenirs.cpp,qwen,gen_1,PARSE_ERROR,,False,,CWE-398,,,CWE-398,,1
qwen/gen_1/00002/0265_878_B._Teams_Formation.cpp,qwen,gen_1,PARSE_ERROR,,False,,CWE-398,,,CWE-398,,1
qwen/gen_1/00002/0266_901_D._Weighting_a_Tree.cpp,qwen,gen_1,PARSE_ERROR,,True,CWE-122,CWE-398,,CWE-122,CWE-398,,2
qwen/gen_1/00002/0269_979_E._Kuro_and_Topological_Parity.cpp,qwen,gen_1,PARSE_ERROR,,True,CWE-125,CWE-190|CWE-758|CWE-788,,CWE-125,CWE-190|CWE-758|CWE-788,,2
qwen/gen_1/00002/0275_p03069_Tenka1_Programmer_Beginner_Contest_2019_-_Stones.cpp,qwen,gen_1,FAILED,,False,,,,,,,1
qwen/gen_1/00002/0278_p03519_CODE_FESTIVAL_2017_Elimination_Tournament_Round_1__Parallel__-_Paired_Parentheses.cpp,qwen,gen_1,PARSE_ERROR,,False,,CWE-398,,,CWE-398,,1
qwen/gen_1/00002/0280_p03837_AtCoder_Beginner_Contest_051_-_Candidates_of_No_Shortest_Paths.cpp,qwen,gen_1,PARSE_ERROR,,False,,CWE-398,,,CWE-398,,1
qwen/gen_2/00000_2/0000_1012_E._Cycle_sort.cpp,qwen,gen_2,PARSE_ERROR,,True,CWE-122|CWE-476,CWE-398,,CWE-122|CWE-476,CWE-398,,2
qwen/gen_2/00000_2/0001_1037_E._Trips.cpp,qwen,gen_2,PARSE_ERROR,,False,,CWE-398,,,CWE-398,,1
qwen/gen_2/00000_2/0002_1060_A._Phone_Numbers.cpp,qwen,gen_2,SUCCESS,,False,,CWE-398,,,CWE-398,,1
qwen/gen_2/00000_2/0005_1129_D._Isolation.cpp,qwen,gen_2,PARSE_ERROR,,False,,CWE-563,,,CWE-563,,1
qwen/gen_2/00000_2/0006_1149_E._Election_Promises.cpp,qwen,gen_2,PARSE_ERROR,,False,,CWE-398,,,CWE-398,,1
qwen/gen_2/00000_2/0007_1189_D1._Add_on_a_Tree.cpp,qwen,gen_2,PARSE_ERROR,,False,,CWE-398,,,CWE-398,,1
qwen/gen_2/00000_2/0008_1208_D._Restore_Permutation.cpp,qwen,gen_2,PARSE_ERROR,,False,,CWE-398,,,CWE-398,,1
qwen/gen_2/00000_2/0010_1269_E._K_Integers.cpp,qwen,gen_2,PARSE_ERROR,,False,,CWE-398,,,CWE-398,,1
qwen/gen_2/00000_2/0013_1334_D._Minimum_Euler_Cycle.cpp,qwen,gen_2,PARSE_ERROR,,False,,CWE-563,,,CWE-563,,1
qwen/gen_2/00000_2/0015_1374_E1._Reading_Books__easy_version_.cpp,qwen,gen_2,PARSE_ERROR,,False,,CWE-398,,,CWE-398,,1
qwen/gen_2/00000_2/0017_1421_B._Putting_Bricks_in_the_Wall.cpp,qwen,gen_2,PARSE_ERROR,,False,,CWE-398,,,CWE-398,,1
qwen/gen_2/00000_2/0020_1490_G._Old_Floppy_Drive_.cpp,qwen,gen_2,PARSE_ERROR,,False,,CWE-398,,,CWE-398,,1
qwen/gen_2/00000_2/0022_1540_C1._Converging_Array__Easy_Version_.cpp,qwen,gen_2,PARSE_ERROR,,False,,CWE-398,,,CWE-398,,1
qwen/gen_2/00000_2/0024_20_B._Equation.cpp,qwen,gen_2,TIMEOUT,,True,CWE-190,,,CWE-190,,,1
qwen/gen_2/00000_2/0025_235_D._Graph_Game.cpp,qwen,gen_2,PARSE_ERROR,,False,,CWE-398,,,CWE-398,,1
qwen/gen_2/00000_2/0026_260_B._Ancient_Prophesy.cpp,qwen,gen_2,PARSE_ERROR,,True,,CWE-398,,,CWE-398,,2
qwen/gen_2/00000_2/0036_519_B._A_and_B_and_Compilation_Errors.cpp,qwen,gen_2,PARSE_ERROR,,True,CWE-122|CWE-476,,,CWE-122|CWE-476,,,1
qwen/gen_2/00000_2/0038_571_E._Geometric_Progressions.cpp,qwen,gen_2,PARSE_ERROR,,False,,CWE-571,,,CWE-571,,1
qwen/gen_2/00000_2/0039_593_C._Beautiful_Function.cpp,qwen,gen_2,PARSE_ERROR,,True,CWE-122,,,CWE-122,,,1
qwen/gen_2/00000_2/0040_615_A._Bulbs.cpp,qwen,gen_2,PARSE_ERROR,,False,,CWE-398,,,CWE-398,,1
qwen/gen_2/00000_2/0041_634_C._Factory_Repairs.cpp,qwen,gen_2,PARSE_ERROR,,False,,CWE-398,,,CWE-398,,1
qwen/gen_2/00000_2/0042_663_A._Rebus.cpp,qwen,gen_2,FAILED,,True,,CWE-398,,,CWE-398,,3
qwen/gen_2/00000_2/0043_687_D._Dividing_Kingdom_II.cpp,qwen,gen_2,PARSE_ERROR,,True,CWE-122,CWE-398,,CWE-122,CWE-398,,2
qwen/gen_2/00000_2/0046_754_E._Dasha_and_cyclic_table.cpp,qwen,gen_2,PARSE_ERROR,,False,,CWE-398,,,CWE-398,,1
qwen/gen_2/00000_2/0047_776_A._A_Serial_Killer.cpp,qwen,gen_2,TIMEOUT,,True,CWE-122,,,CWE-122,,,1
qwen/gen_2/00000_2/0048_7_B._Memory_Manager.cpp,qwen,gen_2,PARSE_ERROR,,False,,CWE-398,,,CWE-398,,1
qwen/gen_2/00000_2/0056_990_E._Post_Lamps.cpp,qwen,gen_2,TIMEOUT,,True,CWE-190,CWE-398,,CWE-190,CWE-398,,2
qwen/gen_2/00000_2/0070_p00493_Zig-Zag_Numbers.cpp,qwen,gen_2,PARSE_ERROR,,False,,CWE-398|CWE-563,,,CWE-398|CWE-563,,1
qwen/gen_2/00000_2/0071_p00680_KND_Factory.cpp,qwen,gen_2,PARSE_ERROR,,False,,CWE-398|CWE-563,,,CWE-398|CWE-563,,1
qwen/gen_2/00000_2/0072_p00822_Weather_Forecast.cpp,qwen,gen_2,PARSE_ERROR,,False,,CWE-563,,,CWE-563,,1
qwen/gen_2/00000_2/0073_p00953_Animal_Companion_in_Maze.cpp,qwen,gen_2,FAILED,,False,,CWE-398,,,CWE-398,,2
qwen/gen_2/00000_2/0074_p01086_Short_Phrase.cpp,qwen,gen_2,TIMEOUT,,False,,CWE-398,,,CWE-398,,1
qwen/gen_2/00000_2/0075_p01222_Walk_under_a_Scorching_Sun.cpp,qwen,gen_2,PARSE_ERROR,,False,,CWE-398,,,CWE-398,,1
qwen/gen_2/00000_2/0076_p01356_Nearest_Station.cpp,qwen,gen_2,PARSE_ERROR,,False,,CWE-398,,,CWE-398,,1
qwen/gen_2/00000_2/0078_p01694_Step_Aerobics.cpp,qwen,gen_2,PARSE_ERROR,,False,,CWE-571,,,CWE-571,,1
qwen/gen_2/00000_2/0079_p01838_Optimal_Tournament.cpp,qwen,gen_2,FAILED,,False,,CWE-398,,,CWE-398,,2
qwen/gen_2/00000_2/0080_p01974_Pigeonhole_principle.cpp,qwen,gen_2,FAILED,,False,,,,,,,1
qwen/gen_2/00000_2/0081_p02120_Cluster_Network.cpp,qwen,gen_2,PARSE_ERROR,,False,,CWE-398,,,CWE-398,,1
qwen/gen_2/00000_2/0084_101_C._Vectors.cpp,qwen,gen_2,PARSE_ERROR,,False,,CWE-398|CWE-563,,,CWE-398|CWE-563,,1
qwen/gen_2/00000_2/0085_1043_A._Elections.cpp,qwen,gen_2,PARSE_ERROR,,False,,CWE-398,,,CWE-398,,1
qwen/gen_2/00000_2/0090_1155_A._Reverse_a_Substring.cpp,qwen,gen_2,FAILED,,False,,CWE-398,,,CWE-398,,2
qwen/gen_2/00000_2/0092_1195_D2._Submarine_in_the_Rybinsk_Sea__hard_edition_.cpp,qwen,gen_2,PARSE_ERROR,,False,,CWE-398,,,CWE-398,,1
qwen/gen_2/00000_2/0094_1253_F._Cheap_Robot.cpp,qwen,gen_2,PARSE_ERROR,,False,,CWE-398,,,CWE-398,,1
qwen/gen_2/00000_2/0095_1277_E._Two_Fairs.cpp,qwen,gen_2,PARSE_ERROR,,False,,CWE-786,,,CWE-786,,1
qwen/gen_2/00000_2/0096_1320_F._Blocks_and_Sensors.cpp,qwen,gen_2,PARSE_ERROR,,False,,CWE-563|CWE-571,,,CWE-563|CWE-571,,1
qwen/gen_2/00000_2/0099_1382_A._Common_Subsequence.cpp,qwen,gen_2,PARSE_ERROR,,False,,CWE-563,,,CWE-563,,1
qwen/gen_2/00000_2/0100_1424_N._BubbleSquare_Tokens.cpp,qwen,gen_2,PARSE_ERROR,,False,,CWE-398,,,CWE-398,,1
qwen/gen_2/00000_2/0101_1446_D2._Frequency_Problem__Hard_Version_.cpp,qwen,gen_2,PARSE_ERROR,,False,,CWE-398,,,CWE-398,,1
qwen/gen_2/00000_2/0102_1470_E._Strange_Permutation.cpp,qwen,gen_2,PARSE_ERROR,,False,,CWE-398,,,CWE-398,,1
qwen/gen_2/00000_2/0108_219_A._k-String.cpp,qwen,gen_2,SUCCESS,,False,,CWE-563,,,CWE-563,,1
qwen/gen_2/00000_2/0114_361_C._Levko_and_Array_Recovery.cpp,qwen,gen_2,PARSE_ERROR,,True,CWE-122|CWE-476,CWE-398,,CWE-122|CWE-476,CWE-398,,2
qwen/gen_2/00000_2/0116_405_E._Graph_Cutting.cpp,qwen,gen_2,PARSE_ERROR,,True,CWE-122,CWE-398,,CWE-122,CWE-398,,2
qwen/gen_2/00000_2/0117_433_A._Kitahara_Haruki_s_Gift.cpp,qwen,gen_2,FAILED,,False,,CWE-398,,,CWE-398,,2
qwen/gen_2/00000_2/0118_455_C._Civilization.cpp,qwen,gen_2,PARSE_ERROR,,False,,CWE-398,,,CWE-398,,1
qwen/gen_2/00000_2/0120_500_C._New_Year_Book_Reading.cpp,qwen,gen_2,PARSE_ERROR,,False,,CWE-398,,,CWE-398,,1
qwen/gen_2/00000_2/0121_526_A._King_of_Thieves.cpp,qwen,gen_2,PARSE_ERROR,,False,,CWE-398,,,CWE-398,,1
qwen/gen_2/00000_2/0124_5_A._Chat_Server_s_Outgoing_Traffic.cpp,qwen,gen_2,FAILED,CWE-476,False,,CWE-563,CWE-476,,CWE-563,,2
qwen/gen_2/00000_2/0125_621_D._Rat_Kwesh_and_Cheese.cpp,qwen,gen_2,SUCCESS,,False,,CWE-398,,,CWE-398,,1
qwen/gen_2/00000_2/0127_670_B._Game_of_Robots.cpp,qwen,gen_2,PARSE_ERROR,,True,CWE-122,,,CWE-122,,,1
qwen/gen_2/00000_2/0128_691_D._Swaps_in_Permutation.cpp,qwen,gen_2,PARSE_ERROR,,False,,CWE-398,,,CWE-398,,1
qwen/gen_2/00000_2/0130_737_A._Road_to_Cinema.cpp,qwen,gen_2,PARSE_ERROR,,False,,CWE-398,,,CWE-398,,1
qwen/gen_2/00000_2/0131_760_F._Bacterial_Melee.cpp,qwen,gen_2,PARSE_ERROR,,False,,CWE-398,,,CWE-398,,1
qwen/gen_2/00000_2/0139_949_C._Data_Center_Maintenance.cpp,qwen,gen_2,PARSE_ERROR,,True,CWE-122,CWE-398,,CWE-122,CWE-398,,2
qwen/gen_2/00000_2/0141_996_F._Game.cpp,qwen,gen_2,PARSE_ERROR,,False,,CWE-398,,,CWE-398,,1
qwen/gen_2/00000_2/0144_p02916_AtCoder_Beginner_Contest_140_-_Buffet.cpp,qwen,gen_2,FAILED,,False,,,,,,,1
qwen/gen_2/00000_2/0147_p03343_AtCoder_Regular_Contest_098_-_Range_Minimum_Queries.cpp,qwen,gen_2,PARSE_ERROR,,False,,CWE-825,,,CWE-825,,1
qwen/gen_2/00000_2/0155_p00573_Commuter_Pass.cpp,qwen,gen_2,PARSE_ERROR,,False,,CWE-563,,,CWE-563,,1
qwen/gen_2/00000_2/0156_p00720_Earth_Observation_with_a_Mobile_Robot_Team.cpp,qwen,gen_2,PARSE_ERROR,,False,,CWE-563,,,CWE-563,,1
qwen/gen_2/00000_2/0161_p01422_Beautiful_Currency.cpp,qwen,gen_2,PARSE_ERROR,,False,,CWE-398,,,CWE-398,,1
qwen/gen_2/00000_2/0162_p01576_Exciting_Bicycle.cpp,qwen,gen_2,PARSE_ERROR,,False,,CWE-563,,,CWE-563,,1
qwen/gen_2/00000_2/0166_p02157_Shuffle_2.cpp,qwen,gen_2,SUCCESS,,False,,CWE-563,,,CWE-563,,1
qwen/gen_2/00000_2/0171_105_C._Item_World.cpp,qwen,gen_2,PARSE_ERROR,,False,,CWE-398,,,CWE-398,,1
qwen/gen_2/00000_2/0172_1081_D._Maximum_Distance.cpp,qwen,gen_2,PARSE_ERROR,,False,,CWE-398,,,CWE-398,,1
qwen/gen_2/00000_2/0174_1129_A2._Toy_Train.cpp,qwen,gen_2,PARSE_ERROR,,False,,CWE-398,,,CWE-398,,1
qwen/gen_2/00000_2/0175_1149_B._Three_Religions.cpp,qwen,gen_2,PARSE_ERROR,,False,,CWE-398,,,CWE-398,,1
qwen/gen_2/00000_2/0177_1208_A._XORinacci.cpp,qwen,gen_2,FAILED,,True,CWE-122,,,CWE-122,,,2
qwen/gen_2/00000_2/0179_124_D._Squares.cpp,qwen,gen_2,PARSE_ERROR,,True,CWE-190,,,CWE-190,,,1
qwen/gen_2/00000_2/0187_1420_D._Rescue_Nibel_.cpp,qwen,gen_2,PARSE_ERROR,,False,,CWE-563,,,CWE-563,,1
qwen/gen_2/00000_2/0191_1512_G._Short_Task.cpp,qwen,gen_2,PARSE_ERROR,,False,,CWE-398,,,CWE-398,,1
qwen/gen_2/00000_2/0195_25_D._Roads_not_only_in_Berland.cpp,qwen,gen_2,PARSE_ERROR,,True,CWE-122,,,CWE-122,,,1
qwen/gen_2/00000_2/0198_331_D2._Escaping_on_Beaveractor.cpp,qwen,gen_2,PARSE_ERROR,,False,,CWE-398,,,CWE-398,,1
qwen/gen_2/00000_2/0200_378_C._Maze.cpp,qwen,gen_2,PARSE_ERROR,,False,,CWE-398,,,CWE-398,,1
qwen/gen_2/00000_2/0202_425_A._Sereja_and_Swaps.cpp,qwen,gen_2,ERROR,,False,,CWE-398,,,CWE-398,,1
qwen/gen_2/00000_2/0203_449_D._Jzzhu_and_Numbers.cpp,qwen,gen_2,PARSE_ERROR,,True,CWE-125,,,CWE-125,,,1
qwen/gen_2/00000_2/0206_544_E._Remembering_Strings.cpp,qwen,gen_2,PARSE_ERROR,,True,CWE-125|CWE-190,,,CWE-125|CWE-190,,,1
qwen/gen_2/00000_2/0210_633_H._Fibonacci-ish_II.cpp,qwen,gen_2,PARSE_ERROR,,False,,CWE-758,,,CWE-758,,1
qwen/gen_2/00000_2/0211_662_C._Binary_Table.cpp,qwen,gen_2,PARSE_ERROR,,False,,CWE-398,,,CWE-398,,1
qwen/gen_2/00000_2/0213_709_E._Centroids.cpp,qwen,gen_2,PARSE_ERROR,,True,CWE-125,CWE-398|CWE-786,,CWE-125,CWE-398|CWE-786,,2
qwen/gen_2/00000_2/0214_730_G._Car_Repair_Shop.cpp,qwen,gen_2,PARSE_ERROR,,False,,CWE-398,,,CWE-398,,1
qwen/gen_2/00000_2/0222_914_F._Substrings_in_a_String.cpp,qwen,gen_2,PARSE_ERROR,,False,,CWE-570|CWE-571,,,CWE-570|CWE-571,,1
qwen/gen_2/00000_2/0223_937_D._Sleepy_Game.cpp,qwen,gen_2,PARSE_ERROR,,False,,CWE-398,,,CWE-398,,1
qwen/gen_2/00000_2/0224_962_F._Simple_Cycles_Edges.cpp,qwen,gen_2,PARSE_ERROR,,False,,CWE-398,,,CWE-398,,1
qwen/gen_2/00000_2/0227_p02741_Panasonic_Programming_Contest_2020_-_Kth_Term.cpp,qwen,gen_2,FAILED,CWE-119,False,,CWE-398,CWE-119,,CWE-398,,2
qwen/gen_2/00000_2/0230_p03150_KEYENCE_Programming_Contest_2019_-_KEYENCE_String.cpp,qwen,gen_2,FAILED,,False,,,,,,,1
qwen/gen_2/00000_2/0231_p03294_AtCoder_Beginner_Contest_103_-_Modulo_Summation.cpp,qwen,gen_2,SUCCESS,,False,,CWE-398,,,CWE-398,,1
qwen/gen_2/00000_2/0234_p03771_AtCoder_Grand_Contest_012_-_Camel_and_Oases.cpp,qwen,gen_2,PARSE_ERROR,,False,,CWE-398,,,CWE-398,,1
qwen/gen_2/00000_2/0240_p00676_KND_is_So_Sexy.cpp,qwen,gen_2,PARSE_ERROR,,False,,CWE-398,,,CWE-398,,1
qwen/gen_2/00000_2/0241_p00819_Unreliable_Message.cpp,qwen,gen_2,PARSE_ERROR,,False,,CWE-398,,,CWE-398,,1
qwen/gen_2/00000_2/0243_p01083_RedBlue.cpp,qwen,gen_2,PARSE_ERROR,,False,,CWE-398|CWE-563,,,CWE-398|CWE-563,,1
qwen/gen_2/00000_2/0245_p01353_Rabbit_Plays_Games_.cpp,qwen,gen_2,PARSE_ERROR,,False,,CWE-398,,,CWE-398,,1
qwen/gen_2/00000_2/0246_p01535_Markup_language_has_Declined.cpp,qwen,gen_2,PARSE_ERROR,,False,,CWE-398|CWE-563,,,CWE-398|CWE-563,,1
qwen/gen_2/00000_2/0247_p01691_Disappear_Drive.cpp,qwen,gen_2,PARSE_ERROR,,False,,CWE-398,,,CWE-398,,1
qwen/gen_2/00000_2/0249_p01970_The_Diversity_of_Prime_Factorization.cpp,qwen,gen_2,PARSE_ERROR,,False,,CWE-252|CWE-398|CWE-762,,,CWE-252|CWE-398|CWE-762,,1
qwen/gen_2/00000_2/0255_1053_C._Putting_Boxes_Together.cpp,qwen,gen_2,PARSE_ERROR,,False,,CWE-563,,,CWE-563,,1
qwen/gen_2/00000_2/0256_1075_D._Intersecting_Subtrees.cpp,qwen,gen_2,PARSE_ERROR,,True,CWE-122,,,CWE-122,,,1
qwen/gen_2/00000_2/0258_1117_F._Crisp_String.cpp,qwen,gen_2,PARSE_ERROR,,False,,CWE-563,,,CWE-563,,1
qwen/gen_2/00000_2/0261_1184_B3._The_Doctor_Meets_Vader__Hard_.cpp,qwen,gen_2,PARSE_ERROR,,False,,CWE-398,,,CWE-398,,1
qwen/gen_2/00000_2/0263_1219_H._Function_Composition.cpp,qwen,gen_2,PARSE_ERROR,,False,,CWE-398,,,CWE-398,,1
qwen/gen_2/00000_2/0264_1244_C._The_Football_Season.cpp,qwen,gen_2,SUCCESS,,False,,CWE-398,,,CWE-398,,1
qwen/gen_2/00000_2/0267_1304_E._1-Trees_and_Queries.cpp,qwen,gen_2,PARSE_ERROR,,True,CWE-125,CWE-786,,CWE-125,CWE-786,,2
qwen/gen_2/00000_2/0272_1413_F._Roads_and_Ramen.cpp,qwen,gen_2,PARSE_ERROR,,False,,CWE-398,,,CWE-398,,1
qwen/gen_2/00000_2/0274_147_B._Smile_House.cpp,qwen,gen_2,PARSE_ERROR,,True,CWE-125,CWE-398|CWE-457,,CWE-125,CWE-398|CWE-457,,2
qwen/gen_2/00001_2/0000_152_E._Garden.cpp,qwen,gen_2,PARSE_ERROR,,False,,CWE-398|CWE-563,,,CWE-398|CWE-563,,1
qwen/gen_2/00001_2/0001_161_B._Discounts.cpp,qwen,gen_2,PARSE_ERROR,,False,,CWE-398|CWE-563,,,CWE-398|CWE-563,,1
qwen/gen_2/00001_2/0003_203_E._Transportation.cpp,qwen,gen_2,PARSE_ERROR,,False,,CWE-398,,,CWE-398,,1
qwen/gen_2/00001_2/0004_228_D._Zigzag.cpp,qwen,gen_2,TIMEOUT,,True,CWE-122,CWE-197|CWE-786,,CWE-122,CWE-197|CWE-786,,2
qwen/gen_2/00001_2/0006_277_C._Game.cpp,qwen,gen_2,PARSE_ERROR,,False,,CWE-398,,,CWE-398,,1
qwen/gen_2/00001_2/0007_29_E._Quarrel.cpp,qwen,gen_2,PARSE_ERROR,,False,,CWE-398,,,CWE-398,,1
qwen/gen_2/00001_2/0009_348_A._Mafia.cpp,qwen,gen_2,ERROR,,False,,CWE-398,,,CWE-398,,1
qwen/gen_2/00001_2/0010_371_B._Fox_Dividing_Cheese.cpp,qwen,gen_2,TIMEOUT,,True,CWE-190,,,CWE-190,,,1
qwen/gen_2/00001_2/0012_415_E._Mashmokh_and_Reverse_Operation.cpp,qwen,gen_2,PARSE_ERROR,,True,CWE-122,CWE-398|CWE-563,,CWE-122,CWE-398|CWE-563,,2
qwen/gen_2/00001_2/0016_512_B._Fox_And_Jumping.cpp,qwen,gen_2,PARSE_ERROR,,True,CWE-190|CWE-476,,,CWE-190|CWE-476,,,1
qwen/gen_2/00001_2/0019_586_F._Lizard_Era__Beginning.cpp,qwen,gen_2,PARSE_ERROR,,False,,CWE-398,,,CWE-398,,1
qwen/gen_2/00001_2/0020_609_B._The_Best_Gift.cpp,qwen,gen_2,PARSE_ERROR,,False,,CWE-398,,,CWE-398,,1
qwen/gen_2/00001_2/0024_702_E._Analysis_of_Pathes_in_Functional_Graph.cpp,qwen,gen_2,PARSE_ERROR,,False,,CWE-398,,,CWE-398,,1
qwen/gen_2/00001_2/0025_724_F._Uniformly_Branched_Trees.cpp,qwen,gen_2,PARSE_ERROR,,True,CWE-125,,,CWE-125,,,1
qwen/gen_2/00001_2/0030_83_C._Track.cpp,qwen,gen_2,PARSE_ERROR,,True,CWE-122|CWE-416|CWE-476,CWE-457,,CWE-122|CWE-416|CWE-476,CWE-457,,2
qwen/gen_2/00001_2/0031_85_D._Sum_of_Medians.cpp,qwen,gen_2,PARSE_ERROR,,False,,CWE-398,,,CWE-398,,1
qwen/gen_2/00001_2/0032_886_D._Restoration_of_string.cpp,qwen,gen_2,PARSE_ERROR,,True,CWE-476,CWE-398,,CWE-476,CWE-398,,2
qwen/gen_2/00001_2/0039_p02834_AtCoder_Beginner_Contest_148_-_Playing_Tag_on_Tree.cpp,qwen,gen_2,PARSE_ERROR,,False,,CWE-398|CWE-563,,,CWE-398|CWE-563,,1
qwen/gen_2/00001_2/0045_p03725_AtCoder_Grand_Contest_014_-_Closed_Rooms.cpp,qwen,gen_2,PARSE_ERROR,,False,,CWE-398|CWE-563,,,CWE-398|CWE-563,,1
qwen/gen_2/00001_2/0046_p03889_CODE_FESTIVAL_2016_Relay__Parallel__-_Mirror_String.cpp,qwen,gen_2,FAILED,CWE-119|CWE-476,False,,,CWE-119|CWE-476,,,,1
qwen/gen_2/00001_2/0049_p00260_Cats_Going_Straight.cpp,qwen,gen_2,PARSE_ERROR,,False,,CWE-398,,,CWE-398,,1
qwen/gen_2/00001_2/0051_p00638_Old_Bridges.cpp,qwen,gen_2,SUCCESS,,False,,CWE-398,,,CWE-398,,1
qwen/gen_2/00001_2/0054_p01046_Yu-kun_Likes_a_lot_of_Money.cpp,qwen,gen_2,PARSE_ERROR,,False,,CWE-457,,,CWE-457,,1
qwen/gen_2/00001_2/0055_p01179_Cousin_s_Aunt.cpp,qwen,gen_2,PARSE_ERROR,,False,,CWE-398,,,CWE-398,,1
qwen/gen_2/00001_2/0061_p02069_Universal_and_Existential_Quantifiers.cpp,qwen,gen_2,PARSE_ERROR,,False,,CWE-398,,,CWE-398,,1
qwen/gen_2/00001_2/0063_p02365_Minimum-Cost_Arborescence.cpp,qwen,gen_2,PARSE_ERROR,,False,,CWE-398,,,CWE-398,,1
qwen/gen_2/00001_2/0064_1003_D._Coins_and_Queries.cpp,qwen,gen_2,PARSE_ERROR,,False,,CWE-398,,,CWE-398,,1
qwen/gen_2/00001_2/0065_1027_E._Inverse_Coloring.cpp,qwen,gen_2,PARSE_ERROR,,True,CWE-190,CWE-398,,CWE-190,CWE-398,,2
qwen/gen_2/00001_2/0066_1046_D._Interstellar_battle.cpp,qwen,gen_2,PARSE_ERROR,,False,,CWE-398,,,CWE-398,,1
qwen/gen_2/00001_2/0072_1199_E._Matching_vs_Independent_Set.cpp,qwen,gen_2,PARSE_ERROR,,False,,CWE-398,,,CWE-398,,1
qwen/gen_2/00001_2/0073_1216_D._Swords.cpp,qwen,gen_2,PARSE_ERROR,,False,,CWE-369|CWE-398,,,CWE-369|CWE-398,,1
qwen/gen_2/00001_2/0076_1281_B._Azamon_Web_Services.cpp,qwen,gen_2,PARSE_ERROR,,False,,CWE-563,,,CWE-563,,1
qwen/gen_2/00001_2/0079_1344_A._Hilbert_s_Hotel.cpp,qwen,gen_2,PARSE_ERROR,,False,,CWE-398,,,CWE-398,,1
qwen/gen_2/00001_2/0083_1428_D._Bouncing_Boomerangs.cpp,qwen,gen_2,PARSE_ERROR,,True,CWE-122,CWE-398,,CWE-122,CWE-398,,2
qwen/gen_2/00001_2/0085_1475_D._Cleaning_the_Phone.cpp,qwen,gen_2,PARSE_ERROR,,False,,CWE-398,,,CWE-398,,1
qwen/gen_2/00001_2/0088_157_A._Game_Outcome.cpp,qwen,gen_2,TIMEOUT,,False,,CWE-398,,,CWE-398,,1
qwen/gen_2/00001_2/0091_223_C._Partial_Sums.cpp,qwen,gen_2,FAILED,,False,,,,,,,1
qwen/gen_2/00001_2/0092_248_A._Cupboards.cpp,qwen,gen_2,FAILED,,False,,,,,,,1
qwen/gen_2/00001_2/0093_295_D._Greg_and_Caves.cpp,qwen,gen_2,PARSE_ERROR,,False,,CWE-758,,,CWE-758,,1
qwen/gen_2/00001_2/0096_366_D._Dima_and_Trap_Graph.cpp,qwen,gen_2,PARSE_ERROR,,False,,CWE-398,,,CWE-398,,1
qwen/gen_2/00001_2/0097_38_C._Blinds.cpp,qwen,gen_2,PARSE_ERROR,,False,,CWE-398,,,CWE-398,,1
qwen/gen_2/00001_2/0098_40_B._Repaintings.cpp,qwen,gen_2,PARSE_ERROR,,False,,CWE-197|CWE-398,,,CWE-197|CWE-398,,1
qwen/gen_2/00001_2/0099_438_A._The_Child_and_Toy.cpp,qwen,gen_2,PARSE_ERROR,,False,,CWE-398,,,CWE-398,,1
qwen/gen_2/00001_2/0100_45_H._Road_Problem.cpp,qwen,gen_2,PARSE_ERROR,,True,,CWE-398,,,CWE-398,,2
qwen/gen_2/00001_2/0108_675_E._Trains_and_Statistic.cpp,qwen,gen_2,PARSE_ERROR,,False,,CWE-398,,,CWE-398,,1
qwen/gen_2/00001_2/0113_789_A._Anastasia_and_pebbles.cpp,qwen,gen_2,PARSE_ERROR,,False,,CWE-398,,,CWE-398,,1
qwen/gen_2/00001_2/0114_80_C._Heroes.cpp,qwen,gen_2,PARSE_ERROR,,True,CWE-369,CWE-398,,CWE-369,CWE-398,,2
qwen/gen_2/00001_2/0117_87_B._Vasya_and_Types.cpp,qwen,gen_2,PARSE_ERROR,,False,,CWE-398,,,CWE-398,,1
qwen/gen_2/00001_2/0119_925_E._May_Holidays.cpp,qwen,gen_2,PARSE_ERROR,,True,CWE-476,,,CWE-476,,,1
qwen/gen_2/00001_2/0120_954_F._Runner_s_Problem.cpp,qwen,gen_2,PARSE_ERROR,,False,,CWE-398,,,CWE-398,,1
qwen/gen_2/00001_2/0121_980_E._The_Number_Games.cpp,qwen,gen_2,PARSE_ERROR,,True,CWE-190,,,CWE-190,,,1
qwen/gen_2/00001_2/0122_9_E._Interesting_Graph_and_Apples.cpp,qwen,gen_2,PARSE_ERROR,,True,CWE-125,,,CWE-125,,,1
qwen/gen_2/00001_2/0127_p03080_ExaWizards_2019_-_Red_or_Blue.cpp,qwen,gen_2,FAILED,CWE-119|CWE-476,False,,CWE-398,CWE-119|CWE-476,,CWE-398,,2
qwen/gen_2/00001_2/0135_p00232_Life_Game.cpp,qwen,gen_2,PARSE_ERROR,,False,,CWE-398,,,CWE-398,,1
qwen/gen_2/00001_2/0136_p00395_Maze_and_Items.cpp,qwen,gen_2,PARSE_ERROR,,False,,CWE-398,,,CWE-398,,1
qwen/gen_2/00001_2/0143_p01458_Kth_Sentence.cpp,qwen,gen_2,PARSE_ERROR,,False,,CWE-398,,,CWE-398,,1
qwen/gen_2/00001_2/0144_p01609_One.cpp,qwen,gen_2,TIMEOUT,,False,,CWE-398,,,CWE-398,,1
qwen/gen_2/00001_2/0146_p01904_Minimum_Enclosing_Rectangle.cpp,qwen,gen_2,PARSE_ERROR,,False,,CWE-398,,,CWE-398,,1
qwen/gen_2/00001_2/0147_p02042_ABSum.cpp,qwen,gen_2,PARSE_ERROR,,False,,CWE-398|CWE-563,,,CWE-398|CWE-563,,1
qwen/gen_2/00001_2/0151_1011_A._Stages.cpp,qwen,gen_2,PARSE_ERROR,,True,CWE-190,CWE-398,,CWE-190,CWE-398,,2
qwen/gen_2/00001_2/0153_1059_A._Cashier.cpp,qwen,gen_2,PARSE_ERROR,,False,,CWE-398,,,CWE-398,,1
qwen/gen_2/00001_2/0154_1080_C._Masha_and_two_friends.cpp,qwen,gen_2,PARSE_ERROR,,False,,CWE-563,,,CWE-563,,1
qwen/gen_2/00001_2/0155_10_B._Cinema_Cashier.cpp,qwen,gen_2,PARSE_ERROR,,False,,CWE-398,,,CWE-398,,1
qwen/gen_2/00001_2/0156_1121_A._Technogoblet_of_Fire.cpp,qwen,gen_2,PARSE_ERROR,,False,,CWE-398,,,CWE-398,,1
qwen/gen_2/00001_2/0157_1148_C._Crazy_Diamond.cpp,qwen,gen_2,PARSE_ERROR,,False,,CWE-398,,,CWE-398,,1
qwen/gen_2/00001_2/0158_1169_E._And_Reachability.cpp,qwen,gen_2,PARSE_ERROR,,False,,CWE-398,,,CWE-398,,1
qwen/gen_2/00001_2/0159_1187_G._Gang_Up.cpp,qwen,gen_2,PARSE_ERROR,,False,,CWE-398|CWE-563,,,CWE-398|CWE-563,,1
qwen/gen_2/00001_2/0163_1267_L._Lexicography.cpp,qwen,gen_2,PARSE_ERROR,,False,,CWE-398,,,CWE-398,,1
qwen/gen_2/00001_2/0164_1290_A._Mind_Control.cpp,qwen,gen_2,PARSE_ERROR,,False,,CWE-571,,,CWE-571,,1
qwen/gen_2/00001_2/0166_1332_G._No_Monotone_Triples.cpp,qwen,gen_2,PARSE_ERROR,,False,,CWE-664,,,CWE-664,,1
qwen/gen_2/00001_2/0168_1373_B._01_Game.cpp,qwen,gen_2,PARSE_ERROR,,False,,CWE-563,,,CWE-563,,1
qwen/gen_2/00001_2/0170_141_C._Queue.cpp,qwen,gen_2,PARSE_ERROR,,False,,CWE-398|CWE-563,,,CWE-398|CWE-563,,1
qwen/gen_2/00001_2/0172_1463_B._Find_The_Array.cpp,qwen,gen_2,PARSE_ERROR,,False,,CWE-398,,,CWE-398,,1
qwen/gen_2/00001_2/0173_148_B._Escape.cpp,qwen,gen_2,SUCCESS,,True,CWE-190,CWE-563,,CWE-190,CWE-563,,2
qwen/gen_2/00001_2/0175_1539_D._PriceFixed.cpp,qwen,gen_2,PARSE_ERROR,,False,,CWE-398,,,CWE-398,,1
qwen/gen_2/00001_2/0177_187_B._AlgoRace.cpp,qwen,gen_2,PARSE_ERROR,,False,,CWE-398,,,CWE-398,,1
qwen/gen_2/00001_2/0178_207_D9._The_Beaver_s_Problem_-_3.cpp,qwen,gen_2,PARSE_ERROR,,False,,CWE-563,,,CWE-563,,1
qwen/gen_2/00001_2/0180_259_B._Little_Elephant_and_Magic_Square.cpp,qwen,gen_2,FAILED,CWE-476,False,,,CWE-476,,,,1
qwen/gen_2/00001_2/0181_282_B._Painting_Eggs.cpp,qwen,gen_2,PARSE_ERROR,,False,,CWE-398,,,CWE-398,,1
qwen/gen_2/00001_2/0182_305_A._Strange_Addition.cpp,qwen,gen_2,PARSE_ERROR,,False,,CWE-398,,,CWE-398,,1
qwen/gen_2/00001_2/0184_352_E._Jeff_and_Brackets.cpp,qwen,gen_2,PARSE_ERROR,,True,CWE-190,,,CWE-190,,,1
qwen/gen_2/00001_2/0185_377_A._Maze.cpp,qwen,gen_2,PARSE_ERROR,,False,,CWE-398,,,CWE-398,,1
qwen/gen_2/00001_2/0186_399_C._Cards.cpp,qwen,gen_2,TIMEOUT,,True,CWE-190,,,CWE-190,,,1
qwen/gen_2/00001_2/0187_421_D._Bug_in_Code.cpp,qwen,gen_2,PARSE_ERROR,,False,,CWE-398,,,CWE-398,,1
qwen/gen_2/00001_2/0188_448_B._Suffix_Structures.cpp,qwen,gen_2,ERROR,,False,,CWE-398,,,CWE-398,,1
qwen/gen_2/00001_2/0189_46_C._Hamsters_and_Tigers.cpp,qwen,gen_2,FAILED,,False,,,,,,,1
qwen/gen_2/00001_2/0191_516_C._Drazil_and_Park.cpp,qwen,gen_2,PARSE_ERROR,,True,CWE-122,,,CWE-122,,,1
qwen/gen_2/00001_2/0192_543_C._Remembering_Strings.cpp,qwen,gen_2,PARSE_ERROR,,True,CWE-125,CWE-398,,CWE-125,CWE-398,,2
qwen/gen_2/00001_2/0194_591_C._Median_Smoothing.cpp,qwen,gen_2,PARSE_ERROR,,False,,CWE-563,,,CWE-563,,1
qwen/gen_2/00001_2/0195_613_A._Peter_and_Snow_Blower.cpp,qwen,gen_2,PARSE_ERROR,,False,,CWE-398,,,CWE-398,,1
qwen/gen_2/00001_2/0197_685_D._Kay_and_Eternity.cpp,qwen,gen_2,PARSE_ERROR,,False,,CWE-563,,,CWE-563,,1
qwen/gen_2/00001_2/0198_708_C._Centroids.cpp,qwen,gen_2,PARSE_ERROR,,False,,CWE-398,,,CWE-398,,1
qwen/gen_2/00001_2/0201_799_D._Field_expansion.cpp,qwen,gen_2,PARSE_ERROR,,True,CWE-190,,,CWE-190,,,1
qwen/gen_2/00001_2/0202_819_D._Mister_B_and_Astronomers.cpp,qwen,gen_2,PARSE_ERROR,,False,,CWE-398,,,CWE-398,,1
qwen/gen_2/00001_2/0203_845_B._Luba_And_The_Ticket.cpp,qwen,gen_2,FAILED,,False,,,,,,,1
qwen/gen_2/00001_2/0206_913_G._Power_Substring.cpp,qwen,gen_2,PARSE_ERROR,,True,CWE-190,,,CWE-190,,,1
qwen/gen_2/00001_2/0211_p02734_AtCoder_Beginner_Contest_159_-_Knapsack_for_All_Segments.cpp,qwen,gen_2,PARSE_ERROR,,False,,CWE-398,,,CWE-398,,1
qwen/gen_2/00001_2/0214_p03143_NIKKEI_Programming_Contest_2019_-_Weights_on_Vertices_and_Edges.cpp,qwen,gen_2,PARSE_ERROR,,False,,CWE-398,,,CWE-398,,1
qwen/gen_2/00001_2/0219_p03932_square869120Contest__3_-_Souvenirs.cpp,qwen,gen_2,PARSE_ERROR,,False,,CWE-398,,,CWE-398,,1
qwen/gen_2/00001_2/0224_p00669_K_Cards.cpp,qwen,gen_2,PARSE_ERROR,,False,,CWE-398,,,CWE-398,,1
qwen/gen_2/00001_2/0225_p00812_Equals_are_Equals.cpp,qwen,gen_2,PARSE_ERROR,,False,,CWE-398|CWE-563,,,CWE-398|CWE-563,,1
qwen/gen_2/00001_2/0226_p00943_Routing_a_Marathon_Race.cpp,qwen,gen_2,PARSE_ERROR,,False,,CWE-398,,,CWE-398,,1
qwen/gen_2/00001_2/0228_p01210_Speed.cpp,qwen,gen_2,PARSE_ERROR,,False,,CWE-398|CWE-563|CWE-570,,,CWE-398|CWE-563|CWE-570,,1
qwen/gen_2/00001_2/0238_103_C._Russian_Roulette.cpp,qwen,gen_2,FAILED,,False,,,,,,,1
qwen/gen_2/00001_2/0244_1173_E2._Nauuo_and_Pictures__hard_version_.cpp,qwen,gen_2,PARSE_ERROR,,False,,CWE-398,,,CWE-398,,1
qwen/gen_2/00001_2/0245_1191_C._Tokitsukaze_and_Discard_Items.cpp,qwen,gen_2,PARSE_ERROR,,False,,CWE-398,,,CWE-398,,1
qwen/gen_2/00001_2/0246_120_C._Winnie-the-Pooh_and_honey.cpp,qwen,gen_2,PARSE_ERROR,,False,,CWE-398|CWE-571,,,CWE-398|CWE-571,,1
qwen/gen_2/00001_2/0252_1336_F._Journey.cpp,qwen,gen_2,PARSE_ERROR,,False,,CWE-398,,,CWE-398,,1
qwen/gen_2/00001_2/0253_1359_D._Yet_Another_Yet_Another_Task.cpp,qwen,gen_2,PARSE_ERROR,,False,,CWE-398,,,CWE-398,,1
qwen/gen_2/00001_2/0254_1379_F1._Chess_Strikes_Back__easy_version_.cpp,qwen,gen_2,PARSE_ERROR,,False,,CWE-398,,,CWE-398,,1
qwen/gen_2/00001_2/0255_139_D._Digits_Permutations.cpp,qwen,gen_2,FAILED,CWE-119|CWE-476,False,,CWE-398,CWE-119|CWE-476,,CWE-398,,2
qwen/gen_2/00001_2/0260_1515_I._Phoenix_and_Diamonds.cpp,qwen,gen_2,PARSE_ERROR,,False,,CWE-398,,,CWE-398,,1
qwen/gen_2/00001_2/0262_171_C._A_Piece_of_Cake.cpp,qwen,gen_2,FAILED,CWE-119|CWE-476,False,,,CWE-119|CWE-476,,,,1
qwen/gen_2/00001_2/0263_191_A._Dynasty_Puzzles.cpp,qwen,gen_2,PARSE_ERROR,,False,,CWE-398|CWE-563,,,CWE-398|CWE-563,,1
qwen/gen_2/00001_2/0267_287_D._Shifting.cpp,qwen,gen_2,PARSE_ERROR,,True,CWE-122|CWE-476,,,CWE-122|CWE-476,,,1
qwen/gen_2/00001_2/0269_335_B._Palindrome.cpp,qwen,gen_2,PARSE_ERROR,,False,,CWE-398,,,CWE-398,,1
qwen/gen_2/00001_2/0272_401_E._Olympic_Games.cpp,qwen,gen_2,PARSE_ERROR,,False,,CWE-398,,,CWE-398,,1
qwen/gen_2/00001_2/0275_474_C._Captain_Marmot.cpp,qwen,gen_2,PARSE_ERROR,,True,CWE-190,,,CWE-190,,,1
qwen/gen_2/00001_2/0280_596_E._Wilbur_and_Strings.cpp,qwen,gen_2,PARSE_ERROR,,False,,CWE-398|CWE-563,,,CWE-398|CWE-563,,1
qwen/gen_2/00001_2/0282_638_D._Three-dimensional_Turtle_Super_Computer_.cpp,qwen,gen_2,PARSE_ERROR,,False,,CWE-398,,,CWE-398,,1
qwen/gen_2/00001_2/0283_666_B._World_Tour.cpp,qwen,gen_2,PARSE_ERROR,,True,CWE-190,,,CWE-190,,,1
qwen/gen_2/00001_2/0287_757_D._Felicity_s_Big_Secret_Revealed.cpp,qwen,gen_2,PARSE_ERROR,,False,,CWE-398,,,CWE-398,,1
qwen/gen_2/00001_2/0288_779_A._Pupils_Redistribution.cpp,qwen,gen_2,FAILED,,True,CWE-369,,,CWE-369,,,2
qwen/gen_2/00002_2/0000_825_E._Minimal_Labels.cpp,qwen,gen_2,PARSE_ERROR,,False,,CWE-398,,,CWE-398,,1
qwen/gen_2/00002_2/0002_870_A._Search_for_Pretty_Integers.cpp,qwen,gen_2,SUCCESS,,False,,CWE-398,,,CWE-398,,1
qwen/gen_2/00002_2/0003_896_E._Welcome_home__Chtholly.cpp,qwen,gen_2,FAILED,,False,,CWE-398,,,CWE-398,,2
qwen/gen_2/00002_2/0004_918_A._Eleven.cpp,qwen,gen_2,SUCCESS,,False,,CWE-398,,,CWE-398,,1
qwen/gen_2/00002_2/0005_940_A._Points_on_the_line.cpp,qwen,gen_2,FAILED,,True,CWE-190,,,CWE-190,,,2
qwen/gen_2/00002_2/0006_967_D._Resource_Distribution.cpp,qwen,gen_2,TIMEOUT,,False,,CWE-571,,,CWE-571,,1
qwen/gen_2/00002_2/0007_p02630_AtCoder_Beginner_Contest_171_-_Replacing.cpp,qwen,gen_2,SUCCESS,,False,,CWE-398,,,CWE-398,,1
qwen/gen_2/00002_2/0010_p03031_AtCoder_Beginner_Contest_128_-_Switches.cpp,qwen,gen_2,TIMEOUT,,False,,CWE-398,,,CWE-398,,1
qwen/gen_2/00002_2/0013_p03474_AtCoder_Beginner_Contest_084_-_Postal_Code.cpp,qwen,gen_2,PARSE_ERROR,,False,,CWE-398,,,CWE-398,,1
qwen/gen_2/00002_2/0015_p03963_AtCoder_Beginner_Contest_046_-_Painting_Balls_with_AtCoDeer.cpp,qwen,gen_2,FAILED,CWE-119,False,,CWE-197,CWE-119,,CWE-197,,2
qwen/gen_2/00002_2/0016_p00054_Sum_of_Nth_decimal_places.cpp,qwen,gen_2,TIMEOUT,,False,,CWE-398|CWE-563,,,CWE-398|CWE-563,,1
qwen/gen_2/00002_2/0017_p00184_Tsuruga_Castle.cpp,qwen,gen_2,FAILED,,False,,,,,,,1
qwen/gen_2/00002_2/0019_p00534_Silk_Road.cpp,qwen,gen_2,FAILED,,False,,,,,,,1
qwen/gen_2/00002_2/0026_p01711_Idempotent_Filter.cpp,qwen,gen_2,FAILED,,False,,,,,,,1
qwen/gen_2/00002_2/0027_p01856_Typhoon.cpp,qwen,gen_2,TIMEOUT,,False,,CWE-563,,,CWE-563,,1
qwen/gen_2/00002_2/0028_p01991_Namo.._Cut.cpp,qwen,gen_2,TIMEOUT,,False,,CWE-563|CWE-664,,,CWE-563|CWE-664,,1
qwen/gen_2/00002_2/0030_p02278_Minimum_Cost_Sort.cpp,qwen,gen_2,FAILED,,False,,CWE-398,,,CWE-398,,2
qwen/gen_2/00002_2/0031_p02425_Bit_Flag.cpp,qwen,gen_2,SUCCESS,,False,,CWE-758,,,CWE-758,,1
qwen/gen_2/00002_2/0033_1031_B._Curiosity_Has_No_Limits.cpp,qwen,gen_2,FAILED,,False,,CWE-571,,,CWE-571,,2
qwen/gen_2/00002_2/0035_1076_B._Divisor_Subtraction.cpp,qwen,gen_2,SUCCESS,,True,CWE-190,,,CWE-190,,,1
qwen/gen_2/00002_2/0036_1097_B._Petr_and_a_Combination_Lock.cpp,qwen,gen_2,SUCCESS,,False,,CWE-398,,,CWE-398,,1
qwen/gen_2/00002_2/0037_1144_F._Graph_Without_Long_Directed_Paths.cpp,qwen,gen_2,SUCCESS,,False,,CWE-563,,,CWE-563,,1
qwen/gen_2/00002_2/0039_1184_D1._Parallel_Universes__Easy_.cpp,qwen,gen_2,TIMEOUT,,False,,CWE-571,,,CWE-571,,1
qwen/gen_2/00002_2/0041_121_C._Lucky_Permutation.cpp,qwen,gen_2,PARSE_ERROR,,False,,CWE-398,,,CWE-398,,1
qwen/gen_2/00002_2/0044_1286_A._Garland.cpp,qwen,gen_2,TIMEOUT,,False,,CWE-398,,,CWE-398,,1
qwen/gen_2/00002_2/0046_1329_D._Dreamoon_Likes_Strings.cpp,qwen,gen_2,SUCCESS,,False,,CWE-398,,,CWE-398,,1
qwen/gen_2/00002_2/0049_1416_D._Graph_and_Queries.cpp,qwen,gen_2,PARSE_ERROR,,False,,CWE-398,,,CWE-398,,1
qwen/gen_2/00002_2/0050_1433_C._Dominant_Piranha.cpp,qwen,gen_2,TIMEOUT,,False,,CWE-398|CWE-563|CWE-571,,,CWE-398|CWE-563|CWE-571,,1
qwen/gen_2/00002_2/0051_1458_B._Glass_Half_Spilled.cpp,qwen,gen_2,PARSE_ERROR,,False,,CWE-398|CWE-563|CWE-570,,,CWE-398|CWE-563|CWE-570,,1
qwen/gen_2/00002_2/0054_1534_D._Lost_Tree.cpp,qwen,gen_2,SUCCESS,,False,,CWE-398,,,CWE-398,,1
qwen/gen_2/00002_2/0056_204_D._Little_Elephant_and_Retro_Strings.cpp,qwen,gen_2,PARSE_ERROR,,False,,CWE-398,,,CWE-398,,1
qwen/gen_2/00002_2/0058_278_B._New_Problem.cpp,qwen,gen_2,TIMEOUT,,False,,CWE-398|CWE-563,,,CWE-398|CWE-563,,1
qwen/gen_2/00002_2/0059_300_A._Array.cpp,qwen,gen_2,TIMEOUT,,False,,CWE-398,,,CWE-398,,1
qwen/gen_2/00002_2/0060_325_D._Reclamation.cpp,qwen,gen_2,TIMEOUT,,False,,CWE-398,,,CWE-398,,1
qwen/gen_2/00002_2/0061_348_E._Pilgrims.cpp,qwen,gen_2,TIMEOUT,,False,,CWE-398,,,CWE-398,,1
qwen/gen_2/00002_2/0062_372_A._Counting_Kangaroos_is_Fun.cpp,qwen,gen_2,FAILED,,False,,,,,,,1
qwen/gen_2/00002_2/0063_393_C._Blocked_Points.cpp,qwen,gen_2,SUCCESS,,True,CWE-190,,,CWE-190,,,1
qwen/gen_2/00002_2/0064_443_B._Kolya_and_Tandem_Repeat.cpp,qwen,gen_2,TIMEOUT,,True,CWE-190,CWE-563,,CWE-190,CWE-563,,2
qwen/gen_2/00002_2/0065_465_C._No_to_Palindromes_.cpp,qwen,gen_2,PARSE_ERROR,,False,,CWE-398,,,CWE-398,,1
qwen/gen_2/00002_2/0069_566_C._Logistical_Questions.cpp,qwen,gen_2,TIMEOUT,,False,,CWE-398|CWE-563,,,CWE-398|CWE-563,,1
qwen/gen_2/00002_2/0070_587_D._Duff_in_Mafia.cpp,qwen,gen_2,PARSE_ERROR,,False,,CWE-398|CWE-563,,,CWE-398|CWE-563,,1
qwen/gen_2/00002_2/0074_703_C._Chris_and_Road.cpp,qwen,gen_2,TIMEOUT,,False,,CWE-398,,,CWE-398,,1
qwen/gen_2/00002_2/0075_725_C._Hidden_Word.cpp,qwen,gen_2,SUCCESS,,False,,CWE-563,,,CWE-563,,1
qwen/gen_2/00002_2/0076_747_C._Servers.cpp,qwen,gen_2,TIMEOUT,,False,,CWE-398,,,CWE-398,,1
qwen/gen_2/00002_2/0077_76_F._Tourist.cpp,qwen,gen_2,SUCCESS,,False,,CWE-398,,,CWE-398,,1
qwen/gen_2/00002_2/0079_815_B._Karen_and_Test.cpp,qwen,gen_2,FAILED,,False,,,,,,,1
qwen/gen_2/00002_2/0080_840_B._Leha_and_another_game_about_graph.cpp,qwen,gen_2,TIMEOUT,,False,,CWE-398|CWE-563,,,CWE-398|CWE-563,,1
qwen/gen_2/00002_2/0081_887_B._Cubes_for_Masha.cpp,qwen,gen_2,PARSE_ERROR,,False,,CWE-398,,,CWE-398,,1
qwen/gen_2/00002_2/0083_931_E._Game_with_String.cpp,qwen,gen_2,SUCCESS,,False,,CWE-398,,,CWE-398,,1
qwen/gen_2/00002_2/0085_985_E._Pencils_and_Boxes.cpp,qwen,gen_2,FAILED,,False,,,,,,,1
qwen/gen_2/00002_2/0088_p02838_AtCoder_Beginner_Contest_147_-_Xor_Sum_4.cpp,qwen,gen_2,SUCCESS,,False,,CWE-398,,,CWE-398,,1
qwen/gen_2/00002_2/0089_p03258_AtCoder_Grand_Contest_027_-_ABBreviate.cpp,qwen,gen_2,TIMEOUT,,False,,CWE-398,,,CWE-398,,1
qwen/gen_2/00002_2/0092_p03729_AtCoder_Beginner_Contest_060_-_Shiritori.cpp,qwen,gen_2,FAILED,,False,,,,,,,1
qwen/gen_2/00002_2/0093_p03893_CODE_FESTIVAL_2016_Relay__Parallel__-_Trichotomy.cpp,qwen,gen_2,SUCCESS,,False,,CWE-563,,,CWE-563,,1
qwen/gen_2/00002_2/0094_p04052_AtCoder_Grand_Contest_001_-_Wide_Swap.cpp,qwen,gen_2,PARSE_ERROR,,False,,CWE-398,,,CWE-398,,1
qwen/gen_2/00002_2/0095_p00131_Doctor_s_Strange_Particles.cpp,qwen,gen_2,SUCCESS,,False,,CWE-563,,,CWE-563,,1
qwen/gen_2/00002_2/0099_p00786_BUT_We_Need_a_Diagram.cpp,qwen,gen_2,PARSE_ERROR,,False,,CWE-398,,,CWE-398,,1
qwen/gen_2/00002_2/0100_p00918_Dragon_s_Cruller.cpp,qwen,gen_2,TIMEOUT,,False,,CWE-398|CWE-457,,,CWE-398|CWE-457,,1
qwen/gen_2/00002_2/0101_p01051_Squid_Ink.cpp,qwen,gen_2,TIMEOUT,,False,,CWE-398,,,CWE-398,,1
qwen/gen_2/00002_2/0102_p01183_Tetrahedra.cpp,qwen,gen_2,TIMEOUT,,False,,CWE-398|CWE-571,,,CWE-398|CWE-571,,1
qwen/gen_2/00002_2/0103_p01320_Magical_Island_2.cpp,qwen,gen_2,TIMEOUT,,False,,CWE-563,,,CWE-563,,1
qwen/gen_2/00002_2/0105_p01801_Wall_Making_Game.cpp,qwen,gen_2,FAILED,CWE-119|CWE-476,False,,,CWE-119|CWE-476,,,,1
qwen/gen_2/00002_2/0106_p01935_Protect_from_the_enemy_attack.cpp,qwen,gen_2,TIMEOUT,,False,,CWE-398|CWE-563,,,CWE-398|CWE-563,,1
qwen/gen_2/00002_2/0107_p02074_N-by-M_grid_calculation.cpp,qwen,gen_2,TIMEOUT,,False,,CWE-563,,,CWE-563,,1
qwen/gen_2/00002_2/0108_p02216_Array_Game.cpp,qwen,gen_2,SUCCESS,,False,,CWE-398,,,CWE-398,,1
qwen/gen_2/00002_2/0110_1000_C._Covered_Points_Count.cpp,qwen,gen_2,TIMEOUT,,False,,CWE-398,,,CWE-398,,1
qwen/gen_2/00002_2/0112_1045_F._Shady_Lady.cpp,qwen,gen_2,SUCCESS,,False,,CWE-398,,,CWE-398,,1
qwen/gen_2/00002_2/0115_110_B._Lucky_String.cpp,qwen,gen_2,SUCCESS,,False,,CWE-398|CWE-570,,,CWE-398|CWE-570,,1
qwen/gen_2/00002_2/0116_1139_E._Maximize_Mex.cpp,qwen,gen_2,PARSE_ERROR,,False,,CWE-398,,,CWE-398,,1
qwen/gen_2/00002_2/0119_1215_B._The_Number_of_Products.cpp,qwen,gen_2,SUCCESS,,True,CWE-190,,,CWE-190,,,1
qwen/gen_2/00002_2/0121_1256_E._Yet_Another_Division_Into_Teams.cpp,qwen,gen_2,TIMEOUT,,False,,CWE-398,,,CWE-398,,1
qwen/gen_2/00002_2/0122_127_E._E-reader_Display.cpp,qwen,gen_2,TIMEOUT,,False,,CWE-398|CWE-563,,,CWE-398|CWE-563,,1
qwen/gen_2/00002_2/0124_1323_F._Reality_Show.cpp,qwen,gen_2,TIMEOUT,,True,CWE-190,CWE-398,,CWE-190,CWE-398,,2
qwen/gen_2/00002_2/0125_1342_E._Placing_Rooks.cpp,qwen,gen_2,SUCCESS,,True,CWE-190,CWE-570,,CWE-190,CWE-570,,2
qwen/gen_2/00002_2/0127_1384_F._Rearrange.cpp,qwen,gen_2,TIMEOUT,,False,,CWE-398|CWE-563,,,CWE-398|CWE-563,,1
qwen/gen_2/00002_2/0129_1450_D._Rating_Compression.cpp,qwen,gen_2,TIMEOUT,,False,,CWE-398,,,CWE-398,,1
qwen/gen_2/00002_2/0130_1474_B._Different_Divisors.cpp,qwen,gen_2,PARSE_ERROR,,False,,CWE-398,,,CWE-398,,1
qwen/gen_2/00002_2/0132_1523_D._Love-Hate.cpp,qwen,gen_2,TIMEOUT,,True,CWE-190,CWE-398,,CWE-190,CWE-398,,2
qwen/gen_2/00002_2/0133_155_C._Hometask.cpp,qwen,gen_2,FAILED,,True,CWE-121|CWE-190,CWE-398,,CWE-121|CWE-190,CWE-398,,3
qwen/gen_2/00002_2/0134_177_D1._Encrypting_Messages.cpp,qwen,gen_2,FAILED,,False,,,,,,,1
qwen/gen_2/00002_2/0137_245_F._Log_Stream_Analysis.cpp,qwen,gen_2,FAILED,CWE-476,True,,CWE-398|CWE-563,CWE-476,,CWE-398|CWE-563,,3
qwen/gen_2/00002_2/0141_365_A._Good_Number.cpp,qwen,gen_2,PARSE_ERROR,,False,,CWE-398,,,CWE-398,,1
qwen/gen_2/00002_2/0142_388_E._Fox_and_Meteor_Shower.cpp,qwen,gen_2,PARSE_ERROR,,True,CWE-369,CWE-563,,CWE-369,CWE-563,,2
qwen/gen_2/00002_2/0144_436_D._Pudding_Monsters.cpp,qwen,gen_2,TIMEOUT,,False,,CWE-398,,,CWE-398,,1
qwen/gen_2/00002_2/0145_459_E._Pashmak_and_Graph.cpp,qwen,gen_2,PARSE_ERROR,,False,,CWE-398,,,CWE-398,,1
qwen/gen_2/00002_2/0146_480_D._Parcels.cpp,qwen,gen_2,PARSE_ERROR,,False,,CWE-398,,,CWE-398,,1
qwen/gen_2/00002_2/0148_529_C._Rooks_and_Rectangles.cpp,qwen,gen_2,TIMEOUT,,False,,CWE-398,,,CWE-398,,1
qwen/gen_2/00002_2/0149_554_E._Love_Triangles.cpp,qwen,gen_2,TIMEOUT,,True,CWE-190,,,CWE-190,,,1
qwen/gen_2/00002_2/0150_580_D._Kefa_and_Dishes.cpp,qwen,gen_2,PARSE_ERROR,,False,,CWE-398,,,CWE-398,,1
qwen/gen_2/00002_2/0151_602_C._The_Two_Routes.cpp,qwen,gen_2,TIMEOUT,,False,,CWE-398|CWE-563,,,CWE-398|CWE-563,,1
qwen/gen_2/00002_2/0155_719_E._Sasha_and_Array.cpp,qwen,gen_2,FAILED,,True,CWE-122,CWE-398,,CWE-122,CWE-398,,3
qwen/gen_2/00002_2/0156_740_B._Alyona_and_flowers.cpp,qwen,gen_2,FAILED,,True,CWE-190,,,CWE-190,,,2
qwen/gen_2/00002_2/0159_808_G._Anthem_of_Berland.cpp,qwen,gen_2,TIMEOUT,,True,CWE-190,,,CWE-190,,,1
qwen/gen_2/00002_2/0162_878_D._Magic_Breeding.cpp,qwen,gen_2,TIMEOUT,,False,,CWE-563,,,CWE-563,,1
qwen/gen_2/00002_2/0164_924_C._Riverside_Curio.cpp,qwen,gen_2,TIMEOUT,,False,,CWE-398,,,CWE-398,,1
qwen/gen_2/00002_2/0166_97_B._Superset.cpp,qwen,gen_2,FAILED,,False,,,,,,,1
qwen/gen_2/00002_2/0167_99_B._Help_Chef_Gerasim.cpp,qwen,gen_2,FAILED,,False,,,,,,,1
qwen/gen_2/00002_2/0169_p02670_AtCoder_Grand_Contest_044_-_Joker.cpp,qwen,gen_2,TIMEOUT,,False,,CWE-398,,,CWE-398,,1
qwen/gen_2/00002_2/0171_p03072_AtCoder_Beginner_Contest_124_-_Great_Ocean_View.cpp,qwen,gen_2,SUCCESS,,False,,CWE-398,,,CWE-398,,1
qwen/gen_2/00002_2/0172_p03214_Dwango_Programming_Contest_V_-_Thumbnail.cpp,qwen,gen_2,FAILED,,False,,CWE-398,,,CWE-398,,2
qwen/gen_2/00002_2/0175_p03686_AtCoder_Regular_Contest_076_-_Exhausted_.cpp,qwen,gen_2,SUCCESS,,False,,CWE-398,,,CWE-398,,1
qwen/gen_2/00002_2/0176_p03839_AtCoder_Grand_Contest_008_-_Contiguous_Repainting.cpp,qwen,gen_2,SUCCESS,,False,,CWE-398,,,CWE-398,,1
qwen/gen_2/00002_2/0177_p04006_AtCoder_Grand_Contest_004_-_Colorful_Slimes.cpp,qwen,gen_2,TIMEOUT,,False,,CWE-398,,,CWE-398,,1
qwen/gen_2/00002_2/0184_p01280_Galaxy_Wide_Web_Service.cpp,qwen,gen_2,TIMEOUT,,False,,CWE-398,,,CWE-398,,1
qwen/gen_2/00002_2/0186_p01600_Tree_Construction.cpp,qwen,gen_2,FAILED,,False,,,,,,,1
qwen/gen_2/00002_2/0188_p01896_Folding_Paper.cpp,qwen,gen_2,SUCCESS,,False,,CWE-563,,,CWE-563,,1
qwen/gen_2/00002_2/0189_p02033_Arrow.cpp,qwen,gen_2,TIMEOUT,,False,,CWE-398,,,CWE-398,,1
qwen/gen_2/00002_2/0190_p02176_Shortest_Crypt.cpp,qwen,gen_2,FAILED,CWE-119|CWE-476,False,,,CWE-119|CWE-476,,,,1
qwen/gen_2/00002_2/0191_p02319_0-1_Knapsack_Problem_II.cpp,qwen,gen_2,FAILED,,False,,,,,,,1
qwen/gen_2/00002_2/0196_1068_D._Array_Without_Local_Maximums_.cpp,qwen,gen_2,PARSE_ERROR,,False,,CWE-398,,,CWE-398,,1
qwen/gen_2/00002_2/0197_1090_C._New_Year_Presents.cpp,qwen,gen_2,PARSE_ERROR,,False,,CWE-398|CWE-786,,,CWE-398|CWE-786,,1
qwen/gen_2/00002_2/0198_1109_F._Sasha_and_Algorithm_of_Silence_s_Sounds.cpp,qwen,gen_2,TIMEOUT,,False,,CWE-398|CWE-571,,,CWE-398|CWE-571,,1
qwen/gen_2/00002_2/0199_1139_C._Edgy_Trees.cpp,qwen,gen_2,TIMEOUT,,False,,CWE-398|CWE-563|CWE-570,,,CWE-398|CWE-563|CWE-570,,1
qwen/gen_2/00002_2/0202_1198_A._MP3.cpp,qwen,gen_2,TIMEOUT,,False,,CWE-398,,,CWE-398,,1
qwen/gen_2/00002_2/0203_1214_H._Tiles_Placement.cpp,qwen,gen_2,PARSE_ERROR,,False,,CWE-398,,,CWE-398,,1
qwen/gen_2/00002_2/0205_1256_C._Platforms_Jumping.cpp,qwen,gen_2,SUCCESS,,False,,CWE-398|CWE-570,,,CWE-398|CWE-570,,1
qwen/gen_2/00002_2/0207_12_B._Correct_Solution_.cpp,qwen,gen_2,FAILED,,False,,CWE-398,,,CWE-398,,2
qwen/gen_2/00002_2/0208_1323_D._Present.cpp,qwen,gen_2,SUCCESS,,False,,CWE-398,,,CWE-398,,1
qwen/gen_2/00002_2/0210_1384_D._GameGame.cpp,qwen,gen_2,FAILED,,False,,CWE-398,,,CWE-398,,2
qwen/gen_2/00002_2/0211_1406_A._Subset_Mex.cpp,qwen,gen_2,PARSE_ERROR,,True,CWE-190,,,CWE-190,,,1
qwen/gen_2/00002_2/0212_1427_B._Chess_Cheater.cpp,qwen,gen_2,FAILED,,False,,,,,,,1
qwen/gen_2/00002_2/0213_1450_B._Balls_of_Steel.cpp,qwen,gen_2,TIMEOUT,,False,,CWE-398,,,CWE-398,,1
qwen/gen_2/00002_2/0214_1473_G._Tiles.cpp,qwen,gen_2,PARSE_ERROR,,False,,CWE-563,,,CWE-563,,1
qwen/gen_2/00002_2/0216_1523_B._Lord_of_the_Values.cpp,qwen,gen_2,TIMEOUT,,False,,CWE-398,,,CWE-398,,1
qwen/gen_2/00002_2/0217_155_A._I_love__username_.cpp,qwen,gen_2,SUCCESS,,False,,CWE-398,,,CWE-398,,1
qwen/gen_2/00002_2/0218_177_C1._Party.cpp,qwen,gen_2,TIMEOUT,,False,,CWE-398,,,CWE-398,,1
qwen/gen_2/00002_2/0219_221_C._Little_Elephant_and_Problem.cpp,qwen,gen_2,FAILED,,False,,CWE-570,,,CWE-570,,2
qwen/gen_2/00002_2/0220_245_D._Restoring_Table.cpp,qwen,gen_2,TIMEOUT,,False,,CWE-563,,,CWE-563,,1
qwen/gen_2/00002_2/0222_293_D._Ksusha_and_Square.cpp,qwen,gen_2,SUCCESS,,False,,CWE-563,,,CWE-563,,1
qwen/gen_2/00002_2/0224_341_B._Bubble_Sort_Graph.cpp,qwen,gen_2,TIMEOUT,,True,CWE-190,CWE-398,,CWE-190,CWE-398,,2
qwen/gen_2/00002_2/0225_364_D._Ghd.cpp,qwen,gen_2,TIMEOUT,,False,,CWE-398,,,CWE-398,,1
qwen/gen_2/00002_2/0226_388_C._Fox_and_Card_Game.cpp,qwen,gen_2,TIMEOUT,,False,,CWE-398,,,CWE-398,,1
qwen/gen_2/00002_2/0229_459_C._Pashmak_and_Buses.cpp,qwen,gen_2,TIMEOUT,,True,CWE-190,,,CWE-190,,,1
qwen/gen_2/00002_2/0231_505_B._Mr._Kitayuta_s_Colorful_Graph.cpp,qwen,gen_2,TIMEOUT,,False,,CWE-398|CWE-563,,,CWE-398|CWE-563,,1
qwen/gen_2/00002_2/0232_554_C._Kyoya_and_Colored_Balls.cpp,qwen,gen_2,SUCCESS,,False,,CWE-398,,,CWE-398,,1
qwen/gen_2/00002_2/0234_602_A._Two_Bases.cpp,qwen,gen_2,SUCCESS,,False,,CWE-398,,,CWE-398,,1
qwen/gen_2/00002_2/0235_624_D._Array_GCD.cpp,qwen,gen_2,TIMEOUT,,False,,CWE-398,,,CWE-398,,1
qwen/gen_2/00002_2/0237_698_B._Fix_a_Tree.cpp,qwen,gen_2,FAILED,,False,,,,,,,1
qwen/gen_2/00002_2/0238_719_B._Anatoly_and_Cockroaches.cpp,qwen,gen_2,FAILED,,False,,,,,,,1
qwen/gen_2/00002_2/0244_878_B._Teams_Formation.cpp,qwen,gen_2,FAILED,,False,,CWE-398,,,CWE-398,,2
qwen/gen_2/00002_2/0246_979_E._Kuro_and_Topological_Parity.cpp,qwen,gen_2,PARSE_ERROR,,False,,CWE-398,,,CWE-398,,1
qwen/gen_2/00002_2/0247_999_F._Cards_and_Joy.cpp,qwen,gen_2,TIMEOUT,,True,CWE-190,CWE-398|CWE-563,,CWE-190,CWE-398|CWE-563,,2
qwen/gen_2/00002_2/0248_p02537_ACL_Beginner_Contest_-_Flat_Subsequence.cpp,qwen,gen_2,SUCCESS,,False,,CWE-398,,,CWE-398,,1
qwen/gen_2/00002_2/0249_p02668_NOMURA_Programming_Competition_2020_-_Sorting_Game.cpp,qwen,gen_2,SUCCESS,,False,,CWE-570,,,CWE-570,,1
qwen/gen_2/00002_2/0250_p02797_Keyence_Programming_Contest_2020_-_Subarray_Sum.cpp,qwen,gen_2,FAILED,,False,,,,,,,1
qwen/gen_2/00002_2/0252_p03069_Tenka1_Programmer_Beginner_Contest_2019_-_Stones.cpp,qwen,gen_2,FAILED,,False,,,,,,,1
qwen/gen_2/00002_2/0253_p03212_AtCoder_Beginner_Contest_114_-_755.cpp,qwen,gen_2,SUCCESS,,False,,CWE-398,,,CWE-398,,1
qwen/gen_2/00002_2/0254_p03519_CODE_FESTIVAL_2017_Elimination_Tournament_Round_1__Parallel__-_Paired_Parentheses.cpp,qwen,gen_2,TIMEOUT,,False,,CWE-398,,,CWE-398,,1
qwen/gen_2/00002_2/0255_p03837_AtCoder_Beginner_Contest_051_-_Candidates_of_No_Shortest_Paths.cpp,qwen,gen_2,PARSE_ERROR,,False,,CWE-398,,,CWE-398,,1
qwen/gen_2/00002_2/0256_p04004_AtCoder_Regular_Contest_061_-_Card_Game_for_Three.cpp,qwen,gen_2,PARSE_ERROR,,False,,CWE-563|CWE-570,,,CWE-563|CWE-570,,1
qwen/gen_3/00000_3/0000_1012_E._Cycle_sort.cpp,qwen,gen_3,PARSE_ERROR,,False,,CWE-398,,,CWE-398,,1
qwen/gen_3/00000_3/0002_1060_A._Phone_Numbers.cpp,qwen,gen_3,FAILED,CWE-119|CWE-476,False,,,CWE-119|CWE-476,,,,1
qwen/gen_3/00000_3/0003_1081_G._Mergesort_Strikes_Back.cpp,qwen,gen_3,PARSE_ERROR,,True,CWE-190,,,CWE-190,,,1
qwen/gen_3/00000_3/0007_1189_D1._Add_on_a_Tree.cpp,qwen,gen_3,PARSE_ERROR,,False,,CWE-398,,,CWE-398,,1
qwen/gen_3/00000_3/0011_1291_E._Prefix_Enlightenment.cpp,qwen,gen_3,PARSE_ERROR,,False,,CWE-398|CWE-563,,,CWE-398|CWE-563,,1
qwen/gen_3/00000_3/0013_1334_D._Minimum_Euler_Cycle.cpp,qwen,gen_3,PARSE_ERROR,,False,,CWE-563,,,CWE-563,,1
qwen/gen_3/00000_3/0014_1354_F._Summoning_Minions.cpp,qwen,gen_3,PARSE_ERROR,,False,,CWE-398,,,CWE-398,,1
qwen/gen_3/00000_3/0017_1421_B._Putting_Bricks_in_the_Wall.cpp,qwen,gen_3,PARSE_ERROR,,False,,CWE-398,,,CWE-398,,1
qwen/gen_3/00000_3/0019_1466_F._Euclid_s_nightmare.cpp,qwen,gen_3,PARSE_ERROR,,False,,CWE-398,,,CWE-398,,1
qwen/gen_3/00000_3/0020_1490_G._Old_Floppy_Drive_.cpp,qwen,gen_3,PARSE_ERROR,,False,,CWE-398,,,CWE-398,,1
qwen/gen_3/00000_3/0025_235_D._Graph_Game.cpp,qwen,gen_3,PARSE_ERROR,,True,,CWE-398|CWE-563|CWE-758,,,CWE-398|CWE-563|CWE-758,,2
qwen/gen_3/00000_3/0027_284_B._Cows_and_Poker_Game.cpp,qwen,gen_3,FAILED,CWE-119|CWE-476,False,,,CWE-119|CWE-476,,,,1
qwen/gen_3/00000_3/0028_309_B._Context_Advertising.cpp,qwen,gen_3,PARSE_ERROR,,True,CWE-122,,,CWE-122,,,1
qwen/gen_3/00000_3/0030_354_E._Lucky_Number_Representation.cpp,qwen,gen_3,TIMEOUT,,False,,CWE-398,,,CWE-398,,1
qwen/gen_3/00000_3/0035_494_D._Birthday.cpp,qwen,gen_3,PARSE_ERROR,,False,,CWE-398,,,CWE-398,,1
qwen/gen_3/00000_3/0039_593_C._Beautiful_Function.cpp,qwen,gen_3,PARSE_ERROR,,False,,CWE-398|CWE-563,,,CWE-398|CWE-563,,1
qwen/gen_3/00000_3/0040_615_A._Bulbs.cpp,qwen,gen_3,PARSE_ERROR,,False,,CWE-398,,,CWE-398,,1
qwen/gen_3/00000_3/0042_663_A._Rebus.cpp,qwen,gen_3,FAILED,CWE-476|CWE-825,True,CWE-122,,CWE-476|CWE-825,CWE-122,,,2
qwen/gen_3/00000_3/0045_730_J._Bottles.cpp,qwen,gen_3,PARSE_ERROR,,False,,CWE-398|CWE-570,,,CWE-398|CWE-570,,1
qwen/gen_3/00000_3/0047_776_A._A_Serial_Killer.cpp,qwen,gen_3,FAILED,,False,,,,,,,1
qwen/gen_3/00000_3/0048_7_B._Memory_Manager.cpp,qwen,gen_3,SUCCESS,,False,,CWE-398|CWE-664,,,CWE-398|CWE-664,,1
qwen/gen_3/00000_3/0051_868_A._Bark_to_Unlock.cpp,qwen,gen_3,PARSE_ERROR,,False,,CWE-398,,,CWE-398,,1
qwen/gen_3/00000_3/0056_990_E._Post_Lamps.cpp,qwen,gen_3,PARSE_ERROR,,True,CWE-416,,,CWE-416,,,1
qwen/gen_3/00000_3/0058_p02744_Panasonic_Programming_Contest_2020_-_String_Equivalence.cpp,qwen,gen_3,PARSE_ERROR,,False,,CWE-398,,,CWE-398,,1
qwen/gen_3/00000_3/0064_p03616_AtCoder_Regular_Contest_082_-_Sandglass.cpp,qwen,gen_3,PARSE_ERROR,,False,,CWE-398|CWE-563,,,CWE-398|CWE-563,,1
qwen/gen_3/00000_3/0071_p00680_KND_Factory.cpp,qwen,gen_3,PARSE_ERROR,,False,,CWE-398,,,CWE-398,,1
qwen/gen_3/00000_3/0072_p00822_Weather_Forecast.cpp,qwen,gen_3,PARSE_ERROR,,False,,CWE-398,,,CWE-398,,1
qwen/gen_3/00000_3/0074_p01086_Short_Phrase.cpp,qwen,gen_3,TIMEOUT,,False,,CWE-398,,,CWE-398,,1
qwen/gen_3/00000_3/0075_p01222_Walk_under_a_Scorching_Sun.cpp,qwen,gen_3,PARSE_ERROR,,False,,CWE-398|CWE-563,,,CWE-398|CWE-563,,1
qwen/gen_3/00000_3/0079_p01838_Optimal_Tournament.cpp,qwen,gen_3,FAILED,,False,,,,,,,1
qwen/gen_3/00000_3/0080_p01974_Pigeonhole_principle.cpp,qwen,gen_3,ERROR,,False,,CWE-398,,,CWE-398,,1
qwen/gen_3/00000_3/0081_p02120_Cluster_Network.cpp,qwen,gen_3,PARSE_ERROR,,False,,CWE-398,,,CWE-398,,1
qwen/gen_3/00000_3/0084_101_C._Vectors.cpp,qwen,gen_3,PARSE_ERROR,,True,CWE-369,,,CWE-369,,,1
qwen/gen_3/00000_3/0085_1043_A._Elections.cpp,qwen,gen_3,SUCCESS,,False,,CWE-398,,,CWE-398,,1
qwen/gen_3/00000_3/0088_1107_D._Compression.cpp,qwen,gen_3,PARSE_ERROR,,True,CWE-369,,,CWE-369,,,1
qwen/gen_3/00000_3/0090_1155_A._Reverse_a_Substring.cpp,qwen,gen_3,PARSE_ERROR,,False,,CWE-398,,,CWE-398,,1
qwen/gen_3/00000_3/0092_1195_D2._Submarine_in_the_Rybinsk_Sea__hard_edition_.cpp,qwen,gen_3,PARSE_ERROR,,False,,CWE-398,,,CWE-398,,1
qwen/gen_3/00000_3/0094_1253_F._Cheap_Robot.cpp,qwen,gen_3,PARSE_ERROR,,True,CWE-125,CWE-398,,CWE-125,CWE-398,,2
qwen/gen_3/00000_3/0097_133_D._Piet.cpp,qwen,gen_3,PARSE_ERROR,,True,CWE-125,CWE-398,,CWE-125,CWE-398,,2
qwen/gen_3/00000_3/0098_1361_E._James_and_the_Chase.cpp,qwen,gen_3,PARSE_ERROR,,False,,CWE-398,,,CWE-398,,1
qwen/gen_3/00000_3/0108_219_A._k-String.cpp,qwen,gen_3,PARSE_ERROR,,False,,CWE-563,,,CWE-563,,1
qwen/gen_3/00000_3/0111_290_D._Orange.cpp,qwen,gen_3,FAILED,CWE-119|CWE-476,False,,,CWE-119|CWE-476,,,,1
qwen/gen_3/00000_3/0112_316_B2._EKG.cpp,qwen,gen_3,PARSE_ERROR,,False,,CWE-398,,,CWE-398,,1
qwen/gen_3/00000_3/0114_361_C._Levko_and_Array_Recovery.cpp,qwen,gen_3,PARSE_ERROR,,False,,CWE-398,,,CWE-398,,1
qwen/gen_3/00000_3/0118_455_C._Civilization.cpp,qwen,gen_3,PARSE_ERROR,,False,,CWE-398,,,CWE-398,,1
qwen/gen_3/00000_3/0119_478_A._Initial_Bet.cpp,qwen,gen_3,SUCCESS,,False,,CWE-398,,,CWE-398,,1
qwen/gen_3/00000_3/0121_526_A._King_of_Thieves.cpp,qwen,gen_3,FAILED,,False,,CWE-398,,,CWE-398,,2
qwen/gen_3/00000_3/0122_551_B._ZgukistringZ.cpp,qwen,gen_3,PARSE_ERROR,,True,CWE-476,CWE-563,,CWE-476,CWE-563,,2
qwen/gen_3/00000_3/0123_578_C._Weakness_and_Poorness.cpp,qwen,gen_3,PARSE_ERROR,,False,,CWE-398,,,CWE-398,,1
qwen/gen_3/00000_3/0124_5_A._Chat_Server_s_Outgoing_Traffic.cpp,qwen,gen_3,FAILED,CWE-476,False,,,CWE-476,,,,1
qwen/gen_3/00000_3/0127_670_B._Game_of_Robots.cpp,qwen,gen_3,FAILED,,False,,,,,,,1
qwen/gen_3/00000_3/0128_691_D._Swaps_in_Permutation.cpp,qwen,gen_3,PARSE_ERROR,,False,,CWE-398|CWE-570,,,CWE-398|CWE-570,,1
qwen/gen_3/00000_3/0129_716_D._Complete_The_Graph.cpp,qwen,gen_3,PARSE_ERROR,,False,,CWE-398,,,CWE-398,,1
qwen/gen_3/00000_3/0130_737_A._Road_to_Cinema.cpp,qwen,gen_3,PARSE_ERROR,,False,,CWE-398|CWE-563,,,CWE-398|CWE-563,,1
qwen/gen_3/00000_3/0138_920_E._Connected_Components_.cpp,qwen,gen_3,PARSE_ERROR,,False,,CWE-398,,,CWE-398,,1
qwen/gen_3/00000_3/0139_949_C._Data_Center_Maintenance.cpp,qwen,gen_3,PARSE_ERROR,,True,CWE-122,,,CWE-122,,,1
qwen/gen_3/00000_3/0141_996_F._Game.cpp,qwen,gen_3,PARSE_ERROR,,False,,CWE-398|CWE-563,,,CWE-398|CWE-563,,1
qwen/gen_3/00000_3/0142_p02652_AtCoder_Grand_Contest_045_-_01_Unbalanced.cpp,qwen,gen_3,PARSE_ERROR,,False,,CWE-398,,,CWE-398,,1
qwen/gen_3/00000_3/0145_p03052_diverta_2019_Programming_Contest_-_Edge_Ordering.cpp,qwen,gen_3,PARSE_ERROR,,False,,CWE-398,,,CWE-398,,1
qwen/gen_3/00000_3/0147_p03343_AtCoder_Regular_Contest_098_-_Range_Minimum_Queries.cpp,qwen,gen_3,PARSE_ERROR,,False,,CWE-398,,,CWE-398,,1
qwen/gen_3/00000_3/0156_p00720_Earth_Observation_with_a_Mobile_Robot_Team.cpp,qwen,gen_3,PARSE_ERROR,,False,,CWE-563,,,CWE-563,,1
qwen/gen_3/00000_3/0157_p00860_The_Morning_after_Halloween.cpp,qwen,gen_3,PARSE_ERROR,,False,,CWE-398,,,CWE-398,,1
qwen/gen_3/00000_3/0159_p01123_Let_s_Move_Tiles_.cpp,qwen,gen_3,PARSE_ERROR,,False,,CWE-398,,,CWE-398,,1
qwen/gen_3/00000_3/0160_p01262_Adaptive_Time_Slicing_Quantization.cpp,qwen,gen_3,PARSE_ERROR,,False,,CWE-398,,,CWE-398,,1
qwen/gen_3/00000_3/0161_p01422_Beautiful_Currency.cpp,qwen,gen_3,TIMEOUT,,False,,CWE-398,,,CWE-398,,1
qwen/gen_3/00000_3/0171_105_C._Item_World.cpp,qwen,gen_3,PARSE_ERROR,,False,,CWE-398,,,CWE-398,,1
qwen/gen_3/00000_3/0172_1081_D._Maximum_Distance.cpp,qwen,gen_3,PARSE_ERROR,,False,,CWE-398,,,CWE-398,,1
qwen/gen_3/00000_3/0174_1129_A2._Toy_Train.cpp,qwen,gen_3,PARSE_ERROR,,False,,CWE-563,,,CWE-563,,1
qwen/gen_3/00000_3/0179_124_D._Squares.cpp,qwen,gen_3,PARSE_ERROR,,True,CWE-190,,,CWE-190,,,1
qwen/gen_3/00000_3/0180_1269_B._Modulo_Equality.cpp,qwen,gen_3,PARSE_ERROR,,False,,CWE-398,,,CWE-398,,1
qwen/gen_3/00000_3/0186_1397_C._Multiples_of_Length.cpp,qwen,gen_3,PARSE_ERROR,,False,,CWE-563,,,CWE-563,,1
qwen/gen_3/00000_3/0187_1420_D._Rescue_Nibel_.cpp,qwen,gen_3,PARSE_ERROR,,False,,CWE-398|CWE-563,,,CWE-398|CWE-563,,1
qwen/gen_3/00000_3/0190_1490_D._Permutation_Transformation.cpp,qwen,gen_3,PARSE_ERROR,,False,,CWE-398,,,CWE-398,,1
qwen/gen_3/00000_3/0195_25_D._Roads_not_only_in_Berland.cpp,qwen,gen_3,TIMEOUT,,False,,CWE-398,,,CWE-398,,1
qwen/gen_3/00000_3/0197_306_C._White__Black_and_White_Again.cpp,qwen,gen_3,PARSE_ERROR,,False,,CWE-398,,,CWE-398,,1
qwen/gen_3/00000_3/0200_378_C._Maze.cpp,qwen,gen_3,PARSE_ERROR,,False,,CWE-563,,,CWE-563,,1
qwen/gen_3/00000_3/0202_425_A._Sereja_and_Swaps.cpp,qwen,gen_3,ERROR,,False,,CWE-398,,,CWE-398,,1
qwen/gen_3/00000_3/0206_544_E._Remembering_Strings.cpp,qwen,gen_3,PARSE_ERROR,,True,CWE-190,,,CWE-190,,,1
qwen/gen_3/00000_3/0208_592_E._BCPC.cpp,qwen,gen_3,PARSE_ERROR,,False,,CWE-398,,,CWE-398,,1
qwen/gen_3/00000_3/0209_614_C._Peter_and_Snow_Blower.cpp,qwen,gen_3,PARSE_ERROR,,False,,CWE-398,,,CWE-398,,1
qwen/gen_3/00000_3/0211_662_C._Binary_Table.cpp,qwen,gen_3,PARSE_ERROR,,False,,CWE-398,,,CWE-398,,1
qwen/gen_3/00000_3/0217_79_D._Password.cpp,qwen,gen_3,PARSE_ERROR,,True,CWE-190,CWE-398,,CWE-190,CWE-398,,2
qwen/gen_3/00000_3/0220_867_D._Gotta_Go_Fast.cpp,qwen,gen_3,PARSE_ERROR,,True,CWE-125,,,CWE-125,,,1
qwen/gen_3/00000_3/0221_893_A._Chess_For_Three.cpp,qwen,gen_3,SUCCESS,,False,,CWE-563,,,CWE-563,,1
qwen/gen_3/00000_3/0222_914_F._Substrings_in_a_String.cpp,qwen,gen_3,PARSE_ERROR,,False,,CWE-398,,,CWE-398,,1
qwen/gen_3/00000_3/0227_p02741_Panasonic_Programming_Contest_2020_-_Kth_Term.cpp,qwen,gen_3,FAILED,CWE-119,False,,CWE-398,CWE-119,,CWE-398,,2
qwen/gen_3/00000_3/0230_p03150_KEYENCE_Programming_Contest_2019_-_KEYENCE_String.cpp,qwen,gen_3,FAILED,,False,,,,,,,1
qwen/gen_3/00000_3/0231_p03294_AtCoder_Beginner_Contest_103_-_Modulo_Summation.cpp,qwen,gen_3,ERROR,,False,,CWE-398,,,CWE-398,,1
qwen/gen_3/00000_3/0232_p03452_AtCoder_Regular_Contest_090_-_People_on_a_Line.cpp,qwen,gen_3,PARSE_ERROR,,False,,CWE-563,,,CWE-563,,1
qwen/gen_3/00000_3/0235_p03940_AtCoder_Grand_Contest_007_-_Shik_and_Game.cpp,qwen,gen_3,PARSE_ERROR,,False,,CWE-398,,,CWE-398,,1
qwen/gen_3/00000_3/0236_p00032_Plastic_Board.cpp,qwen,gen_3,PARSE_ERROR,,False,,CWE-563,,,CWE-563,,1
qwen/gen_3/00000_3/0241_p00819_Unreliable_Message.cpp,qwen,gen_3,PARSE_ERROR,,False,,CWE-398,,,CWE-398,,1
qwen/gen_3/00000_3/0243_p01083_RedBlue.cpp,qwen,gen_3,PARSE_ERROR,,False,,CWE-398,,,CWE-398,,1
qwen/gen_3/00000_3/0245_p01353_Rabbit_Plays_Games_.cpp,qwen,gen_3,PARSE_ERROR,,False,,CWE-398,,,CWE-398,,1
qwen/gen_3/00000_3/0246_p01535_Markup_language_has_Declined.cpp,qwen,gen_3,PARSE_ERROR,,False,,CWE-398,,,CWE-398,,1
qwen/gen_3/00000_3/0247_p01691_Disappear_Drive.cpp,qwen,gen_3,PARSE_ERROR,,False,,CWE-398,,,CWE-398,,1
qwen/gen_3/00000_3/0249_p01970_The_Diversity_of_Prime_Factorization.cpp,qwen,gen_3,PARSE_ERROR,,False,,CWE-398,,,CWE-398,,1
qwen/gen_3/00000_3/0251_p02257_Prime_Numbers.cpp,qwen,gen_3,FAILED,,False,,CWE-398,,,CWE-398,,2
qwen/gen_3/00000_3/0253_1007_E._Mini_Metro.cpp,qwen,gen_3,PARSE_ERROR,,False,,CWE-398,,,CWE-398,,1
qwen/gen_3/00000_3/0255_1053_C._Putting_Boxes_Together.cpp,qwen,gen_3,PARSE_ERROR,,False,,CWE-398|CWE-457,,,CWE-398|CWE-457,,1
qwen/gen_3/00000_3/0256_1075_D._Intersecting_Subtrees.cpp,qwen,gen_3,PARSE_ERROR,,True,CWE-122,,,CWE-122,,,1
qwen/gen_3/00000_3/0257_1096_E._The_Top_Scorer.cpp,qwen,gen_3,PARSE_ERROR,,False,,CWE-398,,,CWE-398,,1
qwen/gen_3/00000_3/0258_1117_F._Crisp_String.cpp,qwen,gen_3,PARSE_ERROR,,False,,CWE-398,,,CWE-398,,1
qwen/gen_3/00000_3/0259_1144_B._Parity_Alternated_Deletions.cpp,qwen,gen_3,PARSE_ERROR,,False,,CWE-570,,,CWE-570,,1
qwen/gen_3/00000_3/0260_1165_A._Remainder.cpp,qwen,gen_3,PARSE_ERROR,,False,,CWE-398,,,CWE-398,,1
qwen/gen_3/00000_3/0261_1184_B3._The_Doctor_Meets_Vader__Hard_.cpp,qwen,gen_3,PARSE_ERROR,,False,,CWE-398|CWE-563,,,CWE-398|CWE-563,,1
qwen/gen_3/00000_3/0262_1202_C._You_Are_Given_a_WASD-string....cpp,qwen,gen_3,PARSE_ERROR,,False,,CWE-398,,,CWE-398,,1
qwen/gen_3/00000_3/0263_1219_H._Function_Composition.cpp,qwen,gen_3,PARSE_ERROR,,False,,CWE-758,,,CWE-758,,1
qwen/gen_3/00000_3/0264_1244_C._The_Football_Season.cpp,qwen,gen_3,SUCCESS,,False,,CWE-398,,,CWE-398,,1
qwen/gen_3/00000_3/0269_1348_F._Phoenix_and_Memory.cpp,qwen,gen_3,PARSE_ERROR,,False,,CWE-398,,,CWE-398,,1
qwen/gen_3/00000_3/0272_1413_F._Roads_and_Ramen.cpp,qwen,gen_3,PARSE_ERROR,,False,,CWE-563,,,CWE-563,,1
qwen/gen_3/00000_3/0273_1455_F._String_and_Operations.cpp,qwen,gen_3,PARSE_ERROR,,False,,CWE-398,,,CWE-398,,1
qwen/gen_3/00000_3/0274_147_B._Smile_House.cpp,qwen,gen_3,PARSE_ERROR,,False,,CWE-398,,,CWE-398,,1
qwen/gen_3/00000_3/0275_1506_F._Triangular_Paths.cpp,qwen,gen_3,PARSE_ERROR,,False,,CWE-563,,,CWE-563,,1
qwen/gen_3/00001_3/0000_152_E._Garden.cpp,qwen,gen_3,TIMEOUT,,True,CWE-190,CWE-398,,CWE-190,CWE-398,,2
qwen/gen_3/00001_3/0001_161_B._Discounts.cpp,qwen,gen_3,PARSE_ERROR,,False,,CWE-398,,,CWE-398,,1
qwen/gen_3/00001_3/0003_203_E._Transportation.cpp,qwen,gen_3,PARSE_ERROR,,True,CWE-190,CWE-398,,CWE-190,CWE-398,,2
qwen/gen_3/00001_3/0004_228_D._Zigzag.cpp,qwen,gen_3,FAILED,,False,,,,,,,1
qwen/gen_3/00001_3/0006_277_C._Game.cpp,qwen,gen_3,PARSE_ERROR,,True,CWE-190,CWE-563,,CWE-190,CWE-563,,2
qwen/gen_3/00001_3/0008_323_C._Two_permutations.cpp,qwen,gen_3,SUCCESS,,False,,CWE-398|CWE-563|CWE-571,,,CWE-398|CWE-563|CWE-571,,1
qwen/gen_3/00001_3/0009_348_A._Mafia.cpp,qwen,gen_3,SUCCESS,,False,,CWE-398,,,CWE-398,,1
qwen/gen_3/00001_3/0012_415_E._Mashmokh_and_Reverse_Operation.cpp,qwen,gen_3,TIMEOUT,,True,CWE-122,CWE-398,,CWE-122,CWE-398,,2
qwen/gen_3/00001_3/0013_442_C._Artem_and_Array_.cpp,qwen,gen_3,PARSE_ERROR,,False,,CWE-398,,,CWE-398,,1
qwen/gen_3/00001_3/0014_464_D._World_of_Darkraft_-_2.cpp,qwen,gen_3,TIMEOUT,,False,,CWE-563,,,CWE-563,,1
qwen/gen_3/00001_3/0016_512_B._Fox_And_Jumping.cpp,qwen,gen_3,PARSE_ERROR,,True,CWE-190,,,CWE-190,,,1
qwen/gen_3/00001_3/0020_609_B._The_Best_Gift.cpp,qwen,gen_3,SUCCESS,,False,,CWE-398,,,CWE-398,,1
qwen/gen_3/00001_3/0023_67_E._Save_the_City_.cpp,qwen,gen_3,TIMEOUT,,False,,CWE-398,,,CWE-398,,1
qwen/gen_3/00001_3/0025_724_F._Uniformly_Branched_Trees.cpp,qwen,gen_3,SUCCESS,,False,,CWE-563|CWE-570,,,CWE-563|CWE-570,,1
qwen/gen_3/00001_3/0027_76_B._Mice.cpp,qwen,gen_3,FAILED,,False,,CWE-398,,,CWE-398,,2
qwen/gen_3/00001_3/0029_814_C._An_impassioned_circulation_of_affection.cpp,qwen,gen_3,FAILED,,True,CWE-190,,,CWE-190,,,2
qwen/gen_3/00001_3/0030_83_C._Track.cpp,qwen,gen_3,TIMEOUT,,False,,CWE-398|CWE-563,,,CWE-398|CWE-563,,1
qwen/gen_3/00001_3/0032_909_D._Colorful_Points.cpp,qwen,gen_3,SUCCESS,,False,,CWE-398,,,CWE-398,,1
qwen/gen_3/00001_3/0034_958_E2._Guard_Duty__medium_.cpp,qwen,gen_3,TIMEOUT,,False,,CWE-398,,,CWE-398,,1
qwen/gen_3/00001_3/0035_985_A._Chess_Placing.cpp,qwen,gen_3,FAILED,,False,,CWE-398,,,CWE-398,,2
qwen/gen_3/00001_3/0036_p02574_AtCoder_Beginner_Contest_177_-_Coprime.cpp,qwen,gen_3,TIMEOUT,,False,,CWE-398,,,CWE-398,,1
qwen/gen_3/00001_3/0045_p04048_AtCoder_Grand_Contest_001_-_Mysterious_Light.cpp,qwen,gen_3,SUCCESS,,False,,CWE-563,,,CWE-563,,1
qwen/gen_3/00001_3/0048_p00447_Searching_Constellation.cpp,qwen,gen_3,TIMEOUT,,False,,CWE-398,,,CWE-398,,1
qwen/gen_3/00001_3/0053_p01179_Cousin_s_Aunt.cpp,qwen,gen_3,SUCCESS,,False,,CWE-563,,,CWE-563,,1
qwen/gen_3/00001_3/0056_p01797_Kimagure_Cleaner.cpp,qwen,gen_3,FAILED,,False,,,,,,,1
qwen/gen_3/00001_3/0057_p01931_Check_answers.cpp,qwen,gen_3,FAILED,,False,,,,,,,1
qwen/gen_3/00001_3/0058_p02211_Apple_Adventure.cpp,qwen,gen_3,PARSE_ERROR,,False,,CWE-398,,,CWE-398,,1
qwen/gen_3/00001_3/0059_1003_D._Coins_and_Queries.cpp,qwen,gen_3,PARSE_ERROR,,False,,CWE-563,,,CWE-563,,1
qwen/gen_3/00001_3/0060_1027_E._Inverse_Coloring.cpp,qwen,gen_3,PARSE_ERROR,,False,,CWE-398,,,CWE-398,,1
qwen/gen_3/00001_3/0062_1070_C._Cloud_Computing.cpp,qwen,gen_3,PARSE_ERROR,,False,,CWE-398,,,CWE-398,,1
qwen/gen_3/00001_3/0064_1110_E._Magic_Stones.cpp,qwen,gen_3,PARSE_ERROR,,False,,CWE-398,,,CWE-398,,1
qwen/gen_3/00001_3/0065_1140_B._Good_String.cpp,qwen,gen_3,TIMEOUT,,False,,CWE-563,,,CWE-563,,1
qwen/gen_3/00001_3/0066_1158_F._Density_of_subarrays.cpp,qwen,gen_3,PARSE_ERROR,,True,CWE-190,CWE-398,,CWE-190,CWE-398,,2
qwen/gen_3/00001_3/0071_1301_B._Motarack_s_Birthday.cpp,qwen,gen_3,FAILED,,False,,,,,,,1
qwen/gen_3/00001_3/0073_1344_A._Hilbert_s_Hotel.cpp,qwen,gen_3,TIMEOUT,,False,,CWE-398,,,CWE-398,,1
qwen/gen_3/00001_3/0077_1451_D._Circle_Game.cpp,qwen,gen_3,SUCCESS,,False,,CWE-570,,,CWE-570,,1
qwen/gen_3/00001_3/0079_1500_B._Two_chandeliers.cpp,qwen,gen_3,FAILED,,False,,,,,,,1
qwen/gen_3/00001_3/0080_157_A._Game_Outcome.cpp,qwen,gen_3,TIMEOUT,,False,,CWE-398,,,CWE-398,,1
qwen/gen_3/00001_3/0081_19_B._Checkout_Assistant.cpp,qwen,gen_3,TIMEOUT,,False,,CWE-563,,,CWE-563,,1
qwen/gen_3/00001_3/0082_223_C._Partial_Sums.cpp,qwen,gen_3,FAILED,,True,CWE-190,,,CWE-190,,,2
qwen/gen_3/00001_3/0083_248_A._Cupboards.cpp,qwen,gen_3,PARSE_ERROR,,False,,CWE-398,,,CWE-398,,1
qwen/gen_3/00001_3/0084_272_B._Dima_and_Sequence.cpp,qwen,gen_3,TIMEOUT,,False,,CWE-398,,,CWE-398,,1
qwen/gen_3/00001_3/0087_366_D._Dima_and_Trap_Graph.cpp,qwen,gen_3,PARSE_ERROR,,False,,CWE-398,,,CWE-398,,1
qwen/gen_3/00001_3/0088_38_C._Blinds.cpp,qwen,gen_3,SUCCESS,,False,,CWE-398,,,CWE-398,,1
qwen/gen_3/00001_3/0090_438_A._The_Child_and_Toy.cpp,qwen,gen_3,TIMEOUT,,False,,CWE-398,,,CWE-398,,1
qwen/gen_3/00001_3/0093_556_C._Case_of_Matryoshkas.cpp,qwen,gen_3,TIMEOUT,,False,,CWE-398,,,CWE-398,,1
qwen/gen_3/00001_3/0094_582_A._GCD_Table.cpp,qwen,gen_3,FAILED,,True,CWE-122,CWE-398|CWE-570,,CWE-122,CWE-398|CWE-570,,3
qwen/gen_3/00001_3/0095_604_A._Uncowed_Forces.cpp,qwen,gen_3,SUCCESS,,False,,CWE-398,,,CWE-398,,1
qwen/gen_3/00001_3/0097_650_B._Image_Preview.cpp,qwen,gen_3,FAILED,CWE-119,False,,,CWE-119,,,,1
qwen/gen_3/00001_3/0102_765_D._Artsem_and_Saunders.cpp,qwen,gen_3,PARSE_ERROR,,False,,CWE-398,,,CWE-398,,1
qwen/gen_3/00001_3/0103_789_A._Anastasia_and_pebbles.cpp,qwen,gen_3,SUCCESS,,False,,CWE-398,,,CWE-398,,1
qwen/gen_3/00001_3/0105_855_D._Rowena_Ravenclaw_s_Diadem.cpp,qwen,gen_3,FAILED,,False,,,,,,,1
qwen/gen_3/00001_3/0107_903_D._Almost_Difference.cpp,qwen,gen_3,SUCCESS,,False,,CWE-398,,,CWE-398,,1
qwen/gen_3/00001_3/0108_925_E._May_Holidays.cpp,qwen,gen_3,TIMEOUT,,False,,CWE-398,,,CWE-398,,1
qwen/gen_3/00001_3/0110_980_E._The_Number_Games.cpp,qwen,gen_3,PARSE_ERROR,,False,,CWE-398,,,CWE-398,,1
qwen/gen_3/00001_3/0111_9_E._Interesting_Graph_and_Apples.cpp,qwen,gen_3,TIMEOUT,,False,,CWE-398|CWE-563|CWE-570,,,CWE-398|CWE-563|CWE-570,,1
qwen/gen_3/00001_3/0114_p02807_Dwango_Programming_Contest_6th_-_Fusing_Slimes.cpp,qwen,gen_3,FAILED,,False,,,,,,,1
qwen/gen_3/00001_3/0116_p03080_ExaWizards_2019_-_Red_or_Blue.cpp,qwen,gen_3,FAILED,,False,,,,,,,1
qwen/gen_3/00001_3/0118_p03371_AtCoder_Beginner_Contest_095_-_Half_and_Half.cpp,qwen,gen_3,SUCCESS,,False,,CWE-398|CWE-563,,,CWE-398|CWE-563,,1
qwen/gen_3/00001_3/0119_p03534_CODE_FESTIVAL_2017_Final__Parallel__-_Palindrome-phobia.cpp,qwen,gen_3,SUCCESS,,False,,CWE-398|CWE-563,,,CWE-398|CWE-563,,1
qwen/gen_3/00001_3/0120_p03694_AtCoder_Beginner_Contest_064_-_Traveling_AtCoDeer_Problem.cpp,qwen,gen_3,TIMEOUT,,False,,CWE-398,,,CWE-398,,1
qwen/gen_3/00001_3/0125_p00395_Maze_and_Items.cpp,qwen,gen_3,PARSE_ERROR,,False,,CWE-398,,,CWE-398,,1
qwen/gen_3/00001_3/0127_p00748_Pollock_s_conjecture.cpp,qwen,gen_3,TIMEOUT,,False,,CWE-398,,,CWE-398,,1
qwen/gen_3/00001_3/0130_p01150_Eight_Princes.cpp,qwen,gen_3,SUCCESS,,False,,CWE-563,,,CWE-563,,1
qwen/gen_3/00001_3/0132_p01458_Kth_Sentence.cpp,qwen,gen_3,PARSE_ERROR,,False,,CWE-398,,,CWE-398,,1
qwen/gen_3/00001_3/0133_p01609_One.cpp,qwen,gen_3,PARSE_ERROR,,False,,CWE-563,,,CWE-563,,1
qwen/gen_3/00001_3/0135_p01904_Minimum_Enclosing_Rectangle.cpp,qwen,gen_3,FAILED,,False,,,,,,,1
qwen/gen_3/00001_3/0136_p02042_ABSum.cpp,qwen,gen_3,TIMEOUT,,False,,CWE-398,,,CWE-398,,1
qwen/gen_3/00001_3/0137_p02185_Many_Decimal_Integers.cpp,qwen,gen_3,SUCCESS,,False,,CWE-398,,,CWE-398,,1
qwen/gen_3/00001_3/0139_p02472_Addition_of_Big_Integers.cpp,qwen,gen_3,FAILED,,False,,,,,,,1
qwen/gen_3/00001_3/0140_1011_A._Stages.cpp,qwen,gen_3,PARSE_ERROR,,False,,CWE-398,,,CWE-398,,1
qwen/gen_3/00001_3/0145_1121_A._Technogoblet_of_Fire.cpp,qwen,gen_3,FAILED,,False,,,,,,,1
qwen/gen_3/00001_3/0146_1148_C._Crazy_Diamond.cpp,qwen,gen_3,TIMEOUT,,False,,CWE-398,,,CWE-398,,1
qwen/gen_3/00001_3/0147_1169_E._And_Reachability.cpp,qwen,gen_3,TIMEOUT,,False,,CWE-398,,,CWE-398,,1
qwen/gen_3/00001_3/0148_1187_G._Gang_Up.cpp,qwen,gen_3,TIMEOUT,,True,CWE-190,CWE-398,,CWE-190,CWE-398,,2
qwen/gen_3/00001_3/0150_1225_B1._TV_Subscriptions__Easy_Version_.cpp,qwen,gen_3,TIMEOUT,,False,,CWE-398,,,CWE-398,,1
qwen/gen_3/00001_3/0151_1249_D1._Too_Many_Segments__easy_version_.cpp,qwen,gen_3,FAILED,,False,,CWE-398,,,CWE-398,,2
qwen/gen_3/00001_3/0153_1290_A._Mind_Control.cpp,qwen,gen_3,TIMEOUT,,False,,CWE-563,,,CWE-563,,1
qwen/gen_3/00001_3/0154_1332_G._No_Monotone_Triples.cpp,qwen,gen_3,PARSE_ERROR,,False,,CWE-398,,,CWE-398,,1
qwen/gen_3/00001_3/0155_1353_C._Board_Moves.cpp,qwen,gen_3,SUCCESS,,False,,CWE-563,,,CWE-563,,1
qwen/gen_3/00001_3/0157_1396_A._Multiples_of_Length.cpp,qwen,gen_3,FAILED,,False,,,,,,,1
qwen/gen_3/00001_3/0158_141_C._Queue.cpp,qwen,gen_3,TIMEOUT,,False,,CWE-398,,,CWE-398,,1
qwen/gen_3/00001_3/0160_148_B._Escape.cpp,qwen,gen_3,SUCCESS,,False,,CWE-563,,,CWE-563,,1
qwen/gen_3/00001_3/0161_1511_F._Chainword.cpp,qwen,gen_3,TIMEOUT,,False,,CWE-398|CWE-563|CWE-570,,,CWE-398|CWE-563|CWE-570,,1
qwen/gen_3/00001_3/0163_166_A._Rank_List.cpp,qwen,gen_3,TIMEOUT,,True,CWE-122,CWE-398,,CWE-122,CWE-398,,2
qwen/gen_3/00001_3/0165_207_D9._The_Beaver_s_Problem_-_3.cpp,qwen,gen_3,FAILED,CWE-476|CWE-825,False,,CWE-398,CWE-476|CWE-825,,CWE-398,,2
qwen/gen_3/00001_3/0169_305_A._Strange_Addition.cpp,qwen,gen_3,TIMEOUT,,True,CWE-190,CWE-398,,CWE-190,CWE-398,,2
qwen/gen_3/00001_3/0170_352_E._Jeff_and_Brackets.cpp,qwen,gen_3,FAILED,,True,CWE-190,CWE-563,,CWE-190,CWE-563,,3
qwen/gen_3/00001_3/0172_399_C._Cards.cpp,qwen,gen_3,TIMEOUT,,True,CWE-190,,,CWE-190,,,1
qwen/gen_3/00001_3/0173_421_D._Bug_in_Code.cpp,qwen,gen_3,SUCCESS,,False,,CWE-398,,,CWE-398,,1
qwen/gen_3/00001_3/0176_516_C._Drazil_and_Park.cpp,qwen,gen_3,TIMEOUT,,False,,CWE-398,,,CWE-398,,1
qwen/gen_3/00001_3/0177_543_C._Remembering_Strings.cpp,qwen,gen_3,TIMEOUT,,True,CWE-190,,,CWE-190,,,1
qwen/gen_3/00001_3/0178_56_E._Domino_Principle.cpp,qwen,gen_3,SUCCESS,,False,,CWE-398,,,CWE-398,,1
qwen/gen_3/00001_3/0180_613_A._Peter_and_Snow_Blower.cpp,qwen,gen_3,PARSE_ERROR,,False,,CWE-563,,,CWE-563,,1
qwen/gen_3/00001_3/0182_685_D._Kay_and_Eternity.cpp,qwen,gen_3,SUCCESS,,False,,CWE-398,,,CWE-398,,1
qwen/gen_3/00001_3/0184_799_D._Field_expansion.cpp,qwen,gen_3,SUCCESS,,True,CWE-190,,,CWE-190,,,1
qwen/gen_3/00001_3/0185_865_D._Buy_Low_Sell_High.cpp,qwen,gen_3,SUCCESS,,True,CWE-190,,,CWE-190,,,1
qwen/gen_3/00001_3/0186_891_D._Sloth.cpp,qwen,gen_3,TIMEOUT,,False,,CWE-398,,,CWE-398,,1
qwen/gen_3/00001_3/0187_913_G._Power_Substring.cpp,qwen,gen_3,TIMEOUT,,True,CWE-190,,,CWE-190,,,1
qwen/gen_3/00001_3/0193_p02868_NIKKEI_Programming_Contest_2019-2_-_Shortest_Path_on_a_Line.cpp,qwen,gen_3,PARSE_ERROR,,False,,CWE-398,,,CWE-398,,1
qwen/gen_3/00001_3/0195_p03143_NIKKEI_Programming_Contest_2019_-_Weights_on_Vertices_and_Edges.cpp,qwen,gen_3,PARSE_ERROR,,False,,CWE-398|CWE-563,,,CWE-398|CWE-563,,1
qwen/gen_3/00001_3/0197_p03443_AtCoder_Petrozavodsk_Contest_001_-_Colorful_Doors.cpp,qwen,gen_3,FAILED,,False,,CWE-398|CWE-563,,,CWE-398|CWE-563,,2
qwen/gen_3/00001_3/0199_p03932_square869120Contest__3_-_Souvenirs.cpp,qwen,gen_3,TIMEOUT,,False,,CWE-398,,,CWE-398,,1
qwen/gen_3/00001_3/0200_p00025_Hit_and_Blow.cpp,qwen,gen_3,SUCCESS,,False,,CWE-398,,,CWE-398,,1
qwen/gen_3/00001_3/0201_p00156_Moats_around_the_Castle.cpp,qwen,gen_3,TIMEOUT,,False,,CWE-398|CWE-563,,,CWE-398|CWE-563,,1
qwen/gen_3/00001_3/0202_p00313_Secret_Investigation.cpp,qwen,gen_3,TIMEOUT,,False,,CWE-398,,,CWE-398,,1
qwen/gen_3/00001_3/0205_p00812_Equals_are_Equals.cpp,qwen,gen_3,PARSE_ERROR,,False,,CWE-398,,,CWE-398,,1
qwen/gen_3/00001_3/0206_p00943_Routing_a_Marathon_Race.cpp,qwen,gen_3,TIMEOUT,,False,,CWE-398,,,CWE-398,,1
qwen/gen_3/00001_3/0208_p01210_Speed.cpp,qwen,gen_3,TIMEOUT,,False,,CWE-398|CWE-563|CWE-570,,,CWE-398|CWE-563|CWE-570,,1
qwen/gen_3/00001_3/0209_p01346_Ropeway.cpp,qwen,gen_3,SUCCESS,,False,,CWE-563,,,CWE-563,,1
qwen/gen_3/00001_3/0213_p01963_Separate_String.cpp,qwen,gen_3,PARSE_ERROR,,False,,CWE-398,,,CWE-398,,1
qwen/gen_3/00001_3/0215_p02250_Multiple_String_Matching.cpp,qwen,gen_3,FAILED,,False,,,,,,,1
qwen/gen_3/00001_3/0217_1016_C._Vasya_And_The_Mushrooms.cpp,qwen,gen_3,PARSE_ERROR,,False,,CWE-398|CWE-571,,,CWE-398|CWE-571,,1
qwen/gen_3/00001_3/0218_103_C._Russian_Roulette.cpp,qwen,gen_3,FAILED,,False,,CWE-563,,,CWE-563,,2
qwen/gen_3/00001_3/0220_1084_C._The_Fair_Nut_and_String.cpp,qwen,gen_3,SUCCESS,,True,CWE-190,CWE-398,,CWE-190,CWE-398,,2
qwen/gen_3/00001_3/0222_1131_E._String_Multiplication.cpp,qwen,gen_3,SUCCESS,,True,CWE-121,,,CWE-121,,,1
qwen/gen_3/00001_3/0224_1191_C._Tokitsukaze_and_Discard_Items.cpp,qwen,gen_3,TIMEOUT,,False,,CWE-563,,,CWE-563,,1
qwen/gen_3/00001_3/0225_120_C._Winnie-the-Pooh_and_honey.cpp,qwen,gen_3,SUCCESS,,False,,CWE-398,,,CWE-398,,1
qwen/gen_3/00001_3/0227_1251_E1._Voting__Easy_Version_.cpp,qwen,gen_3,TIMEOUT,,False,,CWE-398,,,CWE-398,,1
qwen/gen_3/00001_3/0228_1271_C._Shawarma_Tent.cpp,qwen,gen_3,FAILED,,False,,CWE-570,,,CWE-570,,2
qwen/gen_3/00001_3/0229_1294_D._MEX_maximizing.cpp,qwen,gen_3,TIMEOUT,,False,,CWE-563,,,CWE-563,,1
qwen/gen_3/00001_3/0230_1315_D._Recommendations.cpp,qwen,gen_3,PARSE_ERROR,,True,CWE-190,,,CWE-190,,,1
qwen/gen_3/00001_3/0231_1336_F._Journey.cpp,qwen,gen_3,TIMEOUT,,False,,CWE-398,,,CWE-398,,1
qwen/gen_3/00001_3/0232_1359_D._Yet_Another_Yet_Another_Task.cpp,qwen,gen_3,SUCCESS,,False,,CWE-398,,,CWE-398,,1
qwen/gen_3/00001_3/0233_1379_F1._Chess_Strikes_Back__easy_version_.cpp,qwen,gen_3,TIMEOUT,,False,,CWE-563,,,CWE-563,,1
qwen/gen_3/00001_3/0234_1423_H._Virus.cpp,qwen,gen_3,TIMEOUT,,False,,CWE-398,,,CWE-398,,1
qwen/gen_3/00001_3/0235_1443_A._Kids_Seating.cpp,qwen,gen_3,TIMEOUT,,True,CWE-122,,,CWE-122,,,1
qwen/gen_3/00001_3/0236_1468_J._Road_Reform.cpp,qwen,gen_3,PARSE_ERROR,,False,,CWE-398,,,CWE-398,,1
qwen/gen_3/00001_3/0238_1515_I._Phoenix_and_Diamonds.cpp,qwen,gen_3,TIMEOUT,,False,,CWE-398,,,CWE-398,,1
qwen/gen_3/00001_3/0240_191_A._Dynasty_Puzzles.cpp,qwen,gen_3,TIMEOUT,,True,CWE-190,,,CWE-190,,,1
qwen/gen_3/00001_3/0244_287_D._Shifting.cpp,qwen,gen_3,PARSE_ERROR,,False,,CWE-563,,,CWE-563,,1
qwen/gen_3/00001_3/0245_312_D._Cats_Transport.cpp,qwen,gen_3,TIMEOUT,,False,,CWE-398,,,CWE-398,,1
qwen/gen_3/00001_3/0247_381_A._Sereja_and_Dima.cpp,qwen,gen_3,FAILED,,False,,,,,,,1
qwen/gen_3/00001_3/0249_42_A._Guilty___to_the_kitchen_.cpp,qwen,gen_3,SUCCESS,,False,,CWE-398,,,CWE-398,,1
qwen/gen_3/00001_3/0252_521_C._Pluses_everywhere.cpp,qwen,gen_3,PARSE_ERROR,,False,,CWE-398,,,CWE-398,,1
qwen/gen_3/00001_3/0253_548_E._Mike_and_Foam.cpp,qwen,gen_3,TIMEOUT,,False,,CWE-398,,,CWE-398,,1
qwen/gen_3/00001_3/0254_575_B._Bribes.cpp,qwen,gen_3,PARSE_ERROR,,False,,CWE-398,,,CWE-398,,1
qwen/gen_3/00001_3/0256_666_B._World_Tour.cpp,qwen,gen_3,PARSE_ERROR,,False,,CWE-398,,,CWE-398,,1
qwen/gen_3/00001_3/0258_712_D._Memory_and_Scores.cpp,qwen,gen_3,PARSE_ERROR,,False,,CWE-398,,,CWE-398,,1
qwen/gen_3/00001_3/0259_757_D._Felicity_s_Big_Secret_Revealed.cpp,qwen,gen_3,TIMEOUT,,False,,CWE-398,,,CWE-398,,1
qwen/gen_3/00002_3/0000_825_E._Minimal_Labels.cpp,qwen,gen_3,PARSE_ERROR,,False,,CWE-398,,,CWE-398,,1
qwen/gen_3/00002_3/0001_848_C._Goodbye_Souvenir.cpp,qwen,gen_3,PARSE_ERROR,,True,CWE-190,CWE-398|CWE-563,,CWE-190,CWE-398|CWE-563,,2
qwen/gen_3/00002_3/0002_870_A._Search_for_Pretty_Integers.cpp,qwen,gen_3,PARSE_ERROR,,False,,CWE-398,,,CWE-398,,1
qwen/gen_3/00002_3/0003_896_E._Welcome_home__Chtholly.cpp,qwen,gen_3,PARSE_ERROR,,False,,CWE-563,,,CWE-563,,1
qwen/gen_3/00002_3/0007_993_D._Compute_Power.cpp,qwen,gen_3,PARSE_ERROR,,False,,CWE-398,,,CWE-398,,1
qwen/gen_3/00002_3/0010_p02896_AtCoder_Grand_Contest_039_-_Min_Product_Sum.cpp,qwen,gen_3,PARSE_ERROR,,False,,CWE-563,,,CWE-563,,1
qwen/gen_3/00002_3/0011_p03031_AtCoder_Beginner_Contest_128_-_Switches.cpp,qwen,gen_3,PARSE_ERROR,,False,,CWE-398,,,CWE-398,,1
qwen/gen_3/00002_3/0014_p03474_AtCoder_Beginner_Contest_084_-_Postal_Code.cpp,qwen,gen_3,PARSE_ERROR,,False,,CWE-398,,,CWE-398,,1
qwen/gen_3/00002_3/0020_p00698_Missing_Numbers.cpp,qwen,gen_3,PARSE_ERROR,,False,,CWE-398,,,CWE-398,,1
qwen/gen_3/00002_3/0021_p00839_Organize_Your_Train.cpp,qwen,gen_3,PARSE_ERROR,,False,,CWE-398,,,CWE-398,,1
qwen/gen_3/00002_3/0022_p00971_Shortest_Common_Non-Subsequence.cpp,qwen,gen_3,PARSE_ERROR,,False,,CWE-563,,,CWE-563,,1
qwen/gen_3/00002_3/0025_p01402_Anipero.cpp,qwen,gen_3,PARSE_ERROR,,False,,CWE-398,,,CWE-398,,1
qwen/gen_3/00002_3/0026_p01556_ConvexCut.cpp,qwen,gen_3,PARSE_ERROR,,False,,CWE-398,,,CWE-398,,1
qwen/gen_3/00002_3/0027_p01711_Idempotent_Filter.cpp,qwen,gen_3,FAILED,,False,,,,,,,1
qwen/gen_3/00002_3/0034_1031_B._Curiosity_Has_No_Limits.cpp,qwen,gen_3,PARSE_ERROR,,False,,CWE-398,,,CWE-398,,1
qwen/gen_3/00002_3/0036_1076_B._Divisor_Subtraction.cpp,qwen,gen_3,PARSE_ERROR,,True,CWE-190,,,CWE-190,,,1
qwen/gen_3/00002_3/0038_1118_C._Palindromic_Matrix.cpp,qwen,gen_3,PARSE_ERROR,,True,CWE-122,,,CWE-122,,,1
qwen/gen_3/00002_3/0039_1144_F._Graph_Without_Long_Directed_Paths.cpp,qwen,gen_3,PARSE_ERROR,,True,CWE-122,,,CWE-122,,,1
qwen/gen_3/00002_3/0043_121_C._Lucky_Permutation.cpp,qwen,gen_3,PARSE_ERROR,,True,CWE-125,CWE-570,,CWE-125,CWE-570,,2
qwen/gen_3/00002_3/0047_1305_B._Kuroni_and_Simple_Strings.cpp,qwen,gen_3,PARSE_ERROR,,False,,CWE-398,,,CWE-398,,1
qwen/gen_3/00002_3/0050_136_B._Ternary_Logic.cpp,qwen,gen_3,TIMEOUT,,False,,CWE-398,,,CWE-398,,1
qwen/gen_3/00002_3/0051_1392_B._Omkar_and_Infinity_Clock.cpp,qwen,gen_3,PARSE_ERROR,,False,,CWE-398,,,CWE-398,,1
qwen/gen_3/00002_3/0052_1416_D._Graph_and_Queries.cpp,qwen,gen_3,PARSE_ERROR,,False,,CWE-398,,,CWE-398,,1
qwen/gen_3/00002_3/0056_1508_C._Complete_the_MST.cpp,qwen,gen_3,PARSE_ERROR,,False,,CWE-398,,,CWE-398,,1
qwen/gen_3/00002_3/0057_1534_D._Lost_Tree.cpp,qwen,gen_3,PARSE_ERROR,,False,,CWE-398,,,CWE-398,,1
qwen/gen_3/00002_3/0060_229_C._Triangles.cpp,qwen,gen_3,PARSE_ERROR,,True,CWE-190,,,CWE-190,,,1
qwen/gen_3/00002_3/0062_278_B._New_Problem.cpp,qwen,gen_3,PARSE_ERROR,,False,,CWE-398,,,CWE-398,,1
qwen/gen_3/00002_3/0063_300_A._Array.cpp,qwen,gen_3,PARSE_ERROR,,True,CWE-122,,,CWE-122,,,1
qwen/gen_3/00002_3/0065_348_E._Pilgrims.cpp,qwen,gen_3,PARSE_ERROR,,False,,CWE-398,,,CWE-398,,1
qwen/gen_3/00002_3/0075_587_D._Duff_in_Mafia.cpp,qwen,gen_3,PARSE_ERROR,,True,CWE-476,CWE-398,,CWE-476,CWE-398,,2
qwen/gen_3/00002_3/0076_609_F._Frogs_and_mosquitoes.cpp,qwen,gen_3,PARSE_ERROR,,False,,CWE-398,,,CWE-398,,1
qwen/gen_3/00002_3/0080_703_C._Chris_and_Road.cpp,qwen,gen_3,PARSE_ERROR,,False,,CWE-563,,,CWE-563,,1
qwen/gen_3/00002_3/0082_747_C._Servers.cpp,qwen,gen_3,PARSE_ERROR,,False,,CWE-563,,,CWE-563,,1
qwen/gen_3/00002_3/0084_794_C._Naming_Company.cpp,qwen,gen_3,PARSE_ERROR,,False,,CWE-398,,,CWE-398,,1
qwen/gen_3/00002_3/0086_840_B._Leha_and_another_game_about_graph.cpp,qwen,gen_3,PARSE_ERROR,,False,,CWE-398,,,CWE-398,,1
qwen/gen_3/00002_3/0087_860_C._Tests_Renumeration.cpp,qwen,gen_3,PARSE_ERROR,,True,CWE-122,,,CWE-122,,,1
qwen/gen_3/00002_3/0088_887_B._Cubes_for_Masha.cpp,qwen,gen_3,PARSE_ERROR,,False,,CWE-398,,,CWE-398,,1
qwen/gen_3/00002_3/0095_p02838_AtCoder_Beginner_Contest_147_-_Xor_Sum_4.cpp,qwen,gen_3,PARSE_ERROR,,False,,CWE-398,,,CWE-398,,1
qwen/gen_3/00002_3/0096_p02975_AtCoder_Grand_Contest_035_-_XOR_Circle.cpp,qwen,gen_3,PARSE_ERROR,,False,,CWE-398,,,CWE-398,,1
qwen/gen_3/00002_3/0101_p03729_AtCoder_Beginner_Contest_060_-_Shiritori.cpp,qwen,gen_3,FAILED,,False,,,,,,,1
qwen/gen_3/00002_3/0103_p04052_AtCoder_Grand_Contest_001_-_Wide_Swap.cpp,qwen,gen_3,PARSE_ERROR,,False,,CWE-398,,,CWE-398,,1
qwen/gen_3/00002_3/0108_p00786_BUT_We_Need_a_Diagram.cpp,qwen,gen_3,PARSE_ERROR,,False,,CWE-398|CWE-563,,,CWE-398|CWE-563,,1
qwen/gen_3/00002_3/0109_p00918_Dragon_s_Cruller.cpp,qwen,gen_3,PARSE_ERROR,,False,,CWE-398|CWE-457,,,CWE-398|CWE-457,,1
qwen/gen_3/00002_3/0110_p01051_Squid_Ink.cpp,qwen,gen_3,PARSE_ERROR,,False,,CWE-398|CWE-457,,,CWE-398|CWE-457,,1
qwen/gen_3/00002_3/0112_p01320_Magical_Island_2.cpp,qwen,gen_3,PARSE_ERROR,,False,,CWE-398,,,CWE-398,,1
qwen/gen_3/00002_3/0114_p01650_Stack_Maze.cpp,qwen,gen_3,PARSE_ERROR,,False,,CWE-398,,,CWE-398,,1
qwen/gen_3/00002_3/0118_p02216_Array_Game.cpp,qwen,gen_3,PARSE_ERROR,,False,,CWE-398,,,CWE-398,,1
qwen/gen_3/00002_3/0119_p02369_Cycle_Detection_for_a_Directed_Graph.cpp,qwen,gen_3,PARSE_ERROR,,False,,CWE-398,,,CWE-398,,1
qwen/gen_3/00002_3/0120_1000_C._Covered_Points_Count.cpp,qwen,gen_3,PARSE_ERROR,,False,,CWE-398,,,CWE-398,,1
qwen/gen_3/00002_3/0126_1139_E._Maximize_Mex.cpp,qwen,gen_3,PARSE_ERROR,,False,,CWE-398,,,CWE-398,,1
qwen/gen_3/00002_3/0127_1157_E._Minimum_Array.cpp,qwen,gen_3,PARSE_ERROR,,False,,CWE-398,,,CWE-398,,1
qwen/gen_3/00002_3/0128_117_B._Very_Interesting_Game.cpp,qwen,gen_3,PARSE_ERROR,,False,,CWE-398,,,CWE-398,,1
qwen/gen_3/00002_3/0129_1198_C._Matching_vs_Independent_Set.cpp,qwen,gen_3,PARSE_ERROR,,False,,CWE-398,,,CWE-398,,1
qwen/gen_3/00002_3/0130_1215_B._The_Number_of_Products.cpp,qwen,gen_3,PARSE_ERROR,,False,,CWE-563,,,CWE-563,,1
qwen/gen_3/00002_3/0132_1256_E._Yet_Another_Division_Into_Teams.cpp,qwen,gen_3,PARSE_ERROR,,False,,CWE-398,,,CWE-398,,1
qwen/gen_3/00002_3/0134_12_D._Ball.cpp,qwen,gen_3,PARSE_ERROR,,False,,CWE-563,,,CWE-563,,1
qwen/gen_3/00002_3/0137_1364_E._X-OR.cpp,qwen,gen_3,PARSE_ERROR,,False,,CWE-398,,,CWE-398,,1
qwen/gen_3/00002_3/0138_1384_F._Rearrange.cpp,qwen,gen_3,PARSE_ERROR,,True,CWE-122,CWE-398|CWE-563,,CWE-122,CWE-398|CWE-563,,2
qwen/gen_3/00002_3/0139_1406_C._Link_Cut_Centroids.cpp,qwen,gen_3,PARSE_ERROR,,False,,CWE-398,,,CWE-398,,1
qwen/gen_3/00002_3/0140_1427_D._Unshuffling_a_Deck.cpp,qwen,gen_3,PARSE_ERROR,,True,CWE-122,CWE-398,,CWE-122,CWE-398,,2
qwen/gen_3/00002_3/0143_149_D._Coloring_Brackets.cpp,qwen,gen_3,PARSE_ERROR,,True,CWE-125,,,CWE-125,,,1
qwen/gen_3/00002_3/0144_1523_D._Love-Hate.cpp,qwen,gen_3,PARSE_ERROR,,True,CWE-190,CWE-398,,CWE-190,CWE-398,,2
qwen/gen_3/00002_3/0146_177_D1._Encrypting_Messages.cpp,qwen,gen_3,PARSE_ERROR,,True,CWE-122,,,CWE-122,,,1
qwen/gen_3/00002_3/0148_221_E._Little_Elephant_and_Shifts.cpp,qwen,gen_3,PARSE_ERROR,,True,CWE-122,,,CWE-122,,,1
qwen/gen_3/00002_3/0149_245_F._Log_Stream_Analysis.cpp,qwen,gen_3,PARSE_ERROR,,False,,CWE-563,,,CWE-563,,1
qwen/gen_3/00002_3/0151_294_A._Shaass_and_Oskols.cpp,qwen,gen_3,PARSE_ERROR,,True,CWE-122,,,CWE-122,,,1
qwen/gen_3/00002_3/0154_365_A._Good_Number.cpp,qwen,gen_3,FAILED,CWE-119|CWE-476,False,,,CWE-119|CWE-476,,,,1
qwen/gen_3/00002_3/0155_388_E._Fox_and_Meteor_Shower.cpp,qwen,gen_3,PARSE_ERROR,,True,CWE-369,CWE-563,,CWE-369,CWE-563,,2
qwen/gen_3/00002_3/0159_480_D._Parcels.cpp,qwen,gen_3,PARSE_ERROR,,True,CWE-122,,,CWE-122,,,1
qwen/gen_3/00002_3/0162_554_E._Love_Triangles.cpp,qwen,gen_3,PARSE_ERROR,,True,CWE-190,CWE-197,,CWE-190,CWE-197,,2
qwen/gen_3/00002_3/0167_698_D._Limak_and_Shooting_Points.cpp,qwen,gen_3,PARSE_ERROR,,False,,CWE-398,,,CWE-398,,1
qwen/gen_3/00002_3/0168_719_E._Sasha_and_Array.cpp,qwen,gen_3,PARSE_ERROR,,True,CWE-125,CWE-398,,CWE-125,CWE-398,,2
qwen/gen_3/00002_3/0169_740_B._Alyona_and_flowers.cpp,qwen,gen_3,PARSE_ERROR,,True,CWE-190,,,CWE-190,,,1
qwen/gen_3/00002_3/0170_764_A._Taymyr_is_calling_you.cpp,qwen,gen_3,FAILED,,False,,,,,,,1
qwen/gen_3/00002_3/0171_787_C._Berzerk.cpp,qwen,gen_3,PARSE_ERROR,,False,,CWE-398,,,CWE-398,,1
qwen/gen_3/00002_3/0179_99_B._Help_Chef_Gerasim.cpp,qwen,gen_3,ERROR,,False,,CWE-398,,,CWE-398,,1
qwen/gen_3/00002_3/0184_p03072_AtCoder_Beginner_Contest_124_-_Great_Ocean_View.cpp,qwen,gen_3,FAILED,,False,,,,,,,1
qwen/gen_3/00002_3/0192_p00224_Bicycle_Diet.cpp,qwen,gen_3,PARSE_ERROR,,False,,CWE-398,,,CWE-398,,1
qwen/gen_3/00002_3/0193_p00386_Gathering.cpp,qwen,gen_3,PARSE_ERROR,,False,,CWE-398,,,CWE-398,,1
qwen/gen_3/00002_3/0194_p00602_Fibonacci_Sets.cpp,qwen,gen_3,SUCCESS,,False,,CWE-563,,,CWE-563,,1
qwen/gen_3/00002_3/0195_p00738_Roll-A-Big-Ball.cpp,qwen,gen_3,PARSE_ERROR,,False,,CWE-398,,,CWE-398,,1
qwen/gen_3/00002_3/0196_p00878_Origami_Through-Hole.cpp,qwen,gen_3,TIMEOUT,,False,,CWE-398|CWE-563,,,CWE-398|CWE-563,,1
qwen/gen_3/00002_3/0200_p01450_My_friends_are_small.cpp,qwen,gen_3,FAILED,,False,,,,,,,1
qwen/gen_3/00002_3/0202_p01756_Longest_Match.cpp,qwen,gen_3,PARSE_ERROR,,False,,CWE-398|CWE-563,,,CWE-398|CWE-563,,1
qwen/gen_3/00002_3/0203_p01896_Folding_Paper.cpp,qwen,gen_3,PARSE_ERROR,,False,,CWE-398,,,CWE-398,,1
qwen/gen_3/00002_3/0206_p02319_0-1_Knapsack_Problem_II.cpp,qwen,gen_3,FAILED,,False,,,,,,,1
qwen/gen_3/00002_3/0210_1045_D._Interstellar_battle.cpp,qwen,gen_3,PARSE_ERROR,,False,,CWE-398,,,CWE-398,,1
qwen/gen_3/00002_3/0211_1068_D._Array_Without_Local_Maximums_.cpp,qwen,gen_3,PARSE_ERROR,,True,CWE-125,CWE-788,,CWE-125,CWE-788,,2
qwen/gen_3/00002_3/0212_1090_C._New_Year_Presents.cpp,qwen,gen_3,PARSE_ERROR,,False,,CWE-571,,,CWE-571,,1
qwen/gen_3/00002_3/0214_1139_C._Edgy_Trees.cpp,qwen,gen_3,PARSE_ERROR,,False,,CWE-398|CWE-563,,,CWE-398|CWE-563,,1
qwen/gen_3/00002_3/0215_1157_C2._Increasing_Subsequence__hard_version_.cpp,qwen,gen_3,PARSE_ERROR,,False,,CWE-398,,,CWE-398,,1
qwen/gen_3/00002_3/0216_1179_E._Alesya_and_Discrete_Math.cpp,qwen,gen_3,PARSE_ERROR,,False,,CWE-398,,,CWE-398,,1
qwen/gen_3/00002_3/0217_1198_A._MP3.cpp,qwen,gen_3,PARSE_ERROR,,False,,CWE-563,,,CWE-563,,1
qwen/gen_3/00002_3/0218_1214_H._Tiles_Placement.cpp,qwen,gen_3,PARSE_ERROR,,True,CWE-125,CWE-563,,CWE-125,CWE-563,,2
qwen/gen_3/00002_3/0222_12_B._Correct_Solution_.cpp,qwen,gen_3,FAILED,,False,,,,,,,1
qwen/gen_3/00002_3/0223_1323_D._Present.cpp,qwen,gen_3,PARSE_ERROR,,False,,CWE-398,,,CWE-398,,1
qwen/gen_3/00002_3/0224_1342_C._Yet_Another_Counting_Problem.cpp,qwen,gen_3,PARSE_ERROR,,True,CWE-125,CWE-398,,CWE-125,CWE-398,,2
qwen/gen_3/00002_3/0225_1364_C._Ehab_and_Prefix_MEXs.cpp,qwen,gen_3,PARSE_ERROR,,False,,CWE-398,,,CWE-398,,1
qwen/gen_3/00002_3/0227_1406_A._Subset_Mex.cpp,qwen,gen_3,PARSE_ERROR,,False,,CWE-398,,,CWE-398,,1
qwen/gen_3/00002_3/0229_1450_B._Balls_of_Steel.cpp,qwen,gen_3,PARSE_ERROR,,False,,CWE-398,,,CWE-398,,1
qwen/gen_3/00002_3/0230_1473_G._Tiles.cpp,qwen,gen_3,PARSE_ERROR,,False,,CWE-398|CWE-786,,,CWE-398|CWE-786,,1
qwen/gen_3/00002_3/0231_149_B._Martian_Clock.cpp,qwen,gen_3,PARSE_ERROR,,False,,CWE-398,,,CWE-398,,1
qwen/gen_3/00002_3/0232_1523_B._Lord_of_the_Values.cpp,qwen,gen_3,PARSE_ERROR,,False,,CWE-398,,,CWE-398,,1
qwen/gen_3/00002_3/0233_155_A._I_love__username_.cpp,qwen,gen_3,FAILED,,False,,,,,,,1
qwen/gen_3/00002_3/0234_177_C1._Party.cpp,qwen,gen_3,PARSE_ERROR,,False,,CWE-398,,,CWE-398,,1
qwen/gen_3/00002_3/0239_293_D._Ksusha_and_Square.cpp,qwen,gen_3,PARSE_ERROR,,True,CWE-190,CWE-398|CWE-563,,CWE-190,CWE-398|CWE-563,,2
qwen/gen_3/00002_3/0240_317_B._Ants.cpp,qwen,gen_3,PARSE_ERROR,,False,,CWE-398,,,CWE-398,,1
qwen/gen_3/00002_3/0243_388_C._Fox_and_Card_Game.cpp,qwen,gen_3,PARSE_ERROR,,True,CWE-122,,,CWE-122,,,1
qwen/gen_3/00002_3/0246_459_C._Pashmak_and_Buses.cpp,qwen,gen_3,PARSE_ERROR,,True,CWE-190|CWE-369,,,CWE-190|CWE-369,,,1
qwen/gen_3/00002_3/0247_480_B._Long_Jumps.cpp,qwen,gen_3,PARSE_ERROR,,False,,CWE-398,,,CWE-398,,1
qwen/gen_3/00002_3/0248_505_B._Mr._Kitayuta_s_Colorful_Graph.cpp,qwen,gen_3,PARSE_ERROR,,False,,CWE-398,,,CWE-398,,1
qwen/gen_3/00002_3/0249_529_A._And_Yet_Another_Bracket_Sequence.cpp,qwen,gen_3,PARSE_ERROR,,True,CWE-122,CWE-563,,CWE-122,CWE-563,,2
qwen/gen_3/00002_3/0250_554_C._Kyoya_and_Colored_Balls.cpp,qwen,gen_3,PARSE_ERROR,,False,,CWE-398,,,CWE-398,,1
qwen/gen_3/00002_3/0251_580_B._Kefa_and_Company.cpp,qwen,gen_3,PARSE_ERROR,,True,CWE-761,CWE-664,,CWE-761,CWE-664,,2
qwen/gen_3/00002_3/0252_602_A._Two_Bases.cpp,qwen,gen_3,ERROR,,False,,CWE-398,,,CWE-398,,1
qwen/gen_3/00002_3/0253_624_D._Array_GCD.cpp,qwen,gen_3,PARSE_ERROR,,False,,CWE-398,,,CWE-398,,1
qwen/gen_3/00002_3/0255_698_B._Fix_a_Tree.cpp,qwen,gen_3,PARSE_ERROR,,True,CWE-122,CWE-398,,CWE-122,CWE-398,,2
qwen/gen_3/00002_3/0258_763_D._Timofey_and_a_flat_tree.cpp,qwen,gen_3,PARSE_ERROR,,False,,CWE-398,,,CWE-398,,1
qwen/gen_3/00002_3/0262_901_D._Weighting_a_Tree.cpp,qwen,gen_3,PARSE_ERROR,,True,CWE-122,CWE-398,,CWE-122,CWE-398,,2
qwen/gen_3/00002_3/0264_952_C._Ravioli_Sort.cpp,qwen,gen_3,TIMEOUT,,False,,CWE-563,,,CWE-563,,1
qwen/gen_3/00002_3/0265_979_E._Kuro_and_Topological_Parity.cpp,qwen,gen_3,PARSE_ERROR,,True,CWE-190,CWE-398|CWE-563,,CWE-190,CWE-398|CWE-563,,2
qwen/gen_3/00002_3/0266_999_F._Cards_and_Joy.cpp,qwen,gen_3,PARSE_ERROR,,False,,CWE-398,,,CWE-398,,1
qwen/gen_3/00002_3/0275_p03684_AtCoder_Regular_Contest_076_-_Built_.cpp,qwen,gen_3,PARSE_ERROR,,False,,CWE-398,,,CWE-398,,1
qwen/gen_3/00002_3/0277_p04004_AtCoder_Regular_Contest_061_-_Card_Game_for_Three.cpp,qwen,gen_3,PARSE_ERROR,,False,,CWE-398|CWE-570,,,CWE-398|CWE-570,,1
